{"type": "FeatureCollection", "features": [{"type": "Feature", "geometry": {"type": "Polygon", "coordinates": [[[85.125, 16.375], [85.375, 16.375], [85.375, 16.625], [85.125, 16.625], [85.125, 16.375]]]}, "properties": {"time": "2019-11-08T12:00:00", "variable": "msl", "tier": "low", "percentile": 91.5, "z": 1.62, "wind_ms": 8.83, "value": 1006.66, "lat": 16.5, "lon": 85.25}}, {"type": "Feature", "geometry": {"type": "Polygon", "coordinates": [[[85.375, 16.375], [85.625, 16.375], [85.625, 16.625], [85.375, 16.625], [85.375, 16.375]]]}, "properties": {"time": "2019-11-08T12:00:00", "variable": "msl", "tier": "low", "percentile": 91.5, "z": 1.7, "wind_ms": 9.44, "value": 1006.47, "lat": 16.5, "lon": 85.5}}, {"type": "Feature", "geometry": {"type": "Polygon", "coordinates": [[[85.625, 16.375], [85.875, 16.375], [85.875, 16.625], [85.625, 16.625], [85.625, 16.375]]]}, "properties": {"time": "2019-11-08T12:00:00", "variable": "msl", "tier": "low", "percentile": 93.0, "z": 1.81, "wind_ms": 10.17, "value": 1006.27, "lat": 16.5, "lon": 85.75}}, {"type": "Feature", "geometry": {"type": "Polygon", "coordinates": [[[85.875, 16.375], [86.125, 16.375], [86.125, 16.625], [85.875, 16.625], [85.875, 16.375]]]}, "properties": {"time": "2019-11-08T12:00:00", "variable": "msl", "tier": "low", "percentile": 93.0, "z": 1.91, "wind_ms": 10.97, "value": 1006.04, "lat": 16.5, "lon": 86.0}}, {"type": "Feature", "geometry": {"type": "Polygon", "coordinates": [[[86.125, 16.375], [86.375, 16.375], [86.375, 16.625], [86.125, 16.625], [86.125, 16.375]]]}, "properties": {"time": "2019-11-08T12:00:00", "variable": "msl", "tier": "low", "percentile": 93.0, "z": 2.03, "wind_ms": 11.42, "value": 1005.78, "lat": 16.5, "lon": 86.25}}, {"type": "Feature", "geometry": {"type": "Polygon", "coordinates": [[[86.375, 16.375], [86.625, 16.375], [86.625, 16.625], [86.375, 16.625], [86.375, 16.375]]]}, "properties": {"time": "2019-11-08T12:00:00", "variable": "msl", "tier": "low", "percentile": 93.7, "z": 2.13, "wind_ms": 11.74, "value": 1005.55, "lat": 16.5, "lon": 86.5}}, {"type": "Feature", "geometry": {"type": "Polygon", "coordinates": [[[86.625, 16.375], [86.875, 16.375], [86.875, 16.625], [86.625, 16.625], [86.625, 16.375]]]}, "properties": {"time": "2019-11-08T12:00:00", "variable": "msl", "tier": "low", "percentile": 95.2, "z": 2.21, "wind_ms": 12.1, "value": 1005.36, "lat": 16.5, "lon": 86.75}}, {"type": "Feature", "geometry": {"type": "Polygon", "coordinates": [[[86.875, 16.375], [87.125, 16.375], [87.125, 16.625], [86.875, 16.625], [86.875, 16.375]]]}, "properties": {"time": "2019-11-08T12:00:00", "variable": "msl", "tier": "low", "percentile": 95.2, "z": 2.28, "wind_ms": 12.55, "value": 1005.19, "lat": 16.5, "lon": 87.0}}, {"type": "Feature", "geometry": {"type": "Polygon", "coordinates": [[[87.125, 16.375], [87.375, 16.375], [87.375, 16.625], [87.125, 16.625], [87.125, 16.375]]]}, "properties": {"time": "2019-11-08T12:00:00", "variable": "msl", "tier": "low", "percentile": 95.9, "z": 2.33, "wind_ms": 13.07, "value": 1005.01, "lat": 16.5, "lon": 87.25}}, {"type": "Feature", "geometry": {"type": "Polygon", "coordinates": [[[87.375, 16.375], [87.625, 16.375], [87.625, 16.625], [87.375, 16.625], [87.375, 16.375]]]}, "properties": {"time": "2019-11-08T12:00:00", "variable": "msl", "tier": "low", "percentile": 95.9, "z": 2.34, "wind_ms": 13.32, "value": 1004.87, "lat": 16.5, "lon": 87.5}}, {"type": "Feature", "geometry": {"type": "Polygon", "coordinates": [[[87.625, 16.375], [87.875, 16.375], [87.875, 16.625], [87.625, 16.625], [87.625, 16.375]]]}, "properties": {"time": "2019-11-08T12:00:00", "variable": "msl", "tier": "low", "percentile": 95.9, "z": 2.35, "wind_ms": 13.66, "value": 1004.74, "lat": 16.5, "lon": 87.75}}, {"type": "Feature", "geometry": {"type": "Polygon", "coordinates": [[[87.875, 16.375], [88.125, 16.375], [88.125, 16.625], [87.875, 16.625], [87.875, 16.375]]]}, "properties": {"time": "2019-11-08T12:00:00", "variable": "msl", "tier": "low", "percentile": 95.9, "z": 2.39, "wind_ms": 13.7, "value": 1004.65, "lat": 16.5, "lon": 88.0}}, {"type": "Feature", "geometry": {"type": "Polygon", "coordinates": [[[88.125, 16.375], [88.375, 16.375], [88.375, 16.625], [88.125, 16.625], [88.125, 16.375]]]}, "properties": {"time": "2019-11-08T12:00:00", "variable": "msl", "tier": "low", "percentile": 96.7, "z": 2.4, "wind_ms": 13.81, "value": 1004.67, "lat": 16.5, "lon": 88.25}}, {"type": "Feature", "geometry": {"type": "Polygon", "coordinates": [[[88.375, 16.375], [88.625, 16.375], [88.625, 16.625], [88.375, 16.625], [88.375, 16.375]]]}, "properties": {"time": "2019-11-08T12:00:00", "variable": "msl", "tier": "low", "percentile": 95.9, "z": 2.38, "wind_ms": 13.69, "value": 1004.77, "lat": 16.5, "lon": 88.5}}, {"type": "Feature", "geometry": {"type": "Polygon", "coordinates": [[[88.625, 16.375], [88.875, 16.375], [88.875, 16.625], [88.625, 16.625], [88.625, 16.375]]]}, "properties": {"time": "2019-11-08T12:00:00", "variable": "msl", "tier": "low", "percentile": 95.9, "z": 2.31, "wind_ms": 13.42, "value": 1004.99, "lat": 16.5, "lon": 88.75}}, {"type": "Feature", "geometry": {"type": "Polygon", "coordinates": [[[88.875, 16.375], [89.125, 16.375], [89.125, 16.625], [88.875, 16.625], [88.875, 16.375]]]}, "properties": {"time": "2019-11-08T12:00:00", "variable": "msl", "tier": "low", "percentile": 95.9, "z": 2.18, "wind_ms": 12.93, "value": 1005.35, "lat": 16.5, "lon": 89.0}}, {"type": "Feature", "geometry": {"type": "Polygon", "coordinates": [[[89.125, 16.375], [89.375, 16.375], [89.375, 16.625], [89.125, 16.625], [89.125, 16.375]]]}, "properties": {"time": "2019-11-08T12:00:00", "variable": "msl", "tier": "low", "percentile": 95.9, "z": 2.03, "wind_ms": 12.55, "value": 1005.75, "lat": 16.5, "lon": 89.25}}, {"type": "Feature", "geometry": {"type": "Polygon", "coordinates": [[[89.375, 16.375], [89.625, 16.375], [89.625, 16.625], [89.375, 16.625], [89.375, 16.375]]]}, "properties": {"time": "2019-11-08T12:00:00", "variable": "msl", "tier": "low", "percentile": 95.2, "z": 1.85, "wind_ms": 12.21, "value": 1006.2, "lat": 16.5, "lon": 89.5}}, {"type": "Feature", "geometry": {"type": "Polygon", "coordinates": [[[89.625, 16.375], [89.875, 16.375], [89.875, 16.625], [89.625, 16.625], [89.625, 16.375]]]}, "properties": {"time": "2019-11-08T12:00:00", "variable": "msl", "tier": "low", "percentile": 94.4, "z": 1.73, "wind_ms": 11.87, "value": 1006.5, "lat": 16.5, "lon": 89.75}}, {"type": "Feature", "geometry": {"type": "Polygon", "coordinates": [[[89.875, 16.375], [90.125, 16.375], [90.125, 16.625], [89.875, 16.625], [89.875, 16.375]]]}, "properties": {"time": "2019-11-08T12:00:00", "variable": "msl", "tier": "low", "percentile": 95.2, "z": 1.67, "wind_ms": 11.64, "value": 1006.72, "lat": 16.5, "lon": 90.0}}, {"type": "Feature", "geometry": {"type": "Polygon", "coordinates": [[[90.125, 16.375], [90.375, 16.375], [90.375, 16.625], [90.125, 16.625], [90.125, 16.375]]]}, "properties": {"time": "2019-11-08T12:00:00", "variable": "msl", "tier": "low", "percentile": 94.4, "z": 1.62, "wind_ms": 11.48, "value": 1006.85, "lat": 16.5, "lon": 90.25}}, {"type": "Feature", "geometry": {"type": "Polygon", "coordinates": [[[90.375, 16.375], [90.625, 16.375], [90.625, 16.625], [90.375, 16.625], [90.375, 16.375]]]}, "properties": {"time": "2019-11-08T12:00:00", "variable": "msl", "tier": "low", "percentile": 94.4, "z": 1.53, "wind_ms": 11.22, "value": 1007.05, "lat": 16.5, "lon": 90.5}}, {"type": "Feature", "geometry": {"type": "Polygon", "coordinates": [[[85.125, 16.625], [85.375, 16.625], [85.375, 16.875], [85.125, 16.875], [85.125, 16.625]]]}, "properties": {"time": "2019-11-08T12:00:00", "variable": "msl", "tier": "low", "percentile": 92.2, "z": 1.77, "wind_ms": 9.22, "value": 1006.42, "lat": 16.75, "lon": 85.25}}, {"type": "Feature", "geometry": {"type": "Polygon", "coordinates": [[[85.375, 16.625], [85.625, 16.625], [85.625, 16.875], [85.375, 16.875], [85.375, 16.625]]]}, "properties": {"time": "2019-11-08T12:00:00", "variable": "msl", "tier": "low", "percentile": 93.0, "z": 1.88, "wind_ms": 10.16, "value": 1006.19, "lat": 16.75, "lon": 85.5}}, {"type": "Feature", "geometry": {"type": "Polygon", "coordinates": [[[85.625, 16.625], [85.875, 16.625], [85.875, 16.875], [85.625, 16.875], [85.625, 16.625]]]}, "properties": {"time": "2019-11-08T12:00:00", "variable": "msl", "tier": "low", "percentile": 93.7, "z": 2.02, "wind_ms": 11.03, "value": 1005.9, "lat": 16.75, "lon": 85.75}}, {"type": "Feature", "geometry": {"type": "Polygon", "coordinates": [[[85.875, 16.625], [86.125, 16.625], [86.125, 16.875], [85.875, 16.875], [85.875, 16.625]]]}, "properties": {"time": "2019-11-08T12:00:00", "variable": "msl", "tier": "low", "percentile": 94.4, "z": 2.17, "wind_ms": 11.65, "value": 1005.58, "lat": 16.75, "lon": 86.0}}, {"type": "Feature", "geometry": {"type": "Polygon", "coordinates": [[[86.125, 16.625], [86.375, 16.625], [86.375, 16.875], [86.125, 16.875], [86.125, 16.625]]]}, "properties": {"time": "2019-11-08T12:00:00", "variable": "msl", "tier": "low", "percentile": 94.4, "z": 2.3, "wind_ms": 12.04, "value": 1005.31, "lat": 16.75, "lon": 86.25}}, {"type": "Feature", "geometry": {"type": "Polygon", "coordinates": [[[86.375, 16.625], [86.625, 16.625], [86.625, 16.875], [86.375, 16.875], [86.375, 16.625]]]}, "properties": {"time": "2019-11-08T12:00:00", "variable": "msl", "tier": "low", "percentile": 95.2, "z": 2.41, "wind_ms": 12.31, "value": 1005.07, "lat": 16.75, "lon": 86.5}}, {"type": "Feature", "geometry": {"type": "Polygon", "coordinates": [[[86.625, 16.625], [86.875, 16.625], [86.875, 16.875], [86.625, 16.875], [86.625, 16.625]]]}, "properties": {"time": "2019-11-08T12:00:00", "variable": "msl", "tier": "low", "percentile": 95.9, "z": 2.5, "wind_ms": 12.54, "value": 1004.86, "lat": 16.75, "lon": 86.75}}, {"type": "Feature", "geometry": {"type": "Polygon", "coordinates": [[[86.875, 16.625], [87.125, 16.625], [87.125, 16.875], [86.875, 16.875], [86.875, 16.625]]]}, "properties": {"time": "2019-11-08T12:00:00", "variable": "msl", "tier": "low", "percentile": 96.7, "z": 2.58, "wind_ms": 12.92, "value": 1004.63, "lat": 16.75, "lon": 87.0}}, {"type": "Feature", "geometry": {"type": "Polygon", "coordinates": [[[87.125, 16.625], [87.375, 16.625], [87.375, 16.875], [87.125, 16.875], [87.125, 16.625]]]}, "properties": {"time": "2019-11-08T12:00:00", "variable": "msl", "tier": "low", "percentile": 96.7, "z": 2.65, "wind_ms": 13.48, "value": 1004.44, "lat": 16.75, "lon": 87.25}}, {"type": "Feature", "geometry": {"type": "Polygon", "coordinates": [[[87.375, 16.625], [87.625, 16.625], [87.625, 16.875], [87.375, 16.875], [87.375, 16.625]]]}, "properties": {"time": "2019-11-08T12:00:00", "variable": "msl", "tier": "low", "percentile": 96.7, "z": 2.7, "wind_ms": 14.06, "value": 1004.24, "lat": 16.75, "lon": 87.5}}, {"type": "Feature", "geometry": {"type": "Polygon", "coordinates": [[[87.625, 16.625], [87.875, 16.625], [87.875, 16.875], [87.625, 16.875], [87.625, 16.625]]]}, "properties": {"time": "2019-11-08T12:00:00", "variable": "msl", "tier": "low", "percentile": 96.7, "z": 2.74, "wind_ms": 14.81, "value": 1004.07, "lat": 16.75, "lon": 87.75}}, {"type": "Feature", "geometry": {"type": "Polygon", "coordinates": [[[87.875, 16.625], [88.125, 16.625], [88.125, 16.875], [87.875, 16.875], [87.875, 16.625]]]}, "properties": {"time": "2019-11-08T12:00:00", "variable": "msl", "tier": "low", "percentile": 98.1, "z": 2.8, "wind_ms": 15.0, "value": 1003.94, "lat": 16.75, "lon": 88.0}}, {"type": "Feature", "geometry": {"type": "Polygon", "coordinates": [[[88.125, 16.625], [88.375, 16.625], [88.375, 16.875], [88.125, 16.875], [88.125, 16.625]]]}, "properties": {"time": "2019-11-08T12:00:00", "variable": "msl", "tier": "low", "percentile": 98.1, "z": 2.83, "wind_ms": 14.81, "value": 1003.89, "lat": 16.75, "lon": 88.25}}, {"type": "Feature", "geometry": {"type": "Polygon", "coordinates": [[[88.375, 16.625], [88.625, 16.625], [88.625, 16.875], [88.375, 16.875], [88.375, 16.625]]]}, "properties": {"time": "2019-11-08T12:00:00", "variable": "msl", "tier": "low", "percentile": 97.4, "z": 2.79, "wind_ms": 14.53, "value": 1003.99, "lat": 16.75, "lon": 88.5}}, {"type": "Feature", "geometry": {"type": "Polygon", "coordinates": [[[88.625, 16.625], [88.875, 16.625], [88.875, 16.875], [88.625, 16.875], [88.625, 16.625]]]}, "properties": {"time": "2019-11-08T12:00:00", "variable": "msl", "tier": "low", "percentile": 96.7, "z": 2.69, "wind_ms": 14.27, "value": 1004.27, "lat": 16.75, "lon": 88.75}}, {"type": "Feature", "geometry": {"type": "Polygon", "coordinates": [[[88.875, 16.625], [89.125, 16.625], [89.125, 16.875], [88.875, 16.875], [88.875, 16.625]]]}, "properties": {"time": "2019-11-08T12:00:00", "variable": "msl", "tier": "low", "percentile": 95.9, "z": 2.53, "wind_ms": 13.85, "value": 1004.66, "lat": 16.75, "lon": 89.0}}, {"type": "Feature", "geometry": {"type": "Polygon", "coordinates": [[[89.125, 16.625], [89.375, 16.625], [89.375, 16.875], [89.125, 16.875], [89.125, 16.625]]]}, "properties": {"time": "2019-11-08T12:00:00", "variable": "msl", "tier": "low", "percentile": 95.9, "z": 2.32, "wind_ms": 13.3, "value": 1005.18, "lat": 16.75, "lon": 89.25}}, {"type": "Feature", "geometry": {"type": "Polygon", "coordinates": [[[89.375, 16.625], [89.625, 16.625], [89.625, 16.875], [89.375, 16.875], [89.375, 16.625]]]}, "properties": {"time": "2019-11-08T12:00:00", "variable": "msl", "tier": "low", "percentile": 95.9, "z": 2.11, "wind_ms": 13.01, "value": 1005.68, "lat": 16.75, "lon": 89.5}}, {"type": "Feature", "geometry": {"type": "Polygon", "coordinates": [[[89.625, 16.625], [89.875, 16.625], [89.875, 16.875], [89.625, 16.875], [89.625, 16.625]]]}, "properties": {"time": "2019-11-08T12:00:00", "variable": "msl", "tier": "low", "percentile": 95.9, "z": 1.92, "wind_ms": 12.69, "value": 1006.13, "lat": 16.75, "lon": 89.75}}, {"type": "Feature", "geometry": {"type": "Polygon", "coordinates": [[[89.875, 16.625], [90.125, 16.625], [90.125, 16.875], [89.875, 16.875], [89.875, 16.625]]]}, "properties": {"time": "2019-11-08T12:00:00", "variable": "msl", "tier": "low", "percentile": 95.9, "z": 1.81, "wind_ms": 12.22, "value": 1006.43, "lat": 16.75, "lon": 90.0}}, {"type": "Feature", "geometry": {"type": "Polygon", "coordinates": [[[90.125, 16.625], [90.375, 16.625], [90.375, 16.875], [90.125, 16.875], [90.125, 16.625]]]}, "properties": {"time": "2019-11-08T12:00:00", "variable": "msl", "tier": "low", "percentile": 95.2, "z": 1.75, "wind_ms": 12.05, "value": 1006.62, "lat": 16.75, "lon": 90.25}}, {"type": "Feature", "geometry": {"type": "Polygon", "coordinates": [[[90.375, 16.625], [90.625, 16.625], [90.625, 16.875], [90.375, 16.875], [90.375, 16.625]]]}, "properties": {"time": "2019-11-08T12:00:00", "variable": "msl", "tier": "low", "percentile": 95.2, "z": 1.66, "wind_ms": 11.86, "value": 1006.88, "lat": 16.75, "lon": 90.5}}, {"type": "Feature", "geometry": {"type": "Polygon", "coordinates": [[[85.125, 16.875], [85.375, 16.875], [85.375, 17.125], [85.125, 17.125], [85.125, 16.875]]]}, "properties": {"time": "2019-11-08T12:00:00", "variable": "msl", "tier": "low", "percentile": 93.0, "z": 1.94, "wind_ms": 9.7, "value": 1006.14, "lat": 17.0, "lon": 85.25}}, {"type": "Feature", "geometry": {"type": "Polygon", "coordinates": [[[85.375, 16.875], [85.625, 16.875], [85.625, 17.125], [85.375, 17.125], [85.375, 16.875]]]}, "properties": {"time": "2019-11-08T12:00:00", "variable": "msl", "tier": "low", "percentile": 94.4, "z": 2.09, "wind_ms": 10.94, "value": 1005.83, "lat": 17.0, "lon": 85.5}}, {"type": "Feature", "geometry": {"type": "Polygon", "coordinates": [[[85.625, 16.875], [85.875, 16.875], [85.875, 17.125], [85.625, 17.125], [85.625, 16.875]]]}, "properties": {"time": "2019-11-08T12:00:00", "variable": "msl", "tier": "low", "percentile": 94.4, "z": 2.26, "wind_ms": 11.84, "value": 1005.47, "lat": 17.0, "lon": 85.75}}, {"type": "Feature", "geometry": {"type": "Polygon", "coordinates": [[[85.875, 16.875], [86.125, 16.875], [86.125, 17.125], [85.875, 17.125], [85.875, 16.875]]]}, "properties": {"time": "2019-11-08T12:00:00", "variable": "msl", "tier": "low", "percentile": 95.2, "z": 2.43, "wind_ms": 12.49, "value": 1005.11, "lat": 17.0, "lon": 86.0}}, {"type": "Feature", "geometry": {"type": "Polygon", "coordinates": [[[86.125, 16.875], [86.375, 16.875], [86.375, 17.125], [86.125, 17.125], [86.125, 16.875]]]}, "properties": {"time": "2019-11-08T12:00:00", "variable": "msl", "tier": "low", "percentile": 97.4, "z": 2.59, "wind_ms": 12.96, "value": 1004.75, "lat": 17.0, "lon": 86.25}}, {"type": "Feature", "geometry": {"type": "Polygon", "coordinates": [[[86.375, 16.875], [86.625, 16.875], [86.625, 17.125], [86.375, 17.125], [86.375, 16.875]]]}, "properties": {"time": "2019-11-08T12:00:00", "variable": "msl", "tier": "low", "percentile": 97.4, "z": 2.73, "wind_ms": 13.21, "value": 1004.43, "lat": 17.0, "lon": 86.5}}, {"type": "Feature", "geometry": {"type": "Polygon", "coordinates": [[[86.625, 16.875], [86.875, 16.875], [86.875, 17.125], [86.625, 17.125], [86.625, 16.875]]]}, "properties": {"time": "2019-11-08T12:00:00", "variable": "msl", "tier": "low", "percentile": 97.4, "z": 2.86, "wind_ms": 13.38, "value": 1004.13, "lat": 17.0, "lon": 86.75}}, {"type": "Feature", "geometry": {"type": "Polygon", "coordinates": [[[86.875, 16.875], [87.125, 16.875], [87.125, 17.125], [86.875, 17.125], [86.875, 16.875]]]}, "properties": {"time": "2019-11-08T12:00:00", "variable": "msl", "tier": "low", "percentile": 97.4, "z": 2.99, "wind_ms": 13.7, "value": 1003.83, "lat": 17.0, "lon": 87.0}}, {"type": "Feature", "geometry": {"type": "Polygon", "coordinates": [[[87.125, 16.875], [87.375, 16.875], [87.375, 17.125], [87.125, 17.125], [87.125, 16.875]]]}, "properties": {"time": "2019-11-08T12:00:00", "variable": "msl", "tier": "low", "percentile": 98.1, "z": 3.11, "wind_ms": 14.17, "value": 1003.5, "lat": 17.0, "lon": 87.25}}, {"type": "Feature", "geometry": {"type": "Polygon", "coordinates": [[[87.375, 16.875], [87.625, 16.875], [87.625, 17.125], [87.375, 17.125], [87.375, 16.875]]]}, "properties": {"time": "2019-11-08T12:00:00", "variable": "msl", "tier": "low", "percentile": 98.9, "z": 3.22, "wind_ms": 14.68, "value": 1003.19, "lat": 17.0, "lon": 87.5}}, {"type": "Feature", "geometry": {"type": "Polygon", "coordinates": [[[87.625, 16.875], [87.875, 16.875], [87.875, 17.125], [87.625, 17.125], [87.625, 16.875]]]}, "properties": {"time": "2019-11-08T12:00:00", "variable": "msl", "tier": "low", "percentile": 98.9, "z": 3.28, "wind_ms": 15.16, "value": 1002.98, "lat": 17.0, "lon": 87.75}}, {"type": "Feature", "geometry": {"type": "Polygon", "coordinates": [[[87.875, 16.875], [88.125, 16.875], [88.125, 17.125], [87.875, 17.125], [87.875, 16.875]]]}, "properties": {"time": "2019-11-08T12:00:00", "variable": "msl", "tier": "low", "percentile": 98.1, "z": 3.31, "wind_ms": 15.55, "value": 1002.9, "lat": 17.0, "lon": 88.0}}, {"type": "Feature", "geometry": {"type": "Polygon", "coordinates": [[[88.125, 16.875], [88.375, 16.875], [88.375, 17.125], [88.125, 17.125], [88.125, 16.875]]]}, "properties": {"time": "2019-11-08T12:00:00", "variable": "msl", "tier": "low", "percentile": 98.1, "z": 3.31, "wind_ms": 15.71, "value": 1002.89, "lat": 17.0, "lon": 88.25}}, {"type": "Feature", "geometry": {"type": "Polygon", "coordinates": [[[88.375, 16.875], [88.625, 16.875], [88.625, 17.125], [88.375, 17.125], [88.375, 16.875]]]}, "properties": {"time": "2019-11-08T12:00:00", "variable": "msl", "tier": "low", "percentile": 98.1, "z": 3.26, "wind_ms": 15.58, "value": 1003.03, "lat": 17.0, "lon": 88.5}}, {"type": "Feature", "geometry": {"type": "Polygon", "coordinates": [[[88.625, 16.875], [88.875, 16.875], [88.875, 17.125], [88.625, 17.125], [88.625, 16.875]]]}, "properties": {"time": "2019-11-08T12:00:00", "variable": "msl", "tier": "low", "percentile": 97.4, "z": 3.12, "wind_ms": 15.35, "value": 1003.35, "lat": 17.0, "lon": 88.75}}, {"type": "Feature", "geometry": {"type": "Polygon", "coordinates": [[[88.875, 16.875], [89.125, 16.875], [89.125, 17.125], [88.875, 17.125], [88.875, 16.875]]]}, "properties": {"time": "2019-11-08T12:00:00", "variable": "msl", "tier": "low", "percentile": 96.7, "z": 2.91, "wind_ms": 14.77, "value": 1003.86, "lat": 17.0, "lon": 89.0}}, {"type": "Feature", "geometry": {"type": "Polygon", "coordinates": [[[89.125, 16.875], [89.375, 16.875], [89.375, 17.125], [89.125, 17.125], [89.125, 16.875]]]}, "properties": {"time": "2019-11-08T12:00:00", "variable": "msl", "tier": "low", "percentile": 96.7, "z": 2.65, "wind_ms": 14.05, "value": 1004.5, "lat": 17.0, "lon": 89.25}}, {"type": "Feature", "geometry": {"type": "Polygon", "coordinates": [[[89.375, 16.875], [89.625, 16.875], [89.625, 17.125], [89.375, 17.125], [89.375, 16.875]]]}, "properties": {"time": "2019-11-08T12:00:00", "variable": "msl", "tier": "low", "percentile": 95.9, "z": 2.39, "wind_ms": 13.66, "value": 1005.16, "lat": 17.0, "lon": 89.5}}, {"type": "Feature", "geometry": {"type": "Polygon", "coordinates": [[[89.625, 16.875], [89.875, 16.875], [89.875, 17.125], [89.625, 17.125], [89.625, 16.875]]]}, "properties": {"time": "2019-11-08T12:00:00", "variable": "msl", "tier": "low", "percentile": 95.9, "z": 2.16, "wind_ms": 13.53, "value": 1005.72, "lat": 17.0, "lon": 89.75}}, {"type": "Feature", "geometry": {"type": "Polygon", "coordinates": [[[89.875, 16.875], [90.125, 16.875], [90.125, 17.125], [89.875, 17.125], [89.875, 16.875]]]}, "properties": {"time": "2019-11-08T12:00:00", "variable": "msl", "tier": "low", "percentile": 95.9, "z": 1.99, "wind_ms": 13.03, "value": 1006.13, "lat": 17.0, "lon": 90.0}}, {"type": "Feature", "geometry": {"type": "Polygon", "coordinates": [[[90.125, 16.875], [90.375, 16.875], [90.375, 17.125], [90.125, 17.125], [90.125, 16.875]]]}, "properties": {"time": "2019-11-08T12:00:00", "variable": "msl", "tier": "low", "percentile": 95.9, "z": 1.89, "wind_ms": 12.58, "value": 1006.37, "lat": 17.0, "lon": 90.25}}, {"type": "Feature", "geometry": {"type": "Polygon", "coordinates": [[[90.375, 16.875], [90.625, 16.875], [90.625, 17.125], [90.375, 17.125], [90.375, 16.875]]]}, "properties": {"time": "2019-11-08T12:00:00", "variable": "msl", "tier": "low", "percentile": 95.9, "z": 1.78, "wind_ms": 12.39, "value": 1006.61, "lat": 17.0, "lon": 90.5}}, {"type": "Feature", "geometry": {"type": "Polygon", "coordinates": [[[85.125, 17.125], [85.375, 17.125], [85.375, 17.375], [85.125, 17.375], [85.125, 17.125]]]}, "properties": {"time": "2019-11-08T12:00:00", "variable": "msl", "tier": "low", "percentile": 93.7, "z": 2.11, "wind_ms": 10.21, "value": 1005.92, "lat": 17.25, "lon": 85.25}}, {"type": "Feature", "geometry": {"type": "Polygon", "coordinates": [[[85.375, 17.125], [85.625, 17.125], [85.625, 17.375], [85.375, 17.375], [85.375, 17.125]]]}, "properties": {"time": "2019-11-08T12:00:00", "variable": "msl", "tier": "low", "percentile": 95.9, "z": 2.29, "wind_ms": 11.55, "value": 1005.54, "lat": 17.25, "lon": 85.5}}, {"type": "Feature", "geometry": {"type": "Polygon", "coordinates": [[[85.625, 17.125], [85.875, 17.125], [85.875, 17.375], [85.625, 17.375], [85.625, 17.125]]]}, "properties": {"time": "2019-11-08T12:00:00", "variable": "msl", "tier": "low", "percentile": 96.7, "z": 2.5, "wind_ms": 12.6, "value": 1005.08, "lat": 17.25, "lon": 85.75}}, {"type": "Feature", "geometry": {"type": "Polygon", "coordinates": [[[85.875, 17.125], [86.125, 17.125], [86.125, 17.375], [85.875, 17.375], [85.875, 17.125]]]}, "properties": {"time": "2019-11-08T12:00:00", "variable": "msl", "tier": "low", "percentile": 98.1, "z": 2.7, "wind_ms": 13.52, "value": 1004.66, "lat": 17.25, "lon": 86.0}}, {"type": "Feature", "geometry": {"type": "Polygon", "coordinates": [[[86.125, 17.125], [86.375, 17.125], [86.375, 17.375], [86.125, 17.375], [86.125, 17.125]]]}, "properties": {"time": "2019-11-08T12:00:00", "variable": "msl", "tier": "low", "percentile": 98.1, "z": 2.92, "wind_ms": 14.23, "value": 1004.18, "lat": 17.25, "lon": 86.25}}, {"type": "Feature", "geometry": {"type": "Polygon", "coordinates": [[[86.375, 17.125], [86.625, 17.125], [86.625, 17.375], [86.375, 17.375], [86.375, 17.125]]]}, "properties": {"time": "2019-11-08T12:00:00", "variable": "msl", "tier": "low", "percentile": 98.9, "z": 3.12, "wind_ms": 14.46, "value": 1003.75, "lat": 17.25, "lon": 86.5}}, {"type": "Feature", "geometry": {"type": "Polygon", "coordinates": [[[86.625, 17.125], [86.875, 17.125], [86.875, 17.375], [86.625, 17.375], [86.625, 17.125]]]}, "properties": {"time": "2019-11-08T12:00:00", "variable": "msl", "tier": "low", "percentile": 98.9, "z": 3.33, "wind_ms": 14.66, "value": 1003.24, "lat": 17.25, "lon": 86.75}}, {"type": "Feature", "geometry": {"type": "Polygon", "coordinates": [[[86.875, 17.125], [87.125, 17.125], [87.125, 17.375], [86.875, 17.375], [86.875, 17.125]]]}, "properties": {"time": "2019-11-08T12:00:00", "variable": "msl", "tier": "low", "percentile": 99.6, "z": 3.53, "wind_ms": 15.08, "value": 1002.73, "lat": 17.25, "lon": 87.0}}, {"type": "Feature", "geometry": {"type": "Polygon", "coordinates": [[[87.125, 17.125], [87.375, 17.125], [87.375, 17.375], [87.125, 17.375], [87.125, 17.125]]]}, "properties": {"time": "2019-11-08T12:00:00", "variable": "msl", "tier": "low", "percentile": 99.6, "z": 3.78, "wind_ms": 15.72, "value": 1002.12, "lat": 17.25, "lon": 87.25}}, {"type": "Feature", "geometry": {"type": "Polygon", "coordinates": [[[87.375, 17.125], [87.625, 17.125], [87.625, 17.375], [87.375, 17.375], [87.375, 17.125]]]}, "properties": {"time": "2019-11-08T12:00:00", "variable": "msl", "tier": "low", "percentile": 99.6, "z": 3.95, "wind_ms": 16.33, "value": 1001.63, "lat": 17.25, "lon": 87.5}}, {"type": "Feature", "geometry": {"type": "Polygon", "coordinates": [[[87.625, 17.125], [87.875, 17.125], [87.875, 17.375], [87.625, 17.375], [87.625, 17.125]]]}, "properties": {"time": "2019-11-08T12:00:00", "variable": "msl", "tier": "low", "percentile": 99.6, "z": 4.06, "wind_ms": 16.48, "value": 1001.29, "lat": 17.25, "lon": 87.75}}, {"type": "Feature", "geometry": {"type": "Polygon", "coordinates": [[[87.875, 17.125], [88.125, 17.125], [88.125, 17.375], [87.875, 17.375], [87.875, 17.125]]]}, "properties": {"time": "2019-11-08T12:00:00", "variable": "msl", "tier": "low", "percentile": 98.9, "z": 4.05, "wind_ms": 16.57, "value": 1001.25, "lat": 17.25, "lon": 88.0}}, {"type": "Feature", "geometry": {"type": "Polygon", "coordinates": [[[88.125, 17.125], [88.375, 17.125], [88.375, 17.375], [88.125, 17.375], [88.125, 17.125]]]}, "properties": {"time": "2019-11-08T12:00:00", "variable": "msl", "tier": "low", "percentile": 98.9, "z": 3.97, "wind_ms": 16.81, "value": 1001.44, "lat": 17.25, "lon": 88.25}}, {"type": "Feature", "geometry": {"type": "Polygon", "coordinates": [[[88.375, 17.125], [88.625, 17.125], [88.625, 17.375], [88.375, 17.375], [88.375, 17.125]]]}, "properties": {"time": "2019-11-08T12:00:00", "variable": "msl", "tier": "low", "percentile": 98.9, "z": 3.82, "wind_ms": 16.78, "value": 1001.81, "lat": 17.25, "lon": 88.5}}, {"type": "Feature", "geometry": {"type": "Polygon", "coordinates": [[[88.625, 17.125], [88.875, 17.125], [88.875, 17.375], [88.625, 17.375], [88.625, 17.125]]]}, "properties": {"time": "2019-11-08T12:00:00", "variable": "msl", "tier": "low", "percentile": 98.1, "z": 3.62, "wind_ms": 16.54, "value": 1002.27, "lat": 17.25, "lon": 88.75}}, {"type": "Feature", "geometry": {"type": "Polygon", "coordinates": [[[88.875, 17.125], [89.125, 17.125], [89.125, 17.375], [88.875, 17.375], [88.875, 17.125]]]}, "properties": {"time": "2019-11-08T12:00:00", "variable": "msl", "tier": "low", "percentile": 97.4, "z": 3.34, "wind_ms": 15.65, "value": 1002.96, "lat": 17.25, "lon": 89.0}}, {"type": "Feature", "geometry": {"type": "Polygon", "coordinates": [[[89.125, 17.125], [89.375, 17.125], [89.375, 17.375], [89.125, 17.375], [89.125, 17.125]]]}, "properties": {"time": "2019-11-08T12:00:00", "variable": "msl", "tier": "low", "percentile": 96.7, "z": 3.03, "wind_ms": 14.81, "value": 1003.72, "lat": 17.25, "lon": 89.25}}, {"type": "Feature", "geometry": {"type": "Polygon", "coordinates": [[[89.375, 17.125], [89.625, 17.125], [89.625, 17.375], [89.375, 17.375], [89.375, 17.125]]]}, "properties": {"time": "2019-11-08T12:00:00", "variable": "msl", "tier": "low", "percentile": 96.7, "z": 2.7, "wind_ms": 14.45, "value": 1004.48, "lat": 17.25, "lon": 89.5}}, {"type": "Feature", "geometry": {"type": "Polygon", "coordinates": [[[89.625, 17.125], [89.875, 17.125], [89.875, 17.375], [89.625, 17.375], [89.625, 17.125]]]}, "properties": {"time": "2019-11-08T12:00:00", "variable": "msl", "tier": "low", "percentile": 95.9, "z": 2.44, "wind_ms": 14.24, "value": 1005.14, "lat": 17.25, "lon": 89.75}}, {"type": "Feature", "geometry": {"type": "Polygon", "coordinates": [[[89.875, 17.125], [90.125, 17.125], [90.125, 17.375], [89.875, 17.375], [89.875, 17.125]]]}, "properties": {"time": "2019-11-08T12:00:00", "variable": "msl", "tier": "low", "percentile": 95.9, "z": 2.21, "wind_ms": 13.68, "value": 1005.71, "lat": 17.25, "lon": 90.0}}, {"type": "Feature", "geometry": {"type": "Polygon", "coordinates": [[[90.125, 17.125], [90.375, 17.125], [90.375, 17.375], [90.125, 17.375], [90.125, 17.125]]]}, "properties": {"time": "2019-11-08T12:00:00", "variable": "msl", "tier": "low", "percentile": 95.9, "z": 2.04, "wind_ms": 13.18, "value": 1006.14, "lat": 17.25, "lon": 90.25}}, {"type": "Feature", "geometry": {"type": "Polygon", "coordinates": [[[90.375, 17.125], [90.625, 17.125], [90.625, 17.375], [90.375, 17.375], [90.375, 17.125]]]}, "properties": {"time": "2019-11-08T12:00:00", "variable": "msl", "tier": "low", "percentile": 95.9, "z": 1.91, "wind_ms": 12.8, "value": 1006.45, "lat": 17.25, "lon": 90.5}}, {"type": "Feature", "geometry": {"type": "Polygon", "coordinates": [[[85.125, 17.375], [85.375, 17.375], [85.375, 17.625], [85.125, 17.625], [85.125, 17.375]]]}, "properties": {"time": "2019-11-08T12:00:00", "variable": "msl", "tier": "low", "percentile": 95.9, "z": 2.29, "wind_ms": 10.98, "value": 1005.66, "lat": 17.5, "lon": 85.25}}, {"type": "Feature", "geometry": {"type": "Polygon", "coordinates": [[[85.375, 17.375], [85.625, 17.375], [85.625, 17.625], [85.375, 17.625], [85.375, 17.375]]]}, "properties": {"time": "2019-11-08T12:00:00", "variable": "msl", "tier": "low", "percentile": 97.4, "z": 2.5, "wind_ms": 12.65, "value": 1005.23, "lat": 17.5, "lon": 85.5}}, {"type": "Feature", "geometry": {"type": "Polygon", "coordinates": [[[85.625, 17.375], [85.875, 17.375], [85.875, 17.625], [85.625, 17.625], [85.625, 17.375]]]}, "properties": {"time": "2019-11-08T12:00:00", "variable": "msl", "tier": "low", "percentile": 98.9, "z": 2.73, "wind_ms": 13.64, "value": 1004.74, "lat": 17.5, "lon": 85.75}}, {"type": "Feature", "geometry": {"type": "Polygon", "coordinates": [[[85.875, 17.375], [86.125, 17.375], [86.125, 17.625], [85.875, 17.625], [85.875, 17.375]]]}, "properties": {"time": "2019-11-08T12:00:00", "variable": "msl", "tier": "low", "percentile": 98.9, "z": 2.99, "wind_ms": 14.41, "value": 1004.18, "lat": 17.5, "lon": 86.0}}, {"type": "Feature", "geometry": {"type": "Polygon", "coordinates": [[[86.125, 17.375], [86.375, 17.375], [86.375, 17.625], [86.125, 17.625], [86.125, 17.375]]]}, "properties": {"time": "2019-11-08T12:00:00", "variable": "msl", "tier": "low", "percentile": 98.9, "z": 3.24, "wind_ms": 15.09, "value": 1003.6, "lat": 17.5, "lon": 86.25}}, {"type": "Feature", "geometry": {"type": "Polygon", "coordinates": [[[86.375, 17.375], [86.625, 17.375], [86.625, 17.625], [86.375, 17.625], [86.375, 17.375]]]}, "properties": {"time": "2019-11-08T12:00:00", "variable": "msl", "tier": "low", "percentile": 98.9, "z": 3.55, "wind_ms": 15.53, "value": 1002.87, "lat": 17.5, "lon": 86.5}}, {"type": "Feature", "geometry": {"type": "Polygon", "coordinates": [[[86.625, 17.375], [86.875, 17.375], [86.875, 17.625], [86.625, 17.625], [86.625, 17.375]]]}, "properties": {"time": "2019-11-08T12:00:00", "variable": "msl", "tier": "low", "percentile": 99.6, "z": 3.83, "wind_ms": 15.82, "value": 1002.18, "lat": 17.5, "lon": 86.75}}, {"type": "Feature", "geometry": {"type": "Polygon", "coordinates": [[[86.875, 17.375], [87.125, 17.375], [87.125, 17.625], [86.875, 17.625], [86.875, 17.375]]]}, "properties": {"time": "2019-11-08T12:00:00", "variable": "msl", "tier": "low", "percentile": 99.6, "z": 4.23, "wind_ms": 16.4, "value": 1001.19, "lat": 17.5, "lon": 87.0}}, {"type": "Feature", "geometry": {"type": "Polygon", "coordinates": [[[87.125, 17.375], [87.375, 17.375], [87.375, 17.625], [87.125, 17.625], [87.125, 17.375]]]}, "properties": {"time": "2019-11-08T12:00:00", "variable": "msl", "tier": "low", "percentile": 99.6, "z": 4.54, "wind_ms": 16.96, "value": 1000.41, "lat": 17.5, "lon": 87.25}}, {"type": "Feature", "geometry": {"type": "Polygon", "coordinates": [[[87.375, 17.375], [87.625, 17.375], [87.625, 17.625], [87.375, 17.625], [87.375, 17.375]]]}, "properties": {"time": "2019-11-08T12:00:00", "variable": "msl", "tier": "moderate", "percentile": 99.6, "z": 4.8, "wind_ms": 17.33, "value": 999.64, "lat": 17.5, "lon": 87.5}}, {"type": "Feature", "geometry": {"type": "Polygon", "coordinates": [[[87.625, 17.375], [87.875, 17.375], [87.875, 17.625], [87.625, 17.625], [87.625, 17.375]]]}, "properties": {"time": "2019-11-08T12:00:00", "variable": "msl", "tier": "moderate", "percentile": 99.6, "z": 4.92, "wind_ms": 17.58, "value": 999.25, "lat": 17.5, "lon": 87.75}}, {"type": "Feature", "geometry": {"type": "Polygon", "coordinates": [[[87.875, 17.375], [88.125, 17.375], [88.125, 17.625], [87.875, 17.625], [87.875, 17.375]]]}, "properties": {"time": "2019-11-08T12:00:00", "variable": "msl", "tier": "moderate", "percentile": 99.6, "z": 4.87, "wind_ms": 17.66, "value": 999.31, "lat": 17.5, "lon": 88.0}}, {"type": "Feature", "geometry": {"type": "Polygon", "coordinates": [[[88.125, 17.375], [88.375, 17.375], [88.375, 17.625], [88.125, 17.625], [88.125, 17.375]]]}, "properties": {"time": "2019-11-08T12:00:00", "variable": "msl", "tier": "moderate", "percentile": 99.6, "z": 4.67, "wind_ms": 17.61, "value": 999.78, "lat": 17.5, "lon": 88.25}}, {"type": "Feature", "geometry": {"type": "Polygon", "coordinates": [[[88.375, 17.375], [88.625, 17.375], [88.625, 17.625], [88.375, 17.625], [88.375, 17.375]]]}, "properties": {"time": "2019-11-08T12:00:00", "variable": "msl", "tier": "moderate", "percentile": 99.6, "z": 4.47, "wind_ms": 17.62, "value": 1000.29, "lat": 17.5, "lon": 88.5}}, {"type": "Feature", "geometry": {"type": "Polygon", "coordinates": [[[88.625, 17.375], [88.875, 17.375], [88.875, 17.625], [88.625, 17.625], [88.625, 17.375]]]}, "properties": {"time": "2019-11-08T12:00:00", "variable": "msl", "tier": "moderate", "percentile": 99.6, "z": 4.15, "wind_ms": 17.31, "value": 1001.08, "lat": 17.5, "lon": 88.75}}, {"type": "Feature", "geometry": {"type": "Polygon", "coordinates": [[[88.875, 17.375], [89.125, 17.375], [89.125, 17.625], [88.875, 17.625], [88.875, 17.375]]]}, "properties": {"time": "2019-11-08T12:00:00", "variable": "msl", "tier": "low", "percentile": 98.1, "z": 3.82, "wind_ms": 16.49, "value": 1001.9, "lat": 17.5, "lon": 89.0}}, {"type": "Feature", "geometry": {"type": "Polygon", "coordinates": [[[89.125, 17.375], [89.375, 17.375], [89.375, 17.625], [89.125, 17.625], [89.125, 17.375]]]}, "properties": {"time": "2019-11-08T12:00:00", "variable": "msl", "tier": "low", "percentile": 97.4, "z": 3.4, "wind_ms": 15.43, "value": 1002.95, "lat": 17.5, "lon": 89.25}}, {"type": "Feature", "geometry": {"type": "Polygon", "coordinates": [[[89.375, 17.375], [89.625, 17.375], [89.625, 17.625], [89.375, 17.625], [89.375, 17.375]]]}, "properties": {"time": "2019-11-08T12:00:00", "variable": "msl", "tier": "low", "percentile": 96.7, "z": 3.04, "wind_ms": 15.2, "value": 1003.83, "lat": 17.5, "lon": 89.5}}, {"type": "Feature", "geometry": {"type": "Polygon", "coordinates": [[[89.625, 17.375], [89.875, 17.375], [89.875, 17.625], [89.625, 17.625], [89.625, 17.375]]]}, "properties": {"time": "2019-11-08T12:00:00", "variable": "msl", "tier": "low", "percentile": 96.7, "z": 2.7, "wind_ms": 14.96, "value": 1004.67, "lat": 17.5, "lon": 89.75}}, {"type": "Feature", "geometry": {"type": "Polygon", "coordinates": [[[89.875, 17.375], [90.125, 17.375], [90.125, 17.625], [89.875, 17.625], [89.875, 17.375]]]}, "properties": {"time": "2019-11-08T12:00:00", "variable": "msl", "tier": "low", "percentile": 95.9, "z": 2.42, "wind_ms": 14.33, "value": 1005.31, "lat": 17.5, "lon": 90.0}}, {"type": "Feature", "geometry": {"type": "Polygon", "coordinates": [[[90.125, 17.375], [90.375, 17.375], [90.375, 17.625], [90.125, 17.625], [90.125, 17.375]]]}, "properties": {"time": "2019-11-08T12:00:00", "variable": "msl", "tier": "low", "percentile": 95.9, "z": 2.2, "wind_ms": 13.68, "value": 1005.82, "lat": 17.5, "lon": 90.25}}, {"type": "Feature", "geometry": {"type": "Polygon", "coordinates": [[[90.375, 17.375], [90.625, 17.375], [90.625, 17.625], [90.375, 17.625], [90.375, 17.375]]]}, "properties": {"time": "2019-11-08T12:00:00", "variable": "msl", "tier": "low", "percentile": 95.9, "z": 2.01, "wind_ms": 13.05, "value": 1006.24, "lat": 17.5, "lon": 90.5}}, {"type": "Feature", "geometry": {"type": "Polygon", "coordinates": [[[85.125, 17.625], [85.375, 17.625], [85.375, 17.875], [85.125, 17.875], [85.125, 17.625]]]}, "properties": {"time": "2019-11-08T12:00:00", "variable": "msl", "tier": "low", "percentile": 98.1, "z": 2.45, "wind_ms": 11.69, "value": 1005.46, "lat": 17.75, "lon": 85.25}}, {"type": "Feature", "geometry": {"type": "Polygon", "coordinates": [[[85.375, 17.625], [85.625, 17.625], [85.625, 17.875], [85.375, 17.875], [85.375, 17.625]]]}, "properties": {"time": "2019-11-08T12:00:00", "variable": "msl", "tier": "low", "percentile": 98.1, "z": 2.7, "wind_ms": 13.64, "value": 1004.96, "lat": 17.75, "lon": 85.5}}, {"type": "Feature", "geometry": {"type": "Polygon", "coordinates": [[[85.625, 17.625], [85.875, 17.625], [85.875, 17.875], [85.625, 17.875], [85.625, 17.625]]]}, "properties": {"time": "2019-11-08T12:00:00", "variable": "msl", "tier": "low", "percentile": 98.9, "z": 2.96, "wind_ms": 14.43, "value": 1004.41, "lat": 17.75, "lon": 85.75}}, {"type": "Feature", "geometry": {"type": "Polygon", "coordinates": [[[85.875, 17.625], [86.125, 17.625], [86.125, 17.875], [85.875, 17.875], [85.875, 17.625]]]}, "properties": {"time": "2019-11-08T12:00:00", "variable": "msl", "tier": "low", "percentile": 98.9, "z": 3.25, "wind_ms": 15.17, "value": 1003.79, "lat": 17.75, "lon": 86.0}}, {"type": "Feature", "geometry": {"type": "Polygon", "coordinates": [[[86.125, 17.625], [86.375, 17.625], [86.375, 17.875], [86.125, 17.875], [86.125, 17.625]]]}, "properties": {"time": "2019-11-08T12:00:00", "variable": "msl", "tier": "low", "percentile": 98.9, "z": 3.61, "wind_ms": 15.8, "value": 1002.95, "lat": 17.75, "lon": 86.25}}, {"type": "Feature", "geometry": {"type": "Polygon", "coordinates": [[[86.375, 17.625], [86.625, 17.625], [86.625, 17.875], [86.375, 17.875], [86.375, 17.625]]]}, "properties": {"time": "2019-11-08T12:00:00", "variable": "msl", "tier": "low", "percentile": 99.6, "z": 3.95, "wind_ms": 16.14, "value": 1002.13, "lat": 17.75, "lon": 86.5}}, {"type": "Feature", "geometry": {"type": "Polygon", "coordinates": [[[86.625, 17.625], [86.875, 17.625], [86.875, 17.875], [86.625, 17.875], [86.625, 17.625]]]}, "properties": {"time": "2019-11-08T12:00:00", "variable": "msl", "tier": "low", "percentile": 99.6, "z": 4.46, "wind_ms": 16.45, "value": 1000.84, "lat": 17.75, "lon": 86.75}}, {"type": "Feature", "geometry": {"type": "Polygon", "coordinates": [[[86.875, 17.625], [87.125, 17.625], [87.125, 17.875], [86.875, 17.875], [86.875, 17.625]]]}, "properties": {"time": "2019-11-08T12:00:00", "variable": "msl", "tier": "low", "percentile": 99.6, "z": 4.88, "wind_ms": 16.8, "value": 999.75, "lat": 17.75, "lon": 87.0}}, {"type": "Feature", "geometry": {"type": "Polygon", "coordinates": [[[87.125, 17.625], [87.375, 17.625], [87.375, 17.875], [87.125, 17.875], [87.125, 17.625]]]}, "properties": {"time": "2019-11-08T12:00:00", "variable": "msl", "tier": "moderate", "percentile": 99.6, "z": 5.37, "wind_ms": 17.14, "value": 998.37, "lat": 17.75, "lon": 87.25}}, {"type": "Feature", "geometry": {"type": "Polygon", "coordinates": [[[87.375, 17.625], [87.625, 17.625], [87.625, 17.875], [87.375, 17.875], [87.375, 17.625]]]}, "properties": {"time": "2019-11-08T12:00:00", "variable": "msl", "tier": "moderate", "percentile": 99.6, "z": 5.67, "wind_ms": 17.04, "value": 997.43, "lat": 17.75, "lon": 87.5}}, {"type": "Feature", "geometry": {"type": "Polygon", "coordinates": [[[87.625, 17.625], [87.875, 17.625], [87.875, 17.875], [87.625, 17.875], [87.625, 17.625]]]}, "properties": {"time": "2019-11-08T12:00:00", "variable": "msl", "tier": "moderate", "percentile": 99.6, "z": 5.77, "wind_ms": 17.19, "value": 997.01, "lat": 17.75, "lon": 87.75}}, {"type": "Feature", "geometry": {"type": "Polygon", "coordinates": [[[87.875, 17.625], [88.125, 17.625], [88.125, 17.875], [87.875, 17.875], [87.875, 17.625]]]}, "properties": {"time": "2019-11-08T12:00:00", "variable": "msl", "tier": "moderate", "percentile": 99.6, "z": 5.65, "wind_ms": 17.63, "value": 997.26, "lat": 17.75, "lon": 88.0}}, {"type": "Feature", "geometry": {"type": "Polygon", "coordinates": [[[88.125, 17.625], [88.375, 17.625], [88.375, 17.875], [88.125, 17.875], [88.125, 17.625]]]}, "properties": {"time": "2019-11-08T12:00:00", "variable": "msl", "tier": "moderate", "percentile": 99.6, "z": 5.42, "wind_ms": 17.86, "value": 997.88, "lat": 17.75, "lon": 88.25}}, {"type": "Feature", "geometry": {"type": "Polygon", "coordinates": [[[88.375, 17.625], [88.625, 17.625], [88.625, 17.875], [88.375, 17.875], [88.375, 17.625]]]}, "properties": {"time": "2019-11-08T12:00:00", "variable": "msl", "tier": "moderate", "percentile": 99.6, "z": 5.06, "wind_ms": 18.02, "value": 998.86, "lat": 17.75, "lon": 88.5}}, {"type": "Feature", "geometry": {"type": "Polygon", "coordinates": [[[88.625, 17.625], [88.875, 17.625], [88.875, 17.875], [88.625, 17.875], [88.625, 17.625]]]}, "properties": {"time": "2019-11-08T12:00:00", "variable": "msl", "tier": "moderate", "percentile": 99.6, "z": 4.73, "wind_ms": 17.86, "value": 999.73, "lat": 17.75, "lon": 88.75}}, {"type": "Feature", "geometry": {"type": "Polygon", "coordinates": [[[88.875, 17.625], [89.125, 17.625], [89.125, 17.875], [88.875, 17.875], [88.875, 17.625]]]}, "properties": {"time": "2019-11-08T12:00:00", "variable": "msl", "tier": "low", "percentile": 99.6, "z": 4.25, "wind_ms": 16.94, "value": 1000.96, "lat": 17.75, "lon": 89.0}}, {"type": "Feature", "geometry": {"type": "Polygon", "coordinates": [[[89.125, 17.625], [89.375, 17.625], [89.375, 17.875], [89.125, 17.875], [89.125, 17.625]]]}, "properties": {"time": "2019-11-08T12:00:00", "variable": "msl", "tier": "low", "percentile": 98.9, "z": 3.82, "wind_ms": 16.14, "value": 1002.07, "lat": 17.75, "lon": 89.25}}, {"type": "Feature", "geometry": {"type": "Polygon", "coordinates": [[[89.375, 17.625], [89.625, 17.625], [89.625, 17.875], [89.375, 17.875], [89.375, 17.625]]]}, "properties": {"time": "2019-11-08T12:00:00", "variable": "msl", "tier": "low", "percentile": 97.4, "z": 3.34, "wind_ms": 15.77, "value": 1003.21, "lat": 17.75, "lon": 89.5}}, {"type": "Feature", "geometry": {"type": "Polygon", "coordinates": [[[89.625, 17.625], [89.875, 17.625], [89.875, 17.875], [89.625, 17.875], [89.625, 17.625]]]}, "properties": {"time": "2019-11-08T12:00:00", "variable": "msl", "tier": "low", "percentile": 96.7, "z": 2.97, "wind_ms": 15.57, "value": 1004.11, "lat": 17.75, "lon": 89.75}}, {"type": "Feature", "geometry": {"type": "Polygon", "coordinates": [[[89.875, 17.625], [90.125, 17.625], [90.125, 17.875], [89.875, 17.875], [89.875, 17.625]]]}, "properties": {"time": "2019-11-08T12:00:00", "variable": "msl", "tier": "low", "percentile": 96.7, "z": 2.63, "wind_ms": 14.94, "value": 1004.93, "lat": 17.75, "lon": 90.0}}, {"type": "Feature", "geometry": {"type": "Polygon", "coordinates": [[[90.125, 17.625], [90.375, 17.625], [90.375, 17.875], [90.125, 17.875], [90.125, 17.625]]]}, "properties": {"time": "2019-11-08T12:00:00", "variable": "msl", "tier": "low", "percentile": 95.9, "z": 2.34, "wind_ms": 14.09, "value": 1005.62, "lat": 17.75, "lon": 90.25}}, {"type": "Feature", "geometry": {"type": "Polygon", "coordinates": [[[90.375, 17.625], [90.625, 17.625], [90.625, 17.875], [90.375, 17.875], [90.375, 17.625]]]}, "properties": {"time": "2019-11-08T12:00:00", "variable": "msl", "tier": "low", "percentile": 95.9, "z": 2.13, "wind_ms": 13.38, "value": 1006.08, "lat": 17.75, "lon": 90.5}}, {"type": "Feature", "geometry": {"type": "Polygon", "coordinates": [[[85.125, 17.875], [85.375, 17.875], [85.375, 18.125], [85.125, 18.125], [85.125, 17.875]]]}, "properties": {"time": "2019-11-08T12:00:00", "variable": "msl", "tier": "low", "percentile": 98.1, "z": 2.6, "wind_ms": 12.4, "value": 1005.27, "lat": 18.0, "lon": 85.25}}, {"type": "Feature", "geometry": {"type": "Polygon", "coordinates": [[[85.375, 17.875], [85.625, 17.875], [85.625, 18.125], [85.375, 18.125], [85.375, 17.875]]]}, "properties": {"time": "2019-11-08T12:00:00", "variable": "msl", "tier": "low", "percentile": 98.9, "z": 2.88, "wind_ms": 14.45, "value": 1004.71, "lat": 18.0, "lon": 85.5}}, {"type": "Feature", "geometry": {"type": "Polygon", "coordinates": [[[85.625, 17.875], [85.875, 17.875], [85.875, 18.125], [85.625, 18.125], [85.625, 17.875]]]}, "properties": {"time": "2019-11-08T12:00:00", "variable": "msl", "tier": "low", "percentile": 98.9, "z": 3.18, "wind_ms": 15.18, "value": 1004.09, "lat": 18.0, "lon": 85.75}}, {"type": "Feature", "geometry": {"type": "Polygon", "coordinates": [[[85.875, 17.875], [86.125, 17.875], [86.125, 18.125], [85.875, 18.125], [85.875, 17.875]]]}, "properties": {"time": "2019-11-08T12:00:00", "variable": "msl", "tier": "low", "percentile": 98.9, "z": 3.54, "wind_ms": 15.91, "value": 1003.31, "lat": 18.0, "lon": 86.0}}, {"type": "Feature", "geometry": {"type": "Polygon", "coordinates": [[[86.125, 17.875], [86.375, 17.875], [86.375, 18.125], [86.125, 18.125], [86.125, 17.875]]]}, "properties": {"time": "2019-11-08T12:00:00", "variable": "msl", "tier": "low", "percentile": 99.6, "z": 3.93, "wind_ms": 16.4, "value": 1002.4, "lat": 18.0, "lon": 86.25}}, {"type": "Feature", "geometry": {"type": "Polygon", "coordinates": [[[86.375, 17.875], [86.625, 17.875], [86.625, 18.125], [86.375, 18.125], [86.375, 17.875]]]}, "properties": {"time": "2019-11-08T12:00:00", "variable": "msl", "tier": "low", "percentile": 99.6, "z": 4.5, "wind_ms": 16.64, "value": 1000.96, "lat": 18.0, "lon": 86.5}}, {"type": "Feature", "geometry": {"type": "Polygon", "coordinates": [[[86.625, 17.875], [86.875, 17.875], [86.875, 18.125], [86.625, 18.125], [86.625, 17.875]]]}, "properties": {"time": "2019-11-08T12:00:00", "variable": "msl", "tier": "low", "percentile": 99.6, "z": 4.99, "wind_ms": 16.65, "value": 999.68, "lat": 18.0, "lon": 86.75}}, {"type": "Feature", "geometry": {"type": "Polygon", "coordinates": [[[86.875, 17.875], [87.125, 17.875], [87.125, 18.125], [86.875, 18.125], [86.875, 17.875]]]}, "properties": {"time": "2019-11-08T12:00:00", "variable": "msl", "tier": "low", "percentile": 99.6, "z": 5.62, "wind_ms": 16.62, "value": 997.87, "lat": 18.0, "lon": 87.0}}, {"type": "Feature", "geometry": {"type": "Polygon", "coordinates": [[[87.125, 17.875], [87.375, 17.875], [87.375, 18.125], [87.125, 18.125], [87.125, 17.875]]]}, "properties": {"time": "2019-11-08T12:00:00", "variable": "msl", "tier": "low", "percentile": 99.6, "z": 6.08, "wind_ms": 16.4, "value": 996.41, "lat": 18.0, "lon": 87.25}}, {"type": "Feature", "geometry": {"type": "Polygon", "coordinates": [[[87.375, 17.875], [87.625, 17.875], [87.625, 18.125], [87.375, 18.125], [87.375, 17.875]]]}, "properties": {"time": "2019-11-08T12:00:00", "variable": "msl", "tier": "low", "percentile": 99.6, "z": 6.43, "wind_ms": 15.33, "value": 995.21, "lat": 18.0, "lon": 87.5}}, {"type": "Feature", "geometry": {"type": "Polygon", "coordinates": [[[87.625, 17.875], [87.875, 17.875], [87.875, 18.125], [87.625, 18.125], [87.625, 17.875]]]}, "properties": {"time": "2019-11-08T12:00:00", "variable": "msl", "tier": "low", "percentile": 99.6, "z": 6.53, "wind_ms": 15.04, "value": 994.77, "lat": 18.0, "lon": 87.75}}, {"type": "Feature", "geometry": {"type": "Polygon", "coordinates": [[[87.875, 17.875], [88.125, 17.875], [88.125, 18.125], [87.875, 18.125], [87.875, 17.875]]]}, "properties": {"time": "2019-11-08T12:00:00", "variable": "msl", "tier": "low", "percentile": 99.6, "z": 6.38, "wind_ms": 16.18, "value": 995.15, "lat": 18.0, "lon": 88.0}}, {"type": "Feature", "geometry": {"type": "Polygon", "coordinates": [[[88.125, 17.875], [88.375, 17.875], [88.375, 18.125], [88.125, 18.125], [88.125, 17.875]]]}, "properties": {"time": "2019-11-08T12:00:00", "variable": "msl", "tier": "moderate", "percentile": 99.6, "z": 6.05, "wind_ms": 17.76, "value": 996.12, "lat": 18.0, "lon": 88.25}}, {"type": "Feature", "geometry": {"type": "Polygon", "coordinates": [[[88.375, 17.875], [88.625, 17.875], [88.625, 18.125], [88.375, 18.125], [88.375, 17.875]]]}, "properties": {"time": "2019-11-08T12:00:00", "variable": "msl", "tier": "moderate", "percentile": 99.6, "z": 5.69, "wind_ms": 18.37, "value": 997.18, "lat": 18.0, "lon": 88.5}}, {"type": "Feature", "geometry": {"type": "Polygon", "coordinates": [[[88.625, 17.875], [88.875, 17.875], [88.875, 18.125], [88.625, 18.125], [88.625, 17.875]]]}, "properties": {"time": "2019-11-08T12:00:00", "variable": "msl", "tier": "moderate", "percentile": 99.6, "z": 5.18, "wind_ms": 18.22, "value": 998.65, "lat": 18.0, "lon": 88.75}}, {"type": "Feature", "geometry": {"type": "Polygon", "coordinates": [[[88.875, 17.875], [89.125, 17.875], [89.125, 18.125], [88.875, 18.125], [88.875, 17.875]]]}, "properties": {"time": "2019-11-08T12:00:00", "variable": "msl", "tier": "moderate", "percentile": 99.6, "z": 4.72, "wind_ms": 17.58, "value": 999.87, "lat": 18.0, "lon": 89.0}}, {"type": "Feature", "geometry": {"type": "Polygon", "coordinates": [[[89.125, 17.875], [89.375, 17.875], [89.375, 18.125], [89.125, 18.125], [89.125, 17.875]]]}, "properties": {"time": "2019-11-08T12:00:00", "variable": "msl", "tier": "low", "percentile": 99.6, "z": 4.13, "wind_ms": 16.5, "value": 1001.43, "lat": 18.0, "lon": 89.25}}, {"type": "Feature", "geometry": {"type": "Polygon", "coordinates": [[[89.375, 17.875], [89.625, 17.875], [89.625, 18.125], [89.375, 18.125], [89.375, 17.875]]]}, "properties": {"time": "2019-11-08T12:00:00", "variable": "msl", "tier": "low", "percentile": 98.9, "z": 3.65, "wind_ms": 16.43, "value": 1002.64, "lat": 18.0, "lon": 89.5}}, {"type": "Feature", "geometry": {"type": "Polygon", "coordinates": [[[89.625, 17.875], [89.875, 17.875], [89.875, 18.125], [89.625, 18.125], [89.625, 17.875]]]}, "properties": {"time": "2019-11-08T12:00:00", "variable": "msl", "tier": "low", "percentile": 96.7, "z": 3.2, "wind_ms": 16.09, "value": 1003.71, "lat": 18.0, "lon": 89.75}}, {"type": "Feature", "geometry": {"type": "Polygon", "coordinates": [[[89.875, 17.875], [90.125, 17.875], [90.125, 18.125], [89.875, 18.125], [89.875, 17.875]]]}, "properties": {"time": "2019-11-08T12:00:00", "variable": "msl", "tier": "low", "percentile": 96.7, "z": 2.82, "wind_ms": 15.39, "value": 1004.61, "lat": 18.0, "lon": 90.0}}, {"type": "Feature", "geometry": {"type": "Polygon", "coordinates": [[[90.125, 17.875], [90.375, 17.875], [90.375, 18.125], [90.125, 18.125], [90.125, 17.875]]]}, "properties": {"time": "2019-11-08T12:00:00", "variable": "msl", "tier": "low", "percentile": 96.7, "z": 2.48, "wind_ms": 14.42, "value": 1005.39, "lat": 18.0, "lon": 90.25}}, {"type": "Feature", "geometry": {"type": "Polygon", "coordinates": [[[90.375, 17.875], [90.625, 17.875], [90.625, 18.125], [90.375, 18.125], [90.375, 17.875]]]}, "properties": {"time": "2019-11-08T12:00:00", "variable": "msl", "tier": "low", "percentile": 95.9, "z": 2.22, "wind_ms": 13.5, "value": 1005.96, "lat": 18.0, "lon": 90.5}}, {"type": "Feature", "geometry": {"type": "Polygon", "coordinates": [[[85.125, 18.125], [85.375, 18.125], [85.375, 18.375], [85.125, 18.375], [85.125, 18.125]]]}, "properties": {"time": "2019-11-08T12:00:00", "variable": "msl", "tier": "low", "percentile": 98.1, "z": 2.72, "wind_ms": 12.96, "value": 1005.12, "lat": 18.25, "lon": 85.25}}, {"type": "Feature", "geometry": {"type": "Polygon", "coordinates": [[[85.375, 18.125], [85.625, 18.125], [85.625, 18.375], [85.375, 18.375], [85.375, 18.125]]]}, "properties": {"time": "2019-11-08T12:00:00", "variable": "msl", "tier": "low", "percentile": 98.9, "z": 3.03, "wind_ms": 15.05, "value": 1004.53, "lat": 18.25, "lon": 85.5}}, {"type": "Feature", "geometry": {"type": "Polygon", "coordinates": [[[85.625, 18.125], [85.875, 18.125], [85.875, 18.375], [85.625, 18.375], [85.625, 18.125]]]}, "properties": {"time": "2019-11-08T12:00:00", "variable": "msl", "tier": "low", "percentile": 98.9, "z": 3.39, "wind_ms": 15.86, "value": 1003.8, "lat": 18.25, "lon": 85.75}}, {"type": "Feature", "geometry": {"type": "Polygon", "coordinates": [[[85.875, 18.125], [86.125, 18.125], [86.125, 18.375], [85.875, 18.375], [85.875, 18.125]]]}, "properties": {"time": "2019-11-08T12:00:00", "variable": "msl", "tier": "low", "percentile": 99.6, "z": 3.78, "wind_ms": 16.47, "value": 1002.94, "lat": 18.25, "lon": 86.0}}, {"type": "Feature", "geometry": {"type": "Polygon", "coordinates": [[[86.125, 18.125], [86.375, 18.125], [86.375, 18.375], [86.125, 18.375], [86.125, 18.125]]]}, "properties": {"time": "2019-11-08T12:00:00", "variable": "msl", "tier": "moderate", "percentile": 99.6, "z": 4.31, "wind_ms": 17.04, "value": 1001.71, "lat": 18.25, "lon": 86.25}}, {"type": "Feature", "geometry": {"type": "Polygon", "coordinates": [[[86.375, 18.125], [86.625, 18.125], [86.625, 18.375], [86.375, 18.375], [86.375, 18.125]]]}, "properties": {"time": "2019-11-08T12:00:00", "variable": "msl", "tier": "moderate", "percentile": 99.6, "z": 4.87, "wind_ms": 17.14, "value": 1000.28, "lat": 18.25, "lon": 86.5}}, {"type": "Feature", "geometry": {"type": "Polygon", "coordinates": [[[86.625, 18.125], [86.875, 18.125], [86.875, 18.375], [86.625, 18.375], [86.625, 18.125]]]}, "properties": {"time": "2019-11-08T12:00:00", "variable": "msl", "tier": "moderate", "percentile": 99.6, "z": 5.58, "wind_ms": 17.37, "value": 998.27, "lat": 18.25, "lon": 86.75}}, {"type": "Feature", "geometry": {"type": "Polygon", "coordinates": [[[86.875, 18.125], [87.125, 18.125], [87.125, 18.375], [86.875, 18.375], [86.875, 18.125]]]}, "properties": {"time": "2019-11-08T12:00:00", "variable": "msl", "tier": "moderate", "percentile": 99.6, "z": 6.16, "wind_ms": 17.02, "value": 996.46, "lat": 18.25, "lon": 87.0}}, {"type": "Feature", "geometry": {"type": "Polygon", "coordinates": [[[87.125, 18.125], [87.375, 18.125], [87.375, 18.375], [87.125, 18.375], [87.125, 18.125]]]}, "properties": {"time": "2019-11-08T12:00:00", "variable": "msl", "tier": "low", "percentile": 99.6, "z": 6.69, "wind_ms": 15.29, "value": 994.59, "lat": 18.25, "lon": 87.25}}, {"type": "Feature", "geometry": {"type": "Polygon", "coordinates": [[[87.375, 18.125], [87.625, 18.125], [87.625, 18.375], [87.375, 18.375], [87.375, 18.125]]]}, "properties": {"time": "2019-11-08T12:00:00", "variable": "msl", "tier": "low", "percentile": 99.6, "z": 7.02, "wind_ms": 12.44, "value": 993.3, "lat": 18.25, "lon": 87.5}}, {"type": "Feature", "geometry": {"type": "Polygon", "coordinates": [[[87.625, 18.125], [87.875, 18.125], [87.875, 18.375], [87.625, 18.375], [87.625, 18.125]]]}, "properties": {"time": "2019-11-08T12:00:00", "variable": "msl", "tier": "low", "percentile": 99.6, "z": 7.1, "wind_ms": 11.2, "value": 992.88, "lat": 18.25, "lon": 87.75}}, {"type": "Feature", "geometry": {"type": "Polygon", "coordinates": [[[87.875, 18.125], [88.125, 18.125], [88.125, 18.375], [87.875, 18.375], [87.875, 18.125]]]}, "properties": {"time": "2019-11-08T12:00:00", "variable": "msl", "tier": "low", "percentile": 99.6, "z": 6.92, "wind_ms": 13.88, "value": 993.43, "lat": 18.25, "lon": 88.0}}, {"type": "Feature", "geometry": {"type": "Polygon", "coordinates": [[[88.125, 18.125], [88.375, 18.125], [88.375, 18.375], [88.125, 18.375], [88.125, 18.125]]]}, "properties": {"time": "2019-11-08T12:00:00", "variable": "msl", "tier": "low", "percentile": 99.6, "z": 6.58, "wind_ms": 16.64, "value": 994.51, "lat": 18.25, "lon": 88.25}}, {"type": "Feature", "geometry": {"type": "Polygon", "coordinates": [[[88.375, 18.125], [88.625, 18.125], [88.625, 18.375], [88.375, 18.375], [88.375, 18.125]]]}, "properties": {"time": "2019-11-08T12:00:00", "variable": "msl", "tier": "moderate", "percentile": 99.6, "z": 6.12, "wind_ms": 18.35, "value": 996.0, "lat": 18.25, "lon": 88.5}}, {"type": "Feature", "geometry": {"type": "Polygon", "coordinates": [[[88.625, 18.125], [88.875, 18.125], [88.875, 18.375], [88.625, 18.375], [88.625, 18.125]]]}, "properties": {"time": "2019-11-08T12:00:00", "variable": "msl", "tier": "moderate", "percentile": 99.6, "z": 5.64, "wind_ms": 18.49, "value": 997.46, "lat": 18.25, "lon": 88.75}}, {"type": "Feature", "geometry": {"type": "Polygon", "coordinates": [[[88.875, 18.125], [89.125, 18.125], [89.125, 18.375], [88.875, 18.375], [88.875, 18.125]]]}, "properties": {"time": "2019-11-08T12:00:00", "variable": "msl", "tier": "moderate", "percentile": 99.6, "z": 5.03, "wind_ms": 17.54, "value": 999.23, "lat": 18.25, "lon": 89.0}}, {"type": "Feature", "geometry": {"type": "Polygon", "coordinates": [[[89.125, 18.125], [89.375, 18.125], [89.375, 18.375], [89.125, 18.375], [89.125, 18.125]]]}, "properties": {"time": "2019-11-08T12:00:00", "variable": "msl", "tier": "low", "percentile": 99.6, "z": 4.45, "wind_ms": 16.95, "value": 1000.78, "lat": 18.25, "lon": 89.25}}, {"type": "Feature", "geometry": {"type": "Polygon", "coordinates": [[[89.375, 18.125], [89.625, 18.125], [89.625, 18.375], [89.375, 18.375], [89.375, 18.125]]]}, "properties": {"time": "2019-11-08T12:00:00", "variable": "msl", "tier": "low", "percentile": 98.9, "z": 3.88, "wind_ms": 16.88, "value": 1002.23, "lat": 18.25, "lon": 89.5}}, {"type": "Feature", "geometry": {"type": "Polygon", "coordinates": [[[89.625, 18.125], [89.875, 18.125], [89.875, 18.375], [89.625, 18.375], [89.625, 18.125]]]}, "properties": {"time": "2019-11-08T12:00:00", "variable": "msl", "tier": "low", "percentile": 98.1, "z": 3.41, "wind_ms": 16.48, "value": 1003.37, "lat": 18.25, "lon": 89.75}}, {"type": "Feature", "geometry": {"type": "Polygon", "coordinates": [[[89.875, 18.125], [90.125, 18.125], [90.125, 18.375], [89.875, 18.375], [89.875, 18.125]]]}, "properties": {"time": "2019-11-08T12:00:00", "variable": "msl", "tier": "low", "percentile": 97.4, "z": 2.98, "wind_ms": 15.7, "value": 1004.37, "lat": 18.25, "lon": 90.0}}, {"type": "Feature", "geometry": {"type": "Polygon", "coordinates": [[[90.125, 18.125], [90.375, 18.125], [90.375, 18.375], [90.125, 18.375], [90.125, 18.125]]]}, "properties": {"time": "2019-11-08T12:00:00", "variable": "msl", "tier": "low", "percentile": 96.7, "z": 2.59, "wind_ms": 14.64, "value": 1005.24, "lat": 18.25, "lon": 90.25}}, {"type": "Feature", "geometry": {"type": "Polygon", "coordinates": [[[90.375, 18.125], [90.625, 18.125], [90.625, 18.375], [90.375, 18.375], [90.375, 18.125]]]}, "properties": {"time": "2019-11-08T12:00:00", "variable": "msl", "tier": "low", "percentile": 95.9, "z": 2.31, "wind_ms": 13.67, "value": 1005.85, "lat": 18.25, "lon": 90.5}}, {"type": "Feature", "geometry": {"type": "Polygon", "coordinates": [[[85.125, 18.375], [85.375, 18.375], [85.375, 18.625], [85.125, 18.625], [85.125, 18.375]]]}, "properties": {"time": "2019-11-08T12:00:00", "variable": "msl", "tier": "low", "percentile": 98.1, "z": 2.82, "wind_ms": 13.3, "value": 1005.05, "lat": 18.5, "lon": 85.25}}, {"type": "Feature", "geometry": {"type": "Polygon", "coordinates": [[[85.375, 18.375], [85.625, 18.375], [85.625, 18.625], [85.375, 18.625], [85.375, 18.375]]]}, "properties": {"time": "2019-11-08T12:00:00", "variable": "msl", "tier": "low", "percentile": 98.9, "z": 3.15, "wind_ms": 15.45, "value": 1004.42, "lat": 18.5, "lon": 85.5}}, {"type": "Feature", "geometry": {"type": "Polygon", "coordinates": [[[85.625, 18.375], [85.875, 18.375], [85.875, 18.625], [85.625, 18.625], [85.625, 18.375]]]}, "properties": {"time": "2019-11-08T12:00:00", "variable": "msl", "tier": "low", "percentile": 99.6, "z": 3.54, "wind_ms": 16.32, "value": 1003.64, "lat": 18.5, "lon": 85.75}}, {"type": "Feature", "geometry": {"type": "Polygon", "coordinates": [[[85.875, 18.375], [86.125, 18.375], [86.125, 18.625], [85.875, 18.625], [85.875, 18.375]]]}, "properties": {"time": "2019-11-08T12:00:00", "variable": "msl", "tier": "low", "percentile": 99.6, "z": 4.0, "wind_ms": 16.72, "value": 1002.65, "lat": 18.5, "lon": 86.0}}, {"type": "Feature", "geometry": {"type": "Polygon", "coordinates": [[[86.125, 18.375], [86.375, 18.375], [86.375, 18.625], [86.125, 18.625], [86.125, 18.375]]]}, "properties": {"time": "2019-11-08T12:00:00", "variable": "msl", "tier": "moderate", "percentile": 99.6, "z": 4.54, "wind_ms": 17.31, "value": 1001.38, "lat": 18.5, "lon": 86.25}}, {"type": "Feature", "geometry": {"type": "Polygon", "coordinates": [[[86.375, 18.375], [86.625, 18.375], [86.625, 18.625], [86.375, 18.625], [86.375, 18.375]]]}, "properties": {"time": "2019-11-08T12:00:00", "variable": "msl", "tier": "moderate", "percentile": 99.6, "z": 5.21, "wind_ms": 17.51, "value": 999.62, "lat": 18.5, "lon": 86.5}}, {"type": "Feature", "geometry": {"type": "Polygon", "coordinates": [[[86.625, 18.375], [86.875, 18.375], [86.875, 18.625], [86.625, 18.625], [86.625, 18.375]]]}, "properties": {"time": "2019-11-08T12:00:00", "variable": "msl", "tier": "moderate", "percentile": 99.6, "z": 5.9, "wind_ms": 17.78, "value": 997.61, "lat": 18.5, "lon": 86.75}}, {"type": "Feature", "geometry": {"type": "Polygon", "coordinates": [[[86.875, 18.375], [87.125, 18.375], [87.125, 18.625], [86.875, 18.625], [86.875, 18.375]]]}, "properties": {"time": "2019-11-08T12:00:00", "variable": "msl", "tier": "moderate", "percentile": 99.6, "z": 6.55, "wind_ms": 18.03, "value": 995.44, "lat": 18.5, "lon": 87.0}}, {"type": "Feature", "geometry": {"type": "Polygon", "coordinates": [[[87.125, 18.375], [87.375, 18.375], [87.375, 18.625], [87.125, 18.625], [87.125, 18.375]]]}, "properties": {"time": "2019-11-08T12:00:00", "variable": "msl", "tier": "low", "percentile": 99.6, "z": 7.06, "wind_ms": 15.58, "value": 993.5, "lat": 18.5, "lon": 87.25}}, {"type": "Feature", "geometry": {"type": "Polygon", "coordinates": [[[87.875, 18.375], [88.125, 18.375], [88.125, 18.625], [87.875, 18.625], [87.875, 18.375]]]}, "properties": {"time": "2019-11-08T12:00:00", "variable": "msl", "tier": "low", "percentile": 99.6, "z": 7.24, "wind_ms": 11.21, "value": 992.36, "lat": 18.5, "lon": 88.0}}, {"type": "Feature", "geometry": {"type": "Polygon", "coordinates": [[[88.125, 18.375], [88.375, 18.375], [88.375, 18.625], [88.125, 18.625], [88.125, 18.375]]]}, "properties": {"time": "2019-11-08T12:00:00", "variable": "msl", "tier": "low", "percentile": 99.6, "z": 6.9, "wind_ms": 15.16, "value": 993.56, "lat": 18.5, "lon": 88.25}}, {"type": "Feature", "geometry": {"type": "Polygon", "coordinates": [[[88.375, 18.375], [88.625, 18.375], [88.625, 18.625], [88.375, 18.625], [88.375, 18.375]]]}, "properties": {"time": "2019-11-08T12:00:00", "variable": "msl", "tier": "moderate", "percentile": 99.6, "z": 6.44, "wind_ms": 17.35, "value": 995.11, "lat": 18.5, "lon": 88.5}}, {"type": "Feature", "geometry": {"type": "Polygon", "coordinates": [[[88.625, 18.375], [88.875, 18.375], [88.875, 18.625], [88.625, 18.625], [88.625, 18.375]]]}, "properties": {"time": "2019-11-08T12:00:00", "variable": "msl", "tier": "moderate", "percentile": 99.6, "z": 5.88, "wind_ms": 18.17, "value": 996.9, "lat": 18.5, "lon": 88.75}}, {"type": "Feature", "geometry": {"type": "Polygon", "coordinates": [[[88.875, 18.375], [89.125, 18.375], [89.125, 18.625], [88.875, 18.625], [88.875, 18.375]]]}, "properties": {"time": "2019-11-08T12:00:00", "variable": "msl", "tier": "moderate", "percentile": 99.6, "z": 5.29, "wind_ms": 17.69, "value": 998.67, "lat": 18.5, "lon": 89.0}}, {"type": "Feature", "geometry": {"type": "Polygon", "coordinates": [[[89.125, 18.375], [89.375, 18.375], [89.375, 18.625], [89.125, 18.625], [89.125, 18.375]]]}, "properties": {"time": "2019-11-08T12:00:00", "variable": "msl", "tier": "moderate", "percentile": 99.6, "z": 4.65, "wind_ms": 17.31, "value": 1000.44, "lat": 18.5, "lon": 89.25}}, {"type": "Feature", "geometry": {"type": "Polygon", "coordinates": [[[89.375, 18.375], [89.625, 18.375], [89.625, 18.625], [89.375, 18.625], [89.375, 18.375]]]}, "properties": {"time": "2019-11-08T12:00:00", "variable": "msl", "tier": "moderate", "percentile": 99.6, "z": 4.06, "wind_ms": 17.41, "value": 1001.91, "lat": 18.5, "lon": 89.5}}, {"type": "Feature", "geometry": {"type": "Polygon", "coordinates": [[[89.625, 18.375], [89.875, 18.375], [89.875, 18.625], [89.625, 18.625], [89.625, 18.375]]]}, "properties": {"time": "2019-11-08T12:00:00", "variable": "msl", "tier": "low", "percentile": 98.1, "z": 3.55, "wind_ms": 16.68, "value": 1003.16, "lat": 18.5, "lon": 89.75}}, {"type": "Feature", "geometry": {"type": "Polygon", "coordinates": [[[89.875, 18.375], [90.125, 18.375], [90.125, 18.625], [89.875, 18.625], [89.875, 18.375]]]}, "properties": {"time": "2019-11-08T12:00:00", "variable": "msl", "tier": "low", "percentile": 97.4, "z": 3.1, "wind_ms": 15.89, "value": 1004.22, "lat": 18.5, "lon": 90.0}}, {"type": "Feature", "geometry": {"type": "Polygon", "coordinates": [[[90.125, 18.375], [90.375, 18.375], [90.375, 18.625], [90.125, 18.625], [90.125, 18.375]]]}, "properties": {"time": "2019-11-08T12:00:00", "variable": "msl", "tier": "low", "percentile": 97.4, "z": 2.68, "wind_ms": 14.78, "value": 1005.15, "lat": 18.5, "lon": 90.25}}, {"type": "Feature", "geometry": {"type": "Polygon", "coordinates": [[[90.375, 18.375], [90.625, 18.375], [90.625, 18.625], [90.375, 18.625], [90.375, 18.375]]]}, "properties": {"time": "2019-11-08T12:00:00", "variable": "msl", "tier": "low", "percentile": 95.9, "z": 2.37, "wind_ms": 13.78, "value": 1005.83, "lat": 18.5, "lon": 90.5}}, {"type": "Feature", "geometry": {"type": "Polygon", "coordinates": [[[85.125, 18.625], [85.375, 18.625], [85.375, 18.875], [85.125, 18.875], [85.125, 18.625]]]}, "properties": {"time": "2019-11-08T12:00:00", "variable": "msl", "tier": "low", "percentile": 98.9, "z": 2.89, "wind_ms": 13.38, "value": 1005.11, "lat": 18.75, "lon": 85.25}}, {"type": "Feature", "geometry": {"type": "Polygon", "coordinates": [[[85.375, 18.625], [85.625, 18.625], [85.625, 18.875], [85.375, 18.875], [85.375, 18.625]]]}, "properties": {"time": "2019-11-08T12:00:00", "variable": "msl", "tier": "low", "percentile": 99.6, "z": 3.22, "wind_ms": 15.54, "value": 1004.42, "lat": 18.75, "lon": 85.5}}, {"type": "Feature", "geometry": {"type": "Polygon", "coordinates": [[[85.625, 18.625], [85.875, 18.625], [85.875, 18.875], [85.625, 18.875], [85.625, 18.625]]]}, "properties": {"time": "2019-11-08T12:00:00", "variable": "msl", "tier": "low", "percentile": 99.6, "z": 3.62, "wind_ms": 16.61, "value": 1003.62, "lat": 18.75, "lon": 85.75}}, {"type": "Feature", "geometry": {"type": "Polygon", "coordinates": [[[85.875, 18.625], [86.125, 18.625], [86.125, 18.875], [85.875, 18.875], [85.875, 18.625]]]}, "properties": {"time": "2019-11-08T12:00:00", "variable": "msl", "tier": "low", "percentile": 99.6, "z": 4.08, "wind_ms": 16.79, "value": 1002.62, "lat": 18.75, "lon": 86.0}}, {"type": "Feature", "geometry": {"type": "Polygon", "coordinates": [[[86.125, 18.625], [86.375, 18.625], [86.375, 18.875], [86.125, 18.875], [86.125, 18.625]]]}, "properties": {"time": "2019-11-08T12:00:00", "variable": "msl", "tier": "moderate", "percentile": 99.6, "z": 4.67, "wind_ms": 17.5, "value": 1001.25, "lat": 18.75, "lon": 86.25}}, {"type": "Feature", "geometry": {"type": "Polygon", "coordinates": [[[86.375, 18.625], [86.625, 18.625], [86.625, 18.875], [86.375, 18.875], [86.375, 18.625]]]}, "properties": {"time": "2019-11-08T12:00:00", "variable": "msl", "tier": "moderate", "percentile": 99.6, "z": 5.33, "wind_ms": 17.65, "value": 999.49, "lat": 18.75, "lon": 86.5}}, {"type": "Feature", "geometry": {"type": "Polygon", "coordinates": [[[86.625, 18.625], [86.875, 18.625], [86.875, 18.875], [86.625, 18.875], [86.625, 18.625]]]}, "properties": {"time": "2019-11-08T12:00:00", "variable": "msl", "tier": "moderate", "percentile": 99.6, "z": 5.97, "wind_ms": 18.29, "value": 997.6, "lat": 18.75, "lon": 86.75}}, {"type": "Feature", "geometry": {"type": "Polygon", "coordinates": [[[86.875, 18.625], [87.125, 18.625], [87.125, 18.875], [86.875, 18.875], [86.875, 18.625]]]}, "properties": {"time": "2019-11-08T12:00:00", "variable": "msl", "tier": "moderate", "percentile": 99.6, "z": 6.61, "wind_ms": 18.78, "value": 995.43, "lat": 18.75, "lon": 87.0}}, {"type": "Feature", "geometry": {"type": "Polygon", "coordinates": [[[87.125, 18.625], [87.375, 18.625], [87.375, 18.875], [87.125, 18.875], [87.125, 18.625]]]}, "properties": {"time": "2019-11-08T12:00:00", "variable": "msl", "tier": "low", "percentile": 99.6, "z": 7.19, "wind_ms": 14.63, "value": 993.22, "lat": 18.75, "lon": 87.25}}, {"type": "Feature", "geometry": {"type": "Polygon", "coordinates": [[[87.875, 18.625], [88.125, 18.625], [88.125, 18.875], [87.875, 18.875], [87.875, 18.625]]]}, "properties": {"time": "2019-11-08T12:00:00", "variable": "msl", "tier": "low", "percentile": 99.6, "z": 7.35, "wind_ms": 10.1, "value": 992.13, "lat": 18.75, "lon": 88.0}}, {"type": "Feature", "geometry": {"type": "Polygon", "coordinates": [[[88.125, 18.625], [88.375, 18.625], [88.375, 18.875], [88.125, 18.875], [88.125, 18.625]]]}, "properties": {"time": "2019-11-08T12:00:00", "variable": "msl", "tier": "low", "percentile": 99.6, "z": 7.02, "wind_ms": 14.12, "value": 993.29, "lat": 18.75, "lon": 88.25}}, {"type": "Feature", "geometry": {"type": "Polygon", "coordinates": [[[88.375, 18.625], [88.625, 18.625], [88.625, 18.875], [88.375, 18.875], [88.375, 18.625]]]}, "properties": {"time": "2019-11-08T12:00:00", "variable": "msl", "tier": "low", "percentile": 99.6, "z": 6.57, "wind_ms": 16.23, "value": 994.84, "lat": 18.75, "lon": 88.5}}, {"type": "Feature", "geometry": {"type": "Polygon", "coordinates": [[[88.625, 18.625], [88.875, 18.625], [88.875, 18.875], [88.625, 18.875], [88.625, 18.625]]]}, "properties": {"time": "2019-11-08T12:00:00", "variable": "msl", "tier": "moderate", "percentile": 99.6, "z": 6.01, "wind_ms": 17.28, "value": 996.66, "lat": 18.75, "lon": 88.75}}, {"type": "Feature", "geometry": {"type": "Polygon", "coordinates": [[[88.875, 18.625], [89.125, 18.625], [89.125, 18.875], [88.875, 18.875], [88.875, 18.625]]]}, "properties": {"time": "2019-11-08T12:00:00", "variable": "msl", "tier": "moderate", "percentile": 99.6, "z": 5.38, "wind_ms": 17.76, "value": 998.52, "lat": 18.75, "lon": 89.0}}, {"type": "Feature", "geometry": {"type": "Polygon", "coordinates": [[[89.125, 18.625], [89.375, 18.625], [89.375, 18.875], [89.125, 18.875], [89.125, 18.625]]]}, "properties": {"time": "2019-11-08T12:00:00", "variable": "msl", "tier": "moderate", "percentile": 99.6, "z": 4.74, "wind_ms": 17.81, "value": 1000.33, "lat": 18.75, "lon": 89.25}}, {"type": "Feature", "geometry": {"type": "Polygon", "coordinates": [[[89.375, 18.625], [89.625, 18.625], [89.625, 18.875], [89.375, 18.875], [89.375, 18.625]]]}, "properties": {"time": "2019-11-08T12:00:00", "variable": "msl", "tier": "moderate", "percentile": 99.6, "z": 4.16, "wind_ms": 17.64, "value": 1001.85, "lat": 18.75, "lon": 89.5}}, {"type": "Feature", "geometry": {"type": "Polygon", "coordinates": [[[89.625, 18.625], [89.875, 18.625], [89.875, 18.875], [89.625, 18.875], [89.625, 18.625]]]}, "properties": {"time": "2019-11-08T12:00:00", "variable": "msl", "tier": "low", "percentile": 98.9, "z": 3.63, "wind_ms": 16.79, "value": 1003.11, "lat": 18.75, "lon": 89.75}}, {"type": "Feature", "geometry": {"type": "Polygon", "coordinates": [[[89.875, 18.625], [90.125, 18.625], [90.125, 18.875], [89.875, 18.875], [89.875, 18.625]]]}, "properties": {"time": "2019-11-08T12:00:00", "variable": "msl", "tier": "low", "percentile": 97.4, "z": 3.16, "wind_ms": 15.97, "value": 1004.17, "lat": 18.75, "lon": 90.0}}, {"type": "Feature", "geometry": {"type": "Polygon", "coordinates": [[[90.125, 18.625], [90.375, 18.625], [90.375, 18.875], [90.125, 18.875], [90.125, 18.625]]]}, "properties": {"time": "2019-11-08T12:00:00", "variable": "msl", "tier": "low", "percentile": 97.4, "z": 2.74, "wind_ms": 14.83, "value": 1005.1, "lat": 18.75, "lon": 90.25}}, {"type": "Feature", "geometry": {"type": "Polygon", "coordinates": [[[90.375, 18.625], [90.625, 18.625], [90.625, 18.875], [90.375, 18.875], [90.375, 18.625]]]}, "properties": {"time": "2019-11-08T12:00:00", "variable": "msl", "tier": "low", "percentile": 96.7, "z": 2.41, "wind_ms": 13.9, "value": 1005.8, "lat": 18.75, "lon": 90.5}}, {"type": "Feature", "geometry": {"type": "Polygon", "coordinates": [[[85.125, 18.875], [85.375, 18.875], [85.375, 19.125], [85.125, 19.125], [85.125, 18.875]]]}, "properties": {"time": "2019-11-08T12:00:00", "variable": "msl", "tier": "low", "percentile": 98.9, "z": 2.91, "wind_ms": 13.0, "value": 1005.22, "lat": 19.0, "lon": 85.25}}, {"type": "Feature", "geometry": {"type": "Polygon", "coordinates": [[[85.375, 18.875], [85.625, 18.875], [85.625, 19.125], [85.375, 19.125], [85.375, 18.875]]]}, "properties": {"time": "2019-11-08T12:00:00", "variable": "msl", "tier": "low", "percentile": 99.6, "z": 3.24, "wind_ms": 14.93, "value": 1004.55, "lat": 19.0, "lon": 85.5}}, {"type": "Feature", "geometry": {"type": "Polygon", "coordinates": [[[85.625, 18.875], [85.875, 18.875], [85.875, 19.125], [85.625, 19.125], [85.625, 18.875]]]}, "properties": {"time": "2019-11-08T12:00:00", "variable": "msl", "tier": "low", "percentile": 99.6, "z": 3.61, "wind_ms": 16.53, "value": 1003.82, "lat": 19.0, "lon": 85.75}}, {"type": "Feature", "geometry": {"type": "Polygon", "coordinates": [[[85.875, 18.875], [86.125, 18.875], [86.125, 19.125], [85.875, 19.125], [85.875, 18.875]]]}, "properties": {"time": "2019-11-08T12:00:00", "variable": "msl", "tier": "low", "percentile": 99.6, "z": 4.04, "wind_ms": 16.84, "value": 1002.87, "lat": 19.0, "lon": 86.0}}, {"type": "Feature", "geometry": {"type": "Polygon", "coordinates": [[[86.125, 18.875], [86.375, 18.875], [86.375, 19.125], [86.125, 19.125], [86.125, 18.875]]]}, "properties": {"time": "2019-11-08T12:00:00", "variable": "msl", "tier": "moderate", "percentile": 99.6, "z": 4.63, "wind_ms": 17.53, "value": 1001.5, "lat": 19.0, "lon": 86.25}}, {"type": "Feature", "geometry": {"type": "Polygon", "coordinates": [[[86.375, 18.875], [86.625, 18.875], [86.625, 19.125], [86.375, 19.125], [86.375, 18.875]]]}, "properties": {"time": "2019-11-08T12:00:00", "variable": "msl", "tier": "moderate", "percentile": 99.6, "z": 5.24, "wind_ms": 17.85, "value": 999.93, "lat": 19.0, "lon": 86.5}}, {"type": "Feature", "geometry": {"type": "Polygon", "coordinates": [[[86.625, 18.875], [86.875, 18.875], [86.875, 19.125], [86.625, 19.125], [86.625, 18.875]]]}, "properties": {"time": "2019-11-08T12:00:00", "variable": "msl", "tier": "moderate", "percentile": 99.6, "z": 5.86, "wind_ms": 18.57, "value": 998.15, "lat": 19.0, "lon": 86.75}}, {"type": "Feature", "geometry": {"type": "Polygon", "coordinates": [[[86.875, 18.875], [87.125, 18.875], [87.125, 19.125], [86.875, 19.125], [86.875, 18.875]]]}, "properties": {"time": "2019-11-08T12:00:00", "variable": "msl", "tier": "moderate", "percentile": 99.6, "z": 6.48, "wind_ms": 18.74, "value": 996.13, "lat": 19.0, "lon": 87.0}}, {"type": "Feature", "geometry": {"type": "Polygon", "coordinates": [[[87.125, 18.875], [87.375, 18.875], [87.375, 19.125], [87.125, 19.125], [87.125, 18.875]]]}, "properties": {"time": "2019-11-08T12:00:00", "variable": "msl", "tier": "low", "percentile": 99.6, "z": 7.09, "wind_ms": 14.79, "value": 993.89, "lat": 19.0, "lon": 87.25}}, {"type": "Feature", "geometry": {"type": "Polygon", "coordinates": [[[87.625, 18.875], [87.875, 18.875], [87.875, 19.125], [87.625, 19.125], [87.625, 18.875]]]}, "properties": {"time": "2019-11-08T12:00:00", "variable": "msl", "tier": "low", "percentile": 99.6, "z": 7.46, "wind_ms": 10.24, "value": 992.06, "lat": 19.0, "lon": 87.75}}, {"type": "Feature", "geometry": {"type": "Polygon", "coordinates": [[[87.875, 18.875], [88.125, 18.875], [88.125, 19.125], [87.875, 19.125], [87.875, 18.875]]]}, "properties": {"time": "2019-11-08T12:00:00", "variable": "msl", "tier": "low", "percentile": 99.6, "z": 7.26, "wind_ms": 11.92, "value": 992.69, "lat": 19.0, "lon": 88.0}}, {"type": "Feature", "geometry": {"type": "Polygon", "coordinates": [[[88.125, 18.875], [88.375, 18.875], [88.375, 19.125], [88.125, 19.125], [88.125, 18.875]]]}, "properties": {"time": "2019-11-08T12:00:00", "variable": "msl", "tier": "low", "percentile": 99.6, "z": 6.94, "wind_ms": 13.85, "value": 993.78, "lat": 19.0, "lon": 88.25}}, {"type": "Feature", "geometry": {"type": "Polygon", "coordinates": [[[88.375, 18.875], [88.625, 18.875], [88.625, 19.125], [88.375, 19.125], [88.375, 18.875]]]}, "properties": {"time": "2019-11-08T12:00:00", "variable": "msl", "tier": "low", "percentile": 99.6, "z": 6.51, "wind_ms": 15.58, "value": 995.27, "lat": 19.0, "lon": 88.5}}, {"type": "Feature", "geometry": {"type": "Polygon", "coordinates": [[[88.625, 18.875], [88.875, 18.875], [88.875, 19.125], [88.625, 19.125], [88.625, 18.875]]]}, "properties": {"time": "2019-11-08T12:00:00", "variable": "msl", "tier": "moderate", "percentile": 99.6, "z": 5.97, "wind_ms": 17.07, "value": 996.98, "lat": 19.0, "lon": 88.75}}, {"type": "Feature", "geometry": {"type": "Polygon", "coordinates": [[[88.875, 18.875], [89.125, 18.875], [89.125, 19.125], [88.875, 19.125], [88.875, 18.875]]]}, "properties": {"time": "2019-11-08T12:00:00", "variable": "msl", "tier": "moderate", "percentile": 99.6, "z": 5.33, "wind_ms": 17.8, "value": 998.81, "lat": 19.0, "lon": 89.0}}, {"type": "Feature", "geometry": {"type": "Polygon", "coordinates": [[[89.125, 18.875], [89.375, 18.875], [89.375, 19.125], [89.125, 19.125], [89.125, 18.875]]]}, "properties": {"time": "2019-11-08T12:00:00", "variable": "msl", "tier": "moderate", "percentile": 99.6, "z": 4.73, "wind_ms": 18.07, "value": 1000.44, "lat": 19.0, "lon": 89.25}}, {"type": "Feature", "geometry": {"type": "Polygon", "coordinates": [[[89.375, 18.875], [89.625, 18.875], [89.625, 19.125], [89.375, 19.125], [89.375, 18.875]]]}, "properties": {"time": "2019-11-08T12:00:00", "variable": "msl", "tier": "moderate", "percentile": 99.6, "z": 4.16, "wind_ms": 17.98, "value": 1001.87, "lat": 19.0, "lon": 89.5}}, {"type": "Feature", "geometry": {"type": "Polygon", "coordinates": [[[89.625, 18.875], [89.875, 18.875], [89.875, 19.125], [89.625, 19.125], [89.625, 18.875]]]}, "properties": {"time": "2019-11-08T12:00:00", "variable": "msl", "tier": "low", "percentile": 98.9, "z": 3.65, "wind_ms": 16.83, "value": 1003.12, "lat": 19.0, "lon": 89.75}}, {"type": "Feature", "geometry": {"type": "Polygon", "coordinates": [[[89.875, 18.875], [90.125, 18.875], [90.125, 19.125], [89.875, 19.125], [89.875, 18.875]]]}, "properties": {"time": "2019-11-08T12:00:00", "variable": "msl", "tier": "low", "percentile": 97.4, "z": 3.18, "wind_ms": 15.95, "value": 1004.23, "lat": 19.0, "lon": 90.0}}, {"type": "Feature", "geometry": {"type": "Polygon", "coordinates": [[[90.125, 18.875], [90.375, 18.875], [90.375, 19.125], [90.125, 19.125], [90.125, 18.875]]]}, "properties": {"time": "2019-11-08T12:00:00", "variable": "msl", "tier": "low", "percentile": 97.4, "z": 2.76, "wind_ms": 14.84, "value": 1005.15, "lat": 19.0, "lon": 90.25}}, {"type": "Feature", "geometry": {"type": "Polygon", "coordinates": [[[90.375, 18.875], [90.625, 18.875], [90.625, 19.125], [90.375, 19.125], [90.375, 18.875]]]}, "properties": {"time": "2019-11-08T12:00:00", "variable": "msl", "tier": "low", "percentile": 96.7, "z": 2.43, "wind_ms": 14.02, "value": 1005.86, "lat": 19.0, "lon": 90.5}}, {"type": "Feature", "geometry": {"type": "Polygon", "coordinates": [[[85.125, 19.125], [85.375, 19.125], [85.375, 19.375], [85.125, 19.375], [85.125, 19.125]]]}, "properties": {"time": "2019-11-08T12:00:00", "variable": "msl", "tier": "low", "percentile": 99.6, "z": 2.89, "wind_ms": 12.25, "value": 1005.42, "lat": 19.25, "lon": 85.25}}, {"type": "Feature", "geometry": {"type": "Polygon", "coordinates": [[[85.375, 19.125], [85.625, 19.125], [85.625, 19.375], [85.375, 19.375], [85.375, 19.125]]]}, "properties": {"time": "2019-11-08T12:00:00", "variable": "msl", "tier": "low", "percentile": 99.6, "z": 3.18, "wind_ms": 13.97, "value": 1004.85, "lat": 19.25, "lon": 85.5}}, {"type": "Feature", "geometry": {"type": "Polygon", "coordinates": [[[85.625, 19.125], [85.875, 19.125], [85.875, 19.375], [85.625, 19.375], [85.625, 19.125]]]}, "properties": {"time": "2019-11-08T12:00:00", "variable": "msl", "tier": "low", "percentile": 99.6, "z": 3.53, "wind_ms": 15.67, "value": 1004.1, "lat": 19.25, "lon": 85.75}}, {"type": "Feature", "geometry": {"type": "Polygon", "coordinates": [[[85.875, 19.125], [86.125, 19.125], [86.125, 19.375], [85.875, 19.375], [85.875, 19.125]]]}, "properties": {"time": "2019-11-08T12:00:00", "variable": "msl", "tier": "low", "percentile": 99.6, "z": 3.93, "wind_ms": 16.55, "value": 1003.19, "lat": 19.25, "lon": 86.0}}, {"type": "Feature", "geometry": {"type": "Polygon", "coordinates": [[[86.125, 19.125], [86.375, 19.125], [86.375, 19.375], [86.125, 19.375], [86.125, 19.125]]]}, "properties": {"time": "2019-11-08T12:00:00", "variable": "msl", "tier": "moderate", "percentile": 99.6, "z": 4.47, "wind_ms": 17.02, "value": 1001.97, "lat": 19.25, "lon": 86.25}}, {"type": "Feature", "geometry": {"type": "Polygon", "coordinates": [[[86.375, 19.125], [86.625, 19.125], [86.625, 19.375], [86.375, 19.375], [86.375, 19.125]]]}, "properties": {"time": "2019-11-08T12:00:00", "variable": "msl", "tier": "moderate", "percentile": 99.6, "z": 5.06, "wind_ms": 17.7, "value": 1000.52, "lat": 19.25, "lon": 86.5}}, {"type": "Feature", "geometry": {"type": "Polygon", "coordinates": [[[86.625, 19.125], [86.875, 19.125], [86.875, 19.375], [86.625, 19.375], [86.625, 19.125]]]}, "properties": {"time": "2019-11-08T12:00:00", "variable": "msl", "tier": "moderate", "percentile": 99.6, "z": 5.65, "wind_ms": 18.6, "value": 998.9, "lat": 19.25, "lon": 86.75}}, {"type": "Feature", "geometry": {"type": "Polygon", "coordinates": [[[86.875, 19.125], [87.125, 19.125], [87.125, 19.375], [86.875, 19.375], [86.875, 19.125]]]}, "properties": {"time": "2019-11-08T12:00:00", "variable": "msl", "tier": "moderate", "percentile": 99.6, "z": 6.25, "wind_ms": 18.58, "value": 997.04, "lat": 19.25, "lon": 87.0}}, {"type": "Feature", "geometry": {"type": "Polygon", "coordinates": [[[87.125, 19.125], [87.375, 19.125], [87.375, 19.375], [87.125, 19.375], [87.125, 19.125]]]}, "properties": {"time": "2019-11-08T12:00:00", "variable": "msl", "tier": "low", "percentile": 99.6, "z": 6.82, "wind_ms": 15.95, "value": 995.03, "lat": 19.25, "lon": 87.25}}, {"type": "Feature", "geometry": {"type": "Polygon", "coordinates": [[[87.375, 19.125], [87.625, 19.125], [87.625, 19.375], [87.375, 19.375], [87.375, 19.125]]]}, "properties": {"time": "2019-11-08T12:00:00", "variable": "msl", "tier": "low", "percentile": 99.6, "z": 7.18, "wind_ms": 12.88, "value": 993.56, "lat": 19.25, "lon": 87.5}}, {"type": "Feature", "geometry": {"type": "Polygon", "coordinates": [[[87.625, 19.125], [87.875, 19.125], [87.875, 19.375], [87.625, 19.375], [87.625, 19.125]]]}, "properties": {"time": "2019-11-08T12:00:00", "variable": "msl", "tier": "low", "percentile": 99.6, "z": 7.22, "wind_ms": 14.32, "value": 993.21, "lat": 19.25, "lon": 87.75}}, {"type": "Feature", "geometry": {"type": "Polygon", "coordinates": [[[87.875, 19.125], [88.125, 19.125], [88.125, 19.375], [87.875, 19.375], [87.875, 19.125]]]}, "properties": {"time": "2019-11-08T12:00:00", "variable": "msl", "tier": "low", "percentile": 99.6, "z": 7.01, "wind_ms": 14.86, "value": 993.82, "lat": 19.25, "lon": 88.0}}, {"type": "Feature", "geometry": {"type": "Polygon", "coordinates": [[[88.125, 19.125], [88.375, 19.125], [88.375, 19.375], [88.125, 19.375], [88.125, 19.125]]]}, "properties": {"time": "2019-11-08T12:00:00", "variable": "msl", "tier": "low", "percentile": 99.6, "z": 6.68, "wind_ms": 15.43, "value": 994.83, "lat": 19.25, "lon": 88.25}}, {"type": "Feature", "geometry": {"type": "Polygon", "coordinates": [[[88.375, 19.125], [88.625, 19.125], [88.625, 19.375], [88.375, 19.375], [88.375, 19.125]]]}, "properties": {"time": "2019-11-08T12:00:00", "variable": "msl", "tier": "low", "percentile": 99.6, "z": 6.28, "wind_ms": 16.81, "value": 996.12, "lat": 19.25, "lon": 88.5}}, {"type": "Feature", "geometry": {"type": "Polygon", "coordinates": [[[88.625, 19.125], [88.875, 19.125], [88.875, 19.375], [88.625, 19.375], [88.625, 19.125]]]}, "properties": {"time": "2019-11-08T12:00:00", "variable": "msl", "tier": "moderate", "percentile": 99.6, "z": 5.75, "wind_ms": 17.92, "value": 997.74, "lat": 19.25, "lon": 88.75}}, {"type": "Feature", "geometry": {"type": "Polygon", "coordinates": [[[88.875, 19.125], [89.125, 19.125], [89.125, 19.375], [88.875, 19.375], [88.875, 19.125]]]}, "properties": {"time": "2019-11-08T12:00:00", "variable": "msl", "tier": "moderate", "percentile": 99.6, "z": 5.16, "wind_ms": 18.27, "value": 999.43, "lat": 19.25, "lon": 89.0}}, {"type": "Feature", "geometry": {"type": "Polygon", "coordinates": [[[89.125, 19.125], [89.375, 19.125], [89.375, 19.375], [89.125, 19.375], [89.125, 19.125]]]}, "properties": {"time": "2019-11-08T12:00:00", "variable": "msl", "tier": "moderate", "percentile": 99.6, "z": 4.61, "wind_ms": 18.31, "value": 1000.9, "lat": 19.25, "lon": 89.25}}, {"type": "Feature", "geometry": {"type": "Polygon", "coordinates": [[[89.375, 19.125], [89.625, 19.125], [89.625, 19.375], [89.375, 19.375], [89.375, 19.125]]]}, "properties": {"time": "2019-11-08T12:00:00", "variable": "msl", "tier": "moderate", "percentile": 99.6, "z": 4.11, "wind_ms": 18.11, "value": 1002.14, "lat": 19.25, "lon": 89.5}}, {"type": "Feature", "geometry": {"type": "Polygon", "coordinates": [[[89.625, 19.125], [89.875, 19.125], [89.875, 19.375], [89.625, 19.375], [89.625, 19.125]]]}, "properties": {"time": "2019-11-08T12:00:00", "variable": "msl", "tier": "low", "percentile": 98.9, "z": 3.59, "wind_ms": 16.72, "value": 1003.36, "lat": 19.25, "lon": 89.75}}, {"type": "Feature", "geometry": {"type": "Polygon", "coordinates": [[[89.875, 19.125], [90.125, 19.125], [90.125, 19.375], [89.875, 19.375], [89.875, 19.125]]]}, "properties": {"time": "2019-11-08T12:00:00", "variable": "msl", "tier": "low", "percentile": 97.4, "z": 3.13, "wind_ms": 15.77, "value": 1004.39, "lat": 19.25, "lon": 90.0}}, {"type": "Feature", "geometry": {"type": "Polygon", "coordinates": [[[90.125, 19.125], [90.375, 19.125], [90.375, 19.375], [90.125, 19.375], [90.125, 19.125]]]}, "properties": {"time": "2019-11-08T12:00:00", "variable": "msl", "tier": "low", "percentile": 97.4, "z": 2.75, "wind_ms": 14.89, "value": 1005.22, "lat": 19.25, "lon": 90.25}}, {"type": "Feature", "geometry": {"type": "Polygon", "coordinates": [[[90.375, 19.125], [90.625, 19.125], [90.625, 19.375], [90.375, 19.375], [90.375, 19.125]]]}, "properties": {"time": "2019-11-08T12:00:00", "variable": "msl", "tier": "low", "percentile": 96.7, "z": 2.4, "wind_ms": 14.12, "value": 1005.96, "lat": 19.25, "lon": 90.5}}, {"type": "Feature", "geometry": {"type": "Polygon", "coordinates": [[[85.125, 19.375], [85.375, 19.375], [85.375, 19.625], [85.125, 19.625], [85.125, 19.375]]]}, "properties": {"time": "2019-11-08T12:00:00", "variable": "msl", "tier": "low", "percentile": 98.9, "z": 2.86, "wind_ms": 10.26, "value": 1005.61, "lat": 19.5, "lon": 85.25}}, {"type": "Feature", "geometry": {"type": "Polygon", "coordinates": [[[85.375, 19.375], [85.625, 19.375], [85.625, 19.625], [85.375, 19.625], [85.375, 19.375]]]}, "properties": {"time": "2019-11-08T12:00:00", "variable": "msl", "tier": "low", "percentile": 99.6, "z": 3.07, "wind_ms": 12.77, "value": 1005.16, "lat": 19.5, "lon": 85.5}}, {"type": "Feature", "geometry": {"type": "Polygon", "coordinates": [[[85.625, 19.375], [85.875, 19.375], [85.875, 19.625], [85.625, 19.625], [85.625, 19.375]]]}, "properties": {"time": "2019-11-08T12:00:00", "variable": "msl", "tier": "low", "percentile": 99.6, "z": 3.38, "wind_ms": 13.13, "value": 1004.59, "lat": 19.5, "lon": 85.75}}, {"type": "Feature", "geometry": {"type": "Polygon", "coordinates": [[[85.875, 19.375], [86.125, 19.375], [86.125, 19.625], [85.875, 19.625], [85.875, 19.375]]]}, "properties": {"time": "2019-11-08T12:00:00", "variable": "msl", "tier": "low", "percentile": 99.6, "z": 3.77, "wind_ms": 15.26, "value": 1003.74, "lat": 19.5, "lon": 86.0}}, {"type": "Feature", "geometry": {"type": "Polygon", "coordinates": [[[86.125, 19.375], [86.375, 19.375], [86.375, 19.625], [86.125, 19.625], [86.125, 19.375]]]}, "properties": {"time": "2019-11-08T12:00:00", "variable": "msl", "tier": "low", "percentile": 99.6, "z": 4.23, "wind_ms": 16.3, "value": 1002.67, "lat": 19.5, "lon": 86.25}}, {"type": "Feature", "geometry": {"type": "Polygon", "coordinates": [[[86.375, 19.375], [86.625, 19.375], [86.625, 19.625], [86.375, 19.625], [86.375, 19.375]]]}, "properties": {"time": "2019-11-08T12:00:00", "variable": "msl", "tier": "moderate", "percentile": 99.6, "z": 4.78, "wind_ms": 17.03, "value": 1001.37, "lat": 19.5, "lon": 86.5}}, {"type": "Feature", "geometry": {"type": "Polygon", "coordinates": [[[86.625, 19.375], [86.875, 19.375], [86.875, 19.625], [86.625, 19.625], [86.625, 19.375]]]}, "properties": {"time": "2019-11-08T12:00:00", "variable": "msl", "tier": "moderate", "percentile": 99.6, "z": 5.29, "wind_ms": 18.01, "value": 1000.06, "lat": 19.5, "lon": 86.75}}, {"type": "Feature", "geometry": {"type": "Polygon", "coordinates": [[[86.875, 19.375], [87.125, 19.375], [87.125, 19.625], [86.875, 19.625], [86.875, 19.375]]]}, "properties": {"time": "2019-11-08T12:00:00", "variable": "msl", "tier": "moderate", "percentile": 99.6, "z": 5.83, "wind_ms": 18.44, "value": 998.5, "lat": 19.5, "lon": 87.0}}, {"type": "Feature", "geometry": {"type": "Polygon", "coordinates": [[[87.125, 19.375], [87.375, 19.375], [87.375, 19.625], [87.125, 19.625], [87.125, 19.375]]]}, "properties": {"time": "2019-11-08T12:00:00", "variable": "msl", "tier": "moderate", "percentile": 99.6, "z": 6.33, "wind_ms": 17.62, "value": 996.84, "lat": 19.5, "lon": 87.25}}, {"type": "Feature", "geometry": {"type": "Polygon", "coordinates": [[[87.375, 19.375], [87.625, 19.375], [87.625, 19.625], [87.375, 19.625], [87.375, 19.375]]]}, "properties": {"time": "2019-11-08T12:00:00", "variable": "msl", "tier": "low", "percentile": 99.6, "z": 6.69, "wind_ms": 16.01, "value": 995.47, "lat": 19.5, "lon": 87.5}}, {"type": "Feature", "geometry": {"type": "Polygon", "coordinates": [[[87.625, 19.375], [87.875, 19.375], [87.875, 19.625], [87.625, 19.625], [87.625, 19.375]]]}, "properties": {"time": "2019-11-08T12:00:00", "variable": "msl", "tier": "moderate", "percentile": 99.6, "z": 6.76, "wind_ms": 17.33, "value": 994.96, "lat": 19.5, "lon": 87.75}}, {"type": "Feature", "geometry": {"type": "Polygon", "coordinates": [[[87.875, 19.375], [88.125, 19.375], [88.125, 19.625], [87.875, 19.625], [87.875, 19.375]]]}, "properties": {"time": "2019-11-08T12:00:00", "variable": "msl", "tier": "moderate", "percentile": 99.6, "z": 6.56, "wind_ms": 18.08, "value": 995.47, "lat": 19.5, "lon": 88.0}}, {"type": "Feature", "geometry": {"type": "Polygon", "coordinates": [[[88.125, 19.375], [88.375, 19.375], [88.375, 19.625], [88.125, 19.625], [88.125, 19.375]]]}, "properties": {"time": "2019-11-08T12:00:00", "variable": "msl", "tier": "moderate", "percentile": 99.6, "z": 6.22, "wind_ms": 17.68, "value": 996.49, "lat": 19.5, "lon": 88.25}}, {"type": "Feature", "geometry": {"type": "Polygon", "coordinates": [[[88.375, 19.375], [88.625, 19.375], [88.625, 19.625], [88.375, 19.625], [88.375, 19.375]]]}, "properties": {"time": "2019-11-08T12:00:00", "variable": "msl", "tier": "moderate", "percentile": 99.6, "z": 5.83, "wind_ms": 17.83, "value": 997.66, "lat": 19.5, "lon": 88.5}}, {"type": "Feature", "geometry": {"type": "Polygon", "coordinates": [[[88.625, 19.375], [88.875, 19.375], [88.875, 19.625], [88.625, 19.625], [88.625, 19.375]]]}, "properties": {"time": "2019-11-08T12:00:00", "variable": "msl", "tier": "moderate", "percentile": 99.6, "z": 5.35, "wind_ms": 18.12, "value": 999.04, "lat": 19.5, "lon": 88.75}}, {"type": "Feature", "geometry": {"type": "Polygon", "coordinates": [[[88.875, 19.375], [89.125, 19.375], [89.125, 19.625], [88.875, 19.625], [88.875, 19.375]]]}, "properties": {"time": "2019-11-08T12:00:00", "variable": "msl", "tier": "moderate", "percentile": 99.6, "z": 4.86, "wind_ms": 17.88, "value": 1000.33, "lat": 19.5, "lon": 89.0}}, {"type": "Feature", "geometry": {"type": "Polygon", "coordinates": [[[89.125, 19.375], [89.375, 19.375], [89.375, 19.625], [89.125, 19.625], [89.125, 19.375]]]}, "properties": {"time": "2019-11-08T12:00:00", "variable": "msl", "tier": "moderate", "percentile": 99.6, "z": 4.37, "wind_ms": 17.58, "value": 1001.54, "lat": 19.5, "lon": 89.25}}, {"type": "Feature", "geometry": {"type": "Polygon", "coordinates": [[[89.375, 19.375], [89.625, 19.375], [89.625, 19.625], [89.375, 19.625], [89.375, 19.375]]]}, "properties": {"time": "2019-11-08T12:00:00", "variable": "msl", "tier": "moderate", "percentile": 98.9, "z": 3.94, "wind_ms": 17.22, "value": 1002.6, "lat": 19.5, "lon": 89.5}}, {"type": "Feature", "geometry": {"type": "Polygon", "coordinates": [[[89.625, 19.375], [89.875, 19.375], [89.875, 19.625], [89.625, 19.625], [89.625, 19.375]]]}, "properties": {"time": "2019-11-08T12:00:00", "variable": "msl", "tier": "low", "percentile": 98.9, "z": 3.46, "wind_ms": 16.11, "value": 1003.73, "lat": 19.5, "lon": 89.75}}, {"type": "Feature", "geometry": {"type": "Polygon", "coordinates": [[[89.875, 19.375], [90.125, 19.375], [90.125, 19.625], [89.875, 19.625], [89.875, 19.375]]]}, "properties": {"time": "2019-11-08T12:00:00", "variable": "msl", "tier": "low", "percentile": 97.4, "z": 3.04, "wind_ms": 15.28, "value": 1004.65, "lat": 19.5, "lon": 90.0}}, {"type": "Feature", "geometry": {"type": "Polygon", "coordinates": [[[90.125, 19.375], [90.375, 19.375], [90.375, 19.625], [90.125, 19.625], [90.125, 19.375]]]}, "properties": {"time": "2019-11-08T12:00:00", "variable": "msl", "tier": "low", "percentile": 97.4, "z": 2.69, "wind_ms": 14.68, "value": 1005.43, "lat": 19.5, "lon": 90.25}}, {"type": "Feature", "geometry": {"type": "Polygon", "coordinates": [[[90.375, 19.375], [90.625, 19.375], [90.625, 19.625], [90.375, 19.625], [90.375, 19.375]]]}, "properties": {"time": "2019-11-08T12:00:00", "variable": "msl", "tier": "low", "percentile": 96.7, "z": 2.34, "wind_ms": 14.15, "value": 1006.15, "lat": 19.5, "lon": 90.5}}, {"type": "Feature", "geometry": {"type": "Polygon", "coordinates": [[[85.375, 19.625], [85.625, 19.625], [85.625, 19.875], [85.375, 19.875], [85.375, 19.625]]]}, "properties": {"time": "2019-11-08T12:00:00", "variable": "msl", "tier": "low", "percentile": 98.9, "z": 2.94, "wind_ms": 9.71, "value": 1005.59, "lat": 19.75, "lon": 85.5}}, {"type": "Feature", "geometry": {"type": "Polygon", "coordinates": [[[85.625, 19.625], [85.875, 19.625], [85.875, 19.875], [85.625, 19.875], [85.625, 19.625]]]}, "properties": {"time": "2019-11-08T12:00:00", "variable": "msl", "tier": "low", "percentile": 99.6, "z": 3.21, "wind_ms": 9.75, "value": 1005.07, "lat": 19.75, "lon": 85.75}}, {"type": "Feature", "geometry": {"type": "Polygon", "coordinates": [[[85.875, 19.625], [86.125, 19.625], [86.125, 19.875], [85.875, 19.875], [85.875, 19.625]]]}, "properties": {"time": "2019-11-08T12:00:00", "variable": "msl", "tier": "low", "percentile": 99.6, "z": 3.57, "wind_ms": 12.8, "value": 1004.28, "lat": 19.75, "lon": 86.0}}, {"type": "Feature", "geometry": {"type": "Polygon", "coordinates": [[[86.125, 19.625], [86.375, 19.625], [86.375, 19.875], [86.125, 19.875], [86.125, 19.625]]]}, "properties": {"time": "2019-11-08T12:00:00", "variable": "msl", "tier": "low", "percentile": 99.6, "z": 4.0, "wind_ms": 14.46, "value": 1003.29, "lat": 19.75, "lon": 86.25}}, {"type": "Feature", "geometry": {"type": "Polygon", "coordinates": [[[86.375, 19.625], [86.625, 19.625], [86.625, 19.875], [86.375, 19.875], [86.375, 19.625]]]}, "properties": {"time": "2019-11-08T12:00:00", "variable": "msl", "tier": "low", "percentile": 99.6, "z": 4.42, "wind_ms": 16.08, "value": 1002.3, "lat": 19.75, "lon": 86.5}}, {"type": "Feature", "geometry": {"type": "Polygon", "coordinates": [[[86.625, 19.625], [86.875, 19.625], [86.875, 19.875], [86.625, 19.875], [86.625, 19.625]]]}, "properties": {"time": "2019-11-08T12:00:00", "variable": "msl", "tier": "moderate", "percentile": 99.6, "z": 4.88, "wind_ms": 17.2, "value": 1001.16, "lat": 19.75, "lon": 86.75}}, {"type": "Feature", "geometry": {"type": "Polygon", "coordinates": [[[86.875, 19.625], [87.125, 19.625], [87.125, 19.875], [86.875, 19.875], [86.875, 19.625]]]}, "properties": {"time": "2019-11-08T12:00:00", "variable": "msl", "tier": "moderate", "percentile": 99.6, "z": 5.26, "wind_ms": 17.68, "value": 1000.09, "lat": 19.75, "lon": 87.0}}, {"type": "Feature", "geometry": {"type": "Polygon", "coordinates": [[[87.125, 19.625], [87.375, 19.625], [87.375, 19.875], [87.125, 19.875], [87.125, 19.625]]]}, "properties": {"time": "2019-11-08T12:00:00", "variable": "msl", "tier": "moderate", "percentile": 99.6, "z": 5.74, "wind_ms": 17.17, "value": 998.65, "lat": 19.75, "lon": 87.25}}, {"type": "Feature", "geometry": {"type": "Polygon", "coordinates": [[[87.375, 19.625], [87.625, 19.625], [87.625, 19.875], [87.375, 19.875], [87.375, 19.625]]]}, "properties": {"time": "2019-11-08T12:00:00", "variable": "msl", "tier": "moderate", "percentile": 99.6, "z": 6.05, "wind_ms": 17.71, "value": 997.54, "lat": 19.75, "lon": 87.5}}, {"type": "Feature", "geometry": {"type": "Polygon", "coordinates": [[[87.625, 19.625], [87.875, 19.625], [87.875, 19.875], [87.625, 19.875], [87.625, 19.625]]]}, "properties": {"time": "2019-11-08T12:00:00", "variable": "msl", "tier": "moderate", "percentile": 99.6, "z": 6.11, "wind_ms": 17.91, "value": 997.13, "lat": 19.75, "lon": 87.75}}, {"type": "Feature", "geometry": {"type": "Polygon", "coordinates": [[[87.875, 19.625], [88.125, 19.625], [88.125, 19.875], [87.875, 19.875], [87.875, 19.625]]]}, "properties": {"time": "2019-11-08T12:00:00", "variable": "msl", "tier": "moderate", "percentile": 99.6, "z": 5.93, "wind_ms": 18.05, "value": 997.47, "lat": 19.75, "lon": 88.0}}, {"type": "Feature", "geometry": {"type": "Polygon", "coordinates": [[[88.125, 19.625], [88.375, 19.625], [88.375, 19.875], [88.125, 19.875], [88.125, 19.625]]]}, "properties": {"time": "2019-11-08T12:00:00", "variable": "msl", "tier": "moderate", "percentile": 99.6, "z": 5.64, "wind_ms": 17.97, "value": 998.19, "lat": 19.75, "lon": 88.25}}, {"type": "Feature", "geometry": {"type": "Polygon", "coordinates": [[[88.375, 19.625], [88.625, 19.625], [88.625, 19.875], [88.375, 19.875], [88.375, 19.625]]]}, "properties": {"time": "2019-11-08T12:00:00", "variable": "msl", "tier": "moderate", "percentile": 99.6, "z": 5.26, "wind_ms": 17.7, "value": 999.26, "lat": 19.75, "lon": 88.5}}, {"type": "Feature", "geometry": {"type": "Polygon", "coordinates": [[[88.625, 19.625], [88.875, 19.625], [88.875, 19.875], [88.625, 19.875], [88.625, 19.625]]]}, "properties": {"time": "2019-11-08T12:00:00", "variable": "msl", "tier": "moderate", "percentile": 99.6, "z": 4.89, "wind_ms": 17.44, "value": 1000.27, "lat": 19.75, "lon": 88.75}}, {"type": "Feature", "geometry": {"type": "Polygon", "coordinates": [[[88.875, 19.625], [89.125, 19.625], [89.125, 19.875], [88.875, 19.875], [88.875, 19.625]]]}, "properties": {"time": "2019-11-08T12:00:00", "variable": "msl", "tier": "low", "percentile": 99.6, "z": 4.45, "wind_ms": 16.91, "value": 1001.42, "lat": 19.75, "lon": 89.0}}, {"type": "Feature", "geometry": {"type": "Polygon", "coordinates": [[[89.125, 19.625], [89.375, 19.625], [89.375, 19.875], [89.125, 19.875], [89.125, 19.625]]]}, "properties": {"time": "2019-11-08T12:00:00", "variable": "msl", "tier": "low", "percentile": 99.6, "z": 4.08, "wind_ms": 16.3, "value": 1002.36, "lat": 19.75, "lon": 89.25}}, {"type": "Feature", "geometry": {"type": "Polygon", "coordinates": [[[89.375, 19.625], [89.625, 19.625], [89.625, 19.875], [89.375, 19.875], [89.375, 19.625]]]}, "properties": {"time": "2019-11-08T12:00:00", "variable": "msl", "tier": "low", "percentile": 98.9, "z": 3.67, "wind_ms": 15.77, "value": 1003.33, "lat": 19.75, "lon": 89.5}}, {"type": "Feature", "geometry": {"type": "Polygon", "coordinates": [[[89.625, 19.625], [89.875, 19.625], [89.875, 19.875], [89.625, 19.875], [89.625, 19.625]]]}, "properties": {"time": "2019-11-08T12:00:00", "variable": "msl", "tier": "low", "percentile": 98.1, "z": 3.29, "wind_ms": 15.47, "value": 1004.18, "lat": 19.75, "lon": 89.75}}, {"type": "Feature", "geometry": {"type": "Polygon", "coordinates": [[[89.875, 19.625], [90.125, 19.625], [90.125, 19.875], [89.875, 19.875], [89.875, 19.625]]]}, "properties": {"time": "2019-11-08T12:00:00", "variable": "msl", "tier": "low", "percentile": 97.4, "z": 2.91, "wind_ms": 15.0, "value": 1005.0, "lat": 19.75, "lon": 90.0}}, {"type": "Feature", "geometry": {"type": "Polygon", "coordinates": [[[90.125, 19.625], [90.375, 19.625], [90.375, 19.875], [90.125, 19.875], [90.125, 19.625]]]}, "properties": {"time": "2019-11-08T12:00:00", "variable": "msl", "tier": "low", "percentile": 96.7, "z": 2.57, "wind_ms": 14.72, "value": 1005.73, "lat": 19.75, "lon": 90.25}}, {"type": "Feature", "geometry": {"type": "Polygon", "coordinates": [[[90.375, 19.625], [90.625, 19.625], [90.625, 19.875], [90.375, 19.875], [90.375, 19.625]]]}, "properties": {"time": "2019-11-08T12:00:00", "variable": "msl", "tier": "low", "percentile": 96.7, "z": 2.26, "wind_ms": 14.38, "value": 1006.36, "lat": 19.75, "lon": 90.5}}, {"type": "Feature", "geometry": {"type": "Polygon", "coordinates": [[[85.875, 19.875], [86.125, 19.875], [86.125, 20.125], [85.875, 20.125], [85.875, 19.875]]]}, "properties": {"time": "2019-11-08T12:00:00", "variable": "msl", "tier": "low", "percentile": 99.6, "z": 3.34, "wind_ms": 9.37, "value": 1004.91, "lat": 20.0, "lon": 86.0}}, {"type": "Feature", "geometry": {"type": "Polygon", "coordinates": [[[86.125, 19.875], [86.375, 19.875], [86.375, 20.125], [86.125, 20.125], [86.125, 19.875]]]}, "properties": {"time": "2019-11-08T12:00:00", "variable": "msl", "tier": "low", "percentile": 99.6, "z": 3.68, "wind_ms": 10.43, "value": 1004.16, "lat": 20.0, "lon": 86.25}}, {"type": "Feature", "geometry": {"type": "Polygon", "coordinates": [[[86.375, 19.875], [86.625, 19.875], [86.625, 20.125], [86.375, 20.125], [86.375, 19.875]]]}, "properties": {"time": "2019-11-08T12:00:00", "variable": "msl", "tier": "low", "percentile": 99.6, "z": 4.08, "wind_ms": 12.67, "value": 1003.23, "lat": 20.0, "lon": 86.5}}, {"type": "Feature", "geometry": {"type": "Polygon", "coordinates": [[[86.625, 19.875], [86.875, 19.875], [86.875, 20.125], [86.625, 20.125], [86.625, 19.875]]]}, "properties": {"time": "2019-11-08T12:00:00", "variable": "msl", "tier": "low", "percentile": 99.6, "z": 4.33, "wind_ms": 16.1, "value": 1002.52, "lat": 20.0, "lon": 86.75}}, {"type": "Feature", "geometry": {"type": "Polygon", "coordinates": [[[86.875, 19.875], [87.125, 19.875], [87.125, 20.125], [86.875, 20.125], [86.875, 19.875]]]}, "properties": {"time": "2019-11-08T12:00:00", "variable": "msl", "tier": "moderate", "percentile": 99.6, "z": 4.71, "wind_ms": 17.24, "value": 1001.52, "lat": 20.0, "lon": 87.0}}, {"type": "Feature", "geometry": {"type": "Polygon", "coordinates": [[[87.125, 19.875], [87.375, 19.875], [87.375, 20.125], [87.125, 20.125], [87.125, 19.875]]]}, "properties": {"time": "2019-11-08T12:00:00", "variable": "msl", "tier": "moderate", "percentile": 99.6, "z": 4.97, "wind_ms": 17.19, "value": 1000.68, "lat": 20.0, "lon": 87.25}}, {"type": "Feature", "geometry": {"type": "Polygon", "coordinates": [[[87.375, 19.875], [87.625, 19.875], [87.625, 20.125], [87.375, 20.125], [87.375, 19.875]]]}, "properties": {"time": "2019-11-08T12:00:00", "variable": "msl", "tier": "moderate", "percentile": 99.6, "z": 5.24, "wind_ms": 17.47, "value": 999.74, "lat": 20.0, "lon": 87.5}}, {"type": "Feature", "geometry": {"type": "Polygon", "coordinates": [[[87.625, 19.875], [87.875, 19.875], [87.875, 20.125], [87.625, 20.125], [87.625, 19.875]]]}, "properties": {"time": "2019-11-08T12:00:00", "variable": "msl", "tier": "moderate", "percentile": 99.6, "z": 5.28, "wind_ms": 17.52, "value": 999.39, "lat": 20.0, "lon": 87.75}}, {"type": "Feature", "geometry": {"type": "Polygon", "coordinates": [[[87.875, 19.875], [88.125, 19.875], [88.125, 20.125], [87.875, 20.125], [87.875, 19.875]]]}, "properties": {"time": "2019-11-08T12:00:00", "variable": "msl", "tier": "moderate", "percentile": 99.6, "z": 5.17, "wind_ms": 17.22, "value": 999.49, "lat": 20.0, "lon": 88.0}}, {"type": "Feature", "geometry": {"type": "Polygon", "coordinates": [[[88.125, 19.875], [88.375, 19.875], [88.375, 20.125], [88.125, 20.125], [88.125, 19.875]]]}, "properties": {"time": "2019-11-08T12:00:00", "variable": "msl", "tier": "low", "percentile": 99.6, "z": 4.94, "wind_ms": 16.96, "value": 1000.0, "lat": 20.0, "lon": 88.25}}, {"type": "Feature", "geometry": {"type": "Polygon", "coordinates": [[[88.375, 19.875], [88.625, 19.875], [88.625, 20.125], [88.375, 20.125], [88.375, 19.875]]]}, "properties": {"time": "2019-11-08T12:00:00", "variable": "msl", "tier": "moderate", "percentile": 99.6, "z": 4.71, "wind_ms": 17.17, "value": 1000.65, "lat": 20.0, "lon": 88.5}}, {"type": "Feature", "geometry": {"type": "Polygon", "coordinates": [[[88.625, 19.875], [88.875, 19.875], [88.875, 20.125], [88.625, 20.125], [88.625, 19.875]]]}, "properties": {"time": "2019-11-08T12:00:00", "variable": "msl", "tier": "low", "percentile": 99.6, "z": 4.36, "wind_ms": 16.69, "value": 1001.59, "lat": 20.0, "lon": 88.75}}, {"type": "Feature", "geometry": {"type": "Polygon", "coordinates": [[[88.875, 19.875], [89.125, 19.875], [89.125, 20.125], [88.875, 20.125], [88.875, 19.875]]]}, "properties": {"time": "2019-11-08T12:00:00", "variable": "msl", "tier": "low", "percentile": 99.6, "z": 4.08, "wind_ms": 16.15, "value": 1002.33, "lat": 20.0, "lon": 89.0}}, {"type": "Feature", "geometry": {"type": "Polygon", "coordinates": [[[89.125, 19.875], [89.375, 19.875], [89.375, 20.125], [89.125, 20.125], [89.125, 19.875]]]}, "properties": {"time": "2019-11-08T12:00:00", "variable": "msl", "tier": "low", "percentile": 98.9, "z": 3.72, "wind_ms": 15.5, "value": 1003.21, "lat": 20.0, "lon": 89.25}}, {"type": "Feature", "geometry": {"type": "Polygon", "coordinates": [[[89.375, 19.875], [89.625, 19.875], [89.625, 20.125], [89.375, 20.125], [89.375, 19.875]]]}, "properties": {"time": "2019-11-08T12:00:00", "variable": "msl", "tier": "low", "percentile": 98.9, "z": 3.41, "wind_ms": 15.17, "value": 1003.93, "lat": 20.0, "lon": 89.5}}, {"type": "Feature", "geometry": {"type": "Polygon", "coordinates": [[[89.625, 19.875], [89.875, 19.875], [89.875, 20.125], [89.625, 20.125], [89.625, 19.875]]]}, "properties": {"time": "2019-11-08T12:00:00", "variable": "msl", "tier": "low", "percentile": 97.4, "z": 3.07, "wind_ms": 14.93, "value": 1004.73, "lat": 20.0, "lon": 89.75}}, {"type": "Feature", "geometry": {"type": "Polygon", "coordinates": [[[89.875, 19.875], [90.125, 19.875], [90.125, 20.125], [89.875, 20.125], [89.875, 19.875]]]}, "properties": {"time": "2019-11-08T12:00:00", "variable": "msl", "tier": "low", "percentile": 97.4, "z": 2.75, "wind_ms": 14.7, "value": 1005.41, "lat": 20.0, "lon": 90.0}}, {"type": "Feature", "geometry": {"type": "Polygon", "coordinates": [[[90.125, 19.875], [90.375, 19.875], [90.375, 20.125], [90.125, 20.125], [90.125, 19.875]]]}, "properties": {"time": "2019-11-08T12:00:00", "variable": "msl", "tier": "low", "percentile": 96.7, "z": 2.45, "wind_ms": 14.8, "value": 1006.04, "lat": 20.0, "lon": 90.25}}, {"type": "Feature", "geometry": {"type": "Polygon", "coordinates": [[[90.375, 19.875], [90.625, 19.875], [90.625, 20.125], [90.375, 20.125], [90.375, 19.875]]]}, "properties": {"time": "2019-11-08T12:00:00", "variable": "msl", "tier": "low", "percentile": 96.7, "z": 2.14, "wind_ms": 14.41, "value": 1006.68, "lat": 20.0, "lon": 90.5}}, {"type": "Feature", "geometry": {"type": "Polygon", "coordinates": [[[86.375, 20.125], [86.625, 20.125], [86.625, 20.375], [86.375, 20.375], [86.375, 20.125]]]}, "properties": {"time": "2019-11-08T12:00:00", "variable": "msl", "tier": "low", "percentile": 99.6, "z": 3.58, "wind_ms": 9.33, "value": 1004.35, "lat": 20.25, "lon": 86.5}}, {"type": "Feature", "geometry": {"type": "Polygon", "coordinates": [[[86.625, 20.125], [86.875, 20.125], [86.875, 20.375], [86.625, 20.375], [86.625, 20.125]]]}, "properties": {"time": "2019-11-08T12:00:00", "variable": "msl", "tier": "low", "percentile": 99.6, "z": 3.85, "wind_ms": 12.81, "value": 1003.65, "lat": 20.25, "lon": 86.75}}, {"type": "Feature", "geometry": {"type": "Polygon", "coordinates": [[[86.875, 20.125], [87.125, 20.125], [87.125, 20.375], [86.875, 20.375], [86.875, 20.125]]]}, "properties": {"time": "2019-11-08T12:00:00", "variable": "msl", "tier": "low", "percentile": 98.9, "z": 4.02, "wind_ms": 15.88, "value": 1003.08, "lat": 20.25, "lon": 87.0}}, {"type": "Feature", "geometry": {"type": "Polygon", "coordinates": [[[87.125, 20.125], [87.375, 20.125], [87.375, 20.375], [87.125, 20.375], [87.125, 20.125]]]}, "properties": {"time": "2019-11-08T12:00:00", "variable": "msl", "tier": "low", "percentile": 98.9, "z": 4.27, "wind_ms": 16.56, "value": 1002.31, "lat": 20.25, "lon": 87.25}}, {"type": "Feature", "geometry": {"type": "Polygon", "coordinates": [[[87.375, 20.125], [87.625, 20.125], [87.625, 20.375], [87.375, 20.375], [87.375, 20.125]]]}, "properties": {"time": "2019-11-08T12:00:00", "variable": "msl", "tier": "low", "percentile": 98.9, "z": 4.39, "wind_ms": 16.21, "value": 1001.69, "lat": 20.25, "lon": 87.5}}, {"type": "Feature", "geometry": {"type": "Polygon", "coordinates": [[[87.625, 20.125], [87.875, 20.125], [87.875, 20.375], [87.625, 20.375], [87.625, 20.125]]]}, "properties": {"time": "2019-11-08T12:00:00", "variable": "msl", "tier": "low", "percentile": 98.9, "z": 4.42, "wind_ms": 16.04, "value": 1001.35, "lat": 20.25, "lon": 87.75}}, {"type": "Feature", "geometry": {"type": "Polygon", "coordinates": [[[87.875, 20.125], [88.125, 20.125], [88.125, 20.375], [87.875, 20.375], [87.875, 20.125]]]}, "properties": {"time": "2019-11-08T12:00:00", "variable": "msl", "tier": "low", "percentile": 98.9, "z": 4.34, "wind_ms": 15.86, "value": 1001.33, "lat": 20.25, "lon": 88.0}}, {"type": "Feature", "geometry": {"type": "Polygon", "coordinates": [[[88.125, 20.125], [88.375, 20.125], [88.375, 20.375], [88.125, 20.375], [88.125, 20.125]]]}, "properties": {"time": "2019-11-08T12:00:00", "variable": "msl", "tier": "low", "percentile": 98.9, "z": 4.25, "wind_ms": 15.72, "value": 1001.51, "lat": 20.25, "lon": 88.25}}, {"type": "Feature", "geometry": {"type": "Polygon", "coordinates": [[[88.375, 20.125], [88.625, 20.125], [88.625, 20.375], [88.375, 20.375], [88.375, 20.125]]]}, "properties": {"time": "2019-11-08T12:00:00", "variable": "msl", "tier": "low", "percentile": 98.9, "z": 4.05, "wind_ms": 15.67, "value": 1002.08, "lat": 20.25, "lon": 88.5}}, {"type": "Feature", "geometry": {"type": "Polygon", "coordinates": [[[88.625, 20.125], [88.875, 20.125], [88.875, 20.375], [88.625, 20.375], [88.625, 20.125]]]}, "properties": {"time": "2019-11-08T12:00:00", "variable": "msl", "tier": "low", "percentile": 98.9, "z": 3.9, "wind_ms": 15.84, "value": 1002.62, "lat": 20.25, "lon": 88.75}}, {"type": "Feature", "geometry": {"type": "Polygon", "coordinates": [[[88.875, 20.125], [89.125, 20.125], [89.125, 20.375], [88.875, 20.375], [88.875, 20.125]]]}, "properties": {"time": "2019-11-08T12:00:00", "variable": "msl", "tier": "low", "percentile": 98.1, "z": 3.62, "wind_ms": 15.21, "value": 1003.35, "lat": 20.25, "lon": 89.0}}, {"type": "Feature", "geometry": {"type": "Polygon", "coordinates": [[[89.125, 20.125], [89.375, 20.125], [89.375, 20.375], [89.125, 20.375], [89.125, 20.125]]]}, "properties": {"time": "2019-11-08T12:00:00", "variable": "msl", "tier": "low", "percentile": 98.1, "z": 3.4, "wind_ms": 15.07, "value": 1003.95, "lat": 20.25, "lon": 89.25}}, {"type": "Feature", "geometry": {"type": "Polygon", "coordinates": [[[89.375, 20.125], [89.625, 20.125], [89.625, 20.375], [89.375, 20.375], [89.375, 20.125]]]}, "properties": {"time": "2019-11-08T12:00:00", "variable": "msl", "tier": "low", "percentile": 96.7, "z": 3.1, "wind_ms": 14.72, "value": 1004.65, "lat": 20.25, "lon": 89.5}}, {"type": "Feature", "geometry": {"type": "Polygon", "coordinates": [[[89.625, 20.125], [89.875, 20.125], [89.875, 20.375], [89.625, 20.375], [89.625, 20.125]]]}, "properties": {"time": "2019-11-08T12:00:00", "variable": "msl", "tier": "low", "percentile": 96.7, "z": 2.82, "wind_ms": 14.6, "value": 1005.29, "lat": 20.25, "lon": 89.75}}, {"type": "Feature", "geometry": {"type": "Polygon", "coordinates": [[[89.875, 20.125], [90.125, 20.125], [90.125, 20.375], [89.875, 20.375], [89.875, 20.125]]]}, "properties": {"time": "2019-11-08T12:00:00", "variable": "msl", "tier": "low", "percentile": 95.9, "z": 2.56, "wind_ms": 14.56, "value": 1005.87, "lat": 20.25, "lon": 90.0}}, {"type": "Feature", "geometry": {"type": "Polygon", "coordinates": [[[90.125, 20.125], [90.375, 20.125], [90.375, 20.375], [90.125, 20.375], [90.125, 20.125]]]}, "properties": {"time": "2019-11-08T12:00:00", "variable": "msl", "tier": "low", "percentile": 96.7, "z": 2.3, "wind_ms": 14.65, "value": 1006.43, "lat": 20.25, "lon": 90.25}}, {"type": "Feature", "geometry": {"type": "Polygon", "coordinates": [[[90.375, 20.125], [90.625, 20.125], [90.625, 20.375], [90.375, 20.375], [90.375, 20.125]]]}, "properties": {"time": "2019-11-08T12:00:00", "variable": "msl", "tier": "low", "percentile": 95.2, "z": 2.01, "wind_ms": 14.12, "value": 1006.99, "lat": 20.25, "lon": 90.5}}, {"type": "Feature", "geometry": {"type": "Polygon", "coordinates": [[[86.625, 20.375], [86.875, 20.375], [86.875, 20.625], [86.625, 20.625], [86.625, 20.375]]]}, "properties": {"time": "2019-11-08T12:00:00", "variable": "msl", "tier": "low", "percentile": 98.9, "z": 3.31, "wind_ms": 9.62, "value": 1004.81, "lat": 20.5, "lon": 86.75}}, {"type": "Feature", "geometry": {"type": "Polygon", "coordinates": [[[86.875, 20.375], [87.125, 20.375], [87.125, 20.625], [86.875, 20.625], [86.875, 20.375]]]}, "properties": {"time": "2019-11-08T12:00:00", "variable": "msl", "tier": "low", "percentile": 98.9, "z": 3.5, "wind_ms": 12.78, "value": 1004.25, "lat": 20.5, "lon": 87.0}}, {"type": "Feature", "geometry": {"type": "Polygon", "coordinates": [[[87.125, 20.375], [87.375, 20.375], [87.375, 20.625], [87.125, 20.625], [87.125, 20.375]]]}, "properties": {"time": "2019-11-08T12:00:00", "variable": "msl", "tier": "low", "percentile": 98.9, "z": 3.57, "wind_ms": 15.47, "value": 1003.74, "lat": 20.5, "lon": 87.25}}, {"type": "Feature", "geometry": {"type": "Polygon", "coordinates": [[[87.375, 20.375], [87.625, 20.375], [87.625, 20.625], [87.375, 20.625], [87.375, 20.375]]]}, "properties": {"time": "2019-11-08T12:00:00", "variable": "msl", "tier": "low", "percentile": 98.9, "z": 3.64, "wind_ms": 15.23, "value": 1003.24, "lat": 20.5, "lon": 87.5}}, {"type": "Feature", "geometry": {"type": "Polygon", "coordinates": [[[87.625, 20.375], [87.875, 20.375], [87.875, 20.625], [87.625, 20.625], [87.625, 20.375]]]}, "properties": {"time": "2019-11-08T12:00:00", "variable": "msl", "tier": "low", "percentile": 98.9, "z": 3.61, "wind_ms": 14.91, "value": 1002.89, "lat": 20.5, "lon": 87.75}}, {"type": "Feature", "geometry": {"type": "Polygon", "coordinates": [[[87.875, 20.375], [88.125, 20.375], [88.125, 20.625], [87.875, 20.625], [87.875, 20.375]]]}, "properties": {"time": "2019-11-08T12:00:00", "variable": "msl", "tier": "low", "percentile": 98.9, "z": 3.56, "wind_ms": 14.77, "value": 1002.8, "lat": 20.5, "lon": 88.0}}, {"type": "Feature", "geometry": {"type": "Polygon", "coordinates": [[[88.125, 20.375], [88.375, 20.375], [88.375, 20.625], [88.125, 20.625], [88.125, 20.375]]]}, "properties": {"time": "2019-11-08T12:00:00", "variable": "msl", "tier": "low", "percentile": 98.9, "z": 3.52, "wind_ms": 14.57, "value": 1002.93, "lat": 20.5, "lon": 88.25}}, {"type": "Feature", "geometry": {"type": "Polygon", "coordinates": [[[88.375, 20.375], [88.625, 20.375], [88.625, 20.625], [88.375, 20.625], [88.375, 20.375]]]}, "properties": {"time": "2019-11-08T12:00:00", "variable": "msl", "tier": "low", "percentile": 98.9, "z": 3.49, "wind_ms": 14.69, "value": 1003.23, "lat": 20.5, "lon": 88.5}}, {"type": "Feature", "geometry": {"type": "Polygon", "coordinates": [[[88.625, 20.375], [88.875, 20.375], [88.875, 20.625], [88.625, 20.625], [88.625, 20.375]]]}, "properties": {"time": "2019-11-08T12:00:00", "variable": "msl", "tier": "low", "percentile": 98.1, "z": 3.34, "wind_ms": 14.71, "value": 1003.77, "lat": 20.5, "lon": 88.75}}, {"type": "Feature", "geometry": {"type": "Polygon", "coordinates": [[[88.875, 20.375], [89.125, 20.375], [89.125, 20.625], [88.875, 20.625], [88.875, 20.375]]]}, "properties": {"time": "2019-11-08T12:00:00", "variable": "msl", "tier": "low", "percentile": 98.1, "z": 3.24, "wind_ms": 15.02, "value": 1004.18, "lat": 20.5, "lon": 89.0}}, {"type": "Feature", "geometry": {"type": "Polygon", "coordinates": [[[89.125, 20.375], [89.375, 20.375], [89.375, 20.625], [89.125, 20.625], [89.125, 20.375]]]}, "properties": {"time": "2019-11-08T12:00:00", "variable": "msl", "tier": "low", "percentile": 97.4, "z": 3.02, "wind_ms": 14.88, "value": 1004.78, "lat": 20.5, "lon": 89.25}}, {"type": "Feature", "geometry": {"type": "Polygon", "coordinates": [[[89.375, 20.375], [89.625, 20.375], [89.625, 20.625], [89.375, 20.625], [89.375, 20.375]]]}, "properties": {"time": "2019-11-08T12:00:00", "variable": "msl", "tier": "low", "percentile": 96.7, "z": 2.8, "wind_ms": 14.55, "value": 1005.3, "lat": 20.5, "lon": 89.5}}, {"type": "Feature", "geometry": {"type": "Polygon", "coordinates": [[[89.625, 20.375], [89.875, 20.375], [89.875, 20.625], [89.625, 20.625], [89.625, 20.375]]]}, "properties": {"time": "2019-11-08T12:00:00", "variable": "msl", "tier": "low", "percentile": 95.9, "z": 2.56, "wind_ms": 14.38, "value": 1005.88, "lat": 20.5, "lon": 89.75}}, {"type": "Feature", "geometry": {"type": "Polygon", "coordinates": [[[89.875, 20.375], [90.125, 20.375], [90.125, 20.625], [89.875, 20.625], [89.875, 20.375]]]}, "properties": {"time": "2019-11-08T12:00:00", "variable": "msl", "tier": "low", "percentile": 95.9, "z": 2.34, "wind_ms": 14.48, "value": 1006.34, "lat": 20.5, "lon": 90.0}}, {"type": "Feature", "geometry": {"type": "Polygon", "coordinates": [[[90.125, 20.375], [90.375, 20.375], [90.375, 20.625], [90.125, 20.625], [90.125, 20.375]]]}, "properties": {"time": "2019-11-08T12:00:00", "variable": "msl", "tier": "low", "percentile": 95.9, "z": 2.12, "wind_ms": 14.33, "value": 1006.85, "lat": 20.5, "lon": 90.25}}, {"type": "Feature", "geometry": {"type": "Polygon", "coordinates": [[[90.375, 20.375], [90.625, 20.375], [90.625, 20.625], [90.375, 20.625], [90.375, 20.375]]]}, "properties": {"time": "2019-11-08T12:00:00", "variable": "msl", "tier": "low", "percentile": 94.4, "z": 1.84, "wind_ms": 13.73, "value": 1007.38, "lat": 20.5, "lon": 90.5}}, {"type": "Feature", "geometry": {"type": "Polygon", "coordinates": [[[86.875, 20.625], [87.125, 20.625], [87.125, 20.875], [86.875, 20.875], [86.875, 20.625]]]}, "properties": {"time": "2019-11-08T12:00:00", "variable": "msl", "tier": "low", "percentile": 98.9, "z": 2.99, "wind_ms": 11.77, "value": 1005.28, "lat": 20.75, "lon": 87.0}}, {"type": "Feature", "geometry": {"type": "Polygon", "coordinates": [[[87.125, 20.625], [87.375, 20.625], [87.375, 20.875], [87.125, 20.875], [87.125, 20.625]]]}, "properties": {"time": "2019-11-08T12:00:00", "variable": "msl", "tier": "low", "percentile": 98.9, "z": 3.02, "wind_ms": 14.51, "value": 1004.85, "lat": 20.75, "lon": 87.25}}, {"type": "Feature", "geometry": {"type": "Polygon", "coordinates": [[[87.375, 20.625], [87.625, 20.625], [87.625, 20.875], [87.375, 20.875], [87.375, 20.625]]]}, "properties": {"time": "2019-11-08T12:00:00", "variable": "msl", "tier": "low", "percentile": 98.9, "z": 2.98, "wind_ms": 14.95, "value": 1004.49, "lat": 20.75, "lon": 87.5}}, {"type": "Feature", "geometry": {"type": "Polygon", "coordinates": [[[87.625, 20.625], [87.875, 20.625], [87.875, 20.875], [87.625, 20.875], [87.625, 20.625]]]}, "properties": {"time": "2019-11-08T12:00:00", "variable": "msl", "tier": "low", "percentile": 98.9, "z": 2.92, "wind_ms": 14.64, "value": 1004.15, "lat": 20.75, "lon": 87.75}}, {"type": "Feature", "geometry": {"type": "Polygon", "coordinates": [[[87.875, 20.625], [88.125, 20.625], [88.125, 20.875], [87.875, 20.875], [87.875, 20.625]]]}, "properties": {"time": "2019-11-08T12:00:00", "variable": "msl", "tier": "low", "percentile": 98.9, "z": 2.88, "wind_ms": 14.36, "value": 1004.01, "lat": 20.75, "lon": 88.0}}, {"type": "Feature", "geometry": {"type": "Polygon", "coordinates": [[[88.125, 20.625], [88.375, 20.625], [88.375, 20.875], [88.125, 20.875], [88.125, 20.625]]]}, "properties": {"time": "2019-11-08T12:00:00", "variable": "msl", "tier": "low", "percentile": 98.9, "z": 2.9, "wind_ms": 14.1, "value": 1004.12, "lat": 20.75, "lon": 88.25}}, {"type": "Feature", "geometry": {"type": "Polygon", "coordinates": [[[88.375, 20.625], [88.625, 20.625], [88.625, 20.875], [88.375, 20.875], [88.375, 20.625]]]}, "properties": {"time": "2019-11-08T12:00:00", "variable": "msl", "tier": "low", "percentile": 98.9, "z": 2.94, "wind_ms": 14.11, "value": 1004.36, "lat": 20.75, "lon": 88.5}}, {"type": "Feature", "geometry": {"type": "Polygon", "coordinates": [[[88.625, 20.625], [88.875, 20.625], [88.875, 20.875], [88.625, 20.875], [88.625, 20.625]]]}, "properties": {"time": "2019-11-08T12:00:00", "variable": "msl", "tier": "low", "percentile": 98.1, "z": 2.9, "wind_ms": 14.38, "value": 1004.71, "lat": 20.75, "lon": 88.75}}, {"type": "Feature", "geometry": {"type": "Polygon", "coordinates": [[[88.875, 20.625], [89.125, 20.625], [89.125, 20.875], [88.875, 20.875], [88.875, 20.625]]]}, "properties": {"time": "2019-11-08T12:00:00", "variable": "msl", "tier": "low", "percentile": 97.4, "z": 2.83, "wind_ms": 14.62, "value": 1005.08, "lat": 20.75, "lon": 89.0}}, {"type": "Feature", "geometry": {"type": "Polygon", "coordinates": [[[89.125, 20.625], [89.375, 20.625], [89.375, 20.875], [89.125, 20.875], [89.125, 20.625]]]}, "properties": {"time": "2019-11-08T12:00:00", "variable": "msl", "tier": "low", "percentile": 96.7, "z": 2.68, "wind_ms": 14.7, "value": 1005.51, "lat": 20.75, "lon": 89.25}}, {"type": "Feature", "geometry": {"type": "Polygon", "coordinates": [[[89.375, 20.625], [89.625, 20.625], [89.625, 20.875], [89.375, 20.875], [89.375, 20.625]]]}, "properties": {"time": "2019-11-08T12:00:00", "variable": "msl", "tier": "low", "percentile": 96.7, "z": 2.5, "wind_ms": 14.49, "value": 1005.97, "lat": 20.75, "lon": 89.5}}, {"type": "Feature", "geometry": {"type": "Polygon", "coordinates": [[[89.625, 20.625], [89.875, 20.625], [89.875, 20.875], [89.625, 20.875], [89.625, 20.625]]]}, "properties": {"time": "2019-11-08T12:00:00", "variable": "msl", "tier": "low", "percentile": 95.9, "z": 2.32, "wind_ms": 14.36, "value": 1006.4, "lat": 20.75, "lon": 89.75}}, {"type": "Feature", "geometry": {"type": "Polygon", "coordinates": [[[89.875, 20.625], [90.125, 20.625], [90.125, 20.875], [89.875, 20.875], [89.875, 20.625]]]}, "properties": {"time": "2019-11-08T12:00:00", "variable": "msl", "tier": "low", "percentile": 95.9, "z": 2.12, "wind_ms": 14.28, "value": 1006.83, "lat": 20.75, "lon": 90.0}}, {"type": "Feature", "geometry": {"type": "Polygon", "coordinates": [[[90.125, 20.625], [90.375, 20.625], [90.375, 20.875], [90.125, 20.875], [90.125, 20.625]]]}, "properties": {"time": "2019-11-08T12:00:00", "variable": "msl", "tier": "low", "percentile": 94.4, "z": 1.9, "wind_ms": 13.96, "value": 1007.3, "lat": 20.75, "lon": 90.25}}, {"type": "Feature", "geometry": {"type": "Polygon", "coordinates": [[[90.375, 20.625], [90.625, 20.625], [90.625, 20.875], [90.375, 20.875], [90.375, 20.625]]]}, "properties": {"time": "2019-11-08T12:00:00", "variable": "msl", "tier": "low", "percentile": 93.7, "z": 1.66, "wind_ms": 13.29, "value": 1007.76, "lat": 20.75, "lon": 90.5}}, {"type": "Feature", "geometry": {"type": "Polygon", "coordinates": [[[86.875, 20.875], [87.125, 20.875], [87.125, 21.125], [86.875, 21.125], [86.875, 20.875]]]}, "properties": {"time": "2019-11-08T12:00:00", "variable": "msl", "tier": "low", "percentile": 97.4, "z": 2.6, "wind_ms": 12.1, "value": 1006.06, "lat": 21.0, "lon": 87.0}}, {"type": "Feature", "geometry": {"type": "Polygon", "coordinates": [[[87.125, 20.875], [87.375, 20.875], [87.375, 21.125], [87.125, 21.125], [87.125, 20.875]]]}, "properties": {"time": "2019-11-08T12:00:00", "variable": "msl", "tier": "low", "percentile": 97.4, "z": 2.58, "wind_ms": 14.41, "value": 1005.75, "lat": 21.0, "lon": 87.25}}, {"type": "Feature", "geometry": {"type": "Polygon", "coordinates": [[[87.375, 20.875], [87.625, 20.875], [87.625, 21.125], [87.375, 21.125], [87.375, 20.875]]]}, "properties": {"time": "2019-11-08T12:00:00", "variable": "msl", "tier": "low", "percentile": 98.1, "z": 2.49, "wind_ms": 14.6, "value": 1005.51, "lat": 21.0, "lon": 87.5}}, {"type": "Feature", "geometry": {"type": "Polygon", "coordinates": [[[87.625, 20.875], [87.875, 20.875], [87.875, 21.125], [87.625, 21.125], [87.625, 20.875]]]}, "properties": {"time": "2019-11-08T12:00:00", "variable": "msl", "tier": "low", "percentile": 98.1, "z": 2.37, "wind_ms": 14.37, "value": 1005.35, "lat": 21.0, "lon": 87.75}}, {"type": "Feature", "geometry": {"type": "Polygon", "coordinates": [[[87.875, 20.875], [88.125, 20.875], [88.125, 21.125], [87.875, 21.125], [87.875, 20.875]]]}, "properties": {"time": "2019-11-08T12:00:00", "variable": "msl", "tier": "low", "percentile": 98.1, "z": 2.33, "wind_ms": 14.38, "value": 1005.13, "lat": 21.0, "lon": 88.0}}, {"type": "Feature", "geometry": {"type": "Polygon", "coordinates": [[[88.125, 20.875], [88.375, 20.875], [88.375, 21.125], [88.125, 21.125], [88.125, 20.875]]]}, "properties": {"time": "2019-11-08T12:00:00", "variable": "msl", "tier": "low", "percentile": 98.1, "z": 2.38, "wind_ms": 13.99, "value": 1005.19, "lat": 21.0, "lon": 88.25}}, {"type": "Feature", "geometry": {"type": "Polygon", "coordinates": [[[88.375, 20.875], [88.625, 20.875], [88.625, 21.125], [88.375, 21.125], [88.375, 20.875]]]}, "properties": {"time": "2019-11-08T12:00:00", "variable": "msl", "tier": "low", "percentile": 97.4, "z": 2.47, "wind_ms": 13.74, "value": 1005.34, "lat": 21.0, "lon": 88.5}}, {"type": "Feature", "geometry": {"type": "Polygon", "coordinates": [[[88.625, 20.875], [88.875, 20.875], [88.875, 21.125], [88.625, 21.125], [88.625, 20.875]]]}, "properties": {"time": "2019-11-08T12:00:00", "variable": "msl", "tier": "low", "percentile": 96.7, "z": 2.51, "wind_ms": 13.65, "value": 1005.6, "lat": 21.0, "lon": 88.75}}, {"type": "Feature", "geometry": {"type": "Polygon", "coordinates": [[[88.875, 20.875], [89.125, 20.875], [89.125, 21.125], [88.875, 21.125], [88.875, 20.875]]]}, "properties": {"time": "2019-11-08T12:00:00", "variable": "msl", "tier": "low", "percentile": 96.7, "z": 2.49, "wind_ms": 14.14, "value": 1005.85, "lat": 21.0, "lon": 89.0}}, {"type": "Feature", "geometry": {"type": "Polygon", "coordinates": [[[89.125, 20.875], [89.375, 20.875], [89.375, 21.125], [89.125, 21.125], [89.125, 20.875]]]}, "properties": {"time": "2019-11-08T12:00:00", "variable": "msl", "tier": "low", "percentile": 95.9, "z": 2.37, "wind_ms": 14.33, "value": 1006.22, "lat": 21.0, "lon": 89.25}}, {"type": "Feature", "geometry": {"type": "Polygon", "coordinates": [[[89.375, 20.875], [89.625, 20.875], [89.625, 21.125], [89.375, 21.125], [89.375, 20.875]]]}, "properties": {"time": "2019-11-08T12:00:00", "variable": "msl", "tier": "low", "percentile": 95.9, "z": 2.24, "wind_ms": 14.14, "value": 1006.55, "lat": 21.0, "lon": 89.5}}, {"type": "Feature", "geometry": {"type": "Polygon", "coordinates": [[[89.625, 20.875], [89.875, 20.875], [89.875, 21.125], [89.625, 21.125], [89.625, 20.875]]]}, "properties": {"time": "2019-11-08T12:00:00", "variable": "msl", "tier": "low", "percentile": 95.9, "z": 2.08, "wind_ms": 14.2, "value": 1006.9, "lat": 21.0, "lon": 89.75}}, {"type": "Feature", "geometry": {"type": "Polygon", "coordinates": [[[89.875, 20.875], [90.125, 20.875], [90.125, 21.125], [89.875, 21.125], [89.875, 20.875]]]}, "properties": {"time": "2019-11-08T12:00:00", "variable": "msl", "tier": "low", "percentile": 94.4, "z": 1.89, "wind_ms": 13.83, "value": 1007.32, "lat": 21.0, "lon": 90.0}}, {"type": "Feature", "geometry": {"type": "Polygon", "coordinates": [[[90.125, 20.875], [90.375, 20.875], [90.375, 21.125], [90.125, 21.125], [90.125, 20.875]]]}, "properties": {"time": "2019-11-08T12:00:00", "variable": "msl", "tier": "low", "percentile": 94.4, "z": 1.69, "wind_ms": 13.4, "value": 1007.72, "lat": 21.0, "lon": 90.25}}], "properties": {"thresholds": {"low_z": 1.5, "low_ws": 8.7, "moderate_z": 2.0, "moderate_ws": 17.0, "severe_z": 3.0, "severe_ws": 25.0}, "note": "Tiers: z-score AND wind >= 8.7/17/25 m/s (IMD D/CS/SCS), only inside tracked-object boxes + 1 deg. Adjusted after observing results; not validated against impacts. Per-hour ERA5 reanalysis climatology; single member, not an ensemble EFI."}}