{"type": "FeatureCollection", "features": [{"type": "Feature", "geometry": {"type": "Polygon", "coordinates": [[[83.375, 16.125], [83.625, 16.125], [83.625, 16.375], [83.375, 16.375], [83.375, 16.125]]]}, "properties": {"time": "2019-05-03T00:00:00", "variable": "ws", "tier": "low", "percentile": 98.0, "z": 2.57, "wind_ms": 12.3, "value": 12.3, "lat": 16.25, "lon": 83.5}}, {"type": "Feature", "geometry": {"type": "Polygon", "coordinates": [[[83.625, 16.125], [83.875, 16.125], [83.875, 16.375], [83.625, 16.375], [83.625, 16.125]]]}, "properties": {"time": "2019-05-03T00:00:00", "variable": "ws", "tier": "low", "percentile": 98.0, "z": 2.63, "wind_ms": 12.82, "value": 12.82, "lat": 16.25, "lon": 83.75}}, {"type": "Feature", "geometry": {"type": "Polygon", "coordinates": [[[83.875, 16.125], [84.125, 16.125], [84.125, 16.375], [83.875, 16.375], [83.875, 16.125]]]}, "properties": {"time": "2019-05-03T00:00:00", "variable": "ws", "tier": "low", "percentile": 98.0, "z": 2.69, "wind_ms": 13.22, "value": 13.22, "lat": 16.25, "lon": 84.0}}, {"type": "Feature", "geometry": {"type": "Polygon", "coordinates": [[[84.125, 16.125], [84.375, 16.125], [84.375, 16.375], [84.125, 16.375], [84.125, 16.125]]]}, "properties": {"time": "2019-05-03T00:00:00", "variable": "ws", "tier": "low", "percentile": 98.8, "z": 2.95, "wind_ms": 13.86, "value": 13.86, "lat": 16.25, "lon": 84.25}}, {"type": "Feature", "geometry": {"type": "Polygon", "coordinates": [[[84.375, 16.125], [84.625, 16.125], [84.625, 16.375], [84.375, 16.375], [84.375, 16.125]]]}, "properties": {"time": "2019-05-03T00:00:00", "variable": "ws", "tier": "low", "percentile": 98.8, "z": 3.22, "wind_ms": 14.15, "value": 14.15, "lat": 16.25, "lon": 84.5}}, {"type": "Feature", "geometry": {"type": "Polygon", "coordinates": [[[84.625, 16.125], [84.875, 16.125], [84.875, 16.375], [84.625, 16.375], [84.625, 16.125]]]}, "properties": {"time": "2019-05-03T00:00:00", "variable": "ws", "tier": "low", "percentile": 98.8, "z": 3.36, "wind_ms": 14.68, "value": 14.68, "lat": 16.25, "lon": 84.75}}, {"type": "Feature", "geometry": {"type": "Polygon", "coordinates": [[[84.875, 16.125], [85.125, 16.125], [85.125, 16.375], [84.875, 16.375], [84.875, 16.125]]]}, "properties": {"time": "2019-05-03T00:00:00", "variable": "ws", "tier": "low", "percentile": 98.8, "z": 3.24, "wind_ms": 14.81, "value": 14.81, "lat": 16.25, "lon": 85.0}}, {"type": "Feature", "geometry": {"type": "Polygon", "coordinates": [[[85.125, 16.125], [85.375, 16.125], [85.375, 16.375], [85.125, 16.375], [85.125, 16.125]]]}, "properties": {"time": "2019-05-03T00:00:00", "variable": "ws", "tier": "low", "percentile": 98.8, "z": 3.18, "wind_ms": 15.03, "value": 15.03, "lat": 16.25, "lon": 85.25}}, {"type": "Feature", "geometry": {"type": "Polygon", "coordinates": [[[85.375, 16.125], [85.625, 16.125], [85.625, 16.375], [85.375, 16.375], [85.375, 16.125]]]}, "properties": {"time": "2019-05-03T00:00:00", "variable": "ws", "tier": "low", "percentile": 98.8, "z": 3.17, "wind_ms": 14.92, "value": 14.92, "lat": 16.25, "lon": 85.5}}, {"type": "Feature", "geometry": {"type": "Polygon", "coordinates": [[[85.625, 16.125], [85.875, 16.125], [85.875, 16.375], [85.625, 16.375], [85.625, 16.125]]]}, "properties": {"time": "2019-05-03T00:00:00", "variable": "ws", "tier": "low", "percentile": 98.8, "z": 3.37, "wind_ms": 15.04, "value": 15.04, "lat": 16.25, "lon": 85.75}}, {"type": "Feature", "geometry": {"type": "Polygon", "coordinates": [[[85.875, 16.125], [86.125, 16.125], [86.125, 16.375], [85.875, 16.375], [85.875, 16.125]]]}, "properties": {"time": "2019-05-03T00:00:00", "variable": "ws", "tier": "low", "percentile": 98.8, "z": 3.65, "wind_ms": 15.49, "value": 15.49, "lat": 16.25, "lon": 86.0}}, {"type": "Feature", "geometry": {"type": "Polygon", "coordinates": [[[86.125, 16.125], [86.375, 16.125], [86.375, 16.375], [86.125, 16.375], [86.125, 16.125]]]}, "properties": {"time": "2019-05-03T00:00:00", "variable": "ws", "tier": "low", "percentile": 98.8, "z": 4.03, "wind_ms": 16.17, "value": 16.17, "lat": 16.25, "lon": 86.25}}, {"type": "Feature", "geometry": {"type": "Polygon", "coordinates": [[[86.375, 16.125], [86.625, 16.125], [86.625, 16.375], [86.375, 16.375], [86.375, 16.125]]]}, "properties": {"time": "2019-05-03T00:00:00", "variable": "ws", "tier": "low", "percentile": 99.6, "z": 4.22, "wind_ms": 16.43, "value": 16.43, "lat": 16.25, "lon": 86.5}}, {"type": "Feature", "geometry": {"type": "Polygon", "coordinates": [[[86.625, 16.125], [86.875, 16.125], [86.875, 16.375], [86.625, 16.375], [86.625, 16.125]]]}, "properties": {"time": "2019-05-03T00:00:00", "variable": "ws", "tier": "low", "percentile": 99.6, "z": 4.35, "wind_ms": 16.65, "value": 16.65, "lat": 16.25, "lon": 86.75}}, {"type": "Feature", "geometry": {"type": "Polygon", "coordinates": [[[86.875, 16.125], [87.125, 16.125], [87.125, 16.375], [86.875, 16.375], [86.875, 16.125]]]}, "properties": {"time": "2019-05-03T00:00:00", "variable": "ws", "tier": "low", "percentile": 99.6, "z": 4.28, "wind_ms": 16.38, "value": 16.38, "lat": 16.25, "lon": 87.0}}, {"type": "Feature", "geometry": {"type": "Polygon", "coordinates": [[[87.125, 16.125], [87.375, 16.125], [87.375, 16.375], [87.125, 16.375], [87.125, 16.125]]]}, "properties": {"time": "2019-05-03T00:00:00", "variable": "ws", "tier": "low", "percentile": 99.6, "z": 4.2, "wind_ms": 15.98, "value": 15.98, "lat": 16.25, "lon": 87.25}}, {"type": "Feature", "geometry": {"type": "Polygon", "coordinates": [[[87.375, 16.125], [87.625, 16.125], [87.625, 16.375], [87.375, 16.375], [87.375, 16.125]]]}, "properties": {"time": "2019-05-03T00:00:00", "variable": "ws", "tier": "low", "percentile": 99.6, "z": 4.16, "wind_ms": 15.74, "value": 15.74, "lat": 16.25, "lon": 87.5}}, {"type": "Feature", "geometry": {"type": "Polygon", "coordinates": [[[87.625, 16.125], [87.875, 16.125], [87.875, 16.375], [87.625, 16.375], [87.625, 16.125]]]}, "properties": {"time": "2019-05-03T00:00:00", "variable": "ws", "tier": "low", "percentile": 99.6, "z": 4.19, "wind_ms": 15.61, "value": 15.61, "lat": 16.25, "lon": 87.75}}, {"type": "Feature", "geometry": {"type": "Polygon", "coordinates": [[[87.875, 16.125], [88.125, 16.125], [88.125, 16.375], [87.875, 16.375], [87.875, 16.125]]]}, "properties": {"time": "2019-05-03T00:00:00", "variable": "ws", "tier": "low", "percentile": 99.6, "z": 4.13, "wind_ms": 15.3, "value": 15.3, "lat": 16.25, "lon": 88.0}}, {"type": "Feature", "geometry": {"type": "Polygon", "coordinates": [[[88.125, 16.125], [88.375, 16.125], [88.375, 16.375], [88.125, 16.375], [88.125, 16.125]]]}, "properties": {"time": "2019-05-03T00:00:00", "variable": "ws", "tier": "low", "percentile": 99.6, "z": 4.08, "wind_ms": 14.99, "value": 14.99, "lat": 16.25, "lon": 88.25}}, {"type": "Feature", "geometry": {"type": "Polygon", "coordinates": [[[83.375, 16.375], [83.625, 16.375], [83.625, 16.625], [83.375, 16.625], [83.375, 16.375]]]}, "properties": {"time": "2019-05-03T00:00:00", "variable": "ws", "tier": "low", "percentile": 98.0, "z": 2.2, "wind_ms": 11.06, "value": 11.06, "lat": 16.5, "lon": 83.5}}, {"type": "Feature", "geometry": {"type": "Polygon", "coordinates": [[[83.625, 16.375], [83.875, 16.375], [83.875, 16.625], [83.625, 16.625], [83.625, 16.375]]]}, "properties": {"time": "2019-05-03T00:00:00", "variable": "ws", "tier": "low", "percentile": 98.0, "z": 2.29, "wind_ms": 11.63, "value": 11.63, "lat": 16.5, "lon": 83.75}}, {"type": "Feature", "geometry": {"type": "Polygon", "coordinates": [[[83.875, 16.375], [84.125, 16.375], [84.125, 16.625], [83.875, 16.625], [83.875, 16.375]]]}, "properties": {"time": "2019-05-03T00:00:00", "variable": "ws", "tier": "low", "percentile": 98.8, "z": 2.5, "wind_ms": 12.36, "value": 12.36, "lat": 16.5, "lon": 84.0}}, {"type": "Feature", "geometry": {"type": "Polygon", "coordinates": [[[84.125, 16.375], [84.375, 16.375], [84.375, 16.625], [84.125, 16.625], [84.125, 16.375]]]}, "properties": {"time": "2019-05-03T00:00:00", "variable": "ws", "tier": "low", "percentile": 98.8, "z": 2.74, "wind_ms": 13.14, "value": 13.14, "lat": 16.5, "lon": 84.25}}, {"type": "Feature", "geometry": {"type": "Polygon", "coordinates": [[[84.375, 16.375], [84.625, 16.375], [84.625, 16.625], [84.375, 16.625], [84.375, 16.375]]]}, "properties": {"time": "2019-05-03T00:00:00", "variable": "ws", "tier": "low", "percentile": 98.8, "z": 2.94, "wind_ms": 13.79, "value": 13.79, "lat": 16.5, "lon": 84.5}}, {"type": "Feature", "geometry": {"type": "Polygon", "coordinates": [[[84.625, 16.375], [84.875, 16.375], [84.875, 16.625], [84.625, 16.625], [84.625, 16.375]]]}, "properties": {"time": "2019-05-03T00:00:00", "variable": "ws", "tier": "low", "percentile": 98.8, "z": 3.15, "wind_ms": 14.47, "value": 14.47, "lat": 16.5, "lon": 84.75}}, {"type": "Feature", "geometry": {"type": "Polygon", "coordinates": [[[84.875, 16.375], [85.125, 16.375], [85.125, 16.625], [84.875, 16.625], [84.875, 16.375]]]}, "properties": {"time": "2019-05-03T00:00:00", "variable": "ws", "tier": "low", "percentile": 98.8, "z": 3.17, "wind_ms": 14.84, "value": 14.84, "lat": 16.5, "lon": 85.0}}, {"type": "Feature", "geometry": {"type": "Polygon", "coordinates": [[[85.125, 16.375], [85.375, 16.375], [85.375, 16.625], [85.125, 16.625], [85.125, 16.375]]]}, "properties": {"time": "2019-05-03T00:00:00", "variable": "ws", "tier": "low", "percentile": 98.8, "z": 3.29, "wind_ms": 15.16, "value": 15.16, "lat": 16.5, "lon": 85.25}}, {"type": "Feature", "geometry": {"type": "Polygon", "coordinates": [[[85.375, 16.375], [85.625, 16.375], [85.625, 16.625], [85.375, 16.625], [85.375, 16.375]]]}, "properties": {"time": "2019-05-03T00:00:00", "variable": "ws", "tier": "low", "percentile": 98.8, "z": 3.42, "wind_ms": 15.32, "value": 15.32, "lat": 16.5, "lon": 85.5}}, {"type": "Feature", "geometry": {"type": "Polygon", "coordinates": [[[85.625, 16.375], [85.875, 16.375], [85.875, 16.625], [85.625, 16.625], [85.625, 16.375]]]}, "properties": {"time": "2019-05-03T00:00:00", "variable": "ws", "tier": "low", "percentile": 98.8, "z": 3.73, "wind_ms": 15.89, "value": 15.89, "lat": 16.5, "lon": 85.75}}, {"type": "Feature", "geometry": {"type": "Polygon", "coordinates": [[[85.875, 16.375], [86.125, 16.375], [86.125, 16.625], [85.875, 16.625], [85.875, 16.375]]]}, "properties": {"time": "2019-05-03T00:00:00", "variable": "ws", "tier": "low", "percentile": 98.8, "z": 4.02, "wind_ms": 16.33, "value": 16.33, "lat": 16.5, "lon": 86.0}}, {"type": "Feature", "geometry": {"type": "Polygon", "coordinates": [[[86.125, 16.375], [86.375, 16.375], [86.375, 16.625], [86.125, 16.625], [86.125, 16.375]]]}, "properties": {"time": "2019-05-03T00:00:00", "variable": "ws", "tier": "low", "percentile": 99.6, "z": 4.2, "wind_ms": 16.53, "value": 16.53, "lat": 16.5, "lon": 86.25}}, {"type": "Feature", "geometry": {"type": "Polygon", "coordinates": [[[86.375, 16.375], [86.625, 16.375], [86.625, 16.625], [86.375, 16.625], [86.375, 16.375]]]}, "properties": {"time": "2019-05-03T00:00:00", "variable": "ws", "tier": "low", "percentile": 99.6, "z": 4.34, "wind_ms": 16.63, "value": 16.63, "lat": 16.5, "lon": 86.5}}, {"type": "Feature", "geometry": {"type": "Polygon", "coordinates": [[[86.625, 16.375], [86.875, 16.375], [86.875, 16.625], [86.625, 16.625], [86.625, 16.375]]]}, "properties": {"time": "2019-05-03T00:00:00", "variable": "ws", "tier": "low", "percentile": 99.6, "z": 4.44, "wind_ms": 16.83, "value": 16.83, "lat": 16.5, "lon": 86.75}}, {"type": "Feature", "geometry": {"type": "Polygon", "coordinates": [[[86.875, 16.375], [87.125, 16.375], [87.125, 16.625], [86.875, 16.625], [86.875, 16.375]]]}, "properties": {"time": "2019-05-03T00:00:00", "variable": "ws", "tier": "low", "percentile": 99.6, "z": 4.36, "wind_ms": 16.55, "value": 16.55, "lat": 16.5, "lon": 87.0}}, {"type": "Feature", "geometry": {"type": "Polygon", "coordinates": [[[87.125, 16.375], [87.375, 16.375], [87.375, 16.625], [87.125, 16.625], [87.125, 16.375]]]}, "properties": {"time": "2019-05-03T00:00:00", "variable": "ws", "tier": "low", "percentile": 99.6, "z": 4.28, "wind_ms": 16.22, "value": 16.22, "lat": 16.5, "lon": 87.25}}, {"type": "Feature", "geometry": {"type": "Polygon", "coordinates": [[[87.375, 16.375], [87.625, 16.375], [87.625, 16.625], [87.375, 16.625], [87.375, 16.375]]]}, "properties": {"time": "2019-05-03T00:00:00", "variable": "ws", "tier": "low", "percentile": 99.6, "z": 4.26, "wind_ms": 15.98, "value": 15.98, "lat": 16.5, "lon": 87.5}}, {"type": "Feature", "geometry": {"type": "Polygon", "coordinates": [[[87.625, 16.375], [87.875, 16.375], [87.875, 16.625], [87.625, 16.625], [87.625, 16.375]]]}, "properties": {"time": "2019-05-03T00:00:00", "variable": "ws", "tier": "low", "percentile": 99.6, "z": 4.17, "wind_ms": 15.55, "value": 15.55, "lat": 16.5, "lon": 87.75}}, {"type": "Feature", "geometry": {"type": "Polygon", "coordinates": [[[87.875, 16.375], [88.125, 16.375], [88.125, 16.625], [87.875, 16.625], [87.875, 16.375]]]}, "properties": {"time": "2019-05-03T00:00:00", "variable": "ws", "tier": "low", "percentile": 99.6, "z": 4.1, "wind_ms": 15.26, "value": 15.26, "lat": 16.5, "lon": 88.0}}, {"type": "Feature", "geometry": {"type": "Polygon", "coordinates": [[[88.125, 16.375], [88.375, 16.375], [88.375, 16.625], [88.125, 16.625], [88.125, 16.375]]]}, "properties": {"time": "2019-05-03T00:00:00", "variable": "ws", "tier": "low", "percentile": 99.6, "z": 4.08, "wind_ms": 15.02, "value": 15.02, "lat": 16.5, "lon": 88.25}}, {"type": "Feature", "geometry": {"type": "Polygon", "coordinates": [[[83.375, 16.625], [83.625, 16.625], [83.625, 16.875], [83.375, 16.875], [83.375, 16.625]]]}, "properties": {"time": "2019-05-03T00:00:00", "variable": "ws", "tier": "low", "percentile": 98.0, "z": 1.78, "wind_ms": 9.94, "value": 9.94, "lat": 16.75, "lon": 83.5}}, {"type": "Feature", "geometry": {"type": "Polygon", "coordinates": [[[83.625, 16.625], [83.875, 16.625], [83.875, 16.875], [83.625, 16.875], [83.625, 16.625]]]}, "properties": {"time": "2019-05-03T00:00:00", "variable": "ws", "tier": "low", "percentile": 98.0, "z": 2.03, "wind_ms": 10.74, "value": 10.74, "lat": 16.75, "lon": 83.75}}, {"type": "Feature", "geometry": {"type": "Polygon", "coordinates": [[[83.875, 16.625], [84.125, 16.625], [84.125, 16.875], [83.875, 16.875], [83.875, 16.625]]]}, "properties": {"time": "2019-05-03T00:00:00", "variable": "ws", "tier": "low", "percentile": 98.8, "z": 2.27, "wind_ms": 11.49, "value": 11.49, "lat": 16.75, "lon": 84.0}}, {"type": "Feature", "geometry": {"type": "Polygon", "coordinates": [[[84.125, 16.625], [84.375, 16.625], [84.375, 16.875], [84.125, 16.875], [84.125, 16.625]]]}, "properties": {"time": "2019-05-03T00:00:00", "variable": "ws", "tier": "low", "percentile": 98.8, "z": 2.38, "wind_ms": 11.92, "value": 11.92, "lat": 16.75, "lon": 84.25}}, {"type": "Feature", "geometry": {"type": "Polygon", "coordinates": [[[84.375, 16.625], [84.625, 16.625], [84.625, 16.875], [84.375, 16.875], [84.375, 16.625]]]}, "properties": {"time": "2019-05-03T00:00:00", "variable": "ws", "tier": "low", "percentile": 98.8, "z": 2.51, "wind_ms": 12.38, "value": 12.38, "lat": 16.75, "lon": 84.5}}, {"type": "Feature", "geometry": {"type": "Polygon", "coordinates": [[[84.625, 16.625], [84.875, 16.625], [84.875, 16.875], [84.625, 16.875], [84.625, 16.625]]]}, "properties": {"time": "2019-05-03T00:00:00", "variable": "ws", "tier": "low", "percentile": 98.8, "z": 2.65, "wind_ms": 12.8, "value": 12.8, "lat": 16.75, "lon": 84.75}}, {"type": "Feature", "geometry": {"type": "Polygon", "coordinates": [[[84.875, 16.625], [85.125, 16.625], [85.125, 16.875], [84.875, 16.875], [84.875, 16.625]]]}, "properties": {"time": "2019-05-03T00:00:00", "variable": "ws", "tier": "low", "percentile": 98.8, "z": 2.65, "wind_ms": 12.91, "value": 12.91, "lat": 16.75, "lon": 85.0}}, {"type": "Feature", "geometry": {"type": "Polygon", "coordinates": [[[85.125, 16.625], [85.375, 16.625], [85.375, 16.875], [85.125, 16.875], [85.125, 16.625]]]}, "properties": {"time": "2019-05-03T00:00:00", "variable": "ws", "tier": "low", "percentile": 98.8, "z": 2.89, "wind_ms": 13.66, "value": 13.66, "lat": 16.75, "lon": 85.25}}, {"type": "Feature", "geometry": {"type": "Polygon", "coordinates": [[[85.375, 16.625], [85.625, 16.625], [85.625, 16.875], [85.375, 16.875], [85.375, 16.625]]]}, "properties": {"time": "2019-05-03T00:00:00", "variable": "ws", "tier": "low", "percentile": 98.8, "z": 3.23, "wind_ms": 14.33, "value": 14.33, "lat": 16.75, "lon": 85.5}}, {"type": "Feature", "geometry": {"type": "Polygon", "coordinates": [[[85.625, 16.625], [85.875, 16.625], [85.875, 16.875], [85.625, 16.875], [85.625, 16.625]]]}, "properties": {"time": "2019-05-03T00:00:00", "variable": "ws", "tier": "low", "percentile": 98.8, "z": 3.52, "wind_ms": 14.88, "value": 14.88, "lat": 16.75, "lon": 85.75}}, {"type": "Feature", "geometry": {"type": "Polygon", "coordinates": [[[85.875, 16.625], [86.125, 16.625], [86.125, 16.875], [85.875, 16.875], [85.875, 16.625]]]}, "properties": {"time": "2019-05-03T00:00:00", "variable": "ws", "tier": "low", "percentile": 98.8, "z": 3.69, "wind_ms": 15.15, "value": 15.15, "lat": 16.75, "lon": 86.0}}, {"type": "Feature", "geometry": {"type": "Polygon", "coordinates": [[[86.125, 16.625], [86.375, 16.625], [86.375, 16.875], [86.125, 16.875], [86.125, 16.625]]]}, "properties": {"time": "2019-05-03T00:00:00", "variable": "ws", "tier": "low", "percentile": 99.6, "z": 3.89, "wind_ms": 15.49, "value": 15.49, "lat": 16.75, "lon": 86.25}}, {"type": "Feature", "geometry": {"type": "Polygon", "coordinates": [[[86.375, 16.625], [86.625, 16.625], [86.625, 16.875], [86.375, 16.875], [86.375, 16.625]]]}, "properties": {"time": "2019-05-03T00:00:00", "variable": "ws", "tier": "low", "percentile": 99.6, "z": 4.14, "wind_ms": 16.04, "value": 16.04, "lat": 16.75, "lon": 86.5}}, {"type": "Feature", "geometry": {"type": "Polygon", "coordinates": [[[86.625, 16.625], [86.875, 16.625], [86.875, 16.875], [86.625, 16.875], [86.625, 16.625]]]}, "properties": {"time": "2019-05-03T00:00:00", "variable": "ws", "tier": "low", "percentile": 99.6, "z": 4.34, "wind_ms": 16.5, "value": 16.5, "lat": 16.75, "lon": 86.75}}, {"type": "Feature", "geometry": {"type": "Polygon", "coordinates": [[[86.875, 16.625], [87.125, 16.625], [87.125, 16.875], [86.875, 16.875], [86.875, 16.625]]]}, "properties": {"time": "2019-05-03T00:00:00", "variable": "ws", "tier": "low", "percentile": 99.6, "z": 4.35, "wind_ms": 16.46, "value": 16.46, "lat": 16.75, "lon": 87.0}}, {"type": "Feature", "geometry": {"type": "Polygon", "coordinates": [[[87.125, 16.625], [87.375, 16.625], [87.375, 16.875], [87.125, 16.875], [87.125, 16.625]]]}, "properties": {"time": "2019-05-03T00:00:00", "variable": "ws", "tier": "low", "percentile": 99.6, "z": 4.29, "wind_ms": 16.17, "value": 16.17, "lat": 16.75, "lon": 87.25}}, {"type": "Feature", "geometry": {"type": "Polygon", "coordinates": [[[87.375, 16.625], [87.625, 16.625], [87.625, 16.875], [87.375, 16.875], [87.375, 16.625]]]}, "properties": {"time": "2019-05-03T00:00:00", "variable": "ws", "tier": "low", "percentile": 99.6, "z": 4.21, "wind_ms": 15.81, "value": 15.81, "lat": 16.75, "lon": 87.5}}, {"type": "Feature", "geometry": {"type": "Polygon", "coordinates": [[[87.625, 16.625], [87.875, 16.625], [87.875, 16.875], [87.625, 16.875], [87.625, 16.625]]]}, "properties": {"time": "2019-05-03T00:00:00", "variable": "ws", "tier": "low", "percentile": 99.6, "z": 4.0, "wind_ms": 15.2, "value": 15.2, "lat": 16.75, "lon": 87.75}}, {"type": "Feature", "geometry": {"type": "Polygon", "coordinates": [[[87.875, 16.625], [88.125, 16.625], [88.125, 16.875], [87.875, 16.875], [87.875, 16.625]]]}, "properties": {"time": "2019-05-03T00:00:00", "variable": "ws", "tier": "low", "percentile": 99.6, "z": 4.06, "wind_ms": 15.2, "value": 15.2, "lat": 16.75, "lon": 88.0}}, {"type": "Feature", "geometry": {"type": "Polygon", "coordinates": [[[88.125, 16.625], [88.375, 16.625], [88.375, 16.875], [88.125, 16.875], [88.125, 16.625]]]}, "properties": {"time": "2019-05-03T00:00:00", "variable": "ws", "tier": "low", "percentile": 99.6, "z": 4.05, "wind_ms": 14.99, "value": 14.99, "lat": 16.75, "lon": 88.25}}, {"type": "Feature", "geometry": {"type": "Polygon", "coordinates": [[[83.375, 16.875], [83.625, 16.875], [83.625, 17.125], [83.375, 17.125], [83.375, 16.875]]]}, "properties": {"time": "2019-05-03T00:00:00", "variable": "ws", "tier": "low", "percentile": 98.0, "z": 1.62, "wind_ms": 9.43, "value": 9.43, "lat": 17.0, "lon": 83.5}}, {"type": "Feature", "geometry": {"type": "Polygon", "coordinates": [[[83.625, 16.875], [83.875, 16.875], [83.875, 17.125], [83.625, 17.125], [83.625, 16.875]]]}, "properties": {"time": "2019-05-03T00:00:00", "variable": "ws", "tier": "low", "percentile": 98.8, "z": 1.73, "wind_ms": 10.01, "value": 10.01, "lat": 17.0, "lon": 83.75}}, {"type": "Feature", "geometry": {"type": "Polygon", "coordinates": [[[83.875, 16.875], [84.125, 16.875], [84.125, 17.125], [83.875, 17.125], [83.875, 16.875]]]}, "properties": {"time": "2019-05-03T00:00:00", "variable": "ws", "tier": "low", "percentile": 98.8, "z": 1.74, "wind_ms": 10.16, "value": 10.16, "lat": 17.0, "lon": 84.0}}, {"type": "Feature", "geometry": {"type": "Polygon", "coordinates": [[[84.125, 16.875], [84.375, 16.875], [84.375, 17.125], [84.125, 17.125], [84.125, 16.875]]]}, "properties": {"time": "2019-05-03T00:00:00", "variable": "ws", "tier": "low", "percentile": 98.8, "z": 1.72, "wind_ms": 10.17, "value": 10.17, "lat": 17.0, "lon": 84.25}}, {"type": "Feature", "geometry": {"type": "Polygon", "coordinates": [[[84.375, 16.875], [84.625, 16.875], [84.625, 17.125], [84.375, 17.125], [84.375, 16.875]]]}, "properties": {"time": "2019-05-03T00:00:00", "variable": "ws", "tier": "low", "percentile": 98.8, "z": 1.89, "wind_ms": 10.64, "value": 10.64, "lat": 17.0, "lon": 84.5}}, {"type": "Feature", "geometry": {"type": "Polygon", "coordinates": [[[84.625, 16.875], [84.875, 16.875], [84.875, 17.125], [84.625, 17.125], [84.625, 16.875]]]}, "properties": {"time": "2019-05-03T00:00:00", "variable": "ws", "tier": "low", "percentile": 98.8, "z": 2.27, "wind_ms": 11.57, "value": 11.57, "lat": 17.0, "lon": 84.75}}, {"type": "Feature", "geometry": {"type": "Polygon", "coordinates": [[[84.875, 16.875], [85.125, 16.875], [85.125, 17.125], [84.875, 17.125], [84.875, 16.875]]]}, "properties": {"time": "2019-05-03T00:00:00", "variable": "ws", "tier": "low", "percentile": 98.8, "z": 2.67, "wind_ms": 12.56, "value": 12.56, "lat": 17.0, "lon": 85.0}}, {"type": "Feature", "geometry": {"type": "Polygon", "coordinates": [[[85.125, 16.875], [85.375, 16.875], [85.375, 17.125], [85.125, 17.125], [85.125, 16.875]]]}, "properties": {"time": "2019-05-03T00:00:00", "variable": "ws", "tier": "low", "percentile": 98.8, "z": 3.13, "wind_ms": 13.8, "value": 13.8, "lat": 17.0, "lon": 85.25}}, {"type": "Feature", "geometry": {"type": "Polygon", "coordinates": [[[85.375, 16.875], [85.625, 16.875], [85.625, 17.125], [85.375, 17.125], [85.375, 16.875]]]}, "properties": {"time": "2019-05-03T00:00:00", "variable": "ws", "tier": "low", "percentile": 98.8, "z": 3.59, "wind_ms": 14.88, "value": 14.88, "lat": 17.0, "lon": 85.5}}, {"type": "Feature", "geometry": {"type": "Polygon", "coordinates": [[[85.625, 16.875], [85.875, 16.875], [85.875, 17.125], [85.625, 17.125], [85.625, 16.875]]]}, "properties": {"time": "2019-05-03T00:00:00", "variable": "ws", "tier": "low", "percentile": 98.8, "z": 3.71, "wind_ms": 15.09, "value": 15.09, "lat": 17.0, "lon": 85.75}}, {"type": "Feature", "geometry": {"type": "Polygon", "coordinates": [[[85.875, 16.875], [86.125, 16.875], [86.125, 17.125], [85.875, 17.125], [85.875, 16.875]]]}, "properties": {"time": "2019-05-03T00:00:00", "variable": "ws", "tier": "low", "percentile": 99.6, "z": 3.74, "wind_ms": 15.08, "value": 15.08, "lat": 17.0, "lon": 86.0}}, {"type": "Feature", "geometry": {"type": "Polygon", "coordinates": [[[86.125, 16.875], [86.375, 16.875], [86.375, 17.125], [86.125, 17.125], [86.125, 16.875]]]}, "properties": {"time": "2019-05-03T00:00:00", "variable": "ws", "tier": "low", "percentile": 99.6, "z": 3.79, "wind_ms": 15.14, "value": 15.14, "lat": 17.0, "lon": 86.25}}, {"type": "Feature", "geometry": {"type": "Polygon", "coordinates": [[[86.375, 16.875], [86.625, 16.875], [86.625, 17.125], [86.375, 17.125], [86.375, 16.875]]]}, "properties": {"time": "2019-05-03T00:00:00", "variable": "ws", "tier": "low", "percentile": 99.6, "z": 3.92, "wind_ms": 15.35, "value": 15.35, "lat": 17.0, "lon": 86.5}}, {"type": "Feature", "geometry": {"type": "Polygon", "coordinates": [[[86.625, 16.875], [86.875, 16.875], [86.875, 17.125], [86.625, 17.125], [86.625, 16.875]]]}, "properties": {"time": "2019-05-03T00:00:00", "variable": "ws", "tier": "low", "percentile": 99.6, "z": 3.99, "wind_ms": 15.41, "value": 15.41, "lat": 17.0, "lon": 86.75}}, {"type": "Feature", "geometry": {"type": "Polygon", "coordinates": [[[86.875, 16.875], [87.125, 16.875], [87.125, 17.125], [86.875, 17.125], [86.875, 16.875]]]}, "properties": {"time": "2019-05-03T00:00:00", "variable": "ws", "tier": "low", "percentile": 99.6, "z": 3.9, "wind_ms": 15.1, "value": 15.1, "lat": 17.0, "lon": 87.0}}, {"type": "Feature", "geometry": {"type": "Polygon", "coordinates": [[[87.125, 16.875], [87.375, 16.875], [87.375, 17.125], [87.125, 17.125], [87.125, 16.875]]]}, "properties": {"time": "2019-05-03T00:00:00", "variable": "ws", "tier": "low", "percentile": 99.6, "z": 3.74, "wind_ms": 14.67, "value": 14.67, "lat": 17.0, "lon": 87.25}}, {"type": "Feature", "geometry": {"type": "Polygon", "coordinates": [[[87.375, 16.875], [87.625, 16.875], [87.625, 17.125], [87.375, 17.125], [87.375, 16.875]]]}, "properties": {"time": "2019-05-03T00:00:00", "variable": "ws", "tier": "low", "percentile": 99.6, "z": 3.77, "wind_ms": 14.72, "value": 14.72, "lat": 17.0, "lon": 87.5}}, {"type": "Feature", "geometry": {"type": "Polygon", "coordinates": [[[87.625, 16.875], [87.875, 16.875], [87.875, 17.125], [87.625, 17.125], [87.625, 16.875]]]}, "properties": {"time": "2019-05-03T00:00:00", "variable": "ws", "tier": "low", "percentile": 99.6, "z": 3.87, "wind_ms": 14.97, "value": 14.97, "lat": 17.0, "lon": 87.75}}, {"type": "Feature", "geometry": {"type": "Polygon", "coordinates": [[[87.875, 16.875], [88.125, 16.875], [88.125, 17.125], [87.875, 17.125], [87.875, 16.875]]]}, "properties": {"time": "2019-05-03T00:00:00", "variable": "ws", "tier": "low", "percentile": 99.6, "z": 4.06, "wind_ms": 15.34, "value": 15.34, "lat": 17.0, "lon": 88.0}}, {"type": "Feature", "geometry": {"type": "Polygon", "coordinates": [[[88.125, 16.875], [88.375, 16.875], [88.375, 17.125], [88.125, 17.125], [88.125, 16.875]]]}, "properties": {"time": "2019-05-03T00:00:00", "variable": "ws", "tier": "low", "percentile": 99.6, "z": 4.04, "wind_ms": 15.14, "value": 15.14, "lat": 17.0, "lon": 88.25}}, {"type": "Feature", "geometry": {"type": "Polygon", "coordinates": [[[83.875, 17.125], [84.125, 17.125], [84.125, 17.375], [83.875, 17.375], [83.875, 17.125]]]}, "properties": {"time": "2019-05-03T00:00:00", "variable": "ws", "tier": "low", "percentile": 98.0, "z": 1.58, "wind_ms": 9.88, "value": 9.88, "lat": 17.25, "lon": 84.0}}, {"type": "Feature", "geometry": {"type": "Polygon", "coordinates": [[[84.125, 17.125], [84.375, 17.125], [84.375, 17.375], [84.125, 17.375], [84.125, 17.125]]]}, "properties": {"time": "2019-05-03T00:00:00", "variable": "ws", "tier": "low", "percentile": 98.8, "z": 2.08, "wind_ms": 10.98, "value": 10.98, "lat": 17.25, "lon": 84.25}}, {"type": "Feature", "geometry": {"type": "Polygon", "coordinates": [[[84.375, 17.125], [84.625, 17.125], [84.625, 17.375], [84.375, 17.375], [84.375, 17.125]]]}, "properties": {"time": "2019-05-03T00:00:00", "variable": "ws", "tier": "low", "percentile": 98.8, "z": 2.9, "wind_ms": 12.77, "value": 12.77, "lat": 17.25, "lon": 84.5}}, {"type": "Feature", "geometry": {"type": "Polygon", "coordinates": [[[84.625, 17.125], [84.875, 17.125], [84.875, 17.375], [84.625, 17.375], [84.625, 17.125]]]}, "properties": {"time": "2019-05-03T00:00:00", "variable": "ws", "tier": "low", "percentile": 98.8, "z": 3.53, "wind_ms": 14.31, "value": 14.31, "lat": 17.25, "lon": 84.75}}, {"type": "Feature", "geometry": {"type": "Polygon", "coordinates": [[[84.875, 17.125], [85.125, 17.125], [85.125, 17.375], [84.875, 17.375], [84.875, 17.125]]]}, "properties": {"time": "2019-05-03T00:00:00", "variable": "ws", "tier": "low", "percentile": 98.8, "z": 4.08, "wind_ms": 15.83, "value": 15.83, "lat": 17.25, "lon": 85.0}}, {"type": "Feature", "geometry": {"type": "Polygon", "coordinates": [[[85.125, 17.125], [85.375, 17.125], [85.375, 17.375], [85.125, 17.375], [85.125, 17.125]]]}, "properties": {"time": "2019-05-03T00:00:00", "variable": "ws", "tier": "low", "percentile": 99.6, "z": 4.44, "wind_ms": 16.89, "value": 16.89, "lat": 17.25, "lon": 85.25}}, {"type": "Feature", "geometry": {"type": "Polygon", "coordinates": [[[85.375, 17.125], [85.625, 17.125], [85.625, 17.375], [85.375, 17.375], [85.375, 17.125]]]}, "properties": {"time": "2019-05-03T00:00:00", "variable": "ws", "tier": "moderate", "percentile": 99.6, "z": 4.52, "wind_ms": 17.06, "value": 17.06, "lat": 17.25, "lon": 85.5}}, {"type": "Feature", "geometry": {"type": "Polygon", "coordinates": [[[85.625, 17.125], [85.875, 17.125], [85.875, 17.375], [85.625, 17.375], [85.625, 17.125]]]}, "properties": {"time": "2019-05-03T00:00:00", "variable": "ws", "tier": "low", "percentile": 99.6, "z": 4.35, "wind_ms": 16.63, "value": 16.63, "lat": 17.25, "lon": 85.75}}, {"type": "Feature", "geometry": {"type": "Polygon", "coordinates": [[[85.875, 17.125], [86.125, 17.125], [86.125, 17.375], [85.875, 17.375], [85.875, 17.125]]]}, "properties": {"time": "2019-05-03T00:00:00", "variable": "ws", "tier": "low", "percentile": 99.6, "z": 4.28, "wind_ms": 16.41, "value": 16.41, "lat": 17.25, "lon": 86.0}}, {"type": "Feature", "geometry": {"type": "Polygon", "coordinates": [[[86.125, 17.125], [86.375, 17.125], [86.375, 17.375], [86.125, 17.375], [86.125, 17.125]]]}, "properties": {"time": "2019-05-03T00:00:00", "variable": "ws", "tier": "low", "percentile": 99.6, "z": 4.09, "wind_ms": 15.79, "value": 15.79, "lat": 17.25, "lon": 86.25}}, {"type": "Feature", "geometry": {"type": "Polygon", "coordinates": [[[86.375, 17.125], [86.625, 17.125], [86.625, 17.375], [86.375, 17.375], [86.375, 17.125]]]}, "properties": {"time": "2019-05-03T00:00:00", "variable": "ws", "tier": "low", "percentile": 99.6, "z": 3.97, "wind_ms": 15.39, "value": 15.39, "lat": 17.25, "lon": 86.5}}, {"type": "Feature", "geometry": {"type": "Polygon", "coordinates": [[[86.625, 17.125], [86.875, 17.125], [86.875, 17.375], [86.625, 17.375], [86.625, 17.125]]]}, "properties": {"time": "2019-05-03T00:00:00", "variable": "ws", "tier": "low", "percentile": 99.6, "z": 3.85, "wind_ms": 15.05, "value": 15.05, "lat": 17.25, "lon": 86.75}}, {"type": "Feature", "geometry": {"type": "Polygon", "coordinates": [[[86.875, 17.125], [87.125, 17.125], [87.125, 17.375], [86.875, 17.375], [86.875, 17.125]]]}, "properties": {"time": "2019-05-03T00:00:00", "variable": "ws", "tier": "low", "percentile": 99.6, "z": 3.74, "wind_ms": 14.72, "value": 14.72, "lat": 17.25, "lon": 87.0}}, {"type": "Feature", "geometry": {"type": "Polygon", "coordinates": [[[87.125, 17.125], [87.375, 17.125], [87.375, 17.375], [87.125, 17.375], [87.125, 17.125]]]}, "properties": {"time": "2019-05-03T00:00:00", "variable": "ws", "tier": "low", "percentile": 99.6, "z": 3.6, "wind_ms": 14.3, "value": 14.3, "lat": 17.25, "lon": 87.25}}, {"type": "Feature", "geometry": {"type": "Polygon", "coordinates": [[[87.375, 17.125], [87.625, 17.125], [87.625, 17.375], [87.375, 17.375], [87.375, 17.125]]]}, "properties": {"time": "2019-05-03T00:00:00", "variable": "ws", "tier": "low", "percentile": 99.6, "z": 3.68, "wind_ms": 14.5, "value": 14.5, "lat": 17.25, "lon": 87.5}}, {"type": "Feature", "geometry": {"type": "Polygon", "coordinates": [[[87.625, 17.125], [87.875, 17.125], [87.875, 17.375], [87.625, 17.375], [87.625, 17.125]]]}, "properties": {"time": "2019-05-03T00:00:00", "variable": "ws", "tier": "low", "percentile": 99.6, "z": 3.86, "wind_ms": 14.92, "value": 14.92, "lat": 17.25, "lon": 87.75}}, {"type": "Feature", "geometry": {"type": "Polygon", "coordinates": [[[87.875, 17.125], [88.125, 17.125], [88.125, 17.375], [87.875, 17.375], [87.875, 17.125]]]}, "properties": {"time": "2019-05-03T00:00:00", "variable": "ws", "tier": "low", "percentile": 99.6, "z": 3.83, "wind_ms": 14.86, "value": 14.86, "lat": 17.25, "lon": 88.0}}, {"type": "Feature", "geometry": {"type": "Polygon", "coordinates": [[[88.125, 17.125], [88.375, 17.125], [88.375, 17.375], [88.125, 17.375], [88.125, 17.125]]]}, "properties": {"time": "2019-05-03T00:00:00", "variable": "ws", "tier": "low", "percentile": 99.6, "z": 3.9, "wind_ms": 14.83, "value": 14.83, "lat": 17.25, "lon": 88.25}}, {"type": "Feature", "geometry": {"type": "Polygon", "coordinates": [[[83.875, 17.375], [84.125, 17.375], [84.125, 17.625], [83.875, 17.625], [83.875, 17.375]]]}, "properties": {"time": "2019-05-03T00:00:00", "variable": "ws", "tier": "low", "percentile": 98.0, "z": 1.61, "wind_ms": 9.98, "value": 9.98, "lat": 17.5, "lon": 84.0}}, {"type": "Feature", "geometry": {"type": "Polygon", "coordinates": [[[84.125, 17.375], [84.375, 17.375], [84.375, 17.625], [84.125, 17.625], [84.125, 17.375]]]}, "properties": {"time": "2019-05-03T00:00:00", "variable": "ws", "tier": "low", "percentile": 98.8, "z": 2.9, "wind_ms": 12.73, "value": 12.73, "lat": 17.5, "lon": 84.25}}, {"type": "Feature", "geometry": {"type": "Polygon", "coordinates": [[[84.375, 17.375], [84.625, 17.375], [84.625, 17.625], [84.375, 17.625], [84.375, 17.375]]]}, "properties": {"time": "2019-05-03T00:00:00", "variable": "ws", "tier": "low", "percentile": 98.8, "z": 3.9, "wind_ms": 15.05, "value": 15.05, "lat": 17.5, "lon": 84.5}}, {"type": "Feature", "geometry": {"type": "Polygon", "coordinates": [[[84.625, 17.375], [84.875, 17.375], [84.875, 17.625], [84.625, 17.625], [84.625, 17.375]]]}, "properties": {"time": "2019-05-03T00:00:00", "variable": "ws", "tier": "moderate", "percentile": 99.6, "z": 4.79, "wind_ms": 17.15, "value": 17.15, "lat": 17.5, "lon": 84.75}}, {"type": "Feature", "geometry": {"type": "Polygon", "coordinates": [[[84.875, 17.375], [85.125, 17.375], [85.125, 17.625], [84.875, 17.625], [84.875, 17.375]]]}, "properties": {"time": "2019-05-03T00:00:00", "variable": "ws", "tier": "moderate", "percentile": 99.6, "z": 5.26, "wind_ms": 18.55, "value": 18.55, "lat": 17.5, "lon": 85.0}}, {"type": "Feature", "geometry": {"type": "Polygon", "coordinates": [[[85.125, 17.375], [85.375, 17.375], [85.375, 17.625], [85.125, 17.625], [85.125, 17.375]]]}, "properties": {"time": "2019-05-03T00:00:00", "variable": "ws", "tier": "moderate", "percentile": 99.6, "z": 5.39, "wind_ms": 19.19, "value": 19.19, "lat": 17.5, "lon": 85.25}}, {"type": "Feature", "geometry": {"type": "Polygon", "coordinates": [[[85.375, 17.375], [85.625, 17.375], [85.625, 17.625], [85.375, 17.625], [85.375, 17.375]]]}, "properties": {"time": "2019-05-03T00:00:00", "variable": "ws", "tier": "moderate", "percentile": 99.6, "z": 5.4, "wind_ms": 19.43, "value": 19.43, "lat": 17.5, "lon": 85.5}}, {"type": "Feature", "geometry": {"type": "Polygon", "coordinates": [[[85.625, 17.375], [85.875, 17.375], [85.875, 17.625], [85.625, 17.625], [85.625, 17.375]]]}, "properties": {"time": "2019-05-03T00:00:00", "variable": "ws", "tier": "moderate", "percentile": 99.6, "z": 5.25, "wind_ms": 18.9, "value": 18.9, "lat": 17.5, "lon": 85.75}}, {"type": "Feature", "geometry": {"type": "Polygon", "coordinates": [[[85.875, 17.375], [86.125, 17.375], [86.125, 17.625], [85.875, 17.625], [85.875, 17.375]]]}, "properties": {"time": "2019-05-03T00:00:00", "variable": "ws", "tier": "moderate", "percentile": 99.6, "z": 5.02, "wind_ms": 18.19, "value": 18.19, "lat": 17.5, "lon": 86.0}}, {"type": "Feature", "geometry": {"type": "Polygon", "coordinates": [[[86.125, 17.375], [86.375, 17.375], [86.375, 17.625], [86.125, 17.625], [86.125, 17.375]]]}, "properties": {"time": "2019-05-03T00:00:00", "variable": "ws", "tier": "moderate", "percentile": 99.6, "z": 4.79, "wind_ms": 17.46, "value": 17.46, "lat": 17.5, "lon": 86.25}}, {"type": "Feature", "geometry": {"type": "Polygon", "coordinates": [[[86.375, 17.375], [86.625, 17.375], [86.625, 17.625], [86.375, 17.625], [86.375, 17.375]]]}, "properties": {"time": "2019-05-03T00:00:00", "variable": "ws", "tier": "low", "percentile": 99.6, "z": 4.42, "wind_ms": 16.33, "value": 16.33, "lat": 17.5, "lon": 86.5}}, {"type": "Feature", "geometry": {"type": "Polygon", "coordinates": [[[86.625, 17.375], [86.875, 17.375], [86.875, 17.625], [86.625, 17.625], [86.625, 17.375]]]}, "properties": {"time": "2019-05-03T00:00:00", "variable": "ws", "tier": "low", "percentile": 99.6, "z": 4.16, "wind_ms": 15.65, "value": 15.65, "lat": 17.5, "lon": 86.75}}, {"type": "Feature", "geometry": {"type": "Polygon", "coordinates": [[[86.875, 17.375], [87.125, 17.375], [87.125, 17.625], [86.875, 17.625], [86.875, 17.375]]]}, "properties": {"time": "2019-05-03T00:00:00", "variable": "ws", "tier": "low", "percentile": 99.6, "z": 3.74, "wind_ms": 14.64, "value": 14.64, "lat": 17.5, "lon": 87.0}}, {"type": "Feature", "geometry": {"type": "Polygon", "coordinates": [[[87.125, 17.375], [87.375, 17.375], [87.375, 17.625], [87.125, 17.625], [87.125, 17.375]]]}, "properties": {"time": "2019-05-03T00:00:00", "variable": "ws", "tier": "low", "percentile": 99.6, "z": 3.54, "wind_ms": 14.09, "value": 14.09, "lat": 17.5, "lon": 87.25}}, {"type": "Feature", "geometry": {"type": "Polygon", "coordinates": [[[87.375, 17.375], [87.625, 17.375], [87.625, 17.625], [87.375, 17.625], [87.375, 17.375]]]}, "properties": {"time": "2019-05-03T00:00:00", "variable": "ws", "tier": "low", "percentile": 99.6, "z": 3.41, "wind_ms": 13.87, "value": 13.87, "lat": 17.5, "lon": 87.5}}, {"type": "Feature", "geometry": {"type": "Polygon", "coordinates": [[[87.625, 17.375], [87.875, 17.375], [87.875, 17.625], [87.625, 17.625], [87.625, 17.375]]]}, "properties": {"time": "2019-05-03T00:00:00", "variable": "ws", "tier": "low", "percentile": 99.6, "z": 3.44, "wind_ms": 13.92, "value": 13.92, "lat": 17.5, "lon": 87.75}}, {"type": "Feature", "geometry": {"type": "Polygon", "coordinates": [[[87.875, 17.375], [88.125, 17.375], [88.125, 17.625], [87.875, 17.625], [87.875, 17.375]]]}, "properties": {"time": "2019-05-03T00:00:00", "variable": "ws", "tier": "low", "percentile": 99.6, "z": 3.49, "wind_ms": 14.02, "value": 14.02, "lat": 17.5, "lon": 88.0}}, {"type": "Feature", "geometry": {"type": "Polygon", "coordinates": [[[88.125, 17.375], [88.375, 17.375], [88.375, 17.625], [88.125, 17.625], [88.125, 17.375]]]}, "properties": {"time": "2019-05-03T00:00:00", "variable": "ws", "tier": "low", "percentile": 99.6, "z": 3.59, "wind_ms": 14.12, "value": 14.12, "lat": 17.5, "lon": 88.25}}, {"type": "Feature", "geometry": {"type": "Polygon", "coordinates": [[[83.875, 17.625], [84.125, 17.625], [84.125, 17.875], [83.875, 17.875], [83.875, 17.625]]]}, "properties": {"time": "2019-05-03T00:00:00", "variable": "ws", "tier": "low", "percentile": 98.8, "z": 2.47, "wind_ms": 11.91, "value": 11.91, "lat": 17.75, "lon": 84.0}}, {"type": "Feature", "geometry": {"type": "Polygon", "coordinates": [[[84.125, 17.625], [84.375, 17.625], [84.375, 17.875], [84.125, 17.875], [84.125, 17.625]]]}, "properties": {"time": "2019-05-03T00:00:00", "variable": "ws", "tier": "low", "percentile": 99.6, "z": 3.7, "wind_ms": 14.62, "value": 14.62, "lat": 17.75, "lon": 84.25}}, {"type": "Feature", "geometry": {"type": "Polygon", "coordinates": [[[84.375, 17.625], [84.625, 17.625], [84.625, 17.875], [84.375, 17.875], [84.375, 17.625]]]}, "properties": {"time": "2019-05-03T00:00:00", "variable": "ws", "tier": "moderate", "percentile": 99.6, "z": 4.83, "wind_ms": 17.11, "value": 17.11, "lat": 17.75, "lon": 84.5}}, {"type": "Feature", "geometry": {"type": "Polygon", "coordinates": [[[84.625, 17.625], [84.875, 17.625], [84.875, 17.875], [84.625, 17.875], [84.625, 17.625]]]}, "properties": {"time": "2019-05-03T00:00:00", "variable": "ws", "tier": "moderate", "percentile": 99.6, "z": 5.59, "wind_ms": 19.05, "value": 19.05, "lat": 17.75, "lon": 84.75}}, {"type": "Feature", "geometry": {"type": "Polygon", "coordinates": [[[84.875, 17.625], [85.125, 17.625], [85.125, 17.875], [84.875, 17.875], [84.875, 17.625]]]}, "properties": {"time": "2019-05-03T00:00:00", "variable": "ws", "tier": "moderate", "percentile": 99.6, "z": 5.94, "wind_ms": 20.21, "value": 20.21, "lat": 17.75, "lon": 85.0}}, {"type": "Feature", "geometry": {"type": "Polygon", "coordinates": [[[85.125, 17.625], [85.375, 17.625], [85.375, 17.875], [85.125, 17.875], [85.125, 17.625]]]}, "properties": {"time": "2019-05-03T00:00:00", "variable": "ws", "tier": "moderate", "percentile": 99.6, "z": 6.1, "wind_ms": 20.89, "value": 20.89, "lat": 17.75, "lon": 85.25}}, {"type": "Feature", "geometry": {"type": "Polygon", "coordinates": [[[85.375, 17.625], [85.625, 17.625], [85.625, 17.875], [85.375, 17.875], [85.375, 17.625]]]}, "properties": {"time": "2019-05-03T00:00:00", "variable": "ws", "tier": "moderate", "percentile": 99.6, "z": 6.15, "wind_ms": 21.36, "value": 21.36, "lat": 17.75, "lon": 85.5}}, {"type": "Feature", "geometry": {"type": "Polygon", "coordinates": [[[85.625, 17.625], [85.875, 17.625], [85.875, 17.875], [85.625, 17.875], [85.625, 17.625]]]}, "properties": {"time": "2019-05-03T00:00:00", "variable": "ws", "tier": "moderate", "percentile": 99.6, "z": 6.08, "wind_ms": 21.2, "value": 21.2, "lat": 17.75, "lon": 85.75}}, {"type": "Feature", "geometry": {"type": "Polygon", "coordinates": [[[85.875, 17.625], [86.125, 17.625], [86.125, 17.875], [85.875, 17.875], [85.875, 17.625]]]}, "properties": {"time": "2019-05-03T00:00:00", "variable": "ws", "tier": "moderate", "percentile": 99.6, "z": 5.9, "wind_ms": 20.38, "value": 20.38, "lat": 17.75, "lon": 86.0}}, {"type": "Feature", "geometry": {"type": "Polygon", "coordinates": [[[86.125, 17.625], [86.375, 17.625], [86.375, 17.875], [86.125, 17.875], [86.125, 17.625]]]}, "properties": {"time": "2019-05-03T00:00:00", "variable": "ws", "tier": "moderate", "percentile": 99.6, "z": 5.53, "wind_ms": 19.23, "value": 19.23, "lat": 17.75, "lon": 86.25}}, {"type": "Feature", "geometry": {"type": "Polygon", "coordinates": [[[86.375, 17.625], [86.625, 17.625], [86.625, 17.875], [86.375, 17.875], [86.375, 17.625]]]}, "properties": {"time": "2019-05-03T00:00:00", "variable": "ws", "tier": "moderate", "percentile": 99.6, "z": 5.21, "wind_ms": 18.22, "value": 18.22, "lat": 17.75, "lon": 86.5}}, {"type": "Feature", "geometry": {"type": "Polygon", "coordinates": [[[86.625, 17.625], [86.875, 17.625], [86.875, 17.875], [86.625, 17.875], [86.625, 17.625]]]}, "properties": {"time": "2019-05-03T00:00:00", "variable": "ws", "tier": "low", "percentile": 99.6, "z": 4.57, "wind_ms": 16.52, "value": 16.52, "lat": 17.75, "lon": 86.75}}, {"type": "Feature", "geometry": {"type": "Polygon", "coordinates": [[[86.875, 17.625], [87.125, 17.625], [87.125, 17.875], [86.875, 17.875], [86.875, 17.625]]]}, "properties": {"time": "2019-05-03T00:00:00", "variable": "ws", "tier": "low", "percentile": 99.6, "z": 4.07, "wind_ms": 15.31, "value": 15.31, "lat": 17.75, "lon": 87.0}}, {"type": "Feature", "geometry": {"type": "Polygon", "coordinates": [[[87.125, 17.625], [87.375, 17.625], [87.375, 17.875], [87.125, 17.875], [87.125, 17.625]]]}, "properties": {"time": "2019-05-03T00:00:00", "variable": "ws", "tier": "low", "percentile": 99.6, "z": 3.41, "wind_ms": 13.78, "value": 13.78, "lat": 17.75, "lon": 87.25}}, {"type": "Feature", "geometry": {"type": "Polygon", "coordinates": [[[87.375, 17.625], [87.625, 17.625], [87.625, 17.875], [87.375, 17.875], [87.375, 17.625]]]}, "properties": {"time": "2019-05-03T00:00:00", "variable": "ws", "tier": "low", "percentile": 99.6, "z": 3.26, "wind_ms": 13.51, "value": 13.51, "lat": 17.75, "lon": 87.5}}, {"type": "Feature", "geometry": {"type": "Polygon", "coordinates": [[[87.625, 17.625], [87.875, 17.625], [87.875, 17.875], [87.625, 17.875], [87.625, 17.625]]]}, "properties": {"time": "2019-05-03T00:00:00", "variable": "ws", "tier": "low", "percentile": 99.6, "z": 3.18, "wind_ms": 13.36, "value": 13.36, "lat": 17.75, "lon": 87.75}}, {"type": "Feature", "geometry": {"type": "Polygon", "coordinates": [[[87.875, 17.625], [88.125, 17.625], [88.125, 17.875], [87.875, 17.875], [87.875, 17.625]]]}, "properties": {"time": "2019-05-03T00:00:00", "variable": "ws", "tier": "low", "percentile": 99.6, "z": 3.29, "wind_ms": 13.57, "value": 13.57, "lat": 17.75, "lon": 88.0}}, {"type": "Feature", "geometry": {"type": "Polygon", "coordinates": [[[88.125, 17.625], [88.375, 17.625], [88.375, 17.875], [88.125, 17.875], [88.125, 17.625]]]}, "properties": {"time": "2019-05-03T00:00:00", "variable": "ws", "tier": "low", "percentile": 99.6, "z": 3.39, "wind_ms": 13.67, "value": 13.67, "lat": 17.75, "lon": 88.25}}, {"type": "Feature", "geometry": {"type": "Polygon", "coordinates": [[[83.625, 17.875], [83.875, 17.875], [83.875, 18.125], [83.625, 18.125], [83.625, 17.875]]]}, "properties": {"time": "2019-05-03T00:00:00", "variable": "ws", "tier": "low", "percentile": 97.2, "z": 1.63, "wind_ms": 8.94, "value": 8.94, "lat": 18.0, "lon": 83.75}}, {"type": "Feature", "geometry": {"type": "Polygon", "coordinates": [[[83.875, 17.875], [84.125, 17.875], [84.125, 18.125], [83.875, 18.125], [83.875, 17.875]]]}, "properties": {"time": "2019-05-03T00:00:00", "variable": "ws", "tier": "low", "percentile": 99.6, "z": 3.23, "wind_ms": 12.45, "value": 12.45, "lat": 18.0, "lon": 84.0}}, {"type": "Feature", "geometry": {"type": "Polygon", "coordinates": [[[84.125, 17.875], [84.375, 17.875], [84.375, 18.125], [84.125, 18.125], [84.125, 17.875]]]}, "properties": {"time": "2019-05-03T00:00:00", "variable": "ws", "tier": "low", "percentile": 99.6, "z": 4.56, "wind_ms": 16.29, "value": 16.29, "lat": 18.0, "lon": 84.25}}, {"type": "Feature", "geometry": {"type": "Polygon", "coordinates": [[[84.375, 17.875], [84.625, 17.875], [84.625, 18.125], [84.375, 18.125], [84.375, 17.875]]]}, "properties": {"time": "2019-05-03T00:00:00", "variable": "ws", "tier": "moderate", "percentile": 99.6, "z": 5.57, "wind_ms": 18.8, "value": 18.8, "lat": 18.0, "lon": 84.5}}, {"type": "Feature", "geometry": {"type": "Polygon", "coordinates": [[[84.625, 17.875], [84.875, 17.875], [84.875, 18.125], [84.625, 18.125], [84.625, 17.875]]]}, "properties": {"time": "2019-05-03T00:00:00", "variable": "ws", "tier": "moderate", "percentile": 99.6, "z": 5.94, "wind_ms": 19.8, "value": 19.8, "lat": 18.0, "lon": 84.75}}, {"type": "Feature", "geometry": {"type": "Polygon", "coordinates": [[[84.875, 17.875], [85.125, 17.875], [85.125, 18.125], [84.875, 18.125], [84.875, 17.875]]]}, "properties": {"time": "2019-05-03T00:00:00", "variable": "ws", "tier": "moderate", "percentile": 99.6, "z": 6.31, "wind_ms": 20.78, "value": 20.78, "lat": 18.0, "lon": 85.0}}, {"type": "Feature", "geometry": {"type": "Polygon", "coordinates": [[[85.125, 17.875], [85.375, 17.875], [85.375, 18.125], [85.125, 18.125], [85.125, 17.875]]]}, "properties": {"time": "2019-05-03T00:00:00", "variable": "ws", "tier": "moderate", "percentile": 99.6, "z": 6.48, "wind_ms": 21.65, "value": 21.65, "lat": 18.0, "lon": 85.25}}, {"type": "Feature", "geometry": {"type": "Polygon", "coordinates": [[[85.375, 17.875], [85.625, 17.875], [85.625, 18.125], [85.375, 18.125], [85.375, 17.875]]]}, "properties": {"time": "2019-05-03T00:00:00", "variable": "ws", "tier": "moderate", "percentile": 99.6, "z": 6.63, "wind_ms": 22.23, "value": 22.23, "lat": 18.0, "lon": 85.5}}, {"type": "Feature", "geometry": {"type": "Polygon", "coordinates": [[[85.625, 17.875], [85.875, 17.875], [85.875, 18.125], [85.625, 18.125], [85.625, 17.875]]]}, "properties": {"time": "2019-05-03T00:00:00", "variable": "ws", "tier": "moderate", "percentile": 99.6, "z": 6.65, "wind_ms": 22.54, "value": 22.54, "lat": 18.0, "lon": 85.75}}, {"type": "Feature", "geometry": {"type": "Polygon", "coordinates": [[[85.875, 17.875], [86.125, 17.875], [86.125, 18.125], [85.875, 18.125], [85.875, 17.875]]]}, "properties": {"time": "2019-05-03T00:00:00", "variable": "ws", "tier": "moderate", "percentile": 99.6, "z": 6.55, "wind_ms": 22.05, "value": 22.05, "lat": 18.0, "lon": 86.0}}, {"type": "Feature", "geometry": {"type": "Polygon", "coordinates": [[[86.125, 17.875], [86.375, 17.875], [86.375, 18.125], [86.125, 18.125], [86.125, 17.875]]]}, "properties": {"time": "2019-05-03T00:00:00", "variable": "ws", "tier": "moderate", "percentile": 99.6, "z": 6.26, "wind_ms": 21.02, "value": 21.02, "lat": 18.0, "lon": 86.25}}, {"type": "Feature", "geometry": {"type": "Polygon", "coordinates": [[[86.375, 17.875], [86.625, 17.875], [86.625, 18.125], [86.375, 18.125], [86.375, 17.875]]]}, "properties": {"time": "2019-05-03T00:00:00", "variable": "ws", "tier": "moderate", "percentile": 99.6, "z": 5.85, "wind_ms": 19.88, "value": 19.88, "lat": 18.0, "lon": 86.5}}, {"type": "Feature", "geometry": {"type": "Polygon", "coordinates": [[[86.625, 17.875], [86.875, 17.875], [86.875, 18.125], [86.625, 18.125], [86.625, 17.875]]]}, "properties": {"time": "2019-05-03T00:00:00", "variable": "ws", "tier": "moderate", "percentile": 99.6, "z": 5.29, "wind_ms": 18.31, "value": 18.31, "lat": 18.0, "lon": 86.75}}, {"type": "Feature", "geometry": {"type": "Polygon", "coordinates": [[[86.875, 17.875], [87.125, 17.875], [87.125, 18.125], [86.875, 18.125], [86.875, 17.875]]]}, "properties": {"time": "2019-05-03T00:00:00", "variable": "ws", "tier": "low", "percentile": 99.6, "z": 4.44, "wind_ms": 16.16, "value": 16.16, "lat": 18.0, "lon": 87.0}}, {"type": "Feature", "geometry": {"type": "Polygon", "coordinates": [[[87.125, 17.875], [87.375, 17.875], [87.375, 18.125], [87.125, 18.125], [87.125, 17.875]]]}, "properties": {"time": "2019-05-03T00:00:00", "variable": "ws", "tier": "low", "percentile": 99.6, "z": 3.67, "wind_ms": 14.4, "value": 14.4, "lat": 18.0, "lon": 87.25}}, {"type": "Feature", "geometry": {"type": "Polygon", "coordinates": [[[87.375, 17.875], [87.625, 17.875], [87.625, 18.125], [87.375, 18.125], [87.375, 17.875]]]}, "properties": {"time": "2019-05-03T00:00:00", "variable": "ws", "tier": "low", "percentile": 99.6, "z": 3.29, "wind_ms": 13.59, "value": 13.59, "lat": 18.0, "lon": 87.5}}, {"type": "Feature", "geometry": {"type": "Polygon", "coordinates": [[[87.625, 17.875], [87.875, 17.875], [87.875, 18.125], [87.625, 18.125], [87.625, 17.875]]]}, "properties": {"time": "2019-05-03T00:00:00", "variable": "ws", "tier": "low", "percentile": 99.6, "z": 3.24, "wind_ms": 13.56, "value": 13.56, "lat": 18.0, "lon": 87.75}}, {"type": "Feature", "geometry": {"type": "Polygon", "coordinates": [[[87.875, 17.875], [88.125, 17.875], [88.125, 18.125], [87.875, 18.125], [87.875, 17.875]]]}, "properties": {"time": "2019-05-03T00:00:00", "variable": "ws", "tier": "low", "percentile": 99.6, "z": 3.25, "wind_ms": 13.66, "value": 13.66, "lat": 18.0, "lon": 88.0}}, {"type": "Feature", "geometry": {"type": "Polygon", "coordinates": [[[88.125, 17.875], [88.375, 17.875], [88.375, 18.125], [88.125, 18.125], [88.125, 17.875]]]}, "properties": {"time": "2019-05-03T00:00:00", "variable": "ws", "tier": "low", "percentile": 99.6, "z": 3.42, "wind_ms": 13.91, "value": 13.91, "lat": 18.0, "lon": 88.25}}, {"type": "Feature", "geometry": {"type": "Polygon", "coordinates": [[[83.875, 18.125], [84.125, 18.125], [84.125, 18.375], [83.875, 18.375], [83.875, 18.125]]]}, "properties": {"time": "2019-05-03T00:00:00", "variable": "ws", "tier": "low", "percentile": 99.6, "z": 3.98, "wind_ms": 10.87, "value": 10.87, "lat": 18.25, "lon": 84.0}}, {"type": "Feature", "geometry": {"type": "Polygon", "coordinates": [[[84.125, 18.125], [84.375, 18.125], [84.375, 18.375], [84.125, 18.375], [84.125, 18.125]]]}, "properties": {"time": "2019-05-03T00:00:00", "variable": "ws", "tier": "low", "percentile": 99.6, "z": 5.57, "wind_ms": 14.85, "value": 14.85, "lat": 18.25, "lon": 84.25}}, {"type": "Feature", "geometry": {"type": "Polygon", "coordinates": [[[84.375, 18.125], [84.625, 18.125], [84.625, 18.375], [84.375, 18.375], [84.375, 18.125]]]}, "properties": {"time": "2019-05-03T00:00:00", "variable": "ws", "tier": "moderate", "percentile": 99.6, "z": 5.94, "wind_ms": 19.72, "value": 19.72, "lat": 18.25, "lon": 84.5}}, {"type": "Feature", "geometry": {"type": "Polygon", "coordinates": [[[84.625, 18.125], [84.875, 18.125], [84.875, 18.375], [84.625, 18.375], [84.625, 18.125]]]}, "properties": {"time": "2019-05-03T00:00:00", "variable": "ws", "tier": "moderate", "percentile": 99.6, "z": 6.34, "wind_ms": 20.72, "value": 20.72, "lat": 18.25, "lon": 84.75}}, {"type": "Feature", "geometry": {"type": "Polygon", "coordinates": [[[84.875, 18.125], [85.125, 18.125], [85.125, 18.375], [84.875, 18.375], [84.875, 18.125]]]}, "properties": {"time": "2019-05-03T00:00:00", "variable": "ws", "tier": "moderate", "percentile": 99.6, "z": 6.9, "wind_ms": 22.05, "value": 22.05, "lat": 18.25, "lon": 85.0}}, {"type": "Feature", "geometry": {"type": "Polygon", "coordinates": [[[85.125, 18.125], [85.375, 18.125], [85.375, 18.375], [85.125, 18.375], [85.125, 18.125]]]}, "properties": {"time": "2019-05-03T00:00:00", "variable": "ws", "tier": "moderate", "percentile": 99.6, "z": 7.02, "wind_ms": 23.0, "value": 23.0, "lat": 18.25, "lon": 85.25}}, {"type": "Feature", "geometry": {"type": "Polygon", "coordinates": [[[85.375, 18.125], [85.625, 18.125], [85.625, 18.375], [85.375, 18.375], [85.375, 18.125]]]}, "properties": {"time": "2019-05-03T00:00:00", "variable": "ws", "tier": "moderate", "percentile": 99.6, "z": 7.02, "wind_ms": 23.03, "value": 23.03, "lat": 18.25, "lon": 85.5}}, {"type": "Feature", "geometry": {"type": "Polygon", "coordinates": [[[85.625, 18.125], [85.875, 18.125], [85.875, 18.375], [85.625, 18.375], [85.625, 18.125]]]}, "properties": {"time": "2019-05-03T00:00:00", "variable": "ws", "tier": "moderate", "percentile": 99.6, "z": 6.95, "wind_ms": 23.07, "value": 23.07, "lat": 18.25, "lon": 85.75}}, {"type": "Feature", "geometry": {"type": "Polygon", "coordinates": [[[85.875, 18.125], [86.125, 18.125], [86.125, 18.375], [85.875, 18.375], [85.875, 18.125]]]}, "properties": {"time": "2019-05-03T00:00:00", "variable": "ws", "tier": "moderate", "percentile": 99.6, "z": 6.92, "wind_ms": 22.98, "value": 22.98, "lat": 18.25, "lon": 86.0}}, {"type": "Feature", "geometry": {"type": "Polygon", "coordinates": [[[86.125, 18.125], [86.375, 18.125], [86.375, 18.375], [86.125, 18.375], [86.125, 18.125]]]}, "properties": {"time": "2019-05-03T00:00:00", "variable": "ws", "tier": "moderate", "percentile": 99.6, "z": 6.7, "wind_ms": 22.28, "value": 22.28, "lat": 18.25, "lon": 86.25}}, {"type": "Feature", "geometry": {"type": "Polygon", "coordinates": [[[86.375, 18.125], [86.625, 18.125], [86.625, 18.375], [86.375, 18.375], [86.375, 18.125]]]}, "properties": {"time": "2019-05-03T00:00:00", "variable": "ws", "tier": "moderate", "percentile": 99.6, "z": 6.38, "wind_ms": 21.32, "value": 21.32, "lat": 18.25, "lon": 86.5}}, {"type": "Feature", "geometry": {"type": "Polygon", "coordinates": [[[86.625, 18.125], [86.875, 18.125], [86.875, 18.375], [86.625, 18.375], [86.625, 18.125]]]}, "properties": {"time": "2019-05-03T00:00:00", "variable": "ws", "tier": "moderate", "percentile": 99.6, "z": 5.84, "wind_ms": 19.81, "value": 19.81, "lat": 18.25, "lon": 86.75}}, {"type": "Feature", "geometry": {"type": "Polygon", "coordinates": [[[86.875, 18.125], [87.125, 18.125], [87.125, 18.375], [86.875, 18.375], [86.875, 18.125]]]}, "properties": {"time": "2019-05-03T00:00:00", "variable": "ws", "tier": "moderate", "percentile": 99.6, "z": 5.07, "wind_ms": 17.76, "value": 17.76, "lat": 18.25, "lon": 87.0}}, {"type": "Feature", "geometry": {"type": "Polygon", "coordinates": [[[87.125, 18.125], [87.375, 18.125], [87.375, 18.375], [87.125, 18.375], [87.125, 18.125]]]}, "properties": {"time": "2019-05-03T00:00:00", "variable": "ws", "tier": "low", "percentile": 99.6, "z": 4.08, "wind_ms": 15.36, "value": 15.36, "lat": 18.25, "lon": 87.25}}, {"type": "Feature", "geometry": {"type": "Polygon", "coordinates": [[[87.375, 18.125], [87.625, 18.125], [87.625, 18.375], [87.375, 18.375], [87.375, 18.125]]]}, "properties": {"time": "2019-05-03T00:00:00", "variable": "ws", "tier": "low", "percentile": 99.6, "z": 3.49, "wind_ms": 14.07, "value": 14.07, "lat": 18.25, "lon": 87.5}}, {"type": "Feature", "geometry": {"type": "Polygon", "coordinates": [[[87.625, 18.125], [87.875, 18.125], [87.875, 18.375], [87.625, 18.375], [87.625, 18.125]]]}, "properties": {"time": "2019-05-03T00:00:00", "variable": "ws", "tier": "low", "percentile": 99.6, "z": 3.51, "wind_ms": 14.13, "value": 14.13, "lat": 18.25, "lon": 87.75}}, {"type": "Feature", "geometry": {"type": "Polygon", "coordinates": [[[87.875, 18.125], [88.125, 18.125], [88.125, 18.375], [87.875, 18.375], [87.875, 18.125]]]}, "properties": {"time": "2019-05-03T00:00:00", "variable": "ws", "tier": "low", "percentile": 99.6, "z": 3.52, "wind_ms": 14.25, "value": 14.25, "lat": 18.25, "lon": 88.0}}, {"type": "Feature", "geometry": {"type": "Polygon", "coordinates": [[[88.125, 18.125], [88.375, 18.125], [88.375, 18.375], [88.125, 18.375], [88.125, 18.125]]]}, "properties": {"time": "2019-05-03T00:00:00", "variable": "ws", "tier": "low", "percentile": 99.6, "z": 3.65, "wind_ms": 14.48, "value": 14.48, "lat": 18.25, "lon": 88.25}}, {"type": "Feature", "geometry": {"type": "Polygon", "coordinates": [[[83.875, 18.375], [84.125, 18.375], [84.125, 18.625], [83.875, 18.625], [83.875, 18.375]]]}, "properties": {"time": "2019-05-03T00:00:00", "variable": "ws", "tier": "low", "percentile": 99.6, "z": 5.71, "wind_ms": 8.76, "value": 8.76, "lat": 18.5, "lon": 84.0}}, {"type": "Feature", "geometry": {"type": "Polygon", "coordinates": [[[84.125, 18.375], [84.375, 18.375], [84.375, 18.625], [84.125, 18.625], [84.125, 18.375]]]}, "properties": {"time": "2019-05-03T00:00:00", "variable": "ws", "tier": "low", "percentile": 99.6, "z": 6.03, "wind_ms": 12.24, "value": 12.24, "lat": 18.5, "lon": 84.25}}, {"type": "Feature", "geometry": {"type": "Polygon", "coordinates": [[[84.375, 18.375], [84.625, 18.375], [84.625, 18.625], [84.375, 18.625], [84.375, 18.375]]]}, "properties": {"time": "2019-05-03T00:00:00", "variable": "ws", "tier": "moderate", "percentile": 99.6, "z": 6.34, "wind_ms": 17.04, "value": 17.04, "lat": 18.5, "lon": 84.5}}, {"type": "Feature", "geometry": {"type": "Polygon", "coordinates": [[[84.625, 18.375], [84.875, 18.375], [84.875, 18.625], [84.625, 18.625], [84.625, 18.375]]]}, "properties": {"time": "2019-05-03T00:00:00", "variable": "ws", "tier": "moderate", "percentile": 99.6, "z": 6.56, "wind_ms": 22.36, "value": 22.36, "lat": 18.5, "lon": 84.75}}, {"type": "Feature", "geometry": {"type": "Polygon", "coordinates": [[[84.875, 18.375], [85.125, 18.375], [85.125, 18.625], [84.875, 18.625], [84.875, 18.375]]]}, "properties": {"time": "2019-05-03T00:00:00", "variable": "ws", "tier": "moderate", "percentile": 99.6, "z": 7.14, "wind_ms": 23.84, "value": 23.84, "lat": 18.5, "lon": 85.0}}, {"type": "Feature", "geometry": {"type": "Polygon", "coordinates": [[[85.125, 18.375], [85.375, 18.375], [85.375, 18.625], [85.125, 18.625], [85.125, 18.375]]]}, "properties": {"time": "2019-05-03T00:00:00", "variable": "ws", "tier": "severe", "percentile": 99.6, "z": 7.72, "wind_ms": 25.89, "value": 25.89, "lat": 18.5, "lon": 85.25}}, {"type": "Feature", "geometry": {"type": "Polygon", "coordinates": [[[85.375, 18.375], [85.625, 18.375], [85.625, 18.625], [85.375, 18.625], [85.375, 18.375]]]}, "properties": {"time": "2019-05-03T00:00:00", "variable": "ws", "tier": "severe", "percentile": 99.6, "z": 7.66, "wind_ms": 25.63, "value": 25.63, "lat": 18.5, "lon": 85.5}}, {"type": "Feature", "geometry": {"type": "Polygon", "coordinates": [[[85.625, 18.375], [85.875, 18.375], [85.875, 18.625], [85.625, 18.625], [85.625, 18.375]]]}, "properties": {"time": "2019-05-03T00:00:00", "variable": "ws", "tier": "moderate", "percentile": 99.6, "z": 7.35, "wind_ms": 24.32, "value": 24.32, "lat": 18.5, "lon": 85.75}}, {"type": "Feature", "geometry": {"type": "Polygon", "coordinates": [[[85.875, 18.375], [86.125, 18.375], [86.125, 18.625], [85.875, 18.625], [85.875, 18.375]]]}, "properties": {"time": "2019-05-03T00:00:00", "variable": "ws", "tier": "moderate", "percentile": 99.6, "z": 7.15, "wind_ms": 23.63, "value": 23.63, "lat": 18.5, "lon": 86.0}}, {"type": "Feature", "geometry": {"type": "Polygon", "coordinates": [[[86.125, 18.375], [86.375, 18.375], [86.375, 18.625], [86.125, 18.625], [86.125, 18.375]]]}, "properties": {"time": "2019-05-03T00:00:00", "variable": "ws", "tier": "moderate", "percentile": 99.6, "z": 7.05, "wind_ms": 23.33, "value": 23.33, "lat": 18.5, "lon": 86.25}}, {"type": "Feature", "geometry": {"type": "Polygon", "coordinates": [[[86.375, 18.375], [86.625, 18.375], [86.625, 18.625], [86.375, 18.625], [86.375, 18.375]]]}, "properties": {"time": "2019-05-03T00:00:00", "variable": "ws", "tier": "moderate", "percentile": 99.6, "z": 6.7, "wind_ms": 22.22, "value": 22.22, "lat": 18.5, "lon": 86.5}}, {"type": "Feature", "geometry": {"type": "Polygon", "coordinates": [[[86.625, 18.375], [86.875, 18.375], [86.875, 18.625], [86.625, 18.625], [86.625, 18.375]]]}, "properties": {"time": "2019-05-03T00:00:00", "variable": "ws", "tier": "moderate", "percentile": 99.6, "z": 6.22, "wind_ms": 20.83, "value": 20.83, "lat": 18.5, "lon": 86.75}}, {"type": "Feature", "geometry": {"type": "Polygon", "coordinates": [[[86.875, 18.375], [87.125, 18.375], [87.125, 18.625], [86.875, 18.625], [86.875, 18.375]]]}, "properties": {"time": "2019-05-03T00:00:00", "variable": "ws", "tier": "moderate", "percentile": 99.6, "z": 5.69, "wind_ms": 19.32, "value": 19.32, "lat": 18.5, "lon": 87.0}}, {"type": "Feature", "geometry": {"type": "Polygon", "coordinates": [[[87.125, 18.375], [87.375, 18.375], [87.375, 18.625], [87.125, 18.625], [87.125, 18.375]]]}, "properties": {"time": "2019-05-03T00:00:00", "variable": "ws", "tier": "moderate", "percentile": 99.6, "z": 4.83, "wind_ms": 17.1, "value": 17.1, "lat": 18.5, "lon": 87.25}}, {"type": "Feature", "geometry": {"type": "Polygon", "coordinates": [[[87.375, 18.375], [87.625, 18.375], [87.625, 18.625], [87.375, 18.625], [87.375, 18.375]]]}, "properties": {"time": "2019-05-03T00:00:00", "variable": "ws", "tier": "low", "percentile": 99.6, "z": 3.92, "wind_ms": 14.93, "value": 14.93, "lat": 18.5, "lon": 87.5}}, {"type": "Feature", "geometry": {"type": "Polygon", "coordinates": [[[87.625, 18.375], [87.875, 18.375], [87.875, 18.625], [87.625, 18.625], [87.625, 18.375]]]}, "properties": {"time": "2019-05-03T00:00:00", "variable": "ws", "tier": "low", "percentile": 99.6, "z": 3.8, "wind_ms": 14.7, "value": 14.7, "lat": 18.5, "lon": 87.75}}, {"type": "Feature", "geometry": {"type": "Polygon", "coordinates": [[[87.875, 18.375], [88.125, 18.375], [88.125, 18.625], [87.875, 18.625], [87.875, 18.375]]]}, "properties": {"time": "2019-05-03T00:00:00", "variable": "ws", "tier": "low", "percentile": 99.6, "z": 3.89, "wind_ms": 14.94, "value": 14.94, "lat": 18.5, "lon": 88.0}}, {"type": "Feature", "geometry": {"type": "Polygon", "coordinates": [[[88.125, 18.375], [88.375, 18.375], [88.375, 18.625], [88.125, 18.625], [88.125, 18.375]]]}, "properties": {"time": "2019-05-03T00:00:00", "variable": "ws", "tier": "low", "percentile": 99.6, "z": 3.69, "wind_ms": 14.45, "value": 14.45, "lat": 18.5, "lon": 88.25}}, {"type": "Feature", "geometry": {"type": "Polygon", "coordinates": [[[84.125, 18.625], [84.375, 18.625], [84.375, 18.875], [84.125, 18.875], [84.125, 18.625]]]}, "properties": {"time": "2019-05-03T00:00:00", "variable": "ws", "tier": "low", "percentile": 99.6, "z": 7.25, "wind_ms": 10.35, "value": 10.35, "lat": 18.75, "lon": 84.25}}, {"type": "Feature", "geometry": {"type": "Polygon", "coordinates": [[[84.375, 18.625], [84.625, 18.625], [84.625, 18.875], [84.375, 18.875], [84.375, 18.625]]]}, "properties": {"time": "2019-05-03T00:00:00", "variable": "ws", "tier": "low", "percentile": 99.6, "z": 6.32, "wind_ms": 13.6, "value": 13.6, "lat": 18.75, "lon": 84.5}}, {"type": "Feature", "geometry": {"type": "Polygon", "coordinates": [[[84.625, 18.625], [84.875, 18.625], [84.875, 18.875], [84.625, 18.875], [84.625, 18.625]]]}, "properties": {"time": "2019-05-03T00:00:00", "variable": "ws", "tier": "moderate", "percentile": 99.6, "z": 6.22, "wind_ms": 18.85, "value": 18.85, "lat": 18.75, "lon": 84.75}}, {"type": "Feature", "geometry": {"type": "Polygon", "coordinates": [[[84.875, 18.625], [85.125, 18.625], [85.125, 18.875], [84.875, 18.875], [84.875, 18.625]]]}, "properties": {"time": "2019-05-03T00:00:00", "variable": "ws", "tier": "moderate", "percentile": 99.6, "z": 6.1, "wind_ms": 22.16, "value": 22.16, "lat": 18.75, "lon": 85.0}}, {"type": "Feature", "geometry": {"type": "Polygon", "coordinates": [[[85.125, 18.625], [85.375, 18.625], [85.375, 18.875], [85.125, 18.875], [85.125, 18.625]]]}, "properties": {"time": "2019-05-03T00:00:00", "variable": "ws", "tier": "moderate", "percentile": 99.6, "z": 7.17, "wind_ms": 24.86, "value": 24.86, "lat": 18.75, "lon": 85.25}}, {"type": "Feature", "geometry": {"type": "Polygon", "coordinates": [[[85.375, 18.625], [85.625, 18.625], [85.625, 18.875], [85.375, 18.875], [85.375, 18.625]]]}, "properties": {"time": "2019-05-03T00:00:00", "variable": "ws", "tier": "severe", "percentile": 99.6, "z": 7.77, "wind_ms": 26.85, "value": 26.85, "lat": 18.75, "lon": 85.5}}, {"type": "Feature", "geometry": {"type": "Polygon", "coordinates": [[[85.625, 18.625], [85.875, 18.625], [85.875, 18.875], [85.625, 18.875], [85.625, 18.625]]]}, "properties": {"time": "2019-05-03T00:00:00", "variable": "ws", "tier": "severe", "percentile": 99.6, "z": 7.5, "wind_ms": 25.31, "value": 25.31, "lat": 18.75, "lon": 85.75}}, {"type": "Feature", "geometry": {"type": "Polygon", "coordinates": [[[85.875, 18.625], [86.125, 18.625], [86.125, 18.875], [85.875, 18.875], [85.875, 18.625]]]}, "properties": {"time": "2019-05-03T00:00:00", "variable": "ws", "tier": "moderate", "percentile": 99.6, "z": 7.32, "wind_ms": 24.32, "value": 24.32, "lat": 18.75, "lon": 86.0}}, {"type": "Feature", "geometry": {"type": "Polygon", "coordinates": [[[86.125, 18.625], [86.375, 18.625], [86.375, 18.875], [86.125, 18.875], [86.125, 18.625]]]}, "properties": {"time": "2019-05-03T00:00:00", "variable": "ws", "tier": "moderate", "percentile": 99.6, "z": 7.22, "wind_ms": 23.9, "value": 23.9, "lat": 18.75, "lon": 86.25}}, {"type": "Feature", "geometry": {"type": "Polygon", "coordinates": [[[86.375, 18.625], [86.625, 18.625], [86.625, 18.875], [86.375, 18.875], [86.375, 18.625]]]}, "properties": {"time": "2019-05-03T00:00:00", "variable": "ws", "tier": "moderate", "percentile": 99.6, "z": 6.97, "wind_ms": 23.05, "value": 23.05, "lat": 18.75, "lon": 86.5}}, {"type": "Feature", "geometry": {"type": "Polygon", "coordinates": [[[86.625, 18.625], [86.875, 18.625], [86.875, 18.875], [86.625, 18.875], [86.625, 18.625]]]}, "properties": {"time": "2019-05-03T00:00:00", "variable": "ws", "tier": "moderate", "percentile": 99.6, "z": 6.61, "wind_ms": 21.8, "value": 21.8, "lat": 18.75, "lon": 86.75}}, {"type": "Feature", "geometry": {"type": "Polygon", "coordinates": [[[86.875, 18.625], [87.125, 18.625], [87.125, 18.875], [86.875, 18.875], [86.875, 18.625]]]}, "properties": {"time": "2019-05-03T00:00:00", "variable": "ws", "tier": "moderate", "percentile": 99.6, "z": 6.11, "wind_ms": 20.36, "value": 20.36, "lat": 18.75, "lon": 87.0}}, {"type": "Feature", "geometry": {"type": "Polygon", "coordinates": [[[87.125, 18.625], [87.375, 18.625], [87.375, 18.875], [87.125, 18.875], [87.125, 18.625]]]}, "properties": {"time": "2019-05-03T00:00:00", "variable": "ws", "tier": "moderate", "percentile": 99.6, "z": 5.46, "wind_ms": 18.5, "value": 18.5, "lat": 18.75, "lon": 87.25}}, {"type": "Feature", "geometry": {"type": "Polygon", "coordinates": [[[87.375, 18.625], [87.625, 18.625], [87.625, 18.875], [87.375, 18.875], [87.375, 18.625]]]}, "properties": {"time": "2019-05-03T00:00:00", "variable": "ws", "tier": "low", "percentile": 99.6, "z": 4.52, "wind_ms": 16.08, "value": 16.08, "lat": 18.75, "lon": 87.5}}, {"type": "Feature", "geometry": {"type": "Polygon", "coordinates": [[[87.625, 18.625], [87.875, 18.625], [87.875, 18.875], [87.625, 18.875], [87.625, 18.625]]]}, "properties": {"time": "2019-05-03T00:00:00", "variable": "ws", "tier": "low", "percentile": 99.6, "z": 3.96, "wind_ms": 15.02, "value": 15.02, "lat": 18.75, "lon": 87.75}}, {"type": "Feature", "geometry": {"type": "Polygon", "coordinates": [[[87.875, 18.625], [88.125, 18.625], [88.125, 18.875], [87.875, 18.875], [87.875, 18.625]]]}, "properties": {"time": "2019-05-03T00:00:00", "variable": "ws", "tier": "low", "percentile": 99.6, "z": 4.05, "wind_ms": 15.25, "value": 15.25, "lat": 18.75, "lon": 88.0}}, {"type": "Feature", "geometry": {"type": "Polygon", "coordinates": [[[88.125, 18.625], [88.375, 18.625], [88.375, 18.875], [88.125, 18.875], [88.125, 18.625]]]}, "properties": {"time": "2019-05-03T00:00:00", "variable": "ws", "tier": "low", "percentile": 99.6, "z": 3.54, "wind_ms": 14.06, "value": 14.06, "lat": 18.75, "lon": 88.25}}, {"type": "Feature", "geometry": {"type": "Polygon", "coordinates": [[[84.125, 18.875], [84.375, 18.875], [84.375, 19.125], [84.125, 19.125], [84.125, 18.875]]]}, "properties": {"time": "2019-05-03T00:00:00", "variable": "ws", "tier": "low", "percentile": 99.6, "z": 7.57, "wind_ms": 8.9, "value": 8.9, "lat": 19.0, "lon": 84.25}}, {"type": "Feature", "geometry": {"type": "Polygon", "coordinates": [[[84.375, 18.875], [84.625, 18.875], [84.625, 19.125], [84.375, 19.125], [84.375, 18.875]]]}, "properties": {"time": "2019-05-03T00:00:00", "variable": "ws", "tier": "low", "percentile": 99.6, "z": 7.85, "wind_ms": 11.8, "value": 11.8, "lat": 19.0, "lon": 84.5}}, {"type": "Feature", "geometry": {"type": "Polygon", "coordinates": [[[84.625, 18.875], [84.875, 18.875], [84.875, 19.125], [84.625, 19.125], [84.625, 18.875]]]}, "properties": {"time": "2019-05-03T00:00:00", "variable": "ws", "tier": "low", "percentile": 99.6, "z": 6.63, "wind_ms": 16.67, "value": 16.67, "lat": 19.0, "lon": 84.75}}, {"type": "Feature", "geometry": {"type": "Polygon", "coordinates": [[[84.875, 18.875], [85.125, 18.875], [85.125, 19.125], [84.875, 19.125], [84.875, 18.875]]]}, "properties": {"time": "2019-05-03T00:00:00", "variable": "ws", "tier": "moderate", "percentile": 99.6, "z": 5.6, "wind_ms": 19.68, "value": 19.68, "lat": 19.0, "lon": 85.0}}, {"type": "Feature", "geometry": {"type": "Polygon", "coordinates": [[[85.375, 18.875], [85.625, 18.875], [85.625, 19.125], [85.375, 19.125], [85.375, 18.875]]]}, "properties": {"time": "2019-05-03T00:00:00", "variable": "ws", "tier": "moderate", "percentile": 99.6, "z": 4.52, "wind_ms": 17.19, "value": 17.19, "lat": 19.0, "lon": 85.5}}, {"type": "Feature", "geometry": {"type": "Polygon", "coordinates": [[[85.625, 18.875], [85.875, 18.875], [85.875, 19.125], [85.625, 19.125], [85.625, 18.875]]]}, "properties": {"time": "2019-05-03T00:00:00", "variable": "ws", "tier": "moderate", "percentile": 99.6, "z": 6.41, "wind_ms": 22.08, "value": 22.08, "lat": 19.0, "lon": 85.75}}, {"type": "Feature", "geometry": {"type": "Polygon", "coordinates": [[[85.875, 18.875], [86.125, 18.875], [86.125, 19.125], [85.875, 19.125], [85.875, 18.875]]]}, "properties": {"time": "2019-05-03T00:00:00", "variable": "ws", "tier": "moderate", "percentile": 99.6, "z": 7.34, "wind_ms": 24.73, "value": 24.73, "lat": 19.0, "lon": 86.0}}, {"type": "Feature", "geometry": {"type": "Polygon", "coordinates": [[[86.125, 18.875], [86.375, 18.875], [86.375, 19.125], [86.125, 19.125], [86.125, 18.875]]]}, "properties": {"time": "2019-05-03T00:00:00", "variable": "ws", "tier": "moderate", "percentile": 99.6, "z": 7.37, "wind_ms": 24.65, "value": 24.65, "lat": 19.0, "lon": 86.25}}, {"type": "Feature", "geometry": {"type": "Polygon", "coordinates": [[[86.375, 18.875], [86.625, 18.875], [86.625, 19.125], [86.375, 19.125], [86.375, 18.875]]]}, "properties": {"time": "2019-05-03T00:00:00", "variable": "ws", "tier": "moderate", "percentile": 99.6, "z": 7.15, "wind_ms": 23.65, "value": 23.65, "lat": 19.0, "lon": 86.5}}, {"type": "Feature", "geometry": {"type": "Polygon", "coordinates": [[[86.625, 18.875], [86.875, 18.875], [86.875, 19.125], [86.625, 19.125], [86.625, 18.875]]]}, "properties": {"time": "2019-05-03T00:00:00", "variable": "ws", "tier": "moderate", "percentile": 99.6, "z": 6.78, "wind_ms": 22.23, "value": 22.23, "lat": 19.0, "lon": 86.75}}, {"type": "Feature", "geometry": {"type": "Polygon", "coordinates": [[[86.875, 18.875], [87.125, 18.875], [87.125, 19.125], [86.875, 19.125], [86.875, 18.875]]]}, "properties": {"time": "2019-05-03T00:00:00", "variable": "ws", "tier": "moderate", "percentile": 99.6, "z": 6.28, "wind_ms": 20.59, "value": 20.59, "lat": 19.0, "lon": 87.0}}, {"type": "Feature", "geometry": {"type": "Polygon", "coordinates": [[[87.125, 18.875], [87.375, 18.875], [87.375, 19.125], [87.125, 19.125], [87.125, 18.875]]]}, "properties": {"time": "2019-05-03T00:00:00", "variable": "ws", "tier": "moderate", "percentile": 99.6, "z": 5.55, "wind_ms": 18.69, "value": 18.69, "lat": 19.0, "lon": 87.25}}, {"type": "Feature", "geometry": {"type": "Polygon", "coordinates": [[[87.375, 18.875], [87.625, 18.875], [87.625, 19.125], [87.375, 19.125], [87.375, 18.875]]]}, "properties": {"time": "2019-05-03T00:00:00", "variable": "ws", "tier": "low", "percentile": 99.6, "z": 4.63, "wind_ms": 16.44, "value": 16.44, "lat": 19.0, "lon": 87.5}}, {"type": "Feature", "geometry": {"type": "Polygon", "coordinates": [[[87.625, 18.875], [87.875, 18.875], [87.875, 19.125], [87.625, 19.125], [87.625, 18.875]]]}, "properties": {"time": "2019-05-03T00:00:00", "variable": "ws", "tier": "low", "percentile": 99.6, "z": 3.94, "wind_ms": 14.9, "value": 14.9, "lat": 19.0, "lon": 87.75}}, {"type": "Feature", "geometry": {"type": "Polygon", "coordinates": [[[87.875, 18.875], [88.125, 18.875], [88.125, 19.125], [87.875, 19.125], [87.875, 18.875]]]}, "properties": {"time": "2019-05-03T00:00:00", "variable": "ws", "tier": "low", "percentile": 99.6, "z": 4.05, "wind_ms": 15.17, "value": 15.17, "lat": 19.0, "lon": 88.0}}, {"type": "Feature", "geometry": {"type": "Polygon", "coordinates": [[[88.125, 18.875], [88.375, 18.875], [88.375, 19.125], [88.125, 19.125], [88.125, 18.875]]]}, "properties": {"time": "2019-05-03T00:00:00", "variable": "ws", "tier": "low", "percentile": 99.6, "z": 3.32, "wind_ms": 13.56, "value": 13.56, "lat": 19.0, "lon": 88.25}}, {"type": "Feature", "geometry": {"type": "Polygon", "coordinates": [[[84.125, 19.125], [84.375, 19.125], [84.375, 19.375], [84.125, 19.375], [84.125, 19.125]]]}, "properties": {"time": "2019-05-03T00:00:00", "variable": "ws", "tier": "low", "percentile": 99.6, "z": 7.32, "wind_ms": 8.85, "value": 8.85, "lat": 19.25, "lon": 84.25}}, {"type": "Feature", "geometry": {"type": "Polygon", "coordinates": [[[84.375, 19.125], [84.625, 19.125], [84.625, 19.375], [84.375, 19.375], [84.375, 19.125]]]}, "properties": {"time": "2019-05-03T00:00:00", "variable": "ws", "tier": "low", "percentile": 99.6, "z": 9.87, "wind_ms": 11.9, "value": 11.9, "lat": 19.25, "lon": 84.5}}, {"type": "Feature", "geometry": {"type": "Polygon", "coordinates": [[[84.625, 19.125], [84.875, 19.125], [84.875, 19.375], [84.625, 19.375], [84.625, 19.125]]]}, "properties": {"time": "2019-05-03T00:00:00", "variable": "ws", "tier": "low", "percentile": 99.6, "z": 8.84, "wind_ms": 16.63, "value": 16.63, "lat": 19.25, "lon": 84.75}}, {"type": "Feature", "geometry": {"type": "Polygon", "coordinates": [[[84.875, 19.125], [85.125, 19.125], [85.125, 19.375], [84.875, 19.375], [84.875, 19.125]]]}, "properties": {"time": "2019-05-03T00:00:00", "variable": "ws", "tier": "moderate", "percentile": 99.6, "z": 6.46, "wind_ms": 18.63, "value": 18.63, "lat": 19.25, "lon": 85.0}}, {"type": "Feature", "geometry": {"type": "Polygon", "coordinates": [[[85.125, 19.125], [85.375, 19.125], [85.375, 19.375], [85.125, 19.375], [85.125, 19.125]]]}, "properties": {"time": "2019-05-03T00:00:00", "variable": "ws", "tier": "low", "percentile": 99.6, "z": 2.65, "wind_ms": 12.94, "value": 12.94, "lat": 19.25, "lon": 85.25}}, {"type": "Feature", "geometry": {"type": "Polygon", "coordinates": [[[85.375, 19.125], [85.625, 19.125], [85.625, 19.375], [85.375, 19.375], [85.375, 19.125]]]}, "properties": {"time": "2019-05-03T00:00:00", "variable": "ws", "tier": "low", "percentile": 99.6, "z": 3.99, "wind_ms": 15.96, "value": 15.96, "lat": 19.25, "lon": 85.5}}, {"type": "Feature", "geometry": {"type": "Polygon", "coordinates": [[[85.625, 19.125], [85.875, 19.125], [85.875, 19.375], [85.625, 19.375], [85.625, 19.125]]]}, "properties": {"time": "2019-05-03T00:00:00", "variable": "ws", "tier": "moderate", "percentile": 99.6, "z": 5.9, "wind_ms": 20.63, "value": 20.63, "lat": 19.25, "lon": 85.75}}, {"type": "Feature", "geometry": {"type": "Polygon", "coordinates": [[[85.875, 19.125], [86.125, 19.125], [86.125, 19.375], [85.875, 19.375], [85.875, 19.125]]]}, "properties": {"time": "2019-05-03T00:00:00", "variable": "ws", "tier": "moderate", "percentile": 99.6, "z": 6.94, "wind_ms": 23.7, "value": 23.7, "lat": 19.25, "lon": 86.0}}, {"type": "Feature", "geometry": {"type": "Polygon", "coordinates": [[[86.125, 19.125], [86.375, 19.125], [86.375, 19.375], [86.125, 19.375], [86.125, 19.125]]]}, "properties": {"time": "2019-05-03T00:00:00", "variable": "ws", "tier": "moderate", "percentile": 99.6, "z": 7.19, "wind_ms": 23.92, "value": 23.92, "lat": 19.25, "lon": 86.25}}, {"type": "Feature", "geometry": {"type": "Polygon", "coordinates": [[[86.375, 19.125], [86.625, 19.125], [86.625, 19.375], [86.375, 19.375], [86.375, 19.125]]]}, "properties": {"time": "2019-05-03T00:00:00", "variable": "ws", "tier": "moderate", "percentile": 99.6, "z": 6.99, "wind_ms": 23.09, "value": 23.09, "lat": 19.25, "lon": 86.5}}, {"type": "Feature", "geometry": {"type": "Polygon", "coordinates": [[[86.625, 19.125], [86.875, 19.125], [86.875, 19.375], [86.625, 19.375], [86.625, 19.125]]]}, "properties": {"time": "2019-05-03T00:00:00", "variable": "ws", "tier": "moderate", "percentile": 99.6, "z": 6.65, "wind_ms": 22.06, "value": 22.06, "lat": 19.25, "lon": 86.75}}, {"type": "Feature", "geometry": {"type": "Polygon", "coordinates": [[[86.875, 19.125], [87.125, 19.125], [87.125, 19.375], [86.875, 19.375], [86.875, 19.125]]]}, "properties": {"time": "2019-05-03T00:00:00", "variable": "ws", "tier": "moderate", "percentile": 99.6, "z": 6.2, "wind_ms": 20.58, "value": 20.58, "lat": 19.25, "lon": 87.0}}, {"type": "Feature", "geometry": {"type": "Polygon", "coordinates": [[[87.125, 19.125], [87.375, 19.125], [87.375, 19.375], [87.125, 19.375], [87.125, 19.125]]]}, "properties": {"time": "2019-05-03T00:00:00", "variable": "ws", "tier": "moderate", "percentile": 99.6, "z": 5.45, "wind_ms": 18.42, "value": 18.42, "lat": 19.25, "lon": 87.25}}, {"type": "Feature", "geometry": {"type": "Polygon", "coordinates": [[[87.375, 19.125], [87.625, 19.125], [87.625, 19.375], [87.375, 19.375], [87.375, 19.125]]]}, "properties": {"time": "2019-05-03T00:00:00", "variable": "ws", "tier": "low", "percentile": 99.6, "z": 4.63, "wind_ms": 16.56, "value": 16.56, "lat": 19.25, "lon": 87.5}}, {"type": "Feature", "geometry": {"type": "Polygon", "coordinates": [[[87.625, 19.125], [87.875, 19.125], [87.875, 19.375], [87.625, 19.375], [87.625, 19.125]]]}, "properties": {"time": "2019-05-03T00:00:00", "variable": "ws", "tier": "low", "percentile": 99.6, "z": 3.82, "wind_ms": 14.85, "value": 14.85, "lat": 19.25, "lon": 87.75}}, {"type": "Feature", "geometry": {"type": "Polygon", "coordinates": [[[87.875, 19.125], [88.125, 19.125], [88.125, 19.375], [87.875, 19.375], [87.875, 19.125]]]}, "properties": {"time": "2019-05-03T00:00:00", "variable": "ws", "tier": "low", "percentile": 99.6, "z": 3.57, "wind_ms": 14.41, "value": 14.41, "lat": 19.25, "lon": 88.0}}, {"type": "Feature", "geometry": {"type": "Polygon", "coordinates": [[[88.125, 19.125], [88.375, 19.125], [88.375, 19.375], [88.125, 19.375], [88.125, 19.125]]]}, "properties": {"time": "2019-05-03T00:00:00", "variable": "ws", "tier": "low", "percentile": 99.6, "z": 3.22, "wind_ms": 13.47, "value": 13.47, "lat": 19.25, "lon": 88.25}}, {"type": "Feature", "geometry": {"type": "Polygon", "coordinates": [[[84.375, 19.375], [84.625, 19.375], [84.625, 19.625], [84.375, 19.625], [84.375, 19.375]]]}, "properties": {"time": "2019-05-03T00:00:00", "variable": "ws", "tier": "low", "percentile": 99.6, "z": 9.43, "wind_ms": 11.1, "value": 11.1, "lat": 19.5, "lon": 84.5}}, {"type": "Feature", "geometry": {"type": "Polygon", "coordinates": [[[84.625, 19.375], [84.875, 19.375], [84.875, 19.625], [84.625, 19.625], [84.625, 19.375]]]}, "properties": {"time": "2019-05-03T00:00:00", "variable": "ws", "tier": "low", "percentile": 99.6, "z": 9.97, "wind_ms": 14.2, "value": 14.2, "lat": 19.5, "lon": 84.75}}, {"type": "Feature", "geometry": {"type": "Polygon", "coordinates": [[[84.875, 19.375], [85.125, 19.375], [85.125, 19.625], [84.875, 19.625], [84.875, 19.375]]]}, "properties": {"time": "2019-05-03T00:00:00", "variable": "ws", "tier": "low", "percentile": 99.6, "z": 8.02, "wind_ms": 15.44, "value": 15.44, "lat": 19.5, "lon": 85.0}}, {"type": "Feature", "geometry": {"type": "Polygon", "coordinates": [[[85.125, 19.375], [85.375, 19.375], [85.375, 19.625], [85.125, 19.625], [85.125, 19.375]]]}, "properties": {"time": "2019-05-03T00:00:00", "variable": "ws", "tier": "moderate", "percentile": 99.6, "z": 6.34, "wind_ms": 17.24, "value": 17.24, "lat": 19.5, "lon": 85.25}}, {"type": "Feature", "geometry": {"type": "Polygon", "coordinates": [[[85.375, 19.375], [85.625, 19.375], [85.625, 19.625], [85.375, 19.625], [85.375, 19.375]]]}, "properties": {"time": "2019-05-03T00:00:00", "variable": "ws", "tier": "moderate", "percentile": 99.6, "z": 5.22, "wind_ms": 18.76, "value": 18.76, "lat": 19.5, "lon": 85.5}}, {"type": "Feature", "geometry": {"type": "Polygon", "coordinates": [[[85.625, 19.375], [85.875, 19.375], [85.875, 19.625], [85.625, 19.625], [85.625, 19.375]]]}, "properties": {"time": "2019-05-03T00:00:00", "variable": "ws", "tier": "moderate", "percentile": 99.6, "z": 5.86, "wind_ms": 19.53, "value": 19.53, "lat": 19.5, "lon": 85.75}}, {"type": "Feature", "geometry": {"type": "Polygon", "coordinates": [[[85.875, 19.375], [86.125, 19.375], [86.125, 19.625], [85.875, 19.625], [85.875, 19.375]]]}, "properties": {"time": "2019-05-03T00:00:00", "variable": "ws", "tier": "moderate", "percentile": 99.6, "z": 6.49, "wind_ms": 22.09, "value": 22.09, "lat": 19.5, "lon": 86.0}}, {"type": "Feature", "geometry": {"type": "Polygon", "coordinates": [[[86.125, 19.375], [86.375, 19.375], [86.375, 19.625], [86.125, 19.625], [86.125, 19.375]]]}, "properties": {"time": "2019-05-03T00:00:00", "variable": "ws", "tier": "moderate", "percentile": 99.6, "z": 6.62, "wind_ms": 22.45, "value": 22.45, "lat": 19.5, "lon": 86.25}}, {"type": "Feature", "geometry": {"type": "Polygon", "coordinates": [[[86.375, 19.375], [86.625, 19.375], [86.625, 19.625], [86.375, 19.625], [86.375, 19.375]]]}, "properties": {"time": "2019-05-03T00:00:00", "variable": "ws", "tier": "moderate", "percentile": 99.6, "z": 6.56, "wind_ms": 21.82, "value": 21.82, "lat": 19.5, "lon": 86.5}}, {"type": "Feature", "geometry": {"type": "Polygon", "coordinates": [[[86.625, 19.375], [86.875, 19.375], [86.875, 19.625], [86.625, 19.625], [86.625, 19.375]]]}, "properties": {"time": "2019-05-03T00:00:00", "variable": "ws", "tier": "moderate", "percentile": 99.6, "z": 6.43, "wind_ms": 21.26, "value": 21.26, "lat": 19.5, "lon": 86.75}}, {"type": "Feature", "geometry": {"type": "Polygon", "coordinates": [[[86.875, 19.375], [87.125, 19.375], [87.125, 19.625], [86.875, 19.625], [86.875, 19.375]]]}, "properties": {"time": "2019-05-03T00:00:00", "variable": "ws", "tier": "moderate", "percentile": 99.6, "z": 5.96, "wind_ms": 20.03, "value": 20.03, "lat": 19.5, "lon": 87.0}}, {"type": "Feature", "geometry": {"type": "Polygon", "coordinates": [[[87.125, 19.375], [87.375, 19.375], [87.375, 19.625], [87.125, 19.625], [87.125, 19.375]]]}, "properties": {"time": "2019-05-03T00:00:00", "variable": "ws", "tier": "moderate", "percentile": 99.6, "z": 5.12, "wind_ms": 17.99, "value": 17.99, "lat": 19.5, "lon": 87.25}}, {"type": "Feature", "geometry": {"type": "Polygon", "coordinates": [[[87.375, 19.375], [87.625, 19.375], [87.625, 19.625], [87.375, 19.625], [87.375, 19.375]]]}, "properties": {"time": "2019-05-03T00:00:00", "variable": "ws", "tier": "low", "percentile": 99.6, "z": 4.41, "wind_ms": 16.49, "value": 16.49, "lat": 19.5, "lon": 87.5}}, {"type": "Feature", "geometry": {"type": "Polygon", "coordinates": [[[87.625, 19.375], [87.875, 19.375], [87.875, 19.625], [87.625, 19.625], [87.625, 19.375]]]}, "properties": {"time": "2019-05-03T00:00:00", "variable": "ws", "tier": "low", "percentile": 99.6, "z": 3.76, "wind_ms": 14.84, "value": 14.84, "lat": 19.5, "lon": 87.75}}, {"type": "Feature", "geometry": {"type": "Polygon", "coordinates": [[[87.875, 19.375], [88.125, 19.375], [88.125, 19.625], [87.875, 19.625], [87.875, 19.375]]]}, "properties": {"time": "2019-05-03T00:00:00", "variable": "ws", "tier": "low", "percentile": 99.6, "z": 3.05, "wind_ms": 13.52, "value": 13.52, "lat": 19.5, "lon": 88.0}}, {"type": "Feature", "geometry": {"type": "Polygon", "coordinates": [[[88.125, 19.375], [88.375, 19.375], [88.375, 19.625], [88.125, 19.625], [88.125, 19.375]]]}, "properties": {"time": "2019-05-03T00:00:00", "variable": "ws", "tier": "low", "percentile": 99.6, "z": 3.09, "wind_ms": 13.36, "value": 13.36, "lat": 19.5, "lon": 88.25}}, {"type": "Feature", "geometry": {"type": "Polygon", "coordinates": [[[84.375, 19.625], [84.625, 19.625], [84.625, 19.875], [84.375, 19.875], [84.375, 19.625]]]}, "properties": {"time": "2019-05-03T00:00:00", "variable": "ws", "tier": "low", "percentile": 99.6, "z": 8.96, "wind_ms": 10.36, "value": 10.36, "lat": 19.75, "lon": 84.5}}, {"type": "Feature", "geometry": {"type": "Polygon", "coordinates": [[[84.625, 19.625], [84.875, 19.625], [84.875, 19.875], [84.625, 19.875], [84.625, 19.625]]]}, "properties": {"time": "2019-05-03T00:00:00", "variable": "ws", "tier": "low", "percentile": 99.6, "z": 10.13, "wind_ms": 12.42, "value": 12.42, "lat": 19.75, "lon": 84.75}}, {"type": "Feature", "geometry": {"type": "Polygon", "coordinates": [[[84.875, 19.625], [85.125, 19.625], [85.125, 19.875], [84.875, 19.875], [84.875, 19.625]]]}, "properties": {"time": "2019-05-03T00:00:00", "variable": "ws", "tier": "low", "percentile": 99.6, "z": 8.77, "wind_ms": 12.92, "value": 12.92, "lat": 19.75, "lon": 85.0}}, {"type": "Feature", "geometry": {"type": "Polygon", "coordinates": [[[85.125, 19.625], [85.375, 19.625], [85.375, 19.875], [85.125, 19.875], [85.125, 19.625]]]}, "properties": {"time": "2019-05-03T00:00:00", "variable": "ws", "tier": "low", "percentile": 99.6, "z": 7.28, "wind_ms": 15.38, "value": 15.38, "lat": 19.75, "lon": 85.25}}, {"type": "Feature", "geometry": {"type": "Polygon", "coordinates": [[[85.375, 19.625], [85.625, 19.625], [85.625, 19.875], [85.375, 19.875], [85.375, 19.625]]]}, "properties": {"time": "2019-05-03T00:00:00", "variable": "ws", "tier": "low", "percentile": 99.6, "z": 5.37, "wind_ms": 16.19, "value": 16.19, "lat": 19.75, "lon": 85.5}}, {"type": "Feature", "geometry": {"type": "Polygon", "coordinates": [[[85.625, 19.625], [85.875, 19.625], [85.875, 19.875], [85.625, 19.875], [85.625, 19.625]]]}, "properties": {"time": "2019-05-03T00:00:00", "variable": "ws", "tier": "low", "percentile": 99.6, "z": 5.0, "wind_ms": 14.27, "value": 14.27, "lat": 19.75, "lon": 85.75}}, {"type": "Feature", "geometry": {"type": "Polygon", "coordinates": [[[85.875, 19.625], [86.125, 19.625], [86.125, 19.875], [85.875, 19.875], [85.875, 19.625]]]}, "properties": {"time": "2019-05-03T00:00:00", "variable": "ws", "tier": "moderate", "percentile": 99.6, "z": 5.91, "wind_ms": 18.14, "value": 18.14, "lat": 19.75, "lon": 86.0}}, {"type": "Feature", "geometry": {"type": "Polygon", "coordinates": [[[86.125, 19.625], [86.375, 19.625], [86.375, 19.875], [86.125, 19.875], [86.125, 19.625]]]}, "properties": {"time": "2019-05-03T00:00:00", "variable": "ws", "tier": "moderate", "percentile": 99.6, "z": 5.98, "wind_ms": 19.48, "value": 19.48, "lat": 19.75, "lon": 86.25}}, {"type": "Feature", "geometry": {"type": "Polygon", "coordinates": [[[86.375, 19.625], [86.625, 19.625], [86.625, 19.875], [86.375, 19.875], [86.375, 19.625]]]}, "properties": {"time": "2019-05-03T00:00:00", "variable": "ws", "tier": "moderate", "percentile": 99.6, "z": 6.05, "wind_ms": 20.54, "value": 20.54, "lat": 19.75, "lon": 86.5}}, {"type": "Feature", "geometry": {"type": "Polygon", "coordinates": [[[86.625, 19.625], [86.875, 19.625], [86.875, 19.875], [86.625, 19.875], [86.625, 19.625]]]}, "properties": {"time": "2019-05-03T00:00:00", "variable": "ws", "tier": "moderate", "percentile": 99.6, "z": 5.92, "wind_ms": 20.14, "value": 20.14, "lat": 19.75, "lon": 86.75}}, {"type": "Feature", "geometry": {"type": "Polygon", "coordinates": [[[86.875, 19.625], [87.125, 19.625], [87.125, 19.875], [86.875, 19.875], [86.875, 19.625]]]}, "properties": {"time": "2019-05-03T00:00:00", "variable": "ws", "tier": "moderate", "percentile": 99.6, "z": 5.52, "wind_ms": 18.98, "value": 18.98, "lat": 19.75, "lon": 87.0}}, {"type": "Feature", "geometry": {"type": "Polygon", "coordinates": [[[87.125, 19.625], [87.375, 19.625], [87.375, 19.875], [87.125, 19.875], [87.125, 19.625]]]}, "properties": {"time": "2019-05-03T00:00:00", "variable": "ws", "tier": "low", "percentile": 99.6, "z": 4.7, "wind_ms": 16.95, "value": 16.95, "lat": 19.75, "lon": 87.25}}, {"type": "Feature", "geometry": {"type": "Polygon", "coordinates": [[[87.375, 19.625], [87.625, 19.625], [87.625, 19.875], [87.375, 19.875], [87.375, 19.625]]]}, "properties": {"time": "2019-05-03T00:00:00", "variable": "ws", "tier": "low", "percentile": 99.6, "z": 4.03, "wind_ms": 15.92, "value": 15.92, "lat": 19.75, "lon": 87.5}}, {"type": "Feature", "geometry": {"type": "Polygon", "coordinates": [[[87.625, 19.625], [87.875, 19.625], [87.875, 19.875], [87.625, 19.875], [87.625, 19.625]]]}, "properties": {"time": "2019-05-03T00:00:00", "variable": "ws", "tier": "low", "percentile": 99.6, "z": 3.63, "wind_ms": 14.85, "value": 14.85, "lat": 19.75, "lon": 87.75}}, {"type": "Feature", "geometry": {"type": "Polygon", "coordinates": [[[87.875, 19.625], [88.125, 19.625], [88.125, 19.875], [87.875, 19.875], [87.875, 19.625]]]}, "properties": {"time": "2019-05-03T00:00:00", "variable": "ws", "tier": "low", "percentile": 99.6, "z": 3.11, "wind_ms": 13.83, "value": 13.83, "lat": 19.75, "lon": 88.0}}, {"type": "Feature", "geometry": {"type": "Polygon", "coordinates": [[[88.125, 19.625], [88.375, 19.625], [88.375, 19.875], [88.125, 19.875], [88.125, 19.625]]]}, "properties": {"time": "2019-05-03T00:00:00", "variable": "ws", "tier": "low", "percentile": 99.6, "z": 3.06, "wind_ms": 13.74, "value": 13.74, "lat": 19.75, "lon": 88.25}}, {"type": "Feature", "geometry": {"type": "Polygon", "coordinates": [[[84.625, 19.875], [84.875, 19.875], [84.875, 20.125], [84.625, 20.125], [84.625, 19.875]]]}, "properties": {"time": "2019-05-03T00:00:00", "variable": "ws", "tier": "low", "percentile": 99.6, "z": 9.17, "wind_ms": 10.46, "value": 10.46, "lat": 20.0, "lon": 84.75}}, {"type": "Feature", "geometry": {"type": "Polygon", "coordinates": [[[84.875, 19.875], [85.125, 19.875], [85.125, 20.125], [84.875, 20.125], [84.875, 19.875]]]}, "properties": {"time": "2019-05-03T00:00:00", "variable": "ws", "tier": "low", "percentile": 99.6, "z": 8.96, "wind_ms": 11.45, "value": 11.45, "lat": 20.0, "lon": 85.0}}, {"type": "Feature", "geometry": {"type": "Polygon", "coordinates": [[[85.125, 19.875], [85.375, 19.875], [85.375, 20.125], [85.125, 20.125], [85.125, 19.875]]]}, "properties": {"time": "2019-05-03T00:00:00", "variable": "ws", "tier": "low", "percentile": 99.6, "z": 7.61, "wind_ms": 12.12, "value": 12.12, "lat": 20.0, "lon": 85.25}}, {"type": "Feature", "geometry": {"type": "Polygon", "coordinates": [[[85.375, 19.875], [85.625, 19.875], [85.625, 20.125], [85.375, 20.125], [85.375, 19.875]]]}, "properties": {"time": "2019-05-03T00:00:00", "variable": "ws", "tier": "low", "percentile": 99.6, "z": 5.9, "wind_ms": 12.53, "value": 12.53, "lat": 20.0, "lon": 85.5}}, {"type": "Feature", "geometry": {"type": "Polygon", "coordinates": [[[85.625, 19.875], [85.875, 19.875], [85.875, 20.125], [85.625, 20.125], [85.625, 19.875]]]}, "properties": {"time": "2019-05-03T00:00:00", "variable": "ws", "tier": "low", "percentile": 99.6, "z": 4.66, "wind_ms": 10.31, "value": 10.31, "lat": 20.0, "lon": 85.75}}, {"type": "Feature", "geometry": {"type": "Polygon", "coordinates": [[[85.875, 19.875], [86.125, 19.875], [86.125, 20.125], [85.875, 20.125], [85.875, 19.875]]]}, "properties": {"time": "2019-05-03T00:00:00", "variable": "ws", "tier": "low", "percentile": 99.6, "z": 4.5, "wind_ms": 11.14, "value": 11.14, "lat": 20.0, "lon": 86.0}}, {"type": "Feature", "geometry": {"type": "Polygon", "coordinates": [[[86.125, 19.875], [86.375, 19.875], [86.375, 20.125], [86.125, 20.125], [86.125, 19.875]]]}, "properties": {"time": "2019-05-03T00:00:00", "variable": "ws", "tier": "low", "percentile": 99.6, "z": 4.96, "wind_ms": 13.24, "value": 13.24, "lat": 20.0, "lon": 86.25}}, {"type": "Feature", "geometry": {"type": "Polygon", "coordinates": [[[86.375, 19.875], [86.625, 19.875], [86.625, 20.125], [86.375, 20.125], [86.375, 19.875]]]}, "properties": {"time": "2019-05-03T00:00:00", "variable": "ws", "tier": "low", "percentile": 99.6, "z": 5.04, "wind_ms": 14.84, "value": 14.84, "lat": 20.0, "lon": 86.5}}, {"type": "Feature", "geometry": {"type": "Polygon", "coordinates": [[[86.625, 19.875], [86.875, 19.875], [86.875, 20.125], [86.625, 20.125], [86.625, 19.875]]]}, "properties": {"time": "2019-05-03T00:00:00", "variable": "ws", "tier": "moderate", "percentile": 99.6, "z": 5.22, "wind_ms": 18.13, "value": 18.13, "lat": 20.0, "lon": 86.75}}, {"type": "Feature", "geometry": {"type": "Polygon", "coordinates": [[[86.875, 19.875], [87.125, 19.875], [87.125, 20.125], [86.875, 20.125], [86.875, 19.875]]]}, "properties": {"time": "2019-05-03T00:00:00", "variable": "ws", "tier": "moderate", "percentile": 99.6, "z": 4.8, "wind_ms": 17.63, "value": 17.63, "lat": 20.0, "lon": 87.0}}, {"type": "Feature", "geometry": {"type": "Polygon", "coordinates": [[[87.125, 19.875], [87.375, 19.875], [87.375, 20.125], [87.125, 20.125], [87.125, 19.875]]]}, "properties": {"time": "2019-05-03T00:00:00", "variable": "ws", "tier": "low", "percentile": 99.6, "z": 4.3, "wind_ms": 16.2, "value": 16.2, "lat": 20.0, "lon": 87.25}}, {"type": "Feature", "geometry": {"type": "Polygon", "coordinates": [[[87.375, 19.875], [87.625, 19.875], [87.625, 20.125], [87.375, 20.125], [87.375, 19.875]]]}, "properties": {"time": "2019-05-03T00:00:00", "variable": "ws", "tier": "low", "percentile": 99.6, "z": 3.7, "wind_ms": 15.16, "value": 15.16, "lat": 20.0, "lon": 87.5}}, {"type": "Feature", "geometry": {"type": "Polygon", "coordinates": [[[87.625, 19.875], [87.875, 19.875], [87.875, 20.125], [87.625, 20.125], [87.625, 19.875]]]}, "properties": {"time": "2019-05-03T00:00:00", "variable": "ws", "tier": "low", "percentile": 99.6, "z": 3.42, "wind_ms": 14.61, "value": 14.61, "lat": 20.0, "lon": 87.75}}, {"type": "Feature", "geometry": {"type": "Polygon", "coordinates": [[[87.875, 19.875], [88.125, 19.875], [88.125, 20.125], [87.875, 20.125], [87.875, 19.875]]]}, "properties": {"time": "2019-05-03T00:00:00", "variable": "ws", "tier": "low", "percentile": 99.6, "z": 3.13, "wind_ms": 14.01, "value": 14.01, "lat": 20.0, "lon": 88.0}}, {"type": "Feature", "geometry": {"type": "Polygon", "coordinates": [[[88.125, 19.875], [88.375, 19.875], [88.375, 20.125], [88.125, 20.125], [88.125, 19.875]]]}, "properties": {"time": "2019-05-03T00:00:00", "variable": "ws", "tier": "low", "percentile": 99.6, "z": 2.98, "wind_ms": 13.67, "value": 13.67, "lat": 20.0, "lon": 88.25}}, {"type": "Feature", "geometry": {"type": "Polygon", "coordinates": [[[84.875, 20.125], [85.125, 20.125], [85.125, 20.375], [84.875, 20.375], [84.875, 20.125]]]}, "properties": {"time": "2019-05-03T00:00:00", "variable": "ws", "tier": "low", "percentile": 99.6, "z": 7.97, "wind_ms": 9.43, "value": 9.43, "lat": 20.25, "lon": 85.0}}, {"type": "Feature", "geometry": {"type": "Polygon", "coordinates": [[[85.125, 20.125], [85.375, 20.125], [85.375, 20.375], [85.125, 20.375], [85.125, 20.125]]]}, "properties": {"time": "2019-05-03T00:00:00", "variable": "ws", "tier": "low", "percentile": 99.6, "z": 8.11, "wind_ms": 10.39, "value": 10.39, "lat": 20.25, "lon": 85.25}}, {"type": "Feature", "geometry": {"type": "Polygon", "coordinates": [[[85.375, 20.125], [85.625, 20.125], [85.625, 20.375], [85.375, 20.375], [85.375, 20.125]]]}, "properties": {"time": "2019-05-03T00:00:00", "variable": "ws", "tier": "low", "percentile": 99.6, "z": 6.96, "wind_ms": 10.45, "value": 10.45, "lat": 20.25, "lon": 85.5}}, {"type": "Feature", "geometry": {"type": "Polygon", "coordinates": [[[85.625, 20.125], [85.875, 20.125], [85.875, 20.375], [85.625, 20.375], [85.625, 20.125]]]}, "properties": {"time": "2019-05-03T00:00:00", "variable": "ws", "tier": "low", "percentile": 99.6, "z": 5.5, "wind_ms": 9.18, "value": 9.18, "lat": 20.25, "lon": 85.75}}, {"type": "Feature", "geometry": {"type": "Polygon", "coordinates": [[[86.375, 20.125], [86.625, 20.125], [86.625, 20.375], [86.375, 20.375], [86.375, 20.125]]]}, "properties": {"time": "2019-05-03T00:00:00", "variable": "ws", "tier": "low", "percentile": 99.6, "z": 4.08, "wind_ms": 10.18, "value": 10.18, "lat": 20.25, "lon": 86.5}}, {"type": "Feature", "geometry": {"type": "Polygon", "coordinates": [[[86.625, 20.125], [86.875, 20.125], [86.875, 20.375], [86.625, 20.375], [86.625, 20.125]]]}, "properties": {"time": "2019-05-03T00:00:00", "variable": "ws", "tier": "low", "percentile": 99.6, "z": 4.27, "wind_ms": 13.02, "value": 13.02, "lat": 20.25, "lon": 86.75}}, {"type": "Feature", "geometry": {"type": "Polygon", "coordinates": [[[86.875, 20.125], [87.125, 20.125], [87.125, 20.375], [86.875, 20.375], [86.875, 20.125]]]}, "properties": {"time": "2019-05-03T00:00:00", "variable": "ws", "tier": "low", "percentile": 99.6, "z": 4.16, "wind_ms": 15.51, "value": 15.51, "lat": 20.25, "lon": 87.0}}, {"type": "Feature", "geometry": {"type": "Polygon", "coordinates": [[[87.125, 20.125], [87.375, 20.125], [87.375, 20.375], [87.125, 20.375], [87.125, 20.125]]]}, "properties": {"time": "2019-05-03T00:00:00", "variable": "ws", "tier": "low", "percentile": 99.6, "z": 3.63, "wind_ms": 14.71, "value": 14.71, "lat": 20.25, "lon": 87.25}}, {"type": "Feature", "geometry": {"type": "Polygon", "coordinates": [[[87.375, 20.125], [87.625, 20.125], [87.625, 20.375], [87.375, 20.375], [87.375, 20.125]]]}, "properties": {"time": "2019-05-03T00:00:00", "variable": "ws", "tier": "low", "percentile": 99.6, "z": 3.34, "wind_ms": 14.22, "value": 14.22, "lat": 20.25, "lon": 87.5}}, {"type": "Feature", "geometry": {"type": "Polygon", "coordinates": [[[87.625, 20.125], [87.875, 20.125], [87.875, 20.375], [87.625, 20.375], [87.625, 20.125]]]}, "properties": {"time": "2019-05-03T00:00:00", "variable": "ws", "tier": "low", "percentile": 99.6, "z": 3.09, "wind_ms": 13.69, "value": 13.69, "lat": 20.25, "lon": 87.75}}, {"type": "Feature", "geometry": {"type": "Polygon", "coordinates": [[[87.875, 20.125], [88.125, 20.125], [88.125, 20.375], [87.875, 20.375], [87.875, 20.125]]]}, "properties": {"time": "2019-05-03T00:00:00", "variable": "ws", "tier": "low", "percentile": 99.6, "z": 2.89, "wind_ms": 13.41, "value": 13.41, "lat": 20.25, "lon": 88.0}}, {"type": "Feature", "geometry": {"type": "Polygon", "coordinates": [[[88.125, 20.125], [88.375, 20.125], [88.375, 20.375], [88.125, 20.375], [88.125, 20.125]]]}, "properties": {"time": "2019-05-03T00:00:00", "variable": "ws", "tier": "low", "percentile": 98.8, "z": 2.65, "wind_ms": 12.96, "value": 12.96, "lat": 20.25, "lon": 88.25}}, {"type": "Feature", "geometry": {"type": "Polygon", "coordinates": [[[85.375, 20.375], [85.625, 20.375], [85.625, 20.625], [85.375, 20.625], [85.375, 20.375]]]}, "properties": {"time": "2019-05-03T00:00:00", "variable": "ws", "tier": "low", "percentile": 99.6, "z": 7.16, "wind_ms": 9.08, "value": 9.08, "lat": 20.5, "lon": 85.5}}, {"type": "Feature", "geometry": {"type": "Polygon", "coordinates": [[[85.625, 20.375], [85.875, 20.375], [85.875, 20.625], [85.625, 20.625], [85.625, 20.375]]]}, "properties": {"time": "2019-05-03T00:00:00", "variable": "ws", "tier": "low", "percentile": 99.6, "z": 6.32, "wind_ms": 8.98, "value": 8.98, "lat": 20.5, "lon": 85.75}}, {"type": "Feature", "geometry": {"type": "Polygon", "coordinates": [[[86.875, 20.375], [87.125, 20.375], [87.125, 20.625], [86.875, 20.625], [86.875, 20.375]]]}, "properties": {"time": "2019-05-03T00:00:00", "variable": "ws", "tier": "low", "percentile": 99.6, "z": 3.2, "wind_ms": 10.85, "value": 10.85, "lat": 20.5, "lon": 87.0}}, {"type": "Feature", "geometry": {"type": "Polygon", "coordinates": [[[87.125, 20.375], [87.375, 20.375], [87.375, 20.625], [87.125, 20.625], [87.125, 20.375]]]}, "properties": {"time": "2019-05-03T00:00:00", "variable": "ws", "tier": "low", "percentile": 99.6, "z": 3.13, "wind_ms": 13.08, "value": 13.08, "lat": 20.5, "lon": 87.25}}, {"type": "Feature", "geometry": {"type": "Polygon", "coordinates": [[[87.375, 20.375], [87.625, 20.375], [87.625, 20.625], [87.375, 20.625], [87.375, 20.375]]]}, "properties": {"time": "2019-05-03T00:00:00", "variable": "ws", "tier": "low", "percentile": 99.6, "z": 2.79, "wind_ms": 12.8, "value": 12.8, "lat": 20.5, "lon": 87.5}}, {"type": "Feature", "geometry": {"type": "Polygon", "coordinates": [[[87.625, 20.375], [87.875, 20.375], [87.875, 20.625], [87.625, 20.625], [87.625, 20.375]]]}, "properties": {"time": "2019-05-03T00:00:00", "variable": "ws", "tier": "low", "percentile": 98.8, "z": 2.48, "wind_ms": 12.24, "value": 12.24, "lat": 20.5, "lon": 87.75}}, {"type": "Feature", "geometry": {"type": "Polygon", "coordinates": [[[87.875, 20.375], [88.125, 20.375], [88.125, 20.625], [87.875, 20.625], [87.875, 20.375]]]}, "properties": {"time": "2019-05-03T00:00:00", "variable": "ws", "tier": "low", "percentile": 98.8, "z": 2.52, "wind_ms": 12.49, "value": 12.49, "lat": 20.5, "lon": 88.0}}, {"type": "Feature", "geometry": {"type": "Polygon", "coordinates": [[[88.125, 20.375], [88.375, 20.375], [88.375, 20.625], [88.125, 20.625], [88.125, 20.375]]]}, "properties": {"time": "2019-05-03T00:00:00", "variable": "ws", "tier": "low", "percentile": 98.8, "z": 2.29, "wind_ms": 12.04, "value": 12.04, "lat": 20.5, "lon": 88.25}}, {"type": "Feature", "geometry": {"type": "Polygon", "coordinates": [[[86.875, 20.625], [87.125, 20.625], [87.125, 20.875], [86.875, 20.875], [86.875, 20.625]]]}, "properties": {"time": "2019-05-03T00:00:00", "variable": "ws", "tier": "low", "percentile": 99.6, "z": 3.13, "wind_ms": 9.39, "value": 9.39, "lat": 20.75, "lon": 87.0}}, {"type": "Feature", "geometry": {"type": "Polygon", "coordinates": [[[87.125, 20.625], [87.375, 20.625], [87.375, 20.875], [87.125, 20.875], [87.125, 20.625]]]}, "properties": {"time": "2019-05-03T00:00:00", "variable": "ws", "tier": "low", "percentile": 99.6, "z": 3.02, "wind_ms": 11.61, "value": 11.61, "lat": 20.75, "lon": 87.25}}, {"type": "Feature", "geometry": {"type": "Polygon", "coordinates": [[[87.375, 20.625], [87.625, 20.625], [87.625, 20.875], [87.375, 20.875], [87.375, 20.625]]]}, "properties": {"time": "2019-05-03T00:00:00", "variable": "ws", "tier": "low", "percentile": 98.8, "z": 2.37, "wind_ms": 11.61, "value": 11.61, "lat": 20.75, "lon": 87.5}}, {"type": "Feature", "geometry": {"type": "Polygon", "coordinates": [[[87.625, 20.625], [87.875, 20.625], [87.875, 20.875], [87.625, 20.875], [87.625, 20.625]]]}, "properties": {"time": "2019-05-03T00:00:00", "variable": "ws", "tier": "low", "percentile": 98.8, "z": 1.96, "wind_ms": 11.17, "value": 11.17, "lat": 20.75, "lon": 87.75}}, {"type": "Feature", "geometry": {"type": "Polygon", "coordinates": [[[87.875, 20.625], [88.125, 20.625], [88.125, 20.875], [87.875, 20.875], [87.875, 20.625]]]}, "properties": {"time": "2019-05-03T00:00:00", "variable": "ws", "tier": "low", "percentile": 98.8, "z": 2.19, "wind_ms": 11.71, "value": 11.71, "lat": 20.75, "lon": 88.0}}, {"type": "Feature", "geometry": {"type": "Polygon", "coordinates": [[[88.125, 20.625], [88.375, 20.625], [88.375, 20.875], [88.125, 20.875], [88.125, 20.625]]]}, "properties": {"time": "2019-05-03T00:00:00", "variable": "ws", "tier": "low", "percentile": 98.0, "z": 2.1, "wind_ms": 11.58, "value": 11.58, "lat": 20.75, "lon": 88.25}}, {"type": "Feature", "geometry": {"type": "Polygon", "coordinates": [[[86.875, 20.875], [87.125, 20.875], [87.125, 21.125], [86.875, 21.125], [86.875, 20.875]]]}, "properties": {"time": "2019-05-03T00:00:00", "variable": "ws", "tier": "low", "percentile": 99.6, "z": 3.31, "wind_ms": 9.82, "value": 9.82, "lat": 21.0, "lon": 87.0}}, {"type": "Feature", "geometry": {"type": "Polygon", "coordinates": [[[87.125, 20.875], [87.375, 20.875], [87.375, 21.125], [87.125, 21.125], [87.125, 20.875]]]}, "properties": {"time": "2019-05-03T00:00:00", "variable": "ws", "tier": "low", "percentile": 98.8, "z": 3.15, "wind_ms": 11.6, "value": 11.6, "lat": 21.0, "lon": 87.25}}, {"type": "Feature", "geometry": {"type": "Polygon", "coordinates": [[[87.375, 20.875], [87.625, 20.875], [87.625, 21.125], [87.375, 21.125], [87.375, 20.875]]]}, "properties": {"time": "2019-05-03T00:00:00", "variable": "ws", "tier": "low", "percentile": 98.8, "z": 2.42, "wind_ms": 11.33, "value": 11.33, "lat": 21.0, "lon": 87.5}}, {"type": "Feature", "geometry": {"type": "Polygon", "coordinates": [[[87.625, 20.875], [87.875, 20.875], [87.875, 21.125], [87.625, 21.125], [87.625, 20.875]]]}, "properties": {"time": "2019-05-03T00:00:00", "variable": "ws", "tier": "low", "percentile": 98.0, "z": 1.94, "wind_ms": 11.01, "value": 11.01, "lat": 21.0, "lon": 87.75}}, {"type": "Feature", "geometry": {"type": "Polygon", "coordinates": [[[87.875, 20.875], [88.125, 20.875], [88.125, 21.125], [87.875, 21.125], [87.875, 20.875]]]}, "properties": {"time": "2019-05-03T00:00:00", "variable": "ws", "tier": "low", "percentile": 98.8, "z": 2.14, "wind_ms": 11.63, "value": 11.63, "lat": 21.0, "lon": 88.0}}, {"type": "Feature", "geometry": {"type": "Polygon", "coordinates": [[[88.125, 20.875], [88.375, 20.875], [88.375, 21.125], [88.125, 21.125], [88.125, 20.875]]]}, "properties": {"time": "2019-05-03T00:00:00", "variable": "ws", "tier": "low", "percentile": 98.0, "z": 2.07, "wind_ms": 11.67, "value": 11.67, "lat": 21.0, "lon": 88.25}}], "properties": {"thresholds": {"low_z": 1.5, "low_ws": 8.7, "moderate_z": 2.0, "moderate_ws": 17.0, "severe_z": 3.0, "severe_ws": 25.0}, "note": "Tiers: z-score AND wind >= 8.7/17/25 m/s (IMD D/CS/SCS), only inside tracked-object boxes + 1 deg. Adjusted after observing results; not validated against impacts. Per-hour ERA5 reanalysis climatology; single member, not an ensemble EFI."}}