{"type": "FeatureCollection", "features": [{"type": "Feature", "geometry": {"type": "Polygon", "coordinates": [[[83.375, 16.125], [83.625, 16.125], [83.625, 16.375], [83.375, 16.375], [83.375, 16.125]]]}, "properties": {"time": "2019-05-03T00:00:00", "variable": "msl", "tier": "low", "percentile": 98.8, "z": 3.12, "wind_ms": 12.3, "value": 1001.07, "lat": 16.25, "lon": 83.5}}, {"type": "Feature", "geometry": {"type": "Polygon", "coordinates": [[[83.625, 16.125], [83.875, 16.125], [83.875, 16.375], [83.625, 16.375], [83.625, 16.125]]]}, "properties": {"time": "2019-05-03T00:00:00", "variable": "msl", "tier": "low", "percentile": 98.8, "z": 2.82, "wind_ms": 12.82, "value": 1001.17, "lat": 16.25, "lon": 83.75}}, {"type": "Feature", "geometry": {"type": "Polygon", "coordinates": [[[83.875, 16.125], [84.125, 16.125], [84.125, 16.375], [83.875, 16.375], [83.875, 16.125]]]}, "properties": {"time": "2019-05-03T00:00:00", "variable": "msl", "tier": "low", "percentile": 98.8, "z": 2.46, "wind_ms": 13.22, "value": 1001.22, "lat": 16.25, "lon": 84.0}}, {"type": "Feature", "geometry": {"type": "Polygon", "coordinates": [[[84.125, 16.125], [84.375, 16.125], [84.375, 16.375], [84.125, 16.375], [84.125, 16.125]]]}, "properties": {"time": "2019-05-03T00:00:00", "variable": "msl", "tier": "low", "percentile": 98.8, "z": 2.25, "wind_ms": 13.86, "value": 1001.26, "lat": 16.25, "lon": 84.25}}, {"type": "Feature", "geometry": {"type": "Polygon", "coordinates": [[[84.375, 16.125], [84.625, 16.125], [84.625, 16.375], [84.375, 16.375], [84.375, 16.125]]]}, "properties": {"time": "2019-05-03T00:00:00", "variable": "msl", "tier": "low", "percentile": 98.8, "z": 2.09, "wind_ms": 14.15, "value": 1001.3, "lat": 16.25, "lon": 84.5}}, {"type": "Feature", "geometry": {"type": "Polygon", "coordinates": [[[84.625, 16.125], [84.875, 16.125], [84.875, 16.375], [84.625, 16.375], [84.625, 16.125]]]}, "properties": {"time": "2019-05-03T00:00:00", "variable": "msl", "tier": "low", "percentile": 98.8, "z": 2.11, "wind_ms": 14.68, "value": 1001.28, "lat": 16.25, "lon": 84.75}}, {"type": "Feature", "geometry": {"type": "Polygon", "coordinates": [[[84.875, 16.125], [85.125, 16.125], [85.125, 16.375], [84.875, 16.375], [84.875, 16.125]]]}, "properties": {"time": "2019-05-03T00:00:00", "variable": "msl", "tier": "low", "percentile": 98.8, "z": 2.31, "wind_ms": 14.81, "value": 1001.28, "lat": 16.25, "lon": 85.0}}, {"type": "Feature", "geometry": {"type": "Polygon", "coordinates": [[[85.125, 16.125], [85.375, 16.125], [85.375, 16.375], [85.125, 16.375], [85.125, 16.125]]]}, "properties": {"time": "2019-05-03T00:00:00", "variable": "msl", "tier": "low", "percentile": 98.8, "z": 2.62, "wind_ms": 15.03, "value": 1001.24, "lat": 16.25, "lon": 85.25}}, {"type": "Feature", "geometry": {"type": "Polygon", "coordinates": [[[85.375, 16.125], [85.625, 16.125], [85.625, 16.375], [85.375, 16.375], [85.375, 16.125]]]}, "properties": {"time": "2019-05-03T00:00:00", "variable": "msl", "tier": "low", "percentile": 98.8, "z": 2.98, "wind_ms": 14.92, "value": 1001.22, "lat": 16.25, "lon": 85.5}}, {"type": "Feature", "geometry": {"type": "Polygon", "coordinates": [[[85.625, 16.125], [85.875, 16.125], [85.875, 16.375], [85.625, 16.375], [85.625, 16.125]]]}, "properties": {"time": "2019-05-03T00:00:00", "variable": "msl", "tier": "low", "percentile": 98.8, "z": 3.29, "wind_ms": 15.04, "value": 1001.25, "lat": 16.25, "lon": 85.75}}, {"type": "Feature", "geometry": {"type": "Polygon", "coordinates": [[[85.875, 16.125], [86.125, 16.125], [86.125, 16.375], [85.875, 16.375], [85.875, 16.125]]]}, "properties": {"time": "2019-05-03T00:00:00", "variable": "msl", "tier": "low", "percentile": 98.8, "z": 3.48, "wind_ms": 15.49, "value": 1001.33, "lat": 16.25, "lon": 86.0}}, {"type": "Feature", "geometry": {"type": "Polygon", "coordinates": [[[86.125, 16.125], [86.375, 16.125], [86.375, 16.375], [86.125, 16.375], [86.125, 16.125]]]}, "properties": {"time": "2019-05-03T00:00:00", "variable": "msl", "tier": "low", "percentile": 98.8, "z": 3.59, "wind_ms": 16.17, "value": 1001.51, "lat": 16.25, "lon": 86.25}}, {"type": "Feature", "geometry": {"type": "Polygon", "coordinates": [[[86.375, 16.125], [86.625, 16.125], [86.625, 16.375], [86.375, 16.375], [86.375, 16.125]]]}, "properties": {"time": "2019-05-03T00:00:00", "variable": "msl", "tier": "low", "percentile": 98.8, "z": 3.63, "wind_ms": 16.43, "value": 1001.73, "lat": 16.25, "lon": 86.5}}, {"type": "Feature", "geometry": {"type": "Polygon", "coordinates": [[[86.625, 16.125], [86.875, 16.125], [86.875, 16.375], [86.625, 16.375], [86.625, 16.125]]]}, "properties": {"time": "2019-05-03T00:00:00", "variable": "msl", "tier": "low", "percentile": 98.8, "z": 3.61, "wind_ms": 16.65, "value": 1002.02, "lat": 16.25, "lon": 86.75}}, {"type": "Feature", "geometry": {"type": "Polygon", "coordinates": [[[86.875, 16.125], [87.125, 16.125], [87.125, 16.375], [86.875, 16.375], [86.875, 16.125]]]}, "properties": {"time": "2019-05-03T00:00:00", "variable": "msl", "tier": "low", "percentile": 98.8, "z": 3.55, "wind_ms": 16.38, "value": 1002.34, "lat": 16.25, "lon": 87.0}}, {"type": "Feature", "geometry": {"type": "Polygon", "coordinates": [[[87.125, 16.125], [87.375, 16.125], [87.375, 16.375], [87.125, 16.375], [87.125, 16.125]]]}, "properties": {"time": "2019-05-03T00:00:00", "variable": "msl", "tier": "low", "percentile": 98.8, "z": 3.5, "wind_ms": 15.98, "value": 1002.64, "lat": 16.25, "lon": 87.25}}, {"type": "Feature", "geometry": {"type": "Polygon", "coordinates": [[[87.375, 16.125], [87.625, 16.125], [87.625, 16.375], [87.375, 16.375], [87.375, 16.125]]]}, "properties": {"time": "2019-05-03T00:00:00", "variable": "msl", "tier": "low", "percentile": 98.8, "z": 3.45, "wind_ms": 15.74, "value": 1002.92, "lat": 16.25, "lon": 87.5}}, {"type": "Feature", "geometry": {"type": "Polygon", "coordinates": [[[87.625, 16.125], [87.875, 16.125], [87.875, 16.375], [87.625, 16.375], [87.625, 16.125]]]}, "properties": {"time": "2019-05-03T00:00:00", "variable": "msl", "tier": "low", "percentile": 98.8, "z": 3.44, "wind_ms": 15.61, "value": 1003.11, "lat": 16.25, "lon": 87.75}}, {"type": "Feature", "geometry": {"type": "Polygon", "coordinates": [[[87.875, 16.125], [88.125, 16.125], [88.125, 16.375], [87.875, 16.375], [87.875, 16.125]]]}, "properties": {"time": "2019-05-03T00:00:00", "variable": "msl", "tier": "low", "percentile": 98.8, "z": 3.44, "wind_ms": 15.3, "value": 1003.24, "lat": 16.25, "lon": 88.0}}, {"type": "Feature", "geometry": {"type": "Polygon", "coordinates": [[[88.125, 16.125], [88.375, 16.125], [88.375, 16.375], [88.125, 16.375], [88.125, 16.125]]]}, "properties": {"time": "2019-05-03T00:00:00", "variable": "msl", "tier": "low", "percentile": 98.8, "z": 3.42, "wind_ms": 14.99, "value": 1003.42, "lat": 16.25, "lon": 88.25}}, {"type": "Feature", "geometry": {"type": "Polygon", "coordinates": [[[83.375, 16.375], [83.625, 16.375], [83.625, 16.625], [83.375, 16.625], [83.375, 16.375]]]}, "properties": {"time": "2019-05-03T00:00:00", "variable": "msl", "tier": "low", "percentile": 98.8, "z": 3.25, "wind_ms": 11.06, "value": 1000.91, "lat": 16.5, "lon": 83.5}}, {"type": "Feature", "geometry": {"type": "Polygon", "coordinates": [[[83.625, 16.375], [83.875, 16.375], [83.875, 16.625], [83.625, 16.625], [83.625, 16.375]]]}, "properties": {"time": "2019-05-03T00:00:00", "variable": "msl", "tier": "low", "percentile": 98.8, "z": 2.99, "wind_ms": 11.63, "value": 1001.02, "lat": 16.5, "lon": 83.75}}, {"type": "Feature", "geometry": {"type": "Polygon", "coordinates": [[[83.875, 16.375], [84.125, 16.375], [84.125, 16.625], [83.875, 16.625], [83.875, 16.375]]]}, "properties": {"time": "2019-05-03T00:00:00", "variable": "msl", "tier": "low", "percentile": 98.8, "z": 2.8, "wind_ms": 12.36, "value": 1001.04, "lat": 16.5, "lon": 84.0}}, {"type": "Feature", "geometry": {"type": "Polygon", "coordinates": [[[84.125, 16.375], [84.375, 16.375], [84.375, 16.625], [84.125, 16.625], [84.125, 16.375]]]}, "properties": {"time": "2019-05-03T00:00:00", "variable": "msl", "tier": "low", "percentile": 98.8, "z": 2.58, "wind_ms": 13.14, "value": 1001.09, "lat": 16.5, "lon": 84.25}}, {"type": "Feature", "geometry": {"type": "Polygon", "coordinates": [[[84.375, 16.375], [84.625, 16.375], [84.625, 16.625], [84.375, 16.625], [84.375, 16.375]]]}, "properties": {"time": "2019-05-03T00:00:00", "variable": "msl", "tier": "low", "percentile": 98.8, "z": 2.5, "wind_ms": 13.79, "value": 1001.09, "lat": 16.5, "lon": 84.5}}, {"type": "Feature", "geometry": {"type": "Polygon", "coordinates": [[[84.625, 16.375], [84.875, 16.375], [84.875, 16.625], [84.625, 16.625], [84.625, 16.375]]]}, "properties": {"time": "2019-05-03T00:00:00", "variable": "msl", "tier": "low", "percentile": 98.8, "z": 2.53, "wind_ms": 14.47, "value": 1001.06, "lat": 16.5, "lon": 84.75}}, {"type": "Feature", "geometry": {"type": "Polygon", "coordinates": [[[84.875, 16.375], [85.125, 16.375], [85.125, 16.625], [84.875, 16.625], [84.875, 16.375]]]}, "properties": {"time": "2019-05-03T00:00:00", "variable": "msl", "tier": "low", "percentile": 98.8, "z": 2.66, "wind_ms": 14.84, "value": 1001.04, "lat": 16.5, "lon": 85.0}}, {"type": "Feature", "geometry": {"type": "Polygon", "coordinates": [[[85.125, 16.375], [85.375, 16.375], [85.375, 16.625], [85.125, 16.625], [85.125, 16.375]]]}, "properties": {"time": "2019-05-03T00:00:00", "variable": "msl", "tier": "low", "percentile": 98.8, "z": 2.94, "wind_ms": 15.16, "value": 1000.98, "lat": 16.5, "lon": 85.25}}, {"type": "Feature", "geometry": {"type": "Polygon", "coordinates": [[[85.375, 16.375], [85.625, 16.375], [85.625, 16.625], [85.375, 16.625], [85.375, 16.375]]]}, "properties": {"time": "2019-05-03T00:00:00", "variable": "msl", "tier": "low", "percentile": 98.8, "z": 3.23, "wind_ms": 15.32, "value": 1000.95, "lat": 16.5, "lon": 85.5}}, {"type": "Feature", "geometry": {"type": "Polygon", "coordinates": [[[85.625, 16.375], [85.875, 16.375], [85.875, 16.625], [85.625, 16.625], [85.625, 16.375]]]}, "properties": {"time": "2019-05-03T00:00:00", "variable": "msl", "tier": "low", "percentile": 98.8, "z": 3.46, "wind_ms": 15.89, "value": 1000.97, "lat": 16.5, "lon": 85.75}}, {"type": "Feature", "geometry": {"type": "Polygon", "coordinates": [[[85.875, 16.375], [86.125, 16.375], [86.125, 16.625], [85.875, 16.625], [85.875, 16.375]]]}, "properties": {"time": "2019-05-03T00:00:00", "variable": "msl", "tier": "low", "percentile": 98.8, "z": 3.63, "wind_ms": 16.33, "value": 1001.04, "lat": 16.5, "lon": 86.0}}, {"type": "Feature", "geometry": {"type": "Polygon", "coordinates": [[[86.125, 16.375], [86.375, 16.375], [86.375, 16.625], [86.125, 16.625], [86.125, 16.375]]]}, "properties": {"time": "2019-05-03T00:00:00", "variable": "msl", "tier": "low", "percentile": 98.8, "z": 3.73, "wind_ms": 16.53, "value": 1001.17, "lat": 16.5, "lon": 86.25}}, {"type": "Feature", "geometry": {"type": "Polygon", "coordinates": [[[86.375, 16.375], [86.625, 16.375], [86.625, 16.625], [86.375, 16.625], [86.375, 16.375]]]}, "properties": {"time": "2019-05-03T00:00:00", "variable": "msl", "tier": "low", "percentile": 98.8, "z": 3.77, "wind_ms": 16.63, "value": 1001.38, "lat": 16.5, "lon": 86.5}}, {"type": "Feature", "geometry": {"type": "Polygon", "coordinates": [[[86.625, 16.375], [86.875, 16.375], [86.875, 16.625], [86.625, 16.625], [86.625, 16.375]]]}, "properties": {"time": "2019-05-03T00:00:00", "variable": "msl", "tier": "low", "percentile": 98.8, "z": 3.76, "wind_ms": 16.83, "value": 1001.64, "lat": 16.5, "lon": 86.75}}, {"type": "Feature", "geometry": {"type": "Polygon", "coordinates": [[[86.875, 16.375], [87.125, 16.375], [87.125, 16.625], [86.875, 16.625], [86.875, 16.375]]]}, "properties": {"time": "2019-05-03T00:00:00", "variable": "msl", "tier": "low", "percentile": 98.8, "z": 3.71, "wind_ms": 16.55, "value": 1001.97, "lat": 16.5, "lon": 87.0}}, {"type": "Feature", "geometry": {"type": "Polygon", "coordinates": [[[87.125, 16.375], [87.375, 16.375], [87.375, 16.625], [87.125, 16.625], [87.125, 16.375]]]}, "properties": {"time": "2019-05-03T00:00:00", "variable": "msl", "tier": "low", "percentile": 98.8, "z": 3.64, "wind_ms": 16.22, "value": 1002.3, "lat": 16.5, "lon": 87.25}}, {"type": "Feature", "geometry": {"type": "Polygon", "coordinates": [[[87.375, 16.375], [87.625, 16.375], [87.625, 16.625], [87.375, 16.625], [87.375, 16.375]]]}, "properties": {"time": "2019-05-03T00:00:00", "variable": "msl", "tier": "low", "percentile": 98.8, "z": 3.56, "wind_ms": 15.98, "value": 1002.62, "lat": 16.5, "lon": 87.5}}, {"type": "Feature", "geometry": {"type": "Polygon", "coordinates": [[[87.625, 16.375], [87.875, 16.375], [87.875, 16.625], [87.625, 16.625], [87.625, 16.375]]]}, "properties": {"time": "2019-05-03T00:00:00", "variable": "msl", "tier": "low", "percentile": 98.8, "z": 3.51, "wind_ms": 15.55, "value": 1002.88, "lat": 16.5, "lon": 87.75}}, {"type": "Feature", "geometry": {"type": "Polygon", "coordinates": [[[87.875, 16.375], [88.125, 16.375], [88.125, 16.625], [87.875, 16.625], [87.875, 16.375]]]}, "properties": {"time": "2019-05-03T00:00:00", "variable": "msl", "tier": "low", "percentile": 98.8, "z": 3.49, "wind_ms": 15.26, "value": 1003.06, "lat": 16.5, "lon": 88.0}}, {"type": "Feature", "geometry": {"type": "Polygon", "coordinates": [[[88.125, 16.375], [88.375, 16.375], [88.375, 16.625], [88.125, 16.625], [88.125, 16.375]]]}, "properties": {"time": "2019-05-03T00:00:00", "variable": "msl", "tier": "low", "percentile": 98.8, "z": 3.47, "wind_ms": 15.02, "value": 1003.27, "lat": 16.5, "lon": 88.25}}, {"type": "Feature", "geometry": {"type": "Polygon", "coordinates": [[[83.375, 16.625], [83.625, 16.625], [83.625, 16.875], [83.375, 16.875], [83.375, 16.625]]]}, "properties": {"time": "2019-05-03T00:00:00", "variable": "msl", "tier": "low", "percentile": 98.8, "z": 3.4, "wind_ms": 9.94, "value": 1000.78, "lat": 16.75, "lon": 83.5}}, {"type": "Feature", "geometry": {"type": "Polygon", "coordinates": [[[83.625, 16.625], [83.875, 16.625], [83.875, 16.875], [83.625, 16.875], [83.625, 16.625]]]}, "properties": {"time": "2019-05-03T00:00:00", "variable": "msl", "tier": "low", "percentile": 98.8, "z": 3.27, "wind_ms": 10.74, "value": 1000.77, "lat": 16.75, "lon": 83.75}}, {"type": "Feature", "geometry": {"type": "Polygon", "coordinates": [[[83.875, 16.625], [84.125, 16.625], [84.125, 16.875], [83.875, 16.875], [83.875, 16.625]]]}, "properties": {"time": "2019-05-03T00:00:00", "variable": "msl", "tier": "low", "percentile": 98.8, "z": 3.14, "wind_ms": 11.49, "value": 1000.73, "lat": 16.75, "lon": 84.0}}, {"type": "Feature", "geometry": {"type": "Polygon", "coordinates": [[[84.125, 16.625], [84.375, 16.625], [84.375, 16.875], [84.125, 16.875], [84.125, 16.625]]]}, "properties": {"time": "2019-05-03T00:00:00", "variable": "msl", "tier": "low", "percentile": 98.8, "z": 3.05, "wind_ms": 11.92, "value": 1000.7, "lat": 16.75, "lon": 84.25}}, {"type": "Feature", "geometry": {"type": "Polygon", "coordinates": [[[84.375, 16.625], [84.625, 16.625], [84.625, 16.875], [84.375, 16.875], [84.375, 16.625]]]}, "properties": {"time": "2019-05-03T00:00:00", "variable": "msl", "tier": "low", "percentile": 98.8, "z": 2.98, "wind_ms": 12.38, "value": 1000.7, "lat": 16.75, "lon": 84.5}}, {"type": "Feature", "geometry": {"type": "Polygon", "coordinates": [[[84.625, 16.625], [84.875, 16.625], [84.875, 16.875], [84.625, 16.875], [84.625, 16.625]]]}, "properties": {"time": "2019-05-03T00:00:00", "variable": "msl", "tier": "low", "percentile": 98.8, "z": 3.0, "wind_ms": 12.8, "value": 1000.72, "lat": 16.75, "lon": 84.75}}, {"type": "Feature", "geometry": {"type": "Polygon", "coordinates": [[[84.875, 16.625], [85.125, 16.625], [85.125, 16.875], [84.875, 16.875], [84.875, 16.625]]]}, "properties": {"time": "2019-05-03T00:00:00", "variable": "msl", "tier": "low", "percentile": 98.8, "z": 3.1, "wind_ms": 12.91, "value": 1000.76, "lat": 16.75, "lon": 85.0}}, {"type": "Feature", "geometry": {"type": "Polygon", "coordinates": [[[85.125, 16.625], [85.375, 16.625], [85.375, 16.875], [85.125, 16.875], [85.125, 16.625]]]}, "properties": {"time": "2019-05-03T00:00:00", "variable": "msl", "tier": "low", "percentile": 98.8, "z": 3.22, "wind_ms": 13.66, "value": 1000.86, "lat": 16.75, "lon": 85.25}}, {"type": "Feature", "geometry": {"type": "Polygon", "coordinates": [[[85.375, 16.625], [85.625, 16.625], [85.625, 16.875], [85.375, 16.875], [85.375, 16.625]]]}, "properties": {"time": "2019-05-03T00:00:00", "variable": "msl", "tier": "low", "percentile": 98.8, "z": 3.4, "wind_ms": 14.33, "value": 1000.89, "lat": 16.75, "lon": 85.5}}, {"type": "Feature", "geometry": {"type": "Polygon", "coordinates": [[[85.625, 16.625], [85.875, 16.625], [85.875, 16.875], [85.625, 16.875], [85.625, 16.625]]]}, "properties": {"time": "2019-05-03T00:00:00", "variable": "msl", "tier": "low", "percentile": 98.8, "z": 3.6, "wind_ms": 14.88, "value": 1000.84, "lat": 16.75, "lon": 85.75}}, {"type": "Feature", "geometry": {"type": "Polygon", "coordinates": [[[85.875, 16.625], [86.125, 16.625], [86.125, 16.875], [85.875, 16.875], [85.875, 16.625]]]}, "properties": {"time": "2019-05-03T00:00:00", "variable": "msl", "tier": "low", "percentile": 98.8, "z": 3.71, "wind_ms": 15.15, "value": 1000.91, "lat": 16.75, "lon": 86.0}}, {"type": "Feature", "geometry": {"type": "Polygon", "coordinates": [[[86.125, 16.625], [86.375, 16.625], [86.375, 16.875], [86.125, 16.875], [86.125, 16.625]]]}, "properties": {"time": "2019-05-03T00:00:00", "variable": "msl", "tier": "low", "percentile": 98.8, "z": 3.79, "wind_ms": 15.49, "value": 1001.07, "lat": 16.75, "lon": 86.25}}, {"type": "Feature", "geometry": {"type": "Polygon", "coordinates": [[[86.375, 16.625], [86.625, 16.625], [86.625, 16.875], [86.375, 16.875], [86.375, 16.625]]]}, "properties": {"time": "2019-05-03T00:00:00", "variable": "msl", "tier": "low", "percentile": 98.8, "z": 3.84, "wind_ms": 16.04, "value": 1001.24, "lat": 16.75, "lon": 86.5}}, {"type": "Feature", "geometry": {"type": "Polygon", "coordinates": [[[86.625, 16.625], [86.875, 16.625], [86.875, 16.875], [86.625, 16.875], [86.625, 16.625]]]}, "properties": {"time": "2019-05-03T00:00:00", "variable": "msl", "tier": "low", "percentile": 98.8, "z": 3.85, "wind_ms": 16.5, "value": 1001.44, "lat": 16.75, "lon": 86.75}}, {"type": "Feature", "geometry": {"type": "Polygon", "coordinates": [[[86.875, 16.625], [87.125, 16.625], [87.125, 16.875], [86.875, 16.875], [86.875, 16.625]]]}, "properties": {"time": "2019-05-03T00:00:00", "variable": "msl", "tier": "low", "percentile": 98.8, "z": 3.82, "wind_ms": 16.46, "value": 1001.69, "lat": 16.75, "lon": 87.0}}, {"type": "Feature", "geometry": {"type": "Polygon", "coordinates": [[[87.125, 16.625], [87.375, 16.625], [87.375, 16.875], [87.125, 16.875], [87.125, 16.625]]]}, "properties": {"time": "2019-05-03T00:00:00", "variable": "msl", "tier": "low", "percentile": 98.8, "z": 3.77, "wind_ms": 16.17, "value": 1001.99, "lat": 16.75, "lon": 87.25}}, {"type": "Feature", "geometry": {"type": "Polygon", "coordinates": [[[87.375, 16.625], [87.625, 16.625], [87.625, 16.875], [87.375, 16.875], [87.375, 16.625]]]}, "properties": {"time": "2019-05-03T00:00:00", "variable": "msl", "tier": "low", "percentile": 98.8, "z": 3.68, "wind_ms": 15.81, "value": 1002.34, "lat": 16.75, "lon": 87.5}}, {"type": "Feature", "geometry": {"type": "Polygon", "coordinates": [[[87.625, 16.625], [87.875, 16.625], [87.875, 16.875], [87.625, 16.875], [87.625, 16.625]]]}, "properties": {"time": "2019-05-03T00:00:00", "variable": "msl", "tier": "low", "percentile": 98.8, "z": 3.6, "wind_ms": 15.2, "value": 1002.66, "lat": 16.75, "lon": 87.75}}, {"type": "Feature", "geometry": {"type": "Polygon", "coordinates": [[[87.875, 16.625], [88.125, 16.625], [88.125, 16.875], [87.875, 16.875], [87.875, 16.625]]]}, "properties": {"time": "2019-05-03T00:00:00", "variable": "msl", "tier": "low", "percentile": 98.8, "z": 3.55, "wind_ms": 15.2, "value": 1002.89, "lat": 16.75, "lon": 88.0}}, {"type": "Feature", "geometry": {"type": "Polygon", "coordinates": [[[88.125, 16.625], [88.375, 16.625], [88.375, 16.875], [88.125, 16.875], [88.125, 16.625]]]}, "properties": {"time": "2019-05-03T00:00:00", "variable": "msl", "tier": "low", "percentile": 98.8, "z": 3.5, "wind_ms": 14.99, "value": 1003.13, "lat": 16.75, "lon": 88.25}}, {"type": "Feature", "geometry": {"type": "Polygon", "coordinates": [[[83.375, 16.875], [83.625, 16.875], [83.625, 17.125], [83.375, 17.125], [83.375, 16.875]]]}, "properties": {"time": "2019-05-03T00:00:00", "variable": "msl", "tier": "low", "percentile": 98.8, "z": 3.58, "wind_ms": 9.43, "value": 1000.63, "lat": 17.0, "lon": 83.5}}, {"type": "Feature", "geometry": {"type": "Polygon", "coordinates": [[[83.625, 16.875], [83.875, 16.875], [83.875, 17.125], [83.625, 17.125], [83.625, 16.875]]]}, "properties": {"time": "2019-05-03T00:00:00", "variable": "msl", "tier": "low", "percentile": 98.8, "z": 3.54, "wind_ms": 10.01, "value": 1000.5, "lat": 17.0, "lon": 83.75}}, {"type": "Feature", "geometry": {"type": "Polygon", "coordinates": [[[83.875, 16.875], [84.125, 16.875], [84.125, 17.125], [83.875, 17.125], [83.875, 16.875]]]}, "properties": {"time": "2019-05-03T00:00:00", "variable": "msl", "tier": "low", "percentile": 98.8, "z": 3.47, "wind_ms": 10.16, "value": 1000.42, "lat": 17.0, "lon": 84.0}}, {"type": "Feature", "geometry": {"type": "Polygon", "coordinates": [[[84.125, 16.875], [84.375, 16.875], [84.375, 17.125], [84.125, 17.125], [84.125, 16.875]]]}, "properties": {"time": "2019-05-03T00:00:00", "variable": "msl", "tier": "low", "percentile": 98.8, "z": 3.41, "wind_ms": 10.17, "value": 1000.43, "lat": 17.0, "lon": 84.25}}, {"type": "Feature", "geometry": {"type": "Polygon", "coordinates": [[[84.375, 16.875], [84.625, 16.875], [84.625, 17.125], [84.375, 17.125], [84.375, 16.875]]]}, "properties": {"time": "2019-05-03T00:00:00", "variable": "msl", "tier": "low", "percentile": 98.8, "z": 3.38, "wind_ms": 10.64, "value": 1000.48, "lat": 17.0, "lon": 84.5}}, {"type": "Feature", "geometry": {"type": "Polygon", "coordinates": [[[84.625, 16.875], [84.875, 16.875], [84.875, 17.125], [84.625, 17.125], [84.625, 16.875]]]}, "properties": {"time": "2019-05-03T00:00:00", "variable": "msl", "tier": "low", "percentile": 98.8, "z": 3.41, "wind_ms": 11.57, "value": 1000.48, "lat": 17.0, "lon": 84.75}}, {"type": "Feature", "geometry": {"type": "Polygon", "coordinates": [[[84.875, 16.875], [85.125, 16.875], [85.125, 17.125], [84.875, 17.125], [84.875, 16.875]]]}, "properties": {"time": "2019-05-03T00:00:00", "variable": "msl", "tier": "low", "percentile": 98.8, "z": 3.48, "wind_ms": 12.56, "value": 1000.47, "lat": 17.0, "lon": 85.0}}, {"type": "Feature", "geometry": {"type": "Polygon", "coordinates": [[[85.125, 16.875], [85.375, 16.875], [85.375, 17.125], [85.125, 17.125], [85.125, 16.875]]]}, "properties": {"time": "2019-05-03T00:00:00", "variable": "msl", "tier": "low", "percentile": 98.8, "z": 3.53, "wind_ms": 13.8, "value": 1000.59, "lat": 17.0, "lon": 85.25}}, {"type": "Feature", "geometry": {"type": "Polygon", "coordinates": [[[85.375, 16.875], [85.625, 16.875], [85.625, 17.125], [85.375, 17.125], [85.375, 16.875]]]}, "properties": {"time": "2019-05-03T00:00:00", "variable": "msl", "tier": "low", "percentile": 98.8, "z": 3.57, "wind_ms": 14.88, "value": 1000.76, "lat": 17.0, "lon": 85.5}}, {"type": "Feature", "geometry": {"type": "Polygon", "coordinates": [[[85.625, 16.875], [85.875, 16.875], [85.875, 17.125], [85.625, 17.125], [85.625, 16.875]]]}, "properties": {"time": "2019-05-03T00:00:00", "variable": "msl", "tier": "low", "percentile": 98.8, "z": 3.74, "wind_ms": 15.09, "value": 1000.68, "lat": 17.0, "lon": 85.75}}, {"type": "Feature", "geometry": {"type": "Polygon", "coordinates": [[[85.875, 16.875], [86.125, 16.875], [86.125, 17.125], [85.875, 17.125], [85.875, 16.875]]]}, "properties": {"time": "2019-05-03T00:00:00", "variable": "msl", "tier": "low", "percentile": 98.8, "z": 3.83, "wind_ms": 15.08, "value": 1000.75, "lat": 17.0, "lon": 86.0}}, {"type": "Feature", "geometry": {"type": "Polygon", "coordinates": [[[86.125, 16.875], [86.375, 16.875], [86.375, 17.125], [86.125, 17.125], [86.125, 16.875]]]}, "properties": {"time": "2019-05-03T00:00:00", "variable": "msl", "tier": "low", "percentile": 98.8, "z": 3.85, "wind_ms": 15.14, "value": 1000.93, "lat": 17.0, "lon": 86.25}}, {"type": "Feature", "geometry": {"type": "Polygon", "coordinates": [[[86.375, 16.875], [86.625, 16.875], [86.625, 17.125], [86.375, 17.125], [86.375, 16.875]]]}, "properties": {"time": "2019-05-03T00:00:00", "variable": "msl", "tier": "low", "percentile": 98.8, "z": 3.88, "wind_ms": 15.35, "value": 1001.07, "lat": 17.0, "lon": 86.5}}, {"type": "Feature", "geometry": {"type": "Polygon", "coordinates": [[[86.625, 16.875], [86.875, 16.875], [86.875, 17.125], [86.625, 17.125], [86.625, 16.875]]]}, "properties": {"time": "2019-05-03T00:00:00", "variable": "msl", "tier": "low", "percentile": 98.8, "z": 3.91, "wind_ms": 15.41, "value": 1001.23, "lat": 17.0, "lon": 86.75}}, {"type": "Feature", "geometry": {"type": "Polygon", "coordinates": [[[86.875, 16.875], [87.125, 16.875], [87.125, 17.125], [86.875, 17.125], [86.875, 16.875]]]}, "properties": {"time": "2019-05-03T00:00:00", "variable": "msl", "tier": "low", "percentile": 98.8, "z": 3.88, "wind_ms": 15.1, "value": 1001.48, "lat": 17.0, "lon": 87.0}}, {"type": "Feature", "geometry": {"type": "Polygon", "coordinates": [[[87.125, 16.875], [87.375, 16.875], [87.375, 17.125], [87.125, 17.125], [87.125, 16.875]]]}, "properties": {"time": "2019-05-03T00:00:00", "variable": "msl", "tier": "low", "percentile": 98.8, "z": 3.83, "wind_ms": 14.67, "value": 1001.78, "lat": 17.0, "lon": 87.25}}, {"type": "Feature", "geometry": {"type": "Polygon", "coordinates": [[[87.375, 16.875], [87.625, 16.875], [87.625, 17.125], [87.375, 17.125], [87.375, 16.875]]]}, "properties": {"time": "2019-05-03T00:00:00", "variable": "msl", "tier": "low", "percentile": 98.8, "z": 3.77, "wind_ms": 14.72, "value": 1002.05, "lat": 17.0, "lon": 87.5}}, {"type": "Feature", "geometry": {"type": "Polygon", "coordinates": [[[87.625, 16.875], [87.875, 16.875], [87.875, 17.125], [87.625, 17.125], [87.625, 16.875]]]}, "properties": {"time": "2019-05-03T00:00:00", "variable": "msl", "tier": "low", "percentile": 98.8, "z": 3.69, "wind_ms": 14.97, "value": 1002.37, "lat": 17.0, "lon": 87.75}}, {"type": "Feature", "geometry": {"type": "Polygon", "coordinates": [[[87.875, 16.875], [88.125, 16.875], [88.125, 17.125], [87.875, 17.125], [87.875, 16.875]]]}, "properties": {"time": "2019-05-03T00:00:00", "variable": "msl", "tier": "low", "percentile": 99.6, "z": 3.6, "wind_ms": 15.34, "value": 1002.69, "lat": 17.0, "lon": 88.0}}, {"type": "Feature", "geometry": {"type": "Polygon", "coordinates": [[[88.125, 16.875], [88.375, 16.875], [88.375, 17.125], [88.125, 17.125], [88.125, 16.875]]]}, "properties": {"time": "2019-05-03T00:00:00", "variable": "msl", "tier": "low", "percentile": 99.6, "z": 3.53, "wind_ms": 15.14, "value": 1002.97, "lat": 17.0, "lon": 88.25}}, {"type": "Feature", "geometry": {"type": "Polygon", "coordinates": [[[83.375, 17.125], [83.625, 17.125], [83.625, 17.375], [83.375, 17.375], [83.375, 17.125]]]}, "properties": {"time": "2019-05-03T00:00:00", "variable": "msl", "tier": "low", "percentile": 98.8, "z": 3.68, "wind_ms": 8.7, "value": 1000.46, "lat": 17.25, "lon": 83.5}}, {"type": "Feature", "geometry": {"type": "Polygon", "coordinates": [[[83.625, 17.125], [83.875, 17.125], [83.875, 17.375], [83.625, 17.375], [83.625, 17.125]]]}, "properties": {"time": "2019-05-03T00:00:00", "variable": "msl", "tier": "low", "percentile": 98.8, "z": 3.67, "wind_ms": 9.0, "value": 1000.39, "lat": 17.25, "lon": 83.75}}, {"type": "Feature", "geometry": {"type": "Polygon", "coordinates": [[[83.875, 17.125], [84.125, 17.125], [84.125, 17.375], [83.875, 17.375], [83.875, 17.125]]]}, "properties": {"time": "2019-05-03T00:00:00", "variable": "msl", "tier": "low", "percentile": 98.8, "z": 3.69, "wind_ms": 9.88, "value": 1000.27, "lat": 17.25, "lon": 84.0}}, {"type": "Feature", "geometry": {"type": "Polygon", "coordinates": [[[84.125, 17.125], [84.375, 17.125], [84.375, 17.375], [84.125, 17.375], [84.125, 17.125]]]}, "properties": {"time": "2019-05-03T00:00:00", "variable": "msl", "tier": "low", "percentile": 98.8, "z": 3.72, "wind_ms": 10.98, "value": 1000.1, "lat": 17.25, "lon": 84.25}}, {"type": "Feature", "geometry": {"type": "Polygon", "coordinates": [[[84.375, 17.125], [84.625, 17.125], [84.625, 17.375], [84.375, 17.375], [84.375, 17.125]]]}, "properties": {"time": "2019-05-03T00:00:00", "variable": "msl", "tier": "low", "percentile": 98.8, "z": 3.82, "wind_ms": 12.77, "value": 999.84, "lat": 17.25, "lon": 84.5}}, {"type": "Feature", "geometry": {"type": "Polygon", "coordinates": [[[84.625, 17.125], [84.875, 17.125], [84.875, 17.375], [84.625, 17.375], [84.625, 17.125]]]}, "properties": {"time": "2019-05-03T00:00:00", "variable": "msl", "tier": "low", "percentile": 98.8, "z": 3.93, "wind_ms": 14.31, "value": 999.67, "lat": 17.25, "lon": 84.75}}, {"type": "Feature", "geometry": {"type": "Polygon", "coordinates": [[[84.875, 17.125], [85.125, 17.125], [85.125, 17.375], [84.875, 17.375], [84.875, 17.125]]]}, "properties": {"time": "2019-05-03T00:00:00", "variable": "msl", "tier": "low", "percentile": 98.8, "z": 4.07, "wind_ms": 15.83, "value": 999.49, "lat": 17.25, "lon": 85.0}}, {"type": "Feature", "geometry": {"type": "Polygon", "coordinates": [[[85.125, 17.125], [85.375, 17.125], [85.375, 17.375], [85.125, 17.375], [85.125, 17.125]]]}, "properties": {"time": "2019-05-03T00:00:00", "variable": "msl", "tier": "low", "percentile": 98.8, "z": 4.14, "wind_ms": 16.89, "value": 999.52, "lat": 17.25, "lon": 85.25}}, {"type": "Feature", "geometry": {"type": "Polygon", "coordinates": [[[85.375, 17.125], [85.625, 17.125], [85.625, 17.375], [85.375, 17.375], [85.375, 17.125]]]}, "properties": {"time": "2019-05-03T00:00:00", "variable": "msl", "tier": "moderate", "percentile": 98.8, "z": 4.15, "wind_ms": 17.06, "value": 999.73, "lat": 17.25, "lon": 85.5}}, {"type": "Feature", "geometry": {"type": "Polygon", "coordinates": [[[85.625, 17.125], [85.875, 17.125], [85.875, 17.375], [85.625, 17.375], [85.625, 17.125]]]}, "properties": {"time": "2019-05-03T00:00:00", "variable": "msl", "tier": "low", "percentile": 98.8, "z": 4.16, "wind_ms": 16.63, "value": 999.86, "lat": 17.25, "lon": 85.75}}, {"type": "Feature", "geometry": {"type": "Polygon", "coordinates": [[[85.875, 17.125], [86.125, 17.125], [86.125, 17.375], [85.875, 17.375], [85.875, 17.125]]]}, "properties": {"time": "2019-05-03T00:00:00", "variable": "msl", "tier": "low", "percentile": 98.8, "z": 4.14, "wind_ms": 16.41, "value": 1000.15, "lat": 17.25, "lon": 86.0}}, {"type": "Feature", "geometry": {"type": "Polygon", "coordinates": [[[86.125, 17.125], [86.375, 17.125], [86.375, 17.375], [86.125, 17.375], [86.125, 17.125]]]}, "properties": {"time": "2019-05-03T00:00:00", "variable": "msl", "tier": "low", "percentile": 98.8, "z": 4.03, "wind_ms": 15.79, "value": 1000.57, "lat": 17.25, "lon": 86.25}}, {"type": "Feature", "geometry": {"type": "Polygon", "coordinates": [[[86.375, 17.125], [86.625, 17.125], [86.625, 17.375], [86.375, 17.375], [86.375, 17.125]]]}, "properties": {"time": "2019-05-03T00:00:00", "variable": "msl", "tier": "low", "percentile": 98.8, "z": 4.01, "wind_ms": 15.39, "value": 1000.82, "lat": 17.25, "lon": 86.5}}, {"type": "Feature", "geometry": {"type": "Polygon", "coordinates": [[[86.625, 17.125], [86.875, 17.125], [86.875, 17.375], [86.625, 17.375], [86.625, 17.125]]]}, "properties": {"time": "2019-05-03T00:00:00", "variable": "msl", "tier": "low", "percentile": 98.8, "z": 4.0, "wind_ms": 15.05, "value": 1001.03, "lat": 17.25, "lon": 86.75}}, {"type": "Feature", "geometry": {"type": "Polygon", "coordinates": [[[86.875, 17.125], [87.125, 17.125], [87.125, 17.375], [86.875, 17.375], [86.875, 17.125]]]}, "properties": {"time": "2019-05-03T00:00:00", "variable": "msl", "tier": "low", "percentile": 98.8, "z": 3.97, "wind_ms": 14.72, "value": 1001.28, "lat": 17.25, "lon": 87.0}}, {"type": "Feature", "geometry": {"type": "Polygon", "coordinates": [[[87.125, 17.125], [87.375, 17.125], [87.375, 17.375], [87.125, 17.375], [87.125, 17.125]]]}, "properties": {"time": "2019-05-03T00:00:00", "variable": "msl", "tier": "low", "percentile": 98.8, "z": 3.89, "wind_ms": 14.3, "value": 1001.61, "lat": 17.25, "lon": 87.25}}, {"type": "Feature", "geometry": {"type": "Polygon", "coordinates": [[[87.375, 17.125], [87.625, 17.125], [87.625, 17.375], [87.375, 17.375], [87.375, 17.125]]]}, "properties": {"time": "2019-05-03T00:00:00", "variable": "msl", "tier": "low", "percentile": 99.6, "z": 3.81, "wind_ms": 14.5, "value": 1001.94, "lat": 17.25, "lon": 87.5}}, {"type": "Feature", "geometry": {"type": "Polygon", "coordinates": [[[87.625, 17.125], [87.875, 17.125], [87.875, 17.375], [87.625, 17.375], [87.625, 17.125]]]}, "properties": {"time": "2019-05-03T00:00:00", "variable": "msl", "tier": "low", "percentile": 99.6, "z": 3.73, "wind_ms": 14.92, "value": 1002.25, "lat": 17.25, "lon": 87.75}}, {"type": "Feature", "geometry": {"type": "Polygon", "coordinates": [[[87.875, 17.125], [88.125, 17.125], [88.125, 17.375], [87.875, 17.375], [87.875, 17.125]]]}, "properties": {"time": "2019-05-03T00:00:00", "variable": "msl", "tier": "low", "percentile": 99.6, "z": 3.64, "wind_ms": 14.86, "value": 1002.53, "lat": 17.25, "lon": 88.0}}, {"type": "Feature", "geometry": {"type": "Polygon", "coordinates": [[[88.125, 17.125], [88.375, 17.125], [88.375, 17.375], [88.125, 17.375], [88.125, 17.125]]]}, "properties": {"time": "2019-05-03T00:00:00", "variable": "msl", "tier": "low", "percentile": 99.6, "z": 3.56, "wind_ms": 14.83, "value": 1002.81, "lat": 17.25, "lon": 88.25}}, {"type": "Feature", "geometry": {"type": "Polygon", "coordinates": [[[83.875, 17.375], [84.125, 17.375], [84.125, 17.625], [83.875, 17.625], [83.875, 17.375]]]}, "properties": {"time": "2019-05-03T00:00:00", "variable": "msl", "tier": "low", "percentile": 98.8, "z": 3.88, "wind_ms": 9.98, "value": 999.99, "lat": 17.5, "lon": 84.0}}, {"type": "Feature", "geometry": {"type": "Polygon", "coordinates": [[[84.125, 17.375], [84.375, 17.375], [84.375, 17.625], [84.125, 17.625], [84.125, 17.375]]]}, "properties": {"time": "2019-05-03T00:00:00", "variable": "msl", "tier": "low", "percentile": 98.8, "z": 4.09, "wind_ms": 12.73, "value": 999.55, "lat": 17.5, "lon": 84.25}}, {"type": "Feature", "geometry": {"type": "Polygon", "coordinates": [[[84.375, 17.375], [84.625, 17.375], [84.625, 17.625], [84.375, 17.625], [84.375, 17.375]]]}, "properties": {"time": "2019-05-03T00:00:00", "variable": "msl", "tier": "low", "percentile": 98.8, "z": 4.26, "wind_ms": 15.05, "value": 999.16, "lat": 17.5, "lon": 84.5}}, {"type": "Feature", "geometry": {"type": "Polygon", "coordinates": [[[84.625, 17.375], [84.875, 17.375], [84.875, 17.625], [84.625, 17.625], [84.625, 17.375]]]}, "properties": {"time": "2019-05-03T00:00:00", "variable": "msl", "tier": "moderate", "percentile": 98.8, "z": 4.53, "wind_ms": 17.15, "value": 998.6, "lat": 17.5, "lon": 84.75}}, {"type": "Feature", "geometry": {"type": "Polygon", "coordinates": [[[84.875, 17.375], [85.125, 17.375], [85.125, 17.625], [84.875, 17.625], [84.875, 17.375]]]}, "properties": {"time": "2019-05-03T00:00:00", "variable": "msl", "tier": "moderate", "percentile": 98.8, "z": 4.71, "wind_ms": 18.55, "value": 998.27, "lat": 17.5, "lon": 85.0}}, {"type": "Feature", "geometry": {"type": "Polygon", "coordinates": [[[85.125, 17.375], [85.375, 17.375], [85.375, 17.625], [85.125, 17.625], [85.125, 17.375]]]}, "properties": {"time": "2019-05-03T00:00:00", "variable": "msl", "tier": "moderate", "percentile": 98.8, "z": 4.81, "wind_ms": 19.19, "value": 998.11, "lat": 17.5, "lon": 85.25}}, {"type": "Feature", "geometry": {"type": "Polygon", "coordinates": [[[85.375, 17.375], [85.625, 17.375], [85.625, 17.625], [85.375, 17.625], [85.375, 17.375]]]}, "properties": {"time": "2019-05-03T00:00:00", "variable": "msl", "tier": "moderate", "percentile": 98.8, "z": 4.82, "wind_ms": 19.43, "value": 998.29, "lat": 17.5, "lon": 85.5}}, {"type": "Feature", "geometry": {"type": "Polygon", "coordinates": [[[85.625, 17.375], [85.875, 17.375], [85.875, 17.625], [85.625, 17.625], [85.625, 17.375]]]}, "properties": {"time": "2019-05-03T00:00:00", "variable": "msl", "tier": "moderate", "percentile": 99.6, "z": 4.77, "wind_ms": 18.9, "value": 998.56, "lat": 17.5, "lon": 85.75}}, {"type": "Feature", "geometry": {"type": "Polygon", "coordinates": [[[85.875, 17.375], [86.125, 17.375], [86.125, 17.625], [85.875, 17.625], [85.875, 17.375]]]}, "properties": {"time": "2019-05-03T00:00:00", "variable": "msl", "tier": "moderate", "percentile": 99.6, "z": 4.61, "wind_ms": 18.19, "value": 999.12, "lat": 17.5, "lon": 86.0}}, {"type": "Feature", "geometry": {"type": "Polygon", "coordinates": [[[86.125, 17.375], [86.375, 17.375], [86.375, 17.625], [86.125, 17.625], [86.125, 17.375]]]}, "properties": {"time": "2019-05-03T00:00:00", "variable": "msl", "tier": "moderate", "percentile": 99.6, "z": 4.46, "wind_ms": 17.46, "value": 999.65, "lat": 17.5, "lon": 86.25}}, {"type": "Feature", "geometry": {"type": "Polygon", "coordinates": [[[86.375, 17.375], [86.625, 17.375], [86.625, 17.625], [86.375, 17.625], [86.375, 17.375]]]}, "properties": {"time": "2019-05-03T00:00:00", "variable": "msl", "tier": "low", "percentile": 99.6, "z": 4.3, "wind_ms": 16.33, "value": 1000.17, "lat": 17.5, "lon": 86.5}}, {"type": "Feature", "geometry": {"type": "Polygon", "coordinates": [[[86.625, 17.375], [86.875, 17.375], [86.875, 17.625], [86.625, 17.625], [86.625, 17.375]]]}, "properties": {"time": "2019-05-03T00:00:00", "variable": "msl", "tier": "low", "percentile": 99.6, "z": 4.24, "wind_ms": 15.65, "value": 1000.48, "lat": 17.5, "lon": 86.75}}, {"type": "Feature", "geometry": {"type": "Polygon", "coordinates": [[[86.875, 17.375], [87.125, 17.375], [87.125, 17.625], [86.875, 17.625], [86.875, 17.375]]]}, "properties": {"time": "2019-05-03T00:00:00", "variable": "msl", "tier": "low", "percentile": 99.6, "z": 4.12, "wind_ms": 14.64, "value": 1000.88, "lat": 17.5, "lon": 87.0}}, {"type": "Feature", "geometry": {"type": "Polygon", "coordinates": [[[87.125, 17.375], [87.375, 17.375], [87.375, 17.625], [87.125, 17.625], [87.125, 17.375]]]}, "properties": {"time": "2019-05-03T00:00:00", "variable": "msl", "tier": "low", "percentile": 99.6, "z": 4.02, "wind_ms": 14.09, "value": 1001.26, "lat": 17.5, "lon": 87.25}}, {"type": "Feature", "geometry": {"type": "Polygon", "coordinates": [[[87.375, 17.375], [87.625, 17.375], [87.625, 17.625], [87.375, 17.625], [87.375, 17.375]]]}, "properties": {"time": "2019-05-03T00:00:00", "variable": "msl", "tier": "low", "percentile": 99.6, "z": 3.88, "wind_ms": 13.87, "value": 1001.7, "lat": 17.5, "lon": 87.5}}, {"type": "Feature", "geometry": {"type": "Polygon", "coordinates": [[[87.625, 17.375], [87.875, 17.375], [87.875, 17.625], [87.625, 17.625], [87.625, 17.375]]]}, "properties": {"time": "2019-05-03T00:00:00", "variable": "msl", "tier": "low", "percentile": 99.6, "z": 3.73, "wind_ms": 13.92, "value": 1002.12, "lat": 17.5, "lon": 87.75}}, {"type": "Feature", "geometry": {"type": "Polygon", "coordinates": [[[87.875, 17.375], [88.125, 17.375], [88.125, 17.625], [87.875, 17.625], [87.875, 17.375]]]}, "properties": {"time": "2019-05-03T00:00:00", "variable": "msl", "tier": "low", "percentile": 99.6, "z": 3.64, "wind_ms": 14.02, "value": 1002.44, "lat": 17.5, "lon": 88.0}}, {"type": "Feature", "geometry": {"type": "Polygon", "coordinates": [[[88.125, 17.375], [88.375, 17.375], [88.375, 17.625], [88.125, 17.625], [88.125, 17.375]]]}, "properties": {"time": "2019-05-03T00:00:00", "variable": "msl", "tier": "low", "percentile": 99.6, "z": 3.57, "wind_ms": 14.12, "value": 1002.68, "lat": 17.5, "lon": 88.25}}, {"type": "Feature", "geometry": {"type": "Polygon", "coordinates": [[[83.625, 17.625], [83.875, 17.625], [83.875, 17.875], [83.625, 17.875], [83.625, 17.625]]]}, "properties": {"time": "2019-05-03T00:00:00", "variable": "msl", "tier": "low", "percentile": 98.8, "z": 3.97, "wind_ms": 8.77, "value": 999.82, "lat": 17.75, "lon": 83.75}}, {"type": "Feature", "geometry": {"type": "Polygon", "coordinates": [[[83.875, 17.625], [84.125, 17.625], [84.125, 17.875], [83.875, 17.875], [83.875, 17.625]]]}, "properties": {"time": "2019-05-03T00:00:00", "variable": "msl", "tier": "low", "percentile": 98.8, "z": 4.21, "wind_ms": 11.91, "value": 999.31, "lat": 17.75, "lon": 84.0}}, {"type": "Feature", "geometry": {"type": "Polygon", "coordinates": [[[84.125, 17.625], [84.375, 17.625], [84.375, 17.875], [84.125, 17.875], [84.125, 17.625]]]}, "properties": {"time": "2019-05-03T00:00:00", "variable": "msl", "tier": "low", "percentile": 98.8, "z": 4.47, "wind_ms": 14.62, "value": 998.73, "lat": 17.75, "lon": 84.25}}, {"type": "Feature", "geometry": {"type": "Polygon", "coordinates": [[[84.375, 17.625], [84.625, 17.625], [84.625, 17.875], [84.375, 17.875], [84.375, 17.625]]]}, "properties": {"time": "2019-05-03T00:00:00", "variable": "msl", "tier": "moderate", "percentile": 99.6, "z": 4.96, "wind_ms": 17.11, "value": 997.6, "lat": 17.75, "lon": 84.5}}, {"type": "Feature", "geometry": {"type": "Polygon", "coordinates": [[[84.625, 17.625], [84.875, 17.625], [84.875, 17.875], [84.625, 17.875], [84.625, 17.625]]]}, "properties": {"time": "2019-05-03T00:00:00", "variable": "msl", "tier": "moderate", "percentile": 99.6, "z": 5.26, "wind_ms": 19.05, "value": 996.89, "lat": 17.75, "lon": 84.75}}, {"type": "Feature", "geometry": {"type": "Polygon", "coordinates": [[[84.875, 17.625], [85.125, 17.625], [85.125, 17.875], [84.875, 17.875], [84.875, 17.625]]]}, "properties": {"time": "2019-05-03T00:00:00", "variable": "msl", "tier": "moderate", "percentile": 99.6, "z": 5.55, "wind_ms": 20.21, "value": 996.27, "lat": 17.75, "lon": 85.0}}, {"type": "Feature", "geometry": {"type": "Polygon", "coordinates": [[[85.125, 17.625], [85.375, 17.625], [85.375, 17.875], [85.125, 17.875], [85.125, 17.625]]]}, "properties": {"time": "2019-05-03T00:00:00", "variable": "msl", "tier": "moderate", "percentile": 99.6, "z": 5.66, "wind_ms": 20.89, "value": 996.07, "lat": 17.75, "lon": 85.25}}, {"type": "Feature", "geometry": {"type": "Polygon", "coordinates": [[[85.375, 17.625], [85.625, 17.625], [85.625, 17.875], [85.375, 17.875], [85.375, 17.625]]]}, "properties": {"time": "2019-05-03T00:00:00", "variable": "msl", "tier": "moderate", "percentile": 99.6, "z": 5.63, "wind_ms": 21.36, "value": 996.3, "lat": 17.75, "lon": 85.5}}, {"type": "Feature", "geometry": {"type": "Polygon", "coordinates": [[[85.625, 17.625], [85.875, 17.625], [85.875, 17.875], [85.625, 17.875], [85.625, 17.625]]]}, "properties": {"time": "2019-05-03T00:00:00", "variable": "msl", "tier": "moderate", "percentile": 99.6, "z": 5.5, "wind_ms": 21.2, "value": 996.82, "lat": 17.75, "lon": 85.75}}, {"type": "Feature", "geometry": {"type": "Polygon", "coordinates": [[[85.875, 17.625], [86.125, 17.625], [86.125, 17.875], [85.875, 17.875], [85.875, 17.625]]]}, "properties": {"time": "2019-05-03T00:00:00", "variable": "msl", "tier": "moderate", "percentile": 99.6, "z": 5.31, "wind_ms": 20.38, "value": 997.49, "lat": 17.75, "lon": 86.0}}, {"type": "Feature", "geometry": {"type": "Polygon", "coordinates": [[[86.125, 17.625], [86.375, 17.625], [86.375, 17.875], [86.125, 17.875], [86.125, 17.625]]]}, "properties": {"time": "2019-05-03T00:00:00", "variable": "msl", "tier": "moderate", "percentile": 99.6, "z": 5.0, "wind_ms": 19.23, "value": 998.42, "lat": 17.75, "lon": 86.25}}, {"type": "Feature", "geometry": {"type": "Polygon", "coordinates": [[[86.375, 17.625], [86.625, 17.625], [86.625, 17.875], [86.375, 17.875], [86.375, 17.625]]]}, "properties": {"time": "2019-05-03T00:00:00", "variable": "msl", "tier": "moderate", "percentile": 99.6, "z": 4.8, "wind_ms": 18.22, "value": 999.05, "lat": 17.75, "lon": 86.5}}, {"type": "Feature", "geometry": {"type": "Polygon", "coordinates": [[[86.625, 17.625], [86.875, 17.625], [86.875, 17.875], [86.625, 17.875], [86.625, 17.625]]]}, "properties": {"time": "2019-05-03T00:00:00", "variable": "msl", "tier": "low", "percentile": 99.6, "z": 4.53, "wind_ms": 16.52, "value": 999.84, "lat": 17.75, "lon": 86.75}}, {"type": "Feature", "geometry": {"type": "Polygon", "coordinates": [[[86.875, 17.625], [87.125, 17.625], [87.125, 17.875], [86.875, 17.875], [86.875, 17.625]]]}, "properties": {"time": "2019-05-03T00:00:00", "variable": "msl", "tier": "low", "percentile": 99.6, "z": 4.38, "wind_ms": 15.31, "value": 1000.31, "lat": 17.75, "lon": 87.0}}, {"type": "Feature", "geometry": {"type": "Polygon", "coordinates": [[[87.125, 17.625], [87.375, 17.625], [87.375, 17.875], [87.125, 17.875], [87.125, 17.625]]]}, "properties": {"time": "2019-05-03T00:00:00", "variable": "msl", "tier": "low", "percentile": 99.6, "z": 4.19, "wind_ms": 13.78, "value": 1000.86, "lat": 17.75, "lon": 87.25}}, {"type": "Feature", "geometry": {"type": "Polygon", "coordinates": [[[87.375, 17.625], [87.625, 17.625], [87.625, 17.875], [87.375, 17.875], [87.375, 17.625]]]}, "properties": {"time": "2019-05-03T00:00:00", "variable": "msl", "tier": "low", "percentile": 99.6, "z": 4.03, "wind_ms": 13.51, "value": 1001.33, "lat": 17.75, "lon": 87.5}}, {"type": "Feature", "geometry": {"type": "Polygon", "coordinates": [[[87.625, 17.625], [87.875, 17.625], [87.875, 17.875], [87.625, 17.875], [87.625, 17.625]]]}, "properties": {"time": "2019-05-03T00:00:00", "variable": "msl", "tier": "low", "percentile": 99.6, "z": 3.82, "wind_ms": 13.36, "value": 1001.88, "lat": 17.75, "lon": 87.75}}, {"type": "Feature", "geometry": {"type": "Polygon", "coordinates": [[[87.875, 17.625], [88.125, 17.625], [88.125, 17.875], [87.875, 17.875], [87.875, 17.625]]]}, "properties": {"time": "2019-05-03T00:00:00", "variable": "msl", "tier": "low", "percentile": 99.6, "z": 3.67, "wind_ms": 13.57, "value": 1002.28, "lat": 17.75, "lon": 88.0}}, {"type": "Feature", "geometry": {"type": "Polygon", "coordinates": [[[88.125, 17.625], [88.375, 17.625], [88.375, 17.875], [88.125, 17.875], [88.125, 17.625]]]}, "properties": {"time": "2019-05-03T00:00:00", "variable": "msl", "tier": "low", "percentile": 99.6, "z": 3.59, "wind_ms": 13.67, "value": 1002.55, "lat": 17.75, "lon": 88.25}}, {"type": "Feature", "geometry": {"type": "Polygon", "coordinates": [[[83.625, 17.875], [83.875, 17.875], [83.875, 18.125], [83.625, 18.125], [83.625, 17.875]]]}, "properties": {"time": "2019-05-03T00:00:00", "variable": "msl", "tier": "low", "percentile": 99.6, "z": 4.24, "wind_ms": 8.94, "value": 999.23, "lat": 18.0, "lon": 83.75}}, {"type": "Feature", "geometry": {"type": "Polygon", "coordinates": [[[83.875, 17.875], [84.125, 17.875], [84.125, 18.125], [83.875, 18.125], [83.875, 17.875]]]}, "properties": {"time": "2019-05-03T00:00:00", "variable": "msl", "tier": "low", "percentile": 99.6, "z": 4.52, "wind_ms": 12.45, "value": 998.59, "lat": 18.0, "lon": 84.0}}, {"type": "Feature", "geometry": {"type": "Polygon", "coordinates": [[[84.125, 17.875], [84.375, 17.875], [84.375, 18.125], [84.125, 18.125], [84.125, 17.875]]]}, "properties": {"time": "2019-05-03T00:00:00", "variable": "msl", "tier": "low", "percentile": 99.6, "z": 5.11, "wind_ms": 16.29, "value": 997.28, "lat": 18.0, "lon": 84.25}}, {"type": "Feature", "geometry": {"type": "Polygon", "coordinates": [[[84.375, 17.875], [84.625, 17.875], [84.625, 18.125], [84.375, 18.125], [84.375, 17.875]]]}, "properties": {"time": "2019-05-03T00:00:00", "variable": "msl", "tier": "moderate", "percentile": 99.6, "z": 5.57, "wind_ms": 18.8, "value": 996.14, "lat": 18.0, "lon": 84.5}}, {"type": "Feature", "geometry": {"type": "Polygon", "coordinates": [[[84.625, 17.875], [84.875, 17.875], [84.875, 18.125], [84.625, 18.125], [84.625, 17.875]]]}, "properties": {"time": "2019-05-03T00:00:00", "variable": "msl", "tier": "moderate", "percentile": 99.6, "z": 6.0, "wind_ms": 19.8, "value": 994.95, "lat": 18.0, "lon": 84.75}}, {"type": "Feature", "geometry": {"type": "Polygon", "coordinates": [[[84.875, 17.875], [85.125, 17.875], [85.125, 18.125], [84.875, 18.125], [84.875, 17.875]]]}, "properties": {"time": "2019-05-03T00:00:00", "variable": "msl", "tier": "moderate", "percentile": 99.6, "z": 6.27, "wind_ms": 20.78, "value": 994.26, "lat": 18.0, "lon": 85.0}}, {"type": "Feature", "geometry": {"type": "Polygon", "coordinates": [[[85.125, 17.875], [85.375, 17.875], [85.375, 18.125], [85.125, 18.125], [85.125, 17.875]]]}, "properties": {"time": "2019-05-03T00:00:00", "variable": "msl", "tier": "moderate", "percentile": 99.6, "z": 6.52, "wind_ms": 21.65, "value": 993.61, "lat": 18.0, "lon": 85.25}}, {"type": "Feature", "geometry": {"type": "Polygon", "coordinates": [[[85.375, 17.875], [85.625, 17.875], [85.625, 18.125], [85.375, 18.125], [85.375, 17.875]]]}, "properties": {"time": "2019-05-03T00:00:00", "variable": "msl", "tier": "moderate", "percentile": 99.6, "z": 6.53, "wind_ms": 22.23, "value": 993.71, "lat": 18.0, "lon": 85.5}}, {"type": "Feature", "geometry": {"type": "Polygon", "coordinates": [[[85.625, 17.875], [85.875, 17.875], [85.875, 18.125], [85.625, 18.125], [85.625, 17.875]]]}, "properties": {"time": "2019-05-03T00:00:00", "variable": "msl", "tier": "moderate", "percentile": 99.6, "z": 6.32, "wind_ms": 22.54, "value": 994.49, "lat": 18.0, "lon": 85.75}}, {"type": "Feature", "geometry": {"type": "Polygon", "coordinates": [[[85.875, 17.875], [86.125, 17.875], [86.125, 18.125], [85.875, 18.125], [85.875, 17.875]]]}, "properties": {"time": "2019-05-03T00:00:00", "variable": "msl", "tier": "moderate", "percentile": 99.6, "z": 5.99, "wind_ms": 22.05, "value": 995.63, "lat": 18.0, "lon": 86.0}}, {"type": "Feature", "geometry": {"type": "Polygon", "coordinates": [[[86.125, 17.875], [86.375, 17.875], [86.375, 18.125], [86.125, 18.125], [86.125, 17.875]]]}, "properties": {"time": "2019-05-03T00:00:00", "variable": "msl", "tier": "moderate", "percentile": 99.6, "z": 5.69, "wind_ms": 21.02, "value": 996.64, "lat": 18.0, "lon": 86.25}}, {"type": "Feature", "geometry": {"type": "Polygon", "coordinates": [[[86.375, 17.875], [86.625, 17.875], [86.625, 18.125], [86.375, 18.125], [86.375, 17.875]]]}, "properties": {"time": "2019-05-03T00:00:00", "variable": "msl", "tier": "moderate", "percentile": 99.6, "z": 5.24, "wind_ms": 19.88, "value": 997.94, "lat": 18.0, "lon": 86.5}}, {"type": "Feature", "geometry": {"type": "Polygon", "coordinates": [[[86.625, 17.875], [86.875, 17.875], [86.875, 18.125], [86.625, 18.125], [86.625, 17.875]]]}, "properties": {"time": "2019-05-03T00:00:00", "variable": "msl", "tier": "moderate", "percentile": 99.6, "z": 4.99, "wind_ms": 18.31, "value": 998.72, "lat": 18.0, "lon": 86.75}}, {"type": "Feature", "geometry": {"type": "Polygon", "coordinates": [[[86.875, 17.875], [87.125, 17.875], [87.125, 18.125], [86.875, 18.125], [86.875, 17.875]]]}, "properties": {"time": "2019-05-03T00:00:00", "variable": "msl", "tier": "low", "percentile": 99.6, "z": 4.63, "wind_ms": 16.16, "value": 999.68, "lat": 18.0, "lon": 87.0}}, {"type": "Feature", "geometry": {"type": "Polygon", "coordinates": [[[87.125, 17.875], [87.375, 17.875], [87.375, 18.125], [87.125, 18.125], [87.125, 17.875]]]}, "properties": {"time": "2019-05-03T00:00:00", "variable": "msl", "tier": "low", "percentile": 99.6, "z": 4.41, "wind_ms": 14.4, "value": 1000.3, "lat": 18.0, "lon": 87.25}}, {"type": "Feature", "geometry": {"type": "Polygon", "coordinates": [[[87.375, 17.875], [87.625, 17.875], [87.625, 18.125], [87.375, 18.125], [87.375, 17.875]]]}, "properties": {"time": "2019-05-03T00:00:00", "variable": "msl", "tier": "low", "percentile": 99.6, "z": 4.18, "wind_ms": 13.59, "value": 1000.93, "lat": 18.0, "lon": 87.5}}, {"type": "Feature", "geometry": {"type": "Polygon", "coordinates": [[[87.625, 17.875], [87.875, 17.875], [87.875, 18.125], [87.625, 18.125], [87.625, 17.875]]]}, "properties": {"time": "2019-05-03T00:00:00", "variable": "msl", "tier": "low", "percentile": 99.6, "z": 3.96, "wind_ms": 13.56, "value": 1001.52, "lat": 18.0, "lon": 87.75}}, {"type": "Feature", "geometry": {"type": "Polygon", "coordinates": [[[87.875, 17.875], [88.125, 17.875], [88.125, 18.125], [87.875, 18.125], [87.875, 17.875]]]}, "properties": {"time": "2019-05-03T00:00:00", "variable": "msl", "tier": "low", "percentile": 99.6, "z": 3.78, "wind_ms": 13.66, "value": 1001.98, "lat": 18.0, "lon": 88.0}}, {"type": "Feature", "geometry": {"type": "Polygon", "coordinates": [[[88.125, 17.875], [88.375, 17.875], [88.375, 18.125], [88.125, 18.125], [88.125, 17.875]]]}, "properties": {"time": "2019-05-03T00:00:00", "variable": "msl", "tier": "low", "percentile": 99.6, "z": 3.65, "wind_ms": 13.91, "value": 1002.34, "lat": 18.0, "lon": 88.25}}, {"type": "Feature", "geometry": {"type": "Polygon", "coordinates": [[[83.875, 18.125], [84.125, 18.125], [84.125, 18.375], [83.875, 18.375], [83.875, 18.125]]]}, "properties": {"time": "2019-05-03T00:00:00", "variable": "msl", "tier": "low", "percentile": 99.6, "z": 5.06, "wind_ms": 10.87, "value": 997.29, "lat": 18.25, "lon": 84.0}}, {"type": "Feature", "geometry": {"type": "Polygon", "coordinates": [[[84.125, 18.125], [84.375, 18.125], [84.375, 18.375], [84.125, 18.375], [84.125, 18.125]]]}, "properties": {"time": "2019-05-03T00:00:00", "variable": "msl", "tier": "low", "percentile": 99.6, "z": 5.61, "wind_ms": 14.85, "value": 995.99, "lat": 18.25, "lon": 84.25}}, {"type": "Feature", "geometry": {"type": "Polygon", "coordinates": [[[84.375, 18.125], [84.625, 18.125], [84.625, 18.375], [84.375, 18.375], [84.375, 18.125]]]}, "properties": {"time": "2019-05-03T00:00:00", "variable": "msl", "tier": "moderate", "percentile": 99.6, "z": 6.25, "wind_ms": 19.72, "value": 994.23, "lat": 18.25, "lon": 84.5}}, {"type": "Feature", "geometry": {"type": "Polygon", "coordinates": [[[84.625, 18.125], [84.875, 18.125], [84.875, 18.375], [84.625, 18.375], [84.625, 18.125]]]}, "properties": {"time": "2019-05-03T00:00:00", "variable": "msl", "tier": "moderate", "percentile": 99.6, "z": 6.63, "wind_ms": 20.72, "value": 993.04, "lat": 18.25, "lon": 84.75}}, {"type": "Feature", "geometry": {"type": "Polygon", "coordinates": [[[84.875, 18.125], [85.125, 18.125], [85.125, 18.375], [84.875, 18.375], [84.875, 18.125]]]}, "properties": {"time": "2019-05-03T00:00:00", "variable": "msl", "tier": "moderate", "percentile": 99.6, "z": 7.13, "wind_ms": 22.05, "value": 991.32, "lat": 18.25, "lon": 85.0}}, {"type": "Feature", "geometry": {"type": "Polygon", "coordinates": [[[85.125, 18.125], [85.375, 18.125], [85.375, 18.375], [85.125, 18.375], [85.125, 18.125]]]}, "properties": {"time": "2019-05-03T00:00:00", "variable": "msl", "tier": "moderate", "percentile": 99.6, "z": 7.41, "wind_ms": 23.0, "value": 990.33, "lat": 18.25, "lon": 85.25}}, {"type": "Feature", "geometry": {"type": "Polygon", "coordinates": [[[85.375, 18.125], [85.625, 18.125], [85.625, 18.375], [85.375, 18.375], [85.375, 18.125]]]}, "properties": {"time": "2019-05-03T00:00:00", "variable": "msl", "tier": "moderate", "percentile": 99.6, "z": 7.43, "wind_ms": 23.03, "value": 990.37, "lat": 18.25, "lon": 85.5}}, {"type": "Feature", "geometry": {"type": "Polygon", "coordinates": [[[85.625, 18.125], [85.875, 18.125], [85.875, 18.375], [85.625, 18.375], [85.625, 18.125]]]}, "properties": {"time": "2019-05-03T00:00:00", "variable": "msl", "tier": "moderate", "percentile": 99.6, "z": 7.12, "wind_ms": 23.07, "value": 991.73, "lat": 18.25, "lon": 85.75}}, {"type": "Feature", "geometry": {"type": "Polygon", "coordinates": [[[85.875, 18.125], [86.125, 18.125], [86.125, 18.375], [85.875, 18.375], [85.875, 18.125]]]}, "properties": {"time": "2019-05-03T00:00:00", "variable": "msl", "tier": "moderate", "percentile": 99.6, "z": 6.75, "wind_ms": 22.98, "value": 993.2, "lat": 18.25, "lon": 86.0}}, {"type": "Feature", "geometry": {"type": "Polygon", "coordinates": [[[86.125, 18.125], [86.375, 18.125], [86.375, 18.375], [86.125, 18.375], [86.125, 18.125]]]}, "properties": {"time": "2019-05-03T00:00:00", "variable": "msl", "tier": "moderate", "percentile": 99.6, "z": 6.23, "wind_ms": 22.28, "value": 995.01, "lat": 18.25, "lon": 86.25}}, {"type": "Feature", "geometry": {"type": "Polygon", "coordinates": [[[86.375, 18.125], [86.625, 18.125], [86.625, 18.375], [86.375, 18.375], [86.375, 18.125]]]}, "properties": {"time": "2019-05-03T00:00:00", "variable": "msl", "tier": "moderate", "percentile": 99.6, "z": 5.83, "wind_ms": 21.32, "value": 996.31, "lat": 18.25, "lon": 86.5}}, {"type": "Feature", "geometry": {"type": "Polygon", "coordinates": [[[86.625, 18.125], [86.875, 18.125], [86.875, 18.375], [86.625, 18.375], [86.625, 18.125]]]}, "properties": {"time": "2019-05-03T00:00:00", "variable": "msl", "tier": "moderate", "percentile": 99.6, "z": 5.33, "wind_ms": 19.81, "value": 997.8, "lat": 18.25, "lon": 86.75}}, {"type": "Feature", "geometry": {"type": "Polygon", "coordinates": [[[86.875, 18.125], [87.125, 18.125], [87.125, 18.375], [86.875, 18.375], [86.875, 18.125]]]}, "properties": {"time": "2019-05-03T00:00:00", "variable": "msl", "tier": "moderate", "percentile": 99.6, "z": 5.0, "wind_ms": 17.76, "value": 998.76, "lat": 18.25, "lon": 87.0}}, {"type": "Feature", "geometry": {"type": "Polygon", "coordinates": [[[87.125, 18.125], [87.375, 18.125], [87.375, 18.375], [87.125, 18.375], [87.125, 18.125]]]}, "properties": {"time": "2019-05-03T00:00:00", "variable": "msl", "tier": "low", "percentile": 99.6, "z": 4.6, "wind_ms": 15.36, "value": 999.78, "lat": 18.25, "lon": 87.25}}, {"type": "Feature", "geometry": {"type": "Polygon", "coordinates": [[[87.375, 18.125], [87.625, 18.125], [87.625, 18.375], [87.375, 18.375], [87.375, 18.125]]]}, "properties": {"time": "2019-05-03T00:00:00", "variable": "msl", "tier": "low", "percentile": 99.6, "z": 4.33, "wind_ms": 14.07, "value": 1000.52, "lat": 18.25, "lon": 87.5}}, {"type": "Feature", "geometry": {"type": "Polygon", "coordinates": [[[87.625, 18.125], [87.875, 18.125], [87.875, 18.375], [87.625, 18.375], [87.625, 18.125]]]}, "properties": {"time": "2019-05-03T00:00:00", "variable": "msl", "tier": "low", "percentile": 99.6, "z": 4.09, "wind_ms": 14.13, "value": 1001.14, "lat": 18.25, "lon": 87.75}}, {"type": "Feature", "geometry": {"type": "Polygon", "coordinates": [[[87.875, 18.125], [88.125, 18.125], [88.125, 18.375], [87.875, 18.375], [87.875, 18.125]]]}, "properties": {"time": "2019-05-03T00:00:00", "variable": "msl", "tier": "low", "percentile": 99.6, "z": 3.87, "wind_ms": 14.25, "value": 1001.69, "lat": 18.25, "lon": 88.0}}, {"type": "Feature", "geometry": {"type": "Polygon", "coordinates": [[[88.125, 18.125], [88.375, 18.125], [88.375, 18.375], [88.125, 18.375], [88.125, 18.125]]]}, "properties": {"time": "2019-05-03T00:00:00", "variable": "msl", "tier": "low", "percentile": 99.6, "z": 3.72, "wind_ms": 14.48, "value": 1002.09, "lat": 18.25, "lon": 88.25}}, {"type": "Feature", "geometry": {"type": "Polygon", "coordinates": [[[83.875, 18.375], [84.125, 18.375], [84.125, 18.625], [83.875, 18.625], [83.875, 18.375]]]}, "properties": {"time": "2019-05-03T00:00:00", "variable": "msl", "tier": "low", "percentile": 99.6, "z": 5.48, "wind_ms": 8.76, "value": 996.47, "lat": 18.5, "lon": 84.0}}, {"type": "Feature", "geometry": {"type": "Polygon", "coordinates": [[[84.125, 18.375], [84.375, 18.375], [84.375, 18.625], [84.125, 18.625], [84.125, 18.375]]]}, "properties": {"time": "2019-05-03T00:00:00", "variable": "msl", "tier": "low", "percentile": 99.6, "z": 6.21, "wind_ms": 12.24, "value": 994.26, "lat": 18.5, "lon": 84.25}}, {"type": "Feature", "geometry": {"type": "Polygon", "coordinates": [[[84.375, 18.375], [84.625, 18.375], [84.625, 18.625], [84.375, 18.625], [84.375, 18.375]]]}, "properties": {"time": "2019-05-03T00:00:00", "variable": "msl", "tier": "moderate", "percentile": 99.6, "z": 6.78, "wind_ms": 17.04, "value": 992.5, "lat": 18.5, "lon": 84.5}}, {"type": "Feature", "geometry": {"type": "Polygon", "coordinates": [[[84.625, 18.375], [84.875, 18.375], [84.875, 18.625], [84.625, 18.625], [84.625, 18.375]]]}, "properties": {"time": "2019-05-03T00:00:00", "variable": "msl", "tier": "moderate", "percentile": 99.6, "z": 7.42, "wind_ms": 22.36, "value": 989.96, "lat": 18.5, "lon": 84.75}}, {"type": "Feature", "geometry": {"type": "Polygon", "coordinates": [[[84.875, 18.375], [85.125, 18.375], [85.125, 18.625], [84.875, 18.625], [84.875, 18.375]]]}, "properties": {"time": "2019-05-03T00:00:00", "variable": "msl", "tier": "moderate", "percentile": 99.6, "z": 7.88, "wind_ms": 23.84, "value": 987.95, "lat": 18.5, "lon": 85.0}}, {"type": "Feature", "geometry": {"type": "Polygon", "coordinates": [[[85.125, 18.375], [85.375, 18.375], [85.375, 18.625], [85.125, 18.625], [85.125, 18.375]]]}, "properties": {"time": "2019-05-03T00:00:00", "variable": "msl", "tier": "severe", "percentile": 99.6, "z": 8.24, "wind_ms": 25.89, "value": 986.12, "lat": 18.5, "lon": 85.25}}, {"type": "Feature", "geometry": {"type": "Polygon", "coordinates": [[[85.375, 18.375], [85.625, 18.375], [85.625, 18.625], [85.375, 18.625], [85.375, 18.375]]]}, "properties": {"time": "2019-05-03T00:00:00", "variable": "msl", "tier": "severe", "percentile": 99.6, "z": 8.24, "wind_ms": 25.63, "value": 986.26, "lat": 18.5, "lon": 85.5}}, {"type": "Feature", "geometry": {"type": "Polygon", "coordinates": [[[85.625, 18.375], [85.875, 18.375], [85.875, 18.625], [85.625, 18.625], [85.625, 18.375]]]}, "properties": {"time": "2019-05-03T00:00:00", "variable": "msl", "tier": "moderate", "percentile": 99.6, "z": 7.88, "wind_ms": 24.32, "value": 988.29, "lat": 18.5, "lon": 85.75}}, {"type": "Feature", "geometry": {"type": "Polygon", "coordinates": [[[85.875, 18.375], [86.125, 18.375], [86.125, 18.625], [85.875, 18.625], [85.875, 18.375]]]}, "properties": {"time": "2019-05-03T00:00:00", "variable": "msl", "tier": "moderate", "percentile": 99.6, "z": 7.3, "wind_ms": 23.63, "value": 990.99, "lat": 18.5, "lon": 86.0}}, {"type": "Feature", "geometry": {"type": "Polygon", "coordinates": [[[86.125, 18.375], [86.375, 18.375], [86.375, 18.625], [86.125, 18.625], [86.125, 18.375]]]}, "properties": {"time": "2019-05-03T00:00:00", "variable": "msl", "tier": "moderate", "percentile": 99.6, "z": 6.82, "wind_ms": 23.33, "value": 992.94, "lat": 18.5, "lon": 86.25}}, {"type": "Feature", "geometry": {"type": "Polygon", "coordinates": [[[86.375, 18.375], [86.625, 18.375], [86.625, 18.625], [86.375, 18.625], [86.375, 18.375]]]}, "properties": {"time": "2019-05-03T00:00:00", "variable": "msl", "tier": "moderate", "percentile": 99.6, "z": 6.2, "wind_ms": 22.22, "value": 995.09, "lat": 18.5, "lon": 86.5}}, {"type": "Feature", "geometry": {"type": "Polygon", "coordinates": [[[86.625, 18.375], [86.875, 18.375], [86.875, 18.625], [86.625, 18.625], [86.625, 18.375]]]}, "properties": {"time": "2019-05-03T00:00:00", "variable": "msl", "tier": "moderate", "percentile": 99.6, "z": 5.74, "wind_ms": 20.83, "value": 996.58, "lat": 18.5, "lon": 86.75}}, {"type": "Feature", "geometry": {"type": "Polygon", "coordinates": [[[86.875, 18.375], [87.125, 18.375], [87.125, 18.625], [86.875, 18.625], [86.875, 18.375]]]}, "properties": {"time": "2019-05-03T00:00:00", "variable": "msl", "tier": "moderate", "percentile": 99.6, "z": 5.25, "wind_ms": 19.32, "value": 998.0, "lat": 18.5, "lon": 87.0}}, {"type": "Feature", "geometry": {"type": "Polygon", "coordinates": [[[87.125, 18.375], [87.375, 18.375], [87.375, 18.625], [87.125, 18.625], [87.125, 18.375]]]}, "properties": {"time": "2019-05-03T00:00:00", "variable": "msl", "tier": "moderate", "percentile": 99.6, "z": 4.85, "wind_ms": 17.1, "value": 999.09, "lat": 18.5, "lon": 87.25}}, {"type": "Feature", "geometry": {"type": "Polygon", "coordinates": [[[87.375, 18.375], [87.625, 18.375], [87.625, 18.625], [87.375, 18.625], [87.375, 18.375]]]}, "properties": {"time": "2019-05-03T00:00:00", "variable": "msl", "tier": "low", "percentile": 99.6, "z": 4.44, "wind_ms": 14.93, "value": 1000.13, "lat": 18.5, "lon": 87.5}}, {"type": "Feature", "geometry": {"type": "Polygon", "coordinates": [[[87.625, 18.375], [87.875, 18.375], [87.875, 18.625], [87.625, 18.625], [87.625, 18.375]]]}, "properties": {"time": "2019-05-03T00:00:00", "variable": "msl", "tier": "low", "percentile": 99.6, "z": 4.17, "wind_ms": 14.7, "value": 1000.81, "lat": 18.5, "lon": 87.75}}, {"type": "Feature", "geometry": {"type": "Polygon", "coordinates": [[[87.875, 18.375], [88.125, 18.375], [88.125, 18.625], [87.875, 18.625], [87.875, 18.375]]]}, "properties": {"time": "2019-05-03T00:00:00", "variable": "msl", "tier": "low", "percentile": 99.6, "z": 3.93, "wind_ms": 14.94, "value": 1001.42, "lat": 18.5, "lon": 88.0}}, {"type": "Feature", "geometry": {"type": "Polygon", "coordinates": [[[88.125, 18.375], [88.375, 18.375], [88.375, 18.625], [88.125, 18.625], [88.125, 18.375]]]}, "properties": {"time": "2019-05-03T00:00:00", "variable": "msl", "tier": "low", "percentile": 99.6, "z": 3.73, "wind_ms": 14.45, "value": 1001.9, "lat": 18.5, "lon": 88.25}}, {"type": "Feature", "geometry": {"type": "Polygon", "coordinates": [[[84.125, 18.625], [84.375, 18.625], [84.375, 18.875], [84.125, 18.875], [84.125, 18.625]]]}, "properties": {"time": "2019-05-03T00:00:00", "variable": "msl", "tier": "low", "percentile": 99.6, "z": 6.63, "wind_ms": 10.35, "value": 993.47, "lat": 18.75, "lon": 84.25}}, {"type": "Feature", "geometry": {"type": "Polygon", "coordinates": [[[84.375, 18.625], [84.625, 18.625], [84.625, 18.875], [84.375, 18.875], [84.375, 18.625]]]}, "properties": {"time": "2019-05-03T00:00:00", "variable": "msl", "tier": "low", "percentile": 99.6, "z": 7.29, "wind_ms": 13.6, "value": 990.38, "lat": 18.75, "lon": 84.5}}, {"type": "Feature", "geometry": {"type": "Polygon", "coordinates": [[[84.625, 18.625], [84.875, 18.625], [84.875, 18.875], [84.625, 18.875], [84.625, 18.625]]]}, "properties": {"time": "2019-05-03T00:00:00", "variable": "msl", "tier": "moderate", "percentile": 99.6, "z": 7.84, "wind_ms": 18.85, "value": 987.67, "lat": 18.75, "lon": 84.75}}, {"type": "Feature", "geometry": {"type": "Polygon", "coordinates": [[[84.875, 18.625], [85.125, 18.625], [85.125, 18.875], [84.875, 18.875], [84.875, 18.625]]]}, "properties": {"time": "2019-05-03T00:00:00", "variable": "msl", "tier": "moderate", "percentile": 99.6, "z": 8.52, "wind_ms": 22.16, "value": 983.86, "lat": 18.75, "lon": 85.0}}, {"type": "Feature", "geometry": {"type": "Polygon", "coordinates": [[[85.125, 18.625], [85.375, 18.625], [85.375, 18.875], [85.125, 18.875], [85.125, 18.625]]]}, "properties": {"time": "2019-05-03T00:00:00", "variable": "msl", "tier": "moderate", "percentile": 99.6, "z": 8.87, "wind_ms": 24.86, "value": 981.45, "lat": 18.75, "lon": 85.25}}, {"type": "Feature", "geometry": {"type": "Polygon", "coordinates": [[[85.375, 18.625], [85.625, 18.625], [85.625, 18.875], [85.375, 18.875], [85.375, 18.625]]]}, "properties": {"time": "2019-05-03T00:00:00", "variable": "msl", "tier": "severe", "percentile": 99.6, "z": 8.85, "wind_ms": 26.85, "value": 981.74, "lat": 18.75, "lon": 85.5}}, {"type": "Feature", "geometry": {"type": "Polygon", "coordinates": [[[85.625, 18.625], [85.875, 18.625], [85.875, 18.875], [85.625, 18.875], [85.625, 18.625]]]}, "properties": {"time": "2019-05-03T00:00:00", "variable": "msl", "tier": "severe", "percentile": 99.6, "z": 8.4, "wind_ms": 25.31, "value": 985.03, "lat": 18.75, "lon": 85.75}}, {"type": "Feature", "geometry": {"type": "Polygon", "coordinates": [[[85.875, 18.625], [86.125, 18.625], [86.125, 18.875], [85.875, 18.875], [85.875, 18.625]]]}, "properties": {"time": "2019-05-03T00:00:00", "variable": "msl", "tier": "moderate", "percentile": 99.6, "z": 7.83, "wind_ms": 24.32, "value": 988.3, "lat": 18.75, "lon": 86.0}}, {"type": "Feature", "geometry": {"type": "Polygon", "coordinates": [[[86.125, 18.625], [86.375, 18.625], [86.375, 18.875], [86.125, 18.875], [86.125, 18.625]]]}, "properties": {"time": "2019-05-03T00:00:00", "variable": "msl", "tier": "moderate", "percentile": 99.6, "z": 7.12, "wind_ms": 23.9, "value": 991.54, "lat": 18.75, "lon": 86.25}}, {"type": "Feature", "geometry": {"type": "Polygon", "coordinates": [[[86.375, 18.625], [86.625, 18.625], [86.625, 18.875], [86.375, 18.875], [86.375, 18.625]]]}, "properties": {"time": "2019-05-03T00:00:00", "variable": "msl", "tier": "moderate", "percentile": 99.6, "z": 6.54, "wind_ms": 23.05, "value": 993.78, "lat": 18.75, "lon": 86.5}}, {"type": "Feature", "geometry": {"type": "Polygon", "coordinates": [[[86.625, 18.625], [86.875, 18.625], [86.875, 18.875], [86.625, 18.875], [86.625, 18.625]]]}, "properties": {"time": "2019-05-03T00:00:00", "variable": "msl", "tier": "moderate", "percentile": 99.6, "z": 5.97, "wind_ms": 21.8, "value": 995.7, "lat": 18.75, "lon": 86.75}}, {"type": "Feature", "geometry": {"type": "Polygon", "coordinates": [[[86.875, 18.625], [87.125, 18.625], [87.125, 18.875], [86.875, 18.875], [86.875, 18.625]]]}, "properties": {"time": "2019-05-03T00:00:00", "variable": "msl", "tier": "moderate", "percentile": 99.6, "z": 5.48, "wind_ms": 20.36, "value": 997.17, "lat": 18.75, "lon": 87.0}}, {"type": "Feature", "geometry": {"type": "Polygon", "coordinates": [[[87.125, 18.625], [87.375, 18.625], [87.375, 18.875], [87.125, 18.875], [87.125, 18.625]]]}, "properties": {"time": "2019-05-03T00:00:00", "variable": "msl", "tier": "moderate", "percentile": 99.6, "z": 4.99, "wind_ms": 18.5, "value": 998.53, "lat": 18.75, "lon": 87.25}}, {"type": "Feature", "geometry": {"type": "Polygon", "coordinates": [[[87.375, 18.625], [87.625, 18.625], [87.625, 18.875], [87.375, 18.875], [87.375, 18.625]]]}, "properties": {"time": "2019-05-03T00:00:00", "variable": "msl", "tier": "low", "percentile": 99.6, "z": 4.53, "wind_ms": 16.08, "value": 999.72, "lat": 18.75, "lon": 87.5}}, {"type": "Feature", "geometry": {"type": "Polygon", "coordinates": [[[87.625, 18.625], [87.875, 18.625], [87.875, 18.875], [87.625, 18.875], [87.625, 18.625]]]}, "properties": {"time": "2019-05-03T00:00:00", "variable": "msl", "tier": "low", "percentile": 99.6, "z": 4.2, "wind_ms": 15.02, "value": 1000.56, "lat": 18.75, "lon": 87.75}}, {"type": "Feature", "geometry": {"type": "Polygon", "coordinates": [[[87.875, 18.625], [88.125, 18.625], [88.125, 18.875], [87.875, 18.875], [87.875, 18.625]]]}, "properties": {"time": "2019-05-03T00:00:00", "variable": "msl", "tier": "low", "percentile": 99.6, "z": 3.94, "wind_ms": 15.25, "value": 1001.19, "lat": 18.75, "lon": 88.0}}, {"type": "Feature", "geometry": {"type": "Polygon", "coordinates": [[[88.125, 18.625], [88.375, 18.625], [88.375, 18.875], [88.125, 18.875], [88.125, 18.625]]]}, "properties": {"time": "2019-05-03T00:00:00", "variable": "msl", "tier": "low", "percentile": 99.6, "z": 3.72, "wind_ms": 14.06, "value": 1001.7, "lat": 18.75, "lon": 88.25}}, {"type": "Feature", "geometry": {"type": "Polygon", "coordinates": [[[84.125, 18.875], [84.375, 18.875], [84.375, 19.125], [84.125, 19.125], [84.125, 18.875]]]}, "properties": {"time": "2019-05-03T00:00:00", "variable": "msl", "tier": "low", "percentile": 99.6, "z": 6.79, "wind_ms": 8.9, "value": 993.68, "lat": 19.0, "lon": 84.25}}, {"type": "Feature", "geometry": {"type": "Polygon", "coordinates": [[[84.375, 18.875], [84.625, 18.875], [84.625, 19.125], [84.375, 19.125], [84.375, 18.875]]]}, "properties": {"time": "2019-05-03T00:00:00", "variable": "msl", "tier": "low", "percentile": 99.6, "z": 7.48, "wind_ms": 11.8, "value": 989.93, "lat": 19.0, "lon": 84.5}}, {"type": "Feature", "geometry": {"type": "Polygon", "coordinates": [[[84.625, 18.875], [84.875, 18.875], [84.875, 19.125], [84.625, 19.125], [84.625, 18.875]]]}, "properties": {"time": "2019-05-03T00:00:00", "variable": "msl", "tier": "low", "percentile": 99.6, "z": 8.11, "wind_ms": 16.67, "value": 985.58, "lat": 19.0, "lon": 84.75}}, {"type": "Feature", "geometry": {"type": "Polygon", "coordinates": [[[84.875, 18.875], [85.125, 18.875], [85.125, 19.125], [84.875, 19.125], [84.875, 18.875]]]}, "properties": {"time": "2019-05-03T00:00:00", "variable": "msl", "tier": "moderate", "percentile": 99.6, "z": 8.79, "wind_ms": 19.68, "value": 981.05, "lat": 19.0, "lon": 85.0}}, {"type": "Feature", "geometry": {"type": "Polygon", "coordinates": [[[85.125, 18.875], [85.375, 18.875], [85.375, 19.125], [85.125, 19.125], [85.125, 18.875]]]}, "properties": {"time": "2019-05-03T00:00:00", "variable": "msl", "tier": "low", "percentile": 99.6, "z": 9.25, "wind_ms": 10.56, "value": 977.21, "lat": 19.0, "lon": 85.25}}, {"type": "Feature", "geometry": {"type": "Polygon", "coordinates": [[[85.375, 18.875], [85.625, 18.875], [85.625, 19.125], [85.375, 19.125], [85.375, 18.875]]]}, "properties": {"time": "2019-05-03T00:00:00", "variable": "msl", "tier": "moderate", "percentile": 99.6, "z": 9.21, "wind_ms": 17.19, "value": 977.8, "lat": 19.0, "lon": 85.5}}, {"type": "Feature", "geometry": {"type": "Polygon", "coordinates": [[[85.625, 18.875], [85.875, 18.875], [85.875, 19.125], [85.625, 19.125], [85.625, 18.875]]]}, "properties": {"time": "2019-05-03T00:00:00", "variable": "msl", "tier": "moderate", "percentile": 99.6, "z": 8.71, "wind_ms": 22.08, "value": 982.43, "lat": 19.0, "lon": 85.75}}, {"type": "Feature", "geometry": {"type": "Polygon", "coordinates": [[[85.875, 18.875], [86.125, 18.875], [86.125, 19.125], [85.875, 19.125], [85.875, 18.875]]]}, "properties": {"time": "2019-05-03T00:00:00", "variable": "msl", "tier": "moderate", "percentile": 99.6, "z": 8.07, "wind_ms": 24.73, "value": 986.74, "lat": 19.0, "lon": 86.0}}, {"type": "Feature", "geometry": {"type": "Polygon", "coordinates": [[[86.125, 18.875], [86.375, 18.875], [86.375, 19.125], [86.125, 19.125], [86.125, 18.875]]]}, "properties": {"time": "2019-05-03T00:00:00", "variable": "msl", "tier": "moderate", "percentile": 99.6, "z": 7.35, "wind_ms": 24.65, "value": 990.3, "lat": 19.0, "lon": 86.25}}, {"type": "Feature", "geometry": {"type": "Polygon", "coordinates": [[[86.375, 18.875], [86.625, 18.875], [86.625, 19.125], [86.375, 19.125], [86.375, 18.875]]]}, "properties": {"time": "2019-05-03T00:00:00", "variable": "msl", "tier": "moderate", "percentile": 99.6, "z": 6.68, "wind_ms": 23.65, "value": 993.02, "lat": 19.0, "lon": 86.5}}, {"type": "Feature", "geometry": {"type": "Polygon", "coordinates": [[[86.625, 18.875], [86.875, 18.875], [86.875, 19.125], [86.625, 19.125], [86.625, 18.875]]]}, "properties": {"time": "2019-05-03T00:00:00", "variable": "msl", "tier": "moderate", "percentile": 99.6, "z": 6.09, "wind_ms": 22.23, "value": 995.1, "lat": 19.0, "lon": 86.75}}, {"type": "Feature", "geometry": {"type": "Polygon", "coordinates": [[[86.875, 18.875], [87.125, 18.875], [87.125, 19.125], [86.875, 19.125], [86.875, 18.875]]]}, "properties": {"time": "2019-05-03T00:00:00", "variable": "msl", "tier": "moderate", "percentile": 99.6, "z": 5.54, "wind_ms": 20.59, "value": 996.79, "lat": 19.0, "lon": 87.0}}, {"type": "Feature", "geometry": {"type": "Polygon", "coordinates": [[[87.125, 18.875], [87.375, 18.875], [87.375, 19.125], [87.125, 19.125], [87.125, 18.875]]]}, "properties": {"time": "2019-05-03T00:00:00", "variable": "msl", "tier": "moderate", "percentile": 99.6, "z": 5.02, "wind_ms": 18.69, "value": 998.22, "lat": 19.0, "lon": 87.25}}, {"type": "Feature", "geometry": {"type": "Polygon", "coordinates": [[[87.375, 18.875], [87.625, 18.875], [87.625, 19.125], [87.375, 19.125], [87.375, 18.875]]]}, "properties": {"time": "2019-05-03T00:00:00", "variable": "msl", "tier": "low", "percentile": 99.6, "z": 4.55, "wind_ms": 16.44, "value": 999.41, "lat": 19.0, "lon": 87.5}}, {"type": "Feature", "geometry": {"type": "Polygon", "coordinates": [[[87.625, 18.875], [87.875, 18.875], [87.875, 19.125], [87.625, 19.125], [87.625, 18.875]]]}, "properties": {"time": "2019-05-03T00:00:00", "variable": "msl", "tier": "low", "percentile": 99.6, "z": 4.19, "wind_ms": 14.9, "value": 1000.3, "lat": 19.0, "lon": 87.75}}, {"type": "Feature", "geometry": {"type": "Polygon", "coordinates": [[[87.875, 18.875], [88.125, 18.875], [88.125, 19.125], [87.875, 19.125], [87.875, 18.875]]]}, "properties": {"time": "2019-05-03T00:00:00", "variable": "msl", "tier": "low", "percentile": 99.6, "z": 3.92, "wind_ms": 15.17, "value": 1000.98, "lat": 19.0, "lon": 88.0}}, {"type": "Feature", "geometry": {"type": "Polygon", "coordinates": [[[88.125, 18.875], [88.375, 18.875], [88.375, 19.125], [88.125, 19.125], [88.125, 18.875]]]}, "properties": {"time": "2019-05-03T00:00:00", "variable": "msl", "tier": "low", "percentile": 99.6, "z": 3.66, "wind_ms": 13.56, "value": 1001.63, "lat": 19.0, "lon": 88.25}}, {"type": "Feature", "geometry": {"type": "Polygon", "coordinates": [[[84.125, 19.125], [84.375, 19.125], [84.375, 19.375], [84.125, 19.375], [84.125, 19.125]]]}, "properties": {"time": "2019-05-03T00:00:00", "variable": "msl", "tier": "low", "percentile": 99.6, "z": 6.47, "wind_ms": 8.85, "value": 994.77, "lat": 19.25, "lon": 84.25}}, {"type": "Feature", "geometry": {"type": "Polygon", "coordinates": [[[84.375, 19.125], [84.625, 19.125], [84.625, 19.375], [84.375, 19.375], [84.375, 19.125]]]}, "properties": {"time": "2019-05-03T00:00:00", "variable": "msl", "tier": "low", "percentile": 99.6, "z": 7.23, "wind_ms": 11.9, "value": 990.61, "lat": 19.25, "lon": 84.5}}, {"type": "Feature", "geometry": {"type": "Polygon", "coordinates": [[[84.625, 19.125], [84.875, 19.125], [84.875, 19.375], [84.625, 19.375], [84.625, 19.125]]]}, "properties": {"time": "2019-05-03T00:00:00", "variable": "msl", "tier": "low", "percentile": 99.6, "z": 7.97, "wind_ms": 16.63, "value": 985.77, "lat": 19.25, "lon": 84.75}}, {"type": "Feature", "geometry": {"type": "Polygon", "coordinates": [[[84.875, 19.125], [85.125, 19.125], [85.125, 19.375], [84.875, 19.375], [84.875, 19.125]]]}, "properties": {"time": "2019-05-03T00:00:00", "variable": "msl", "tier": "moderate", "percentile": 99.6, "z": 8.7, "wind_ms": 18.63, "value": 981.17, "lat": 19.25, "lon": 85.0}}, {"type": "Feature", "geometry": {"type": "Polygon", "coordinates": [[[85.125, 19.125], [85.375, 19.125], [85.375, 19.375], [85.125, 19.375], [85.125, 19.125]]]}, "properties": {"time": "2019-05-03T00:00:00", "variable": "msl", "tier": "low", "percentile": 99.6, "z": 9.15, "wind_ms": 12.94, "value": 977.6, "lat": 19.25, "lon": 85.25}}, {"type": "Feature", "geometry": {"type": "Polygon", "coordinates": [[[85.375, 19.125], [85.625, 19.125], [85.625, 19.375], [85.375, 19.375], [85.375, 19.125]]]}, "properties": {"time": "2019-05-03T00:00:00", "variable": "msl", "tier": "low", "percentile": 99.6, "z": 9.13, "wind_ms": 15.96, "value": 978.16, "lat": 19.25, "lon": 85.5}}, {"type": "Feature", "geometry": {"type": "Polygon", "coordinates": [[[85.625, 19.125], [85.875, 19.125], [85.875, 19.375], [85.625, 19.375], [85.625, 19.125]]]}, "properties": {"time": "2019-05-03T00:00:00", "variable": "msl", "tier": "moderate", "percentile": 99.6, "z": 8.65, "wind_ms": 20.63, "value": 982.34, "lat": 19.25, "lon": 85.75}}, {"type": "Feature", "geometry": {"type": "Polygon", "coordinates": [[[85.875, 19.125], [86.125, 19.125], [86.125, 19.375], [85.875, 19.375], [85.875, 19.125]]]}, "properties": {"time": "2019-05-03T00:00:00", "variable": "msl", "tier": "moderate", "percentile": 99.6, "z": 8.03, "wind_ms": 23.7, "value": 986.38, "lat": 19.25, "lon": 86.0}}, {"type": "Feature", "geometry": {"type": "Polygon", "coordinates": [[[86.125, 19.125], [86.375, 19.125], [86.375, 19.375], [86.125, 19.375], [86.125, 19.125]]]}, "properties": {"time": "2019-05-03T00:00:00", "variable": "msl", "tier": "moderate", "percentile": 99.6, "z": 7.34, "wind_ms": 23.92, "value": 989.91, "lat": 19.25, "lon": 86.25}}, {"type": "Feature", "geometry": {"type": "Polygon", "coordinates": [[[86.375, 19.125], [86.625, 19.125], [86.625, 19.375], [86.375, 19.375], [86.375, 19.125]]]}, "properties": {"time": "2019-05-03T00:00:00", "variable": "msl", "tier": "moderate", "percentile": 99.6, "z": 6.66, "wind_ms": 23.09, "value": 992.7, "lat": 19.25, "lon": 86.5}}, {"type": "Feature", "geometry": {"type": "Polygon", "coordinates": [[[86.625, 19.125], [86.875, 19.125], [86.875, 19.375], [86.625, 19.375], [86.625, 19.125]]]}, "properties": {"time": "2019-05-03T00:00:00", "variable": "msl", "tier": "moderate", "percentile": 99.6, "z": 6.03, "wind_ms": 22.06, "value": 994.85, "lat": 19.25, "lon": 86.75}}, {"type": "Feature", "geometry": {"type": "Polygon", "coordinates": [[[86.875, 19.125], [87.125, 19.125], [87.125, 19.375], [86.875, 19.375], [86.875, 19.125]]]}, "properties": {"time": "2019-05-03T00:00:00", "variable": "msl", "tier": "moderate", "percentile": 99.6, "z": 5.47, "wind_ms": 20.58, "value": 996.57, "lat": 19.25, "lon": 87.0}}, {"type": "Feature", "geometry": {"type": "Polygon", "coordinates": [[[87.125, 19.125], [87.375, 19.125], [87.375, 19.375], [87.125, 19.375], [87.125, 19.125]]]}, "properties": {"time": "2019-05-03T00:00:00", "variable": "msl", "tier": "moderate", "percentile": 99.6, "z": 4.94, "wind_ms": 18.42, "value": 998.06, "lat": 19.25, "lon": 87.25}}, {"type": "Feature", "geometry": {"type": "Polygon", "coordinates": [[[87.375, 19.125], [87.625, 19.125], [87.625, 19.375], [87.375, 19.375], [87.375, 19.125]]]}, "properties": {"time": "2019-05-03T00:00:00", "variable": "msl", "tier": "low", "percentile": 99.6, "z": 4.49, "wind_ms": 16.56, "value": 999.26, "lat": 19.25, "lon": 87.5}}, {"type": "Feature", "geometry": {"type": "Polygon", "coordinates": [[[87.625, 19.125], [87.875, 19.125], [87.875, 19.375], [87.625, 19.375], [87.625, 19.125]]]}, "properties": {"time": "2019-05-03T00:00:00", "variable": "msl", "tier": "low", "percentile": 99.6, "z": 4.12, "wind_ms": 14.85, "value": 1000.18, "lat": 19.25, "lon": 87.75}}, {"type": "Feature", "geometry": {"type": "Polygon", "coordinates": [[[87.875, 19.125], [88.125, 19.125], [88.125, 19.375], [87.875, 19.375], [87.875, 19.125]]]}, "properties": {"time": "2019-05-03T00:00:00", "variable": "msl", "tier": "low", "percentile": 99.6, "z": 3.86, "wind_ms": 14.41, "value": 1000.84, "lat": 19.25, "lon": 88.0}}, {"type": "Feature", "geometry": {"type": "Polygon", "coordinates": [[[88.125, 19.125], [88.375, 19.125], [88.375, 19.375], [88.125, 19.375], [88.125, 19.125]]]}, "properties": {"time": "2019-05-03T00:00:00", "variable": "msl", "tier": "low", "percentile": 99.6, "z": 3.58, "wind_ms": 13.47, "value": 1001.49, "lat": 19.25, "lon": 88.25}}, {"type": "Feature", "geometry": {"type": "Polygon", "coordinates": [[[84.375, 19.375], [84.625, 19.375], [84.625, 19.625], [84.375, 19.625], [84.375, 19.375]]]}, "properties": {"time": "2019-05-03T00:00:00", "variable": "msl", "tier": "low", "percentile": 99.6, "z": 6.73, "wind_ms": 11.1, "value": 992.1, "lat": 19.5, "lon": 84.5}}, {"type": "Feature", "geometry": {"type": "Polygon", "coordinates": [[[84.625, 19.375], [84.875, 19.375], [84.875, 19.625], [84.625, 19.625], [84.625, 19.375]]]}, "properties": {"time": "2019-05-03T00:00:00", "variable": "msl", "tier": "low", "percentile": 99.6, "z": 7.47, "wind_ms": 14.2, "value": 988.05, "lat": 19.5, "lon": 84.75}}, {"type": "Feature", "geometry": {"type": "Polygon", "coordinates": [[[84.875, 19.375], [85.125, 19.375], [85.125, 19.625], [84.875, 19.625], [84.875, 19.375]]]}, "properties": {"time": "2019-05-03T00:00:00", "variable": "msl", "tier": "low", "percentile": 99.6, "z": 8.07, "wind_ms": 15.44, "value": 985.19, "lat": 19.5, "lon": 85.0}}, {"type": "Feature", "geometry": {"type": "Polygon", "coordinates": [[[85.125, 19.375], [85.375, 19.375], [85.375, 19.625], [85.125, 19.625], [85.125, 19.375]]]}, "properties": {"time": "2019-05-03T00:00:00", "variable": "msl", "tier": "moderate", "percentile": 99.6, "z": 8.41, "wind_ms": 17.24, "value": 983.11, "lat": 19.5, "lon": 85.25}}, {"type": "Feature", "geometry": {"type": "Polygon", "coordinates": [[[85.375, 19.375], [85.625, 19.375], [85.625, 19.625], [85.375, 19.625], [85.375, 19.375]]]}, "properties": {"time": "2019-05-03T00:00:00", "variable": "msl", "tier": "moderate", "percentile": 99.6, "z": 8.46, "wind_ms": 18.76, "value": 982.96, "lat": 19.5, "lon": 85.5}}, {"type": "Feature", "geometry": {"type": "Polygon", "coordinates": [[[85.625, 19.375], [85.875, 19.375], [85.875, 19.625], [85.625, 19.625], [85.625, 19.375]]]}, "properties": {"time": "2019-05-03T00:00:00", "variable": "msl", "tier": "moderate", "percentile": 99.6, "z": 8.15, "wind_ms": 19.53, "value": 985.14, "lat": 19.5, "lon": 85.75}}, {"type": "Feature", "geometry": {"type": "Polygon", "coordinates": [[[85.875, 19.375], [86.125, 19.375], [86.125, 19.625], [85.875, 19.625], [85.875, 19.375]]]}, "properties": {"time": "2019-05-03T00:00:00", "variable": "msl", "tier": "moderate", "percentile": 99.6, "z": 7.57, "wind_ms": 22.09, "value": 988.28, "lat": 19.5, "lon": 86.0}}, {"type": "Feature", "geometry": {"type": "Polygon", "coordinates": [[[86.125, 19.375], [86.375, 19.375], [86.375, 19.625], [86.125, 19.625], [86.125, 19.375]]]}, "properties": {"time": "2019-05-03T00:00:00", "variable": "msl", "tier": "moderate", "percentile": 99.6, "z": 6.98, "wind_ms": 22.45, "value": 990.91, "lat": 19.5, "lon": 86.25}}, {"type": "Feature", "geometry": {"type": "Polygon", "coordinates": [[[86.375, 19.375], [86.625, 19.375], [86.625, 19.625], [86.375, 19.625], [86.375, 19.375]]]}, "properties": {"time": "2019-05-03T00:00:00", "variable": "msl", "tier": "moderate", "percentile": 99.6, "z": 6.35, "wind_ms": 21.82, "value": 993.34, "lat": 19.5, "lon": 86.5}}, {"type": "Feature", "geometry": {"type": "Polygon", "coordinates": [[[86.625, 19.375], [86.875, 19.375], [86.875, 19.625], [86.625, 19.625], [86.625, 19.375]]]}, "properties": {"time": "2019-05-03T00:00:00", "variable": "msl", "tier": "moderate", "percentile": 99.6, "z": 5.79, "wind_ms": 21.26, "value": 995.23, "lat": 19.5, "lon": 86.75}}, {"type": "Feature", "geometry": {"type": "Polygon", "coordinates": [[[86.875, 19.375], [87.125, 19.375], [87.125, 19.625], [86.875, 19.625], [86.875, 19.375]]]}, "properties": {"time": "2019-05-03T00:00:00", "variable": "msl", "tier": "moderate", "percentile": 99.6, "z": 5.25, "wind_ms": 20.03, "value": 996.84, "lat": 19.5, "lon": 87.0}}, {"type": "Feature", "geometry": {"type": "Polygon", "coordinates": [[[87.125, 19.375], [87.375, 19.375], [87.375, 19.625], [87.125, 19.625], [87.125, 19.375]]]}, "properties": {"time": "2019-05-03T00:00:00", "variable": "msl", "tier": "moderate", "percentile": 99.6, "z": 4.76, "wind_ms": 17.99, "value": 998.18, "lat": 19.5, "lon": 87.25}}, {"type": "Feature", "geometry": {"type": "Polygon", "coordinates": [[[87.375, 19.375], [87.625, 19.375], [87.625, 19.625], [87.375, 19.625], [87.375, 19.375]]]}, "properties": {"time": "2019-05-03T00:00:00", "variable": "msl", "tier": "low", "percentile": 99.6, "z": 4.35, "wind_ms": 16.49, "value": 999.26, "lat": 19.5, "lon": 87.5}}, {"type": "Feature", "geometry": {"type": "Polygon", "coordinates": [[[87.625, 19.375], [87.875, 19.375], [87.875, 19.625], [87.625, 19.625], [87.625, 19.375]]]}, "properties": {"time": "2019-05-03T00:00:00", "variable": "msl", "tier": "low", "percentile": 99.6, "z": 4.0, "wind_ms": 14.84, "value": 1000.1, "lat": 19.5, "lon": 87.75}}, {"type": "Feature", "geometry": {"type": "Polygon", "coordinates": [[[87.875, 19.375], [88.125, 19.375], [88.125, 19.625], [87.875, 19.625], [87.875, 19.375]]]}, "properties": {"time": "2019-05-03T00:00:00", "variable": "msl", "tier": "low", "percentile": 99.6, "z": 3.71, "wind_ms": 13.52, "value": 1000.87, "lat": 19.5, "lon": 88.0}}, {"type": "Feature", "geometry": {"type": "Polygon", "coordinates": [[[88.125, 19.375], [88.375, 19.375], [88.375, 19.625], [88.125, 19.625], [88.125, 19.375]]]}, "properties": {"time": "2019-05-03T00:00:00", "variable": "msl", "tier": "low", "percentile": 99.6, "z": 3.43, "wind_ms": 13.36, "value": 1001.57, "lat": 19.5, "lon": 88.25}}, {"type": "Feature", "geometry": {"type": "Polygon", "coordinates": [[[84.375, 19.625], [84.625, 19.625], [84.625, 19.875], [84.375, 19.875], [84.375, 19.625]]]}, "properties": {"time": "2019-05-03T00:00:00", "variable": "msl", "tier": "low", "percentile": 99.6, "z": 6.19, "wind_ms": 10.36, "value": 993.44, "lat": 19.75, "lon": 84.5}}, {"type": "Feature", "geometry": {"type": "Polygon", "coordinates": [[[84.625, 19.625], [84.875, 19.625], [84.875, 19.875], [84.625, 19.875], [84.625, 19.625]]]}, "properties": {"time": "2019-05-03T00:00:00", "variable": "msl", "tier": "low", "percentile": 99.6, "z": 6.79, "wind_ms": 12.42, "value": 990.8, "lat": 19.75, "lon": 84.75}}, {"type": "Feature", "geometry": {"type": "Polygon", "coordinates": [[[84.875, 19.625], [85.125, 19.625], [85.125, 19.875], [84.875, 19.875], [84.875, 19.625]]]}, "properties": {"time": "2019-05-03T00:00:00", "variable": "msl", "tier": "low", "percentile": 99.6, "z": 7.4, "wind_ms": 12.92, "value": 988.62, "lat": 19.75, "lon": 85.0}}, {"type": "Feature", "geometry": {"type": "Polygon", "coordinates": [[[85.125, 19.625], [85.375, 19.625], [85.375, 19.875], [85.125, 19.875], [85.125, 19.625]]]}, "properties": {"time": "2019-05-03T00:00:00", "variable": "msl", "tier": "low", "percentile": 99.6, "z": 7.5, "wind_ms": 15.38, "value": 987.93, "lat": 19.75, "lon": 85.25}}, {"type": "Feature", "geometry": {"type": "Polygon", "coordinates": [[[85.375, 19.625], [85.625, 19.625], [85.625, 19.875], [85.375, 19.875], [85.375, 19.625]]]}, "properties": {"time": "2019-05-03T00:00:00", "variable": "msl", "tier": "low", "percentile": 99.6, "z": 7.51, "wind_ms": 16.19, "value": 987.8, "lat": 19.75, "lon": 85.5}}, {"type": "Feature", "geometry": {"type": "Polygon", "coordinates": [[[85.625, 19.625], [85.875, 19.625], [85.875, 19.875], [85.625, 19.875], [85.625, 19.625]]]}, "properties": {"time": "2019-05-03T00:00:00", "variable": "msl", "tier": "low", "percentile": 99.6, "z": 7.22, "wind_ms": 14.27, "value": 989.27, "lat": 19.75, "lon": 85.75}}, {"type": "Feature", "geometry": {"type": "Polygon", "coordinates": [[[85.875, 19.625], [86.125, 19.625], [86.125, 19.875], [85.875, 19.875], [85.875, 19.625]]]}, "properties": {"time": "2019-05-03T00:00:00", "variable": "msl", "tier": "moderate", "percentile": 99.6, "z": 6.85, "wind_ms": 18.14, "value": 990.84, "lat": 19.75, "lon": 86.0}}, {"type": "Feature", "geometry": {"type": "Polygon", "coordinates": [[[86.125, 19.625], [86.375, 19.625], [86.375, 19.875], [86.125, 19.875], [86.125, 19.625]]]}, "properties": {"time": "2019-05-03T00:00:00", "variable": "msl", "tier": "moderate", "percentile": 99.6, "z": 6.3, "wind_ms": 19.48, "value": 992.91, "lat": 19.75, "lon": 86.25}}, {"type": "Feature", "geometry": {"type": "Polygon", "coordinates": [[[86.375, 19.625], [86.625, 19.625], [86.625, 19.875], [86.375, 19.875], [86.375, 19.625]]]}, "properties": {"time": "2019-05-03T00:00:00", "variable": "msl", "tier": "moderate", "percentile": 99.6, "z": 5.88, "wind_ms": 20.54, "value": 994.37, "lat": 19.75, "lon": 86.5}}, {"type": "Feature", "geometry": {"type": "Polygon", "coordinates": [[[86.625, 19.625], [86.875, 19.625], [86.875, 19.875], [86.625, 19.875], [86.625, 19.625]]]}, "properties": {"time": "2019-05-03T00:00:00", "variable": "msl", "tier": "moderate", "percentile": 99.6, "z": 5.36, "wind_ms": 20.14, "value": 996.01, "lat": 19.75, "lon": 86.75}}, {"type": "Feature", "geometry": {"type": "Polygon", "coordinates": [[[86.875, 19.625], [87.125, 19.625], [87.125, 19.875], [86.875, 19.875], [86.875, 19.625]]]}, "properties": {"time": "2019-05-03T00:00:00", "variable": "msl", "tier": "moderate", "percentile": 99.6, "z": 4.91, "wind_ms": 18.98, "value": 997.3, "lat": 19.75, "lon": 87.0}}, {"type": "Feature", "geometry": {"type": "Polygon", "coordinates": [[[87.125, 19.625], [87.375, 19.625], [87.375, 19.875], [87.125, 19.875], [87.125, 19.625]]]}, "properties": {"time": "2019-05-03T00:00:00", "variable": "msl", "tier": "low", "percentile": 99.6, "z": 4.44, "wind_ms": 16.95, "value": 998.56, "lat": 19.75, "lon": 87.25}}, {"type": "Feature", "geometry": {"type": "Polygon", "coordinates": [[[87.375, 19.625], [87.625, 19.625], [87.625, 19.875], [87.375, 19.875], [87.375, 19.625]]]}, "properties": {"time": "2019-05-03T00:00:00", "variable": "msl", "tier": "low", "percentile": 99.6, "z": 4.1, "wind_ms": 15.92, "value": 999.48, "lat": 19.75, "lon": 87.5}}, {"type": "Feature", "geometry": {"type": "Polygon", "coordinates": [[[87.625, 19.625], [87.875, 19.625], [87.875, 19.875], [87.625, 19.875], [87.625, 19.625]]]}, "properties": {"time": "2019-05-03T00:00:00", "variable": "msl", "tier": "low", "percentile": 99.6, "z": 3.79, "wind_ms": 14.85, "value": 1000.27, "lat": 19.75, "lon": 87.75}}, {"type": "Feature", "geometry": {"type": "Polygon", "coordinates": [[[87.875, 19.625], [88.125, 19.625], [88.125, 19.875], [87.875, 19.875], [87.875, 19.625]]]}, "properties": {"time": "2019-05-03T00:00:00", "variable": "msl", "tier": "low", "percentile": 99.6, "z": 3.47, "wind_ms": 13.83, "value": 1001.08, "lat": 19.75, "lon": 88.0}}, {"type": "Feature", "geometry": {"type": "Polygon", "coordinates": [[[88.125, 19.625], [88.375, 19.625], [88.375, 19.875], [88.125, 19.875], [88.125, 19.625]]]}, "properties": {"time": "2019-05-03T00:00:00", "variable": "msl", "tier": "low", "percentile": 99.6, "z": 3.21, "wind_ms": 13.74, "value": 1001.69, "lat": 19.75, "lon": 88.25}}, {"type": "Feature", "geometry": {"type": "Polygon", "coordinates": [[[84.625, 19.875], [84.875, 19.875], [84.875, 20.125], [84.625, 20.125], [84.625, 19.875]]]}, "properties": {"time": "2019-05-03T00:00:00", "variable": "msl", "tier": "low", "percentile": 99.6, "z": 5.99, "wind_ms": 10.46, "value": 993.6, "lat": 20.0, "lon": 84.75}}, {"type": "Feature", "geometry": {"type": "Polygon", "coordinates": [[[84.875, 19.875], [85.125, 19.875], [85.125, 20.125], [84.875, 20.125], [84.875, 19.875]]]}, "properties": {"time": "2019-05-03T00:00:00", "variable": "msl", "tier": "low", "percentile": 99.6, "z": 6.32, "wind_ms": 11.45, "value": 992.34, "lat": 20.0, "lon": 85.0}}, {"type": "Feature", "geometry": {"type": "Polygon", "coordinates": [[[85.125, 19.875], [85.375, 19.875], [85.375, 20.125], [85.125, 20.125], [85.125, 19.875]]]}, "properties": {"time": "2019-05-03T00:00:00", "variable": "msl", "tier": "low", "percentile": 99.6, "z": 6.46, "wind_ms": 12.12, "value": 991.68, "lat": 20.0, "lon": 85.25}}, {"type": "Feature", "geometry": {"type": "Polygon", "coordinates": [[[85.375, 19.875], [85.625, 19.875], [85.625, 20.125], [85.375, 20.125], [85.375, 19.875]]]}, "properties": {"time": "2019-05-03T00:00:00", "variable": "msl", "tier": "low", "percentile": 99.6, "z": 6.46, "wind_ms": 12.53, "value": 991.64, "lat": 20.0, "lon": 85.5}}, {"type": "Feature", "geometry": {"type": "Polygon", "coordinates": [[[85.625, 19.875], [85.875, 19.875], [85.875, 20.125], [85.625, 20.125], [85.625, 19.875]]]}, "properties": {"time": "2019-05-03T00:00:00", "variable": "msl", "tier": "low", "percentile": 99.6, "z": 6.22, "wind_ms": 10.31, "value": 992.55, "lat": 20.0, "lon": 85.75}}, {"type": "Feature", "geometry": {"type": "Polygon", "coordinates": [[[85.875, 19.875], [86.125, 19.875], [86.125, 20.125], [85.875, 20.125], [85.875, 19.875]]]}, "properties": {"time": "2019-05-03T00:00:00", "variable": "msl", "tier": "low", "percentile": 99.6, "z": 5.87, "wind_ms": 11.14, "value": 993.8, "lat": 20.0, "lon": 86.0}}, {"type": "Feature", "geometry": {"type": "Polygon", "coordinates": [[[86.125, 19.875], [86.375, 19.875], [86.375, 20.125], [86.125, 20.125], [86.125, 19.875]]]}, "properties": {"time": "2019-05-03T00:00:00", "variable": "msl", "tier": "low", "percentile": 99.6, "z": 5.59, "wind_ms": 13.24, "value": 994.8, "lat": 20.0, "lon": 86.25}}, {"type": "Feature", "geometry": {"type": "Polygon", "coordinates": [[[86.375, 19.875], [86.625, 19.875], [86.625, 20.125], [86.375, 20.125], [86.375, 19.875]]]}, "properties": {"time": "2019-05-03T00:00:00", "variable": "msl", "tier": "low", "percentile": 99.6, "z": 5.16, "wind_ms": 14.84, "value": 996.12, "lat": 20.0, "lon": 86.5}}, {"type": "Feature", "geometry": {"type": "Polygon", "coordinates": [[[86.625, 19.875], [86.875, 19.875], [86.875, 20.125], [86.625, 20.125], [86.625, 19.875]]]}, "properties": {"time": "2019-05-03T00:00:00", "variable": "msl", "tier": "moderate", "percentile": 99.6, "z": 4.87, "wind_ms": 18.13, "value": 996.97, "lat": 20.0, "lon": 86.75}}, {"type": "Feature", "geometry": {"type": "Polygon", "coordinates": [[[86.875, 19.875], [87.125, 19.875], [87.125, 20.125], [86.875, 20.125], [86.875, 19.875]]]}, "properties": {"time": "2019-05-03T00:00:00", "variable": "msl", "tier": "moderate", "percentile": 99.6, "z": 4.45, "wind_ms": 17.63, "value": 998.12, "lat": 20.0, "lon": 87.0}}, {"type": "Feature", "geometry": {"type": "Polygon", "coordinates": [[[87.125, 19.875], [87.375, 19.875], [87.375, 20.125], [87.125, 20.125], [87.125, 19.875]]]}, "properties": {"time": "2019-05-03T00:00:00", "variable": "msl", "tier": "low", "percentile": 99.6, "z": 4.1, "wind_ms": 16.2, "value": 999.06, "lat": 20.0, "lon": 87.25}}, {"type": "Feature", "geometry": {"type": "Polygon", "coordinates": [[[87.375, 19.875], [87.625, 19.875], [87.625, 20.125], [87.375, 20.125], [87.375, 19.875]]]}, "properties": {"time": "2019-05-03T00:00:00", "variable": "msl", "tier": "low", "percentile": 99.6, "z": 3.77, "wind_ms": 15.16, "value": 999.9, "lat": 20.0, "lon": 87.5}}, {"type": "Feature", "geometry": {"type": "Polygon", "coordinates": [[[87.625, 19.875], [87.875, 19.875], [87.875, 20.125], [87.625, 20.125], [87.625, 19.875]]]}, "properties": {"time": "2019-05-03T00:00:00", "variable": "msl", "tier": "low", "percentile": 99.6, "z": 3.5, "wind_ms": 14.61, "value": 1000.62, "lat": 20.0, "lon": 87.75}}, {"type": "Feature", "geometry": {"type": "Polygon", "coordinates": [[[87.875, 19.875], [88.125, 19.875], [88.125, 20.125], [87.875, 20.125], [87.875, 19.875]]]}, "properties": {"time": "2019-05-03T00:00:00", "variable": "msl", "tier": "low", "percentile": 99.6, "z": 3.2, "wind_ms": 14.01, "value": 1001.38, "lat": 20.0, "lon": 88.0}}, {"type": "Feature", "geometry": {"type": "Polygon", "coordinates": [[[88.125, 19.875], [88.375, 19.875], [88.375, 20.125], [88.125, 20.125], [88.125, 19.875]]]}, "properties": {"time": "2019-05-03T00:00:00", "variable": "msl", "tier": "low", "percentile": 98.8, "z": 2.97, "wind_ms": 13.67, "value": 1001.97, "lat": 20.0, "lon": 88.25}}, {"type": "Feature", "geometry": {"type": "Polygon", "coordinates": [[[84.875, 20.125], [85.125, 20.125], [85.125, 20.375], [84.875, 20.375], [84.875, 20.125]]]}, "properties": {"time": "2019-05-03T00:00:00", "variable": "msl", "tier": "low", "percentile": 99.6, "z": 5.31, "wind_ms": 9.43, "value": 995.04, "lat": 20.25, "lon": 85.0}}, {"type": "Feature", "geometry": {"type": "Polygon", "coordinates": [[[85.125, 20.125], [85.375, 20.125], [85.375, 20.375], [85.125, 20.375], [85.125, 20.125]]]}, "properties": {"time": "2019-05-03T00:00:00", "variable": "msl", "tier": "low", "percentile": 99.6, "z": 5.52, "wind_ms": 10.39, "value": 994.39, "lat": 20.25, "lon": 85.25}}, {"type": "Feature", "geometry": {"type": "Polygon", "coordinates": [[[85.375, 20.125], [85.625, 20.125], [85.625, 20.375], [85.375, 20.375], [85.375, 20.125]]]}, "properties": {"time": "2019-05-03T00:00:00", "variable": "msl", "tier": "low", "percentile": 99.6, "z": 5.56, "wind_ms": 10.45, "value": 994.32, "lat": 20.25, "lon": 85.5}}, {"type": "Feature", "geometry": {"type": "Polygon", "coordinates": [[[85.625, 20.125], [85.875, 20.125], [85.875, 20.375], [85.625, 20.375], [85.625, 20.125]]]}, "properties": {"time": "2019-05-03T00:00:00", "variable": "msl", "tier": "low", "percentile": 99.6, "z": 5.38, "wind_ms": 9.18, "value": 994.94, "lat": 20.25, "lon": 85.75}}, {"type": "Feature", "geometry": {"type": "Polygon", "coordinates": [[[86.375, 20.125], [86.625, 20.125], [86.625, 20.375], [86.375, 20.375], [86.375, 20.125]]]}, "properties": {"time": "2019-05-03T00:00:00", "variable": "msl", "tier": "low", "percentile": 99.6, "z": 4.53, "wind_ms": 10.18, "value": 997.41, "lat": 20.25, "lon": 86.5}}, {"type": "Feature", "geometry": {"type": "Polygon", "coordinates": [[[86.625, 20.125], [86.875, 20.125], [86.875, 20.375], [86.625, 20.375], [86.625, 20.125]]]}, "properties": {"time": "2019-05-03T00:00:00", "variable": "msl", "tier": "low", "percentile": 99.6, "z": 4.22, "wind_ms": 13.02, "value": 998.25, "lat": 20.25, "lon": 86.75}}, {"type": "Feature", "geometry": {"type": "Polygon", "coordinates": [[[86.875, 20.125], [87.125, 20.125], [87.125, 20.375], [86.875, 20.375], [86.875, 20.125]]]}, "properties": {"time": "2019-05-03T00:00:00", "variable": "msl", "tier": "low", "percentile": 99.6, "z": 4.01, "wind_ms": 15.51, "value": 998.85, "lat": 20.25, "lon": 87.0}}, {"type": "Feature", "geometry": {"type": "Polygon", "coordinates": [[[87.125, 20.125], [87.375, 20.125], [87.375, 20.375], [87.125, 20.375], [87.125, 20.125]]]}, "properties": {"time": "2019-05-03T00:00:00", "variable": "msl", "tier": "low", "percentile": 99.6, "z": 3.69, "wind_ms": 14.71, "value": 999.7, "lat": 20.25, "lon": 87.25}}, {"type": "Feature", "geometry": {"type": "Polygon", "coordinates": [[[87.375, 20.125], [87.625, 20.125], [87.625, 20.375], [87.375, 20.375], [87.375, 20.125]]]}, "properties": {"time": "2019-05-03T00:00:00", "variable": "msl", "tier": "low", "percentile": 99.6, "z": 3.43, "wind_ms": 14.22, "value": 1000.37, "lat": 20.25, "lon": 87.5}}, {"type": "Feature", "geometry": {"type": "Polygon", "coordinates": [[[87.625, 20.125], [87.875, 20.125], [87.875, 20.375], [87.625, 20.375], [87.625, 20.125]]]}, "properties": {"time": "2019-05-03T00:00:00", "variable": "msl", "tier": "low", "percentile": 99.6, "z": 3.2, "wind_ms": 13.69, "value": 1001.01, "lat": 20.25, "lon": 87.75}}, {"type": "Feature", "geometry": {"type": "Polygon", "coordinates": [[[87.875, 20.125], [88.125, 20.125], [88.125, 20.375], [87.875, 20.375], [87.875, 20.125]]]}, "properties": {"time": "2019-05-03T00:00:00", "variable": "msl", "tier": "low", "percentile": 98.0, "z": 2.95, "wind_ms": 13.41, "value": 1001.64, "lat": 20.25, "lon": 88.0}}, {"type": "Feature", "geometry": {"type": "Polygon", "coordinates": [[[88.125, 20.125], [88.375, 20.125], [88.375, 20.375], [88.125, 20.375], [88.125, 20.125]]]}, "properties": {"time": "2019-05-03T00:00:00", "variable": "msl", "tier": "low", "percentile": 98.0, "z": 2.79, "wind_ms": 12.96, "value": 1002.1, "lat": 20.25, "lon": 88.25}}, {"type": "Feature", "geometry": {"type": "Polygon", "coordinates": [[[85.375, 20.375], [85.625, 20.375], [85.625, 20.625], [85.375, 20.625], [85.375, 20.375]]]}, "properties": {"time": "2019-05-03T00:00:00", "variable": "msl", "tier": "low", "percentile": 99.6, "z": 4.81, "wind_ms": 9.08, "value": 996.38, "lat": 20.5, "lon": 85.5}}, {"type": "Feature", "geometry": {"type": "Polygon", "coordinates": [[[85.625, 20.375], [85.875, 20.375], [85.875, 20.625], [85.625, 20.625], [85.625, 20.375]]]}, "properties": {"time": "2019-05-03T00:00:00", "variable": "msl", "tier": "low", "percentile": 99.6, "z": 4.72, "wind_ms": 8.98, "value": 996.67, "lat": 20.5, "lon": 85.75}}, {"type": "Feature", "geometry": {"type": "Polygon", "coordinates": [[[86.875, 20.375], [87.125, 20.375], [87.125, 20.625], [86.875, 20.625], [86.875, 20.375]]]}, "properties": {"time": "2019-05-03T00:00:00", "variable": "msl", "tier": "low", "percentile": 99.6, "z": 3.48, "wind_ms": 10.85, "value": 999.79, "lat": 20.5, "lon": 87.0}}, {"type": "Feature", "geometry": {"type": "Polygon", "coordinates": [[[87.125, 20.375], [87.375, 20.375], [87.375, 20.625], [87.125, 20.625], [87.125, 20.375]]]}, "properties": {"time": "2019-05-03T00:00:00", "variable": "msl", "tier": "low", "percentile": 99.6, "z": 3.31, "wind_ms": 13.08, "value": 1000.28, "lat": 20.5, "lon": 87.25}}, {"type": "Feature", "geometry": {"type": "Polygon", "coordinates": [[[87.375, 20.375], [87.625, 20.375], [87.625, 20.625], [87.375, 20.625], [87.375, 20.375]]]}, "properties": {"time": "2019-05-03T00:00:00", "variable": "msl", "tier": "low", "percentile": 99.6, "z": 3.09, "wind_ms": 12.8, "value": 1000.87, "lat": 20.5, "lon": 87.5}}, {"type": "Feature", "geometry": {"type": "Polygon", "coordinates": [[[87.625, 20.375], [87.875, 20.375], [87.875, 20.625], [87.625, 20.625], [87.625, 20.375]]]}, "properties": {"time": "2019-05-03T00:00:00", "variable": "msl", "tier": "low", "percentile": 98.0, "z": 2.92, "wind_ms": 12.24, "value": 1001.35, "lat": 20.5, "lon": 87.75}}, {"type": "Feature", "geometry": {"type": "Polygon", "coordinates": [[[87.875, 20.375], [88.125, 20.375], [88.125, 20.625], [87.875, 20.625], [87.875, 20.375]]]}, "properties": {"time": "2019-05-03T00:00:00", "variable": "msl", "tier": "low", "percentile": 98.0, "z": 2.76, "wind_ms": 12.49, "value": 1001.81, "lat": 20.5, "lon": 88.0}}, {"type": "Feature", "geometry": {"type": "Polygon", "coordinates": [[[88.125, 20.375], [88.375, 20.375], [88.375, 20.625], [88.125, 20.625], [88.125, 20.375]]]}, "properties": {"time": "2019-05-03T00:00:00", "variable": "msl", "tier": "low", "percentile": 98.0, "z": 2.62, "wind_ms": 12.04, "value": 1002.25, "lat": 20.5, "lon": 88.25}}, {"type": "Feature", "geometry": {"type": "Polygon", "coordinates": [[[86.875, 20.625], [87.125, 20.625], [87.125, 20.875], [86.875, 20.875], [86.875, 20.625]]]}, "properties": {"time": "2019-05-03T00:00:00", "variable": "msl", "tier": "low", "percentile": 99.6, "z": 3.1, "wind_ms": 9.39, "value": 1000.39, "lat": 20.75, "lon": 87.0}}, {"type": "Feature", "geometry": {"type": "Polygon", "coordinates": [[[87.125, 20.625], [87.375, 20.625], [87.375, 20.875], [87.125, 20.875], [87.125, 20.625]]]}, "properties": {"time": "2019-05-03T00:00:00", "variable": "msl", "tier": "low", "percentile": 98.0, "z": 2.95, "wind_ms": 11.61, "value": 1000.81, "lat": 20.75, "lon": 87.25}}, {"type": "Feature", "geometry": {"type": "Polygon", "coordinates": [[[87.375, 20.625], [87.625, 20.625], [87.625, 20.875], [87.375, 20.875], [87.375, 20.625]]]}, "properties": {"time": "2019-05-03T00:00:00", "variable": "msl", "tier": "low", "percentile": 98.0, "z": 2.8, "wind_ms": 11.61, "value": 1001.26, "lat": 20.75, "lon": 87.5}}, {"type": "Feature", "geometry": {"type": "Polygon", "coordinates": [[[87.625, 20.625], [87.875, 20.625], [87.875, 20.875], [87.625, 20.875], [87.625, 20.625]]]}, "properties": {"time": "2019-05-03T00:00:00", "variable": "msl", "tier": "low", "percentile": 98.0, "z": 2.68, "wind_ms": 11.17, "value": 1001.61, "lat": 20.75, "lon": 87.75}}, {"type": "Feature", "geometry": {"type": "Polygon", "coordinates": [[[87.875, 20.625], [88.125, 20.625], [88.125, 20.875], [87.875, 20.875], [87.875, 20.625]]]}, "properties": {"time": "2019-05-03T00:00:00", "variable": "msl", "tier": "low", "percentile": 98.0, "z": 2.57, "wind_ms": 11.71, "value": 1001.99, "lat": 20.75, "lon": 88.0}}, {"type": "Feature", "geometry": {"type": "Polygon", "coordinates": [[[88.125, 20.625], [88.375, 20.625], [88.375, 20.875], [88.125, 20.875], [88.125, 20.625]]]}, "properties": {"time": "2019-05-03T00:00:00", "variable": "msl", "tier": "low", "percentile": 98.0, "z": 2.43, "wind_ms": 11.58, "value": 1002.45, "lat": 20.75, "lon": 88.25}}, {"type": "Feature", "geometry": {"type": "Polygon", "coordinates": [[[86.875, 20.875], [87.125, 20.875], [87.125, 21.125], [86.875, 21.125], [86.875, 20.875]]]}, "properties": {"time": "2019-05-03T00:00:00", "variable": "msl", "tier": "low", "percentile": 98.0, "z": 2.8, "wind_ms": 9.82, "value": 1000.81, "lat": 21.0, "lon": 87.0}}, {"type": "Feature", "geometry": {"type": "Polygon", "coordinates": [[[87.125, 20.875], [87.375, 20.875], [87.375, 21.125], [87.125, 21.125], [87.125, 20.875]]]}, "properties": {"time": "2019-05-03T00:00:00", "variable": "msl", "tier": "low", "percentile": 98.0, "z": 2.68, "wind_ms": 11.6, "value": 1001.14, "lat": 21.0, "lon": 87.25}}, {"type": "Feature", "geometry": {"type": "Polygon", "coordinates": [[[87.375, 20.875], [87.625, 20.875], [87.625, 21.125], [87.375, 21.125], [87.375, 20.875]]]}, "properties": {"time": "2019-05-03T00:00:00", "variable": "msl", "tier": "low", "percentile": 98.0, "z": 2.55, "wind_ms": 11.33, "value": 1001.53, "lat": 21.0, "lon": 87.5}}, {"type": "Feature", "geometry": {"type": "Polygon", "coordinates": [[[87.625, 20.875], [87.875, 20.875], [87.875, 21.125], [87.625, 21.125], [87.625, 20.875]]]}, "properties": {"time": "2019-05-03T00:00:00", "variable": "msl", "tier": "low", "percentile": 98.0, "z": 2.46, "wind_ms": 11.01, "value": 1001.86, "lat": 21.0, "lon": 87.75}}, {"type": "Feature", "geometry": {"type": "Polygon", "coordinates": [[[87.875, 20.875], [88.125, 20.875], [88.125, 21.125], [87.875, 21.125], [87.875, 20.875]]]}, "properties": {"time": "2019-05-03T00:00:00", "variable": "msl", "tier": "low", "percentile": 98.0, "z": 2.37, "wind_ms": 11.63, "value": 1002.17, "lat": 21.0, "lon": 88.0}}, {"type": "Feature", "geometry": {"type": "Polygon", "coordinates": [[[88.125, 20.875], [88.375, 20.875], [88.375, 21.125], [88.125, 21.125], [88.125, 20.875]]]}, "properties": {"time": "2019-05-03T00:00:00", "variable": "msl", "tier": "low", "percentile": 97.2, "z": 2.21, "wind_ms": 11.67, "value": 1002.64, "lat": 21.0, "lon": 88.25}}], "properties": {"thresholds": {"low_z": 1.5, "low_ws": 8.7, "moderate_z": 2.0, "moderate_ws": 17.0, "severe_z": 3.0, "severe_ws": 25.0}, "note": "Tiers: z-score AND wind >= 8.7/17/25 m/s (IMD D/CS/SCS), only inside tracked-object boxes + 1 deg. Adjusted after observing results; not validated against impacts. Per-hour ERA5 reanalysis climatology; single member, not an ensemble EFI."}}