{"type": "FeatureCollection", "features": [{"type": "Feature", "geometry": {"type": "Polygon", "coordinates": [[[82.875, 15.375], [83.125, 15.375], [83.125, 15.625], [82.875, 15.625], [82.875, 15.375]]]}, "properties": {"time": "2013-10-12T12:00:00", "variable": "msl", "tier": "low", "percentile": 100.0, "z": 2.91, "wind_ms": 11.82, "value": 999.9, "lat": 15.5, "lon": 83.0}}, {"type": "Feature", "geometry": {"type": "Polygon", "coordinates": [[[83.125, 15.375], [83.375, 15.375], [83.375, 15.625], [83.125, 15.625], [83.125, 15.375]]]}, "properties": {"time": "2013-10-12T12:00:00", "variable": "msl", "tier": "low", "percentile": 100.0, "z": 2.98, "wind_ms": 12.18, "value": 999.73, "lat": 15.5, "lon": 83.25}}, {"type": "Feature", "geometry": {"type": "Polygon", "coordinates": [[[83.375, 15.375], [83.625, 15.375], [83.625, 15.625], [83.375, 15.625], [83.375, 15.375]]]}, "properties": {"time": "2013-10-12T12:00:00", "variable": "msl", "tier": "low", "percentile": 100.0, "z": 3.03, "wind_ms": 12.57, "value": 999.62, "lat": 15.5, "lon": 83.5}}, {"type": "Feature", "geometry": {"type": "Polygon", "coordinates": [[[83.625, 15.375], [83.875, 15.375], [83.875, 15.625], [83.625, 15.625], [83.625, 15.375]]]}, "properties": {"time": "2013-10-12T12:00:00", "variable": "msl", "tier": "low", "percentile": 100.0, "z": 3.06, "wind_ms": 12.96, "value": 999.54, "lat": 15.5, "lon": 83.75}}, {"type": "Feature", "geometry": {"type": "Polygon", "coordinates": [[[83.875, 15.375], [84.125, 15.375], [84.125, 15.625], [83.875, 15.625], [83.875, 15.375]]]}, "properties": {"time": "2013-10-12T12:00:00", "variable": "msl", "tier": "low", "percentile": 100.0, "z": 3.07, "wind_ms": 13.06, "value": 999.49, "lat": 15.5, "lon": 84.0}}, {"type": "Feature", "geometry": {"type": "Polygon", "coordinates": [[[84.125, 15.375], [84.375, 15.375], [84.375, 15.625], [84.125, 15.625], [84.125, 15.375]]]}, "properties": {"time": "2013-10-12T12:00:00", "variable": "msl", "tier": "low", "percentile": 100.0, "z": 3.06, "wind_ms": 13.48, "value": 999.49, "lat": 15.5, "lon": 84.25}}, {"type": "Feature", "geometry": {"type": "Polygon", "coordinates": [[[84.375, 15.375], [84.625, 15.375], [84.625, 15.625], [84.375, 15.625], [84.375, 15.375]]]}, "properties": {"time": "2013-10-12T12:00:00", "variable": "msl", "tier": "low", "percentile": 100.0, "z": 3.05, "wind_ms": 14.23, "value": 999.5, "lat": 15.5, "lon": 84.5}}, {"type": "Feature", "geometry": {"type": "Polygon", "coordinates": [[[84.625, 15.375], [84.875, 15.375], [84.875, 15.625], [84.625, 15.625], [84.625, 15.375]]]}, "properties": {"time": "2013-10-12T12:00:00", "variable": "msl", "tier": "low", "percentile": 100.0, "z": 3.02, "wind_ms": 14.58, "value": 999.55, "lat": 15.5, "lon": 84.75}}, {"type": "Feature", "geometry": {"type": "Polygon", "coordinates": [[[84.875, 15.375], [85.125, 15.375], [85.125, 15.625], [84.875, 15.625], [84.875, 15.375]]]}, "properties": {"time": "2013-10-12T12:00:00", "variable": "msl", "tier": "low", "percentile": 100.0, "z": 2.97, "wind_ms": 14.79, "value": 999.63, "lat": 15.5, "lon": 85.0}}, {"type": "Feature", "geometry": {"type": "Polygon", "coordinates": [[[85.125, 15.375], [85.375, 15.375], [85.375, 15.625], [85.125, 15.625], [85.125, 15.375]]]}, "properties": {"time": "2013-10-12T12:00:00", "variable": "msl", "tier": "low", "percentile": 100.0, "z": 2.92, "wind_ms": 14.8, "value": 999.75, "lat": 15.5, "lon": 85.25}}, {"type": "Feature", "geometry": {"type": "Polygon", "coordinates": [[[85.375, 15.375], [85.625, 15.375], [85.625, 15.625], [85.375, 15.625], [85.375, 15.375]]]}, "properties": {"time": "2013-10-12T12:00:00", "variable": "msl", "tier": "low", "percentile": 99.2, "z": 2.84, "wind_ms": 14.81, "value": 999.91, "lat": 15.5, "lon": 85.5}}, {"type": "Feature", "geometry": {"type": "Polygon", "coordinates": [[[85.625, 15.375], [85.875, 15.375], [85.875, 15.625], [85.625, 15.625], [85.625, 15.375]]]}, "properties": {"time": "2013-10-12T12:00:00", "variable": "msl", "tier": "low", "percentile": 98.4, "z": 2.74, "wind_ms": 14.59, "value": 1000.12, "lat": 15.5, "lon": 85.75}}, {"type": "Feature", "geometry": {"type": "Polygon", "coordinates": [[[85.875, 15.375], [86.125, 15.375], [86.125, 15.625], [85.875, 15.625], [85.875, 15.375]]]}, "properties": {"time": "2013-10-12T12:00:00", "variable": "msl", "tier": "low", "percentile": 98.4, "z": 2.62, "wind_ms": 14.39, "value": 1000.39, "lat": 15.5, "lon": 86.0}}, {"type": "Feature", "geometry": {"type": "Polygon", "coordinates": [[[86.125, 15.375], [86.375, 15.375], [86.375, 15.625], [86.125, 15.625], [86.125, 15.375]]]}, "properties": {"time": "2013-10-12T12:00:00", "variable": "msl", "tier": "low", "percentile": 98.4, "z": 2.49, "wind_ms": 14.23, "value": 1000.69, "lat": 15.5, "lon": 86.25}}, {"type": "Feature", "geometry": {"type": "Polygon", "coordinates": [[[86.375, 15.375], [86.625, 15.375], [86.625, 15.625], [86.375, 15.625], [86.375, 15.375]]]}, "properties": {"time": "2013-10-12T12:00:00", "variable": "msl", "tier": "low", "percentile": 98.4, "z": 2.39, "wind_ms": 14.39, "value": 1000.97, "lat": 15.5, "lon": 86.5}}, {"type": "Feature", "geometry": {"type": "Polygon", "coordinates": [[[86.625, 15.375], [86.875, 15.375], [86.875, 15.625], [86.625, 15.625], [86.625, 15.375]]]}, "properties": {"time": "2013-10-12T12:00:00", "variable": "msl", "tier": "low", "percentile": 96.8, "z": 2.28, "wind_ms": 14.33, "value": 1001.31, "lat": 15.5, "lon": 86.75}}, {"type": "Feature", "geometry": {"type": "Polygon", "coordinates": [[[86.875, 15.375], [87.125, 15.375], [87.125, 15.625], [86.875, 15.625], [86.875, 15.375]]]}, "properties": {"time": "2013-10-12T12:00:00", "variable": "msl", "tier": "low", "percentile": 96.8, "z": 2.16, "wind_ms": 14.06, "value": 1001.66, "lat": 15.5, "lon": 87.0}}, {"type": "Feature", "geometry": {"type": "Polygon", "coordinates": [[[87.125, 15.375], [87.375, 15.375], [87.375, 15.625], [87.125, 15.625], [87.125, 15.375]]]}, "properties": {"time": "2013-10-12T12:00:00", "variable": "msl", "tier": "low", "percentile": 96.0, "z": 2.04, "wind_ms": 13.93, "value": 1002.08, "lat": 15.5, "lon": 87.25}}, {"type": "Feature", "geometry": {"type": "Polygon", "coordinates": [[[87.375, 15.375], [87.625, 15.375], [87.625, 15.625], [87.375, 15.625], [87.375, 15.375]]]}, "properties": {"time": "2013-10-12T12:00:00", "variable": "msl", "tier": "low", "percentile": 96.0, "z": 1.92, "wind_ms": 13.97, "value": 1002.51, "lat": 15.5, "lon": 87.5}}, {"type": "Feature", "geometry": {"type": "Polygon", "coordinates": [[[87.625, 15.375], [87.875, 15.375], [87.875, 15.625], [87.625, 15.625], [87.625, 15.375]]]}, "properties": {"time": "2013-10-12T12:00:00", "variable": "msl", "tier": "low", "percentile": 96.0, "z": 1.81, "wind_ms": 13.7, "value": 1002.93, "lat": 15.5, "lon": 87.75}}, {"type": "Feature", "geometry": {"type": "Polygon", "coordinates": [[[87.875, 15.375], [88.125, 15.375], [88.125, 15.625], [87.875, 15.625], [87.875, 15.375]]]}, "properties": {"time": "2013-10-12T12:00:00", "variable": "msl", "tier": "low", "percentile": 95.2, "z": 1.7, "wind_ms": 13.73, "value": 1003.3, "lat": 15.5, "lon": 88.0}}, {"type": "Feature", "geometry": {"type": "Polygon", "coordinates": [[[88.125, 15.375], [88.375, 15.375], [88.375, 15.625], [88.125, 15.625], [88.125, 15.375]]]}, "properties": {"time": "2013-10-12T12:00:00", "variable": "msl", "tier": "low", "percentile": 93.6, "z": 1.62, "wind_ms": 13.45, "value": 1003.61, "lat": 15.5, "lon": 88.25}}, {"type": "Feature", "geometry": {"type": "Polygon", "coordinates": [[[88.375, 15.375], [88.625, 15.375], [88.625, 15.625], [88.375, 15.625], [88.375, 15.375]]]}, "properties": {"time": "2013-10-12T12:00:00", "variable": "msl", "tier": "low", "percentile": 92.8, "z": 1.56, "wind_ms": 12.83, "value": 1003.84, "lat": 15.5, "lon": 88.5}}, {"type": "Feature", "geometry": {"type": "Polygon", "coordinates": [[[88.625, 15.375], [88.875, 15.375], [88.875, 15.625], [88.625, 15.625], [88.625, 15.375]]]}, "properties": {"time": "2013-10-12T12:00:00", "variable": "msl", "tier": "low", "percentile": 92.0, "z": 1.54, "wind_ms": 12.44, "value": 1003.97, "lat": 15.5, "lon": 88.75}}, {"type": "Feature", "geometry": {"type": "Polygon", "coordinates": [[[88.875, 15.375], [89.125, 15.375], [89.125, 15.625], [88.875, 15.625], [88.875, 15.375]]]}, "properties": {"time": "2013-10-12T12:00:00", "variable": "msl", "tier": "low", "percentile": 92.0, "z": 1.51, "wind_ms": 11.97, "value": 1004.14, "lat": 15.5, "lon": 89.0}}, {"type": "Feature", "geometry": {"type": "Polygon", "coordinates": [[[82.875, 15.625], [83.125, 15.625], [83.125, 15.875], [82.875, 15.875], [82.875, 15.625]]]}, "properties": {"time": "2013-10-12T12:00:00", "variable": "msl", "tier": "low", "percentile": 100.0, "z": 3.07, "wind_ms": 12.05, "value": 999.36, "lat": 15.75, "lon": 83.0}}, {"type": "Feature", "geometry": {"type": "Polygon", "coordinates": [[[83.125, 15.625], [83.375, 15.625], [83.375, 15.875], [83.125, 15.875], [83.125, 15.625]]]}, "properties": {"time": "2013-10-12T12:00:00", "variable": "msl", "tier": "low", "percentile": 100.0, "z": 3.15, "wind_ms": 12.46, "value": 999.16, "lat": 15.75, "lon": 83.25}}, {"type": "Feature", "geometry": {"type": "Polygon", "coordinates": [[[83.375, 15.625], [83.625, 15.625], [83.625, 15.875], [83.375, 15.875], [83.375, 15.625]]]}, "properties": {"time": "2013-10-12T12:00:00", "variable": "msl", "tier": "low", "percentile": 100.0, "z": 3.21, "wind_ms": 12.85, "value": 999.03, "lat": 15.75, "lon": 83.5}}, {"type": "Feature", "geometry": {"type": "Polygon", "coordinates": [[[83.625, 15.625], [83.875, 15.625], [83.875, 15.875], [83.625, 15.875], [83.625, 15.625]]]}, "properties": {"time": "2013-10-12T12:00:00", "variable": "msl", "tier": "low", "percentile": 100.0, "z": 3.25, "wind_ms": 13.14, "value": 998.91, "lat": 15.75, "lon": 83.75}}, {"type": "Feature", "geometry": {"type": "Polygon", "coordinates": [[[83.875, 15.625], [84.125, 15.625], [84.125, 15.875], [83.875, 15.875], [83.875, 15.625]]]}, "properties": {"time": "2013-10-12T12:00:00", "variable": "msl", "tier": "low", "percentile": 100.0, "z": 3.27, "wind_ms": 13.27, "value": 998.86, "lat": 15.75, "lon": 84.0}}, {"type": "Feature", "geometry": {"type": "Polygon", "coordinates": [[[84.125, 15.625], [84.375, 15.625], [84.375, 15.875], [84.125, 15.875], [84.125, 15.625]]]}, "properties": {"time": "2013-10-12T12:00:00", "variable": "msl", "tier": "low", "percentile": 100.0, "z": 3.26, "wind_ms": 13.57, "value": 998.86, "lat": 15.75, "lon": 84.25}}, {"type": "Feature", "geometry": {"type": "Polygon", "coordinates": [[[84.375, 15.625], [84.625, 15.625], [84.625, 15.875], [84.375, 15.875], [84.375, 15.625]]]}, "properties": {"time": "2013-10-12T12:00:00", "variable": "msl", "tier": "low", "percentile": 100.0, "z": 3.25, "wind_ms": 14.32, "value": 998.87, "lat": 15.75, "lon": 84.5}}, {"type": "Feature", "geometry": {"type": "Polygon", "coordinates": [[[84.625, 15.625], [84.875, 15.625], [84.875, 15.875], [84.625, 15.875], [84.625, 15.625]]]}, "properties": {"time": "2013-10-12T12:00:00", "variable": "msl", "tier": "low", "percentile": 100.0, "z": 3.22, "wind_ms": 14.97, "value": 998.9, "lat": 15.75, "lon": 84.75}}, {"type": "Feature", "geometry": {"type": "Polygon", "coordinates": [[[84.875, 15.625], [85.125, 15.625], [85.125, 15.875], [84.875, 15.875], [84.875, 15.625]]]}, "properties": {"time": "2013-10-12T12:00:00", "variable": "msl", "tier": "low", "percentile": 100.0, "z": 3.18, "wind_ms": 15.25, "value": 998.98, "lat": 15.75, "lon": 85.0}}, {"type": "Feature", "geometry": {"type": "Polygon", "coordinates": [[[85.125, 15.625], [85.375, 15.625], [85.375, 15.875], [85.125, 15.875], [85.125, 15.625]]]}, "properties": {"time": "2013-10-12T12:00:00", "variable": "msl", "tier": "low", "percentile": 100.0, "z": 3.12, "wind_ms": 15.55, "value": 999.1, "lat": 15.75, "lon": 85.25}}, {"type": "Feature", "geometry": {"type": "Polygon", "coordinates": [[[85.375, 15.625], [85.625, 15.625], [85.625, 15.875], [85.375, 15.875], [85.375, 15.625]]]}, "properties": {"time": "2013-10-12T12:00:00", "variable": "msl", "tier": "low", "percentile": 100.0, "z": 3.05, "wind_ms": 15.56, "value": 999.27, "lat": 15.75, "lon": 85.5}}, {"type": "Feature", "geometry": {"type": "Polygon", "coordinates": [[[85.625, 15.625], [85.875, 15.625], [85.875, 15.875], [85.625, 15.875], [85.625, 15.625]]]}, "properties": {"time": "2013-10-12T12:00:00", "variable": "msl", "tier": "low", "percentile": 99.2, "z": 2.94, "wind_ms": 15.3, "value": 999.49, "lat": 15.75, "lon": 85.75}}, {"type": "Feature", "geometry": {"type": "Polygon", "coordinates": [[[85.875, 15.625], [86.125, 15.625], [86.125, 15.875], [85.875, 15.875], [85.875, 15.625]]]}, "properties": {"time": "2013-10-12T12:00:00", "variable": "msl", "tier": "low", "percentile": 99.2, "z": 2.82, "wind_ms": 14.99, "value": 999.77, "lat": 15.75, "lon": 86.0}}, {"type": "Feature", "geometry": {"type": "Polygon", "coordinates": [[[86.125, 15.625], [86.375, 15.625], [86.375, 15.875], [86.125, 15.875], [86.125, 15.625]]]}, "properties": {"time": "2013-10-12T12:00:00", "variable": "msl", "tier": "low", "percentile": 98.4, "z": 2.7, "wind_ms": 14.87, "value": 1000.08, "lat": 15.75, "lon": 86.25}}, {"type": "Feature", "geometry": {"type": "Polygon", "coordinates": [[[86.375, 15.625], [86.625, 15.625], [86.625, 15.875], [86.375, 15.875], [86.375, 15.625]]]}, "properties": {"time": "2013-10-12T12:00:00", "variable": "msl", "tier": "low", "percentile": 98.4, "z": 2.57, "wind_ms": 14.85, "value": 1000.45, "lat": 15.75, "lon": 86.5}}, {"type": "Feature", "geometry": {"type": "Polygon", "coordinates": [[[86.625, 15.625], [86.875, 15.625], [86.875, 15.875], [86.625, 15.875], [86.625, 15.625]]]}, "properties": {"time": "2013-10-12T12:00:00", "variable": "msl", "tier": "low", "percentile": 98.4, "z": 2.45, "wind_ms": 14.81, "value": 1000.79, "lat": 15.75, "lon": 86.75}}, {"type": "Feature", "geometry": {"type": "Polygon", "coordinates": [[[86.875, 15.625], [87.125, 15.625], [87.125, 15.875], [86.875, 15.875], [86.875, 15.625]]]}, "properties": {"time": "2013-10-12T12:00:00", "variable": "msl", "tier": "low", "percentile": 97.6, "z": 2.32, "wind_ms": 14.78, "value": 1001.21, "lat": 15.75, "lon": 87.0}}, {"type": "Feature", "geometry": {"type": "Polygon", "coordinates": [[[87.125, 15.625], [87.375, 15.625], [87.375, 15.875], [87.125, 15.875], [87.125, 15.625]]]}, "properties": {"time": "2013-10-12T12:00:00", "variable": "msl", "tier": "low", "percentile": 96.8, "z": 2.19, "wind_ms": 14.7, "value": 1001.64, "lat": 15.75, "lon": 87.25}}, {"type": "Feature", "geometry": {"type": "Polygon", "coordinates": [[[87.375, 15.625], [87.625, 15.625], [87.625, 15.875], [87.375, 15.875], [87.375, 15.625]]]}, "properties": {"time": "2013-10-12T12:00:00", "variable": "msl", "tier": "low", "percentile": 96.0, "z": 2.05, "wind_ms": 14.28, "value": 1002.13, "lat": 15.75, "lon": 87.5}}, {"type": "Feature", "geometry": {"type": "Polygon", "coordinates": [[[87.625, 15.625], [87.875, 15.625], [87.875, 15.875], [87.625, 15.875], [87.625, 15.625]]]}, "properties": {"time": "2013-10-12T12:00:00", "variable": "msl", "tier": "low", "percentile": 96.0, "z": 1.93, "wind_ms": 14.09, "value": 1002.58, "lat": 15.75, "lon": 87.75}}, {"type": "Feature", "geometry": {"type": "Polygon", "coordinates": [[[87.875, 15.625], [88.125, 15.625], [88.125, 15.875], [87.875, 15.875], [87.875, 15.625]]]}, "properties": {"time": "2013-10-12T12:00:00", "variable": "msl", "tier": "low", "percentile": 96.8, "z": 1.81, "wind_ms": 14.24, "value": 1003.0, "lat": 15.75, "lon": 88.0}}, {"type": "Feature", "geometry": {"type": "Polygon", "coordinates": [[[88.125, 15.625], [88.375, 15.625], [88.375, 15.875], [88.125, 15.875], [88.125, 15.625]]]}, "properties": {"time": "2013-10-12T12:00:00", "variable": "msl", "tier": "low", "percentile": 95.2, "z": 1.69, "wind_ms": 13.69, "value": 1003.39, "lat": 15.75, "lon": 88.25}}, {"type": "Feature", "geometry": {"type": "Polygon", "coordinates": [[[88.375, 15.625], [88.625, 15.625], [88.625, 15.875], [88.375, 15.875], [88.375, 15.625]]]}, "properties": {"time": "2013-10-12T12:00:00", "variable": "msl", "tier": "low", "percentile": 93.6, "z": 1.63, "wind_ms": 13.14, "value": 1003.64, "lat": 15.75, "lon": 88.5}}, {"type": "Feature", "geometry": {"type": "Polygon", "coordinates": [[[88.625, 15.625], [88.875, 15.625], [88.875, 15.875], [88.625, 15.875], [88.625, 15.625]]]}, "properties": {"time": "2013-10-12T12:00:00", "variable": "msl", "tier": "low", "percentile": 93.6, "z": 1.57, "wind_ms": 12.7, "value": 1003.89, "lat": 15.75, "lon": 88.75}}, {"type": "Feature", "geometry": {"type": "Polygon", "coordinates": [[[88.875, 15.625], [89.125, 15.625], [89.125, 15.875], [88.875, 15.875], [88.875, 15.625]]]}, "properties": {"time": "2013-10-12T12:00:00", "variable": "msl", "tier": "low", "percentile": 92.8, "z": 1.53, "wind_ms": 12.24, "value": 1004.06, "lat": 15.75, "lon": 89.0}}, {"type": "Feature", "geometry": {"type": "Polygon", "coordinates": [[[82.875, 15.875], [83.125, 15.875], [83.125, 16.125], [82.875, 16.125], [82.875, 15.875]]]}, "properties": {"time": "2013-10-12T12:00:00", "variable": "msl", "tier": "low", "percentile": 100.0, "z": 3.22, "wind_ms": 12.26, "value": 998.83, "lat": 16.0, "lon": 83.0}}, {"type": "Feature", "geometry": {"type": "Polygon", "coordinates": [[[83.125, 15.875], [83.375, 15.875], [83.375, 16.125], [83.125, 16.125], [83.125, 15.875]]]}, "properties": {"time": "2013-10-12T12:00:00", "variable": "msl", "tier": "low", "percentile": 100.0, "z": 3.32, "wind_ms": 12.69, "value": 998.59, "lat": 16.0, "lon": 83.25}}, {"type": "Feature", "geometry": {"type": "Polygon", "coordinates": [[[83.375, 15.875], [83.625, 15.875], [83.625, 16.125], [83.375, 16.125], [83.375, 15.875]]]}, "properties": {"time": "2013-10-12T12:00:00", "variable": "msl", "tier": "low", "percentile": 100.0, "z": 3.4, "wind_ms": 13.14, "value": 998.41, "lat": 16.0, "lon": 83.5}}, {"type": "Feature", "geometry": {"type": "Polygon", "coordinates": [[[83.625, 15.875], [83.875, 15.875], [83.875, 16.125], [83.625, 16.125], [83.625, 15.875]]]}, "properties": {"time": "2013-10-12T12:00:00", "variable": "msl", "tier": "low", "percentile": 100.0, "z": 3.45, "wind_ms": 13.43, "value": 998.27, "lat": 16.0, "lon": 83.75}}, {"type": "Feature", "geometry": {"type": "Polygon", "coordinates": [[[83.875, 15.875], [84.125, 15.875], [84.125, 16.125], [83.875, 16.125], [83.875, 15.875]]]}, "properties": {"time": "2013-10-12T12:00:00", "variable": "msl", "tier": "low", "percentile": 100.0, "z": 3.49, "wind_ms": 13.69, "value": 998.17, "lat": 16.0, "lon": 84.0}}, {"type": "Feature", "geometry": {"type": "Polygon", "coordinates": [[[84.125, 15.875], [84.375, 15.875], [84.375, 16.125], [84.125, 16.125], [84.125, 15.875]]]}, "properties": {"time": "2013-10-12T12:00:00", "variable": "msl", "tier": "low", "percentile": 100.0, "z": 3.49, "wind_ms": 13.99, "value": 998.16, "lat": 16.0, "lon": 84.25}}, {"type": "Feature", "geometry": {"type": "Polygon", "coordinates": [[[84.375, 15.875], [84.625, 15.875], [84.625, 16.125], [84.375, 16.125], [84.375, 15.875]]]}, "properties": {"time": "2013-10-12T12:00:00", "variable": "msl", "tier": "low", "percentile": 100.0, "z": 3.48, "wind_ms": 14.37, "value": 998.12, "lat": 16.0, "lon": 84.5}}, {"type": "Feature", "geometry": {"type": "Polygon", "coordinates": [[[84.625, 15.875], [84.875, 15.875], [84.875, 16.125], [84.625, 16.125], [84.625, 15.875]]]}, "properties": {"time": "2013-10-12T12:00:00", "variable": "msl", "tier": "low", "percentile": 100.0, "z": 3.45, "wind_ms": 15.03, "value": 998.15, "lat": 16.0, "lon": 84.75}}, {"type": "Feature", "geometry": {"type": "Polygon", "coordinates": [[[84.875, 15.875], [85.125, 15.875], [85.125, 16.125], [84.875, 16.125], [84.875, 15.875]]]}, "properties": {"time": "2013-10-12T12:00:00", "variable": "msl", "tier": "low", "percentile": 100.0, "z": 3.4, "wind_ms": 15.68, "value": 998.25, "lat": 16.0, "lon": 85.0}}, {"type": "Feature", "geometry": {"type": "Polygon", "coordinates": [[[85.125, 15.875], [85.375, 15.875], [85.375, 16.125], [85.125, 16.125], [85.125, 15.875]]]}, "properties": {"time": "2013-10-12T12:00:00", "variable": "msl", "tier": "low", "percentile": 100.0, "z": 3.34, "wind_ms": 16.13, "value": 998.37, "lat": 16.0, "lon": 85.25}}, {"type": "Feature", "geometry": {"type": "Polygon", "coordinates": [[[85.375, 15.875], [85.625, 15.875], [85.625, 16.125], [85.375, 16.125], [85.375, 15.875]]]}, "properties": {"time": "2013-10-12T12:00:00", "variable": "msl", "tier": "low", "percentile": 100.0, "z": 3.26, "wind_ms": 16.2, "value": 998.56, "lat": 16.0, "lon": 85.5}}, {"type": "Feature", "geometry": {"type": "Polygon", "coordinates": [[[85.625, 15.875], [85.875, 15.875], [85.875, 16.125], [85.625, 16.125], [85.625, 15.875]]]}, "properties": {"time": "2013-10-12T12:00:00", "variable": "msl", "tier": "low", "percentile": 100.0, "z": 3.16, "wind_ms": 15.97, "value": 998.82, "lat": 16.0, "lon": 85.75}}, {"type": "Feature", "geometry": {"type": "Polygon", "coordinates": [[[85.875, 15.875], [86.125, 15.875], [86.125, 16.125], [85.875, 16.125], [85.875, 15.875]]]}, "properties": {"time": "2013-10-12T12:00:00", "variable": "msl", "tier": "low", "percentile": 100.0, "z": 3.04, "wind_ms": 15.68, "value": 999.1, "lat": 16.0, "lon": 86.0}}, {"type": "Feature", "geometry": {"type": "Polygon", "coordinates": [[[86.125, 15.875], [86.375, 15.875], [86.375, 16.125], [86.125, 16.125], [86.125, 15.875]]]}, "properties": {"time": "2013-10-12T12:00:00", "variable": "msl", "tier": "low", "percentile": 99.2, "z": 2.92, "wind_ms": 15.62, "value": 999.46, "lat": 16.0, "lon": 86.25}}, {"type": "Feature", "geometry": {"type": "Polygon", "coordinates": [[[86.375, 15.875], [86.625, 15.875], [86.625, 16.125], [86.375, 16.125], [86.375, 15.875]]]}, "properties": {"time": "2013-10-12T12:00:00", "variable": "msl", "tier": "low", "percentile": 99.2, "z": 2.79, "wind_ms": 15.61, "value": 999.83, "lat": 16.0, "lon": 86.5}}, {"type": "Feature", "geometry": {"type": "Polygon", "coordinates": [[[86.625, 15.875], [86.875, 15.875], [86.875, 16.125], [86.625, 16.125], [86.625, 15.875]]]}, "properties": {"time": "2013-10-12T12:00:00", "variable": "msl", "tier": "low", "percentile": 98.4, "z": 2.65, "wind_ms": 15.58, "value": 1000.25, "lat": 16.0, "lon": 86.75}}, {"type": "Feature", "geometry": {"type": "Polygon", "coordinates": [[[86.875, 15.875], [87.125, 15.875], [87.125, 16.125], [86.875, 16.125], [86.875, 15.875]]]}, "properties": {"time": "2013-10-12T12:00:00", "variable": "msl", "tier": "low", "percentile": 98.4, "z": 2.52, "wind_ms": 15.57, "value": 1000.67, "lat": 16.0, "lon": 87.0}}, {"type": "Feature", "geometry": {"type": "Polygon", "coordinates": [[[87.125, 15.875], [87.375, 15.875], [87.375, 16.125], [87.125, 16.125], [87.125, 15.875]]]}, "properties": {"time": "2013-10-12T12:00:00", "variable": "msl", "tier": "low", "percentile": 98.4, "z": 2.36, "wind_ms": 15.4, "value": 1001.19, "lat": 16.0, "lon": 87.25}}, {"type": "Feature", "geometry": {"type": "Polygon", "coordinates": [[[87.375, 15.875], [87.625, 15.875], [87.625, 16.125], [87.375, 16.125], [87.375, 15.875]]]}, "properties": {"time": "2013-10-12T12:00:00", "variable": "msl", "tier": "low", "percentile": 97.6, "z": 2.22, "wind_ms": 14.82, "value": 1001.69, "lat": 16.0, "lon": 87.5}}, {"type": "Feature", "geometry": {"type": "Polygon", "coordinates": [[[87.625, 15.875], [87.875, 15.875], [87.875, 16.125], [87.625, 16.125], [87.625, 15.875]]]}, "properties": {"time": "2013-10-12T12:00:00", "variable": "msl", "tier": "low", "percentile": 96.8, "z": 2.07, "wind_ms": 14.53, "value": 1002.2, "lat": 16.0, "lon": 87.75}}, {"type": "Feature", "geometry": {"type": "Polygon", "coordinates": [[[87.875, 15.875], [88.125, 15.875], [88.125, 16.125], [87.875, 16.125], [87.875, 15.875]]]}, "properties": {"time": "2013-10-12T12:00:00", "variable": "msl", "tier": "low", "percentile": 96.8, "z": 1.92, "wind_ms": 14.6, "value": 1002.69, "lat": 16.0, "lon": 88.0}}, {"type": "Feature", "geometry": {"type": "Polygon", "coordinates": [[[88.125, 15.875], [88.375, 15.875], [88.375, 16.125], [88.125, 16.125], [88.125, 15.875]]]}, "properties": {"time": "2013-10-12T12:00:00", "variable": "msl", "tier": "low", "percentile": 96.0, "z": 1.8, "wind_ms": 13.86, "value": 1003.11, "lat": 16.0, "lon": 88.25}}, {"type": "Feature", "geometry": {"type": "Polygon", "coordinates": [[[88.375, 15.875], [88.625, 15.875], [88.625, 16.125], [88.375, 16.125], [88.375, 15.875]]]}, "properties": {"time": "2013-10-12T12:00:00", "variable": "msl", "tier": "low", "percentile": 94.4, "z": 1.69, "wind_ms": 13.1, "value": 1003.48, "lat": 16.0, "lon": 88.5}}, {"type": "Feature", "geometry": {"type": "Polygon", "coordinates": [[[88.625, 15.875], [88.875, 15.875], [88.875, 16.125], [88.625, 16.125], [88.625, 15.875]]]}, "properties": {"time": "2013-10-12T12:00:00", "variable": "msl", "tier": "low", "percentile": 94.4, "z": 1.63, "wind_ms": 12.7, "value": 1003.72, "lat": 16.0, "lon": 88.75}}, {"type": "Feature", "geometry": {"type": "Polygon", "coordinates": [[[88.875, 15.875], [89.125, 15.875], [89.125, 16.125], [88.875, 16.125], [88.875, 15.875]]]}, "properties": {"time": "2013-10-12T12:00:00", "variable": "msl", "tier": "low", "percentile": 93.6, "z": 1.57, "wind_ms": 12.4, "value": 1003.95, "lat": 16.0, "lon": 89.0}}, {"type": "Feature", "geometry": {"type": "Polygon", "coordinates": [[[89.125, 15.875], [89.375, 15.875], [89.375, 16.125], [89.125, 16.125], [89.125, 15.875]]]}, "properties": {"time": "2013-10-12T12:00:00", "variable": "msl", "tier": "low", "percentile": 92.8, "z": 1.53, "wind_ms": 11.81, "value": 1004.12, "lat": 16.0, "lon": 89.25}}, {"type": "Feature", "geometry": {"type": "Polygon", "coordinates": [[[82.875, 16.125], [83.125, 16.125], [83.125, 16.375], [82.875, 16.375], [82.875, 16.125]]]}, "properties": {"time": "2013-10-12T12:00:00", "variable": "msl", "tier": "low", "percentile": 100.0, "z": 3.39, "wind_ms": 12.49, "value": 998.26, "lat": 16.25, "lon": 83.0}}, {"type": "Feature", "geometry": {"type": "Polygon", "coordinates": [[[83.125, 16.125], [83.375, 16.125], [83.375, 16.375], [83.125, 16.375], [83.125, 16.125]]]}, "properties": {"time": "2013-10-12T12:00:00", "variable": "msl", "tier": "low", "percentile": 100.0, "z": 3.51, "wind_ms": 12.92, "value": 997.98, "lat": 16.25, "lon": 83.25}}, {"type": "Feature", "geometry": {"type": "Polygon", "coordinates": [[[83.375, 16.125], [83.625, 16.125], [83.625, 16.375], [83.375, 16.375], [83.375, 16.125]]]}, "properties": {"time": "2013-10-12T12:00:00", "variable": "msl", "tier": "low", "percentile": 100.0, "z": 3.61, "wind_ms": 13.4, "value": 997.75, "lat": 16.25, "lon": 83.5}}, {"type": "Feature", "geometry": {"type": "Polygon", "coordinates": [[[83.625, 16.125], [83.875, 16.125], [83.875, 16.375], [83.625, 16.375], [83.625, 16.125]]]}, "properties": {"time": "2013-10-12T12:00:00", "variable": "msl", "tier": "low", "percentile": 100.0, "z": 3.69, "wind_ms": 13.78, "value": 997.55, "lat": 16.25, "lon": 83.75}}, {"type": "Feature", "geometry": {"type": "Polygon", "coordinates": [[[83.875, 16.125], [84.125, 16.125], [84.125, 16.375], [83.875, 16.375], [83.875, 16.125]]]}, "properties": {"time": "2013-10-12T12:00:00", "variable": "msl", "tier": "low", "percentile": 100.0, "z": 3.73, "wind_ms": 14.08, "value": 997.42, "lat": 16.25, "lon": 84.0}}, {"type": "Feature", "geometry": {"type": "Polygon", "coordinates": [[[84.125, 16.125], [84.375, 16.125], [84.375, 16.375], [84.125, 16.375], [84.125, 16.125]]]}, "properties": {"time": "2013-10-12T12:00:00", "variable": "msl", "tier": "low", "percentile": 100.0, "z": 3.74, "wind_ms": 14.52, "value": 997.31, "lat": 16.25, "lon": 84.25}}, {"type": "Feature", "geometry": {"type": "Polygon", "coordinates": [[[84.375, 16.125], [84.625, 16.125], [84.625, 16.375], [84.375, 16.375], [84.375, 16.125]]]}, "properties": {"time": "2013-10-12T12:00:00", "variable": "msl", "tier": "low", "percentile": 100.0, "z": 3.73, "wind_ms": 14.91, "value": 997.27, "lat": 16.25, "lon": 84.5}}, {"type": "Feature", "geometry": {"type": "Polygon", "coordinates": [[[84.625, 16.125], [84.875, 16.125], [84.875, 16.375], [84.625, 16.375], [84.625, 16.125]]]}, "properties": {"time": "2013-10-12T12:00:00", "variable": "msl", "tier": "low", "percentile": 100.0, "z": 3.7, "wind_ms": 15.3, "value": 997.27, "lat": 16.25, "lon": 84.75}}, {"type": "Feature", "geometry": {"type": "Polygon", "coordinates": [[[84.875, 16.125], [85.125, 16.125], [85.125, 16.375], [84.875, 16.375], [84.875, 16.125]]]}, "properties": {"time": "2013-10-12T12:00:00", "variable": "msl", "tier": "low", "percentile": 100.0, "z": 3.64, "wind_ms": 15.97, "value": 997.37, "lat": 16.25, "lon": 85.0}}, {"type": "Feature", "geometry": {"type": "Polygon", "coordinates": [[[85.125, 16.125], [85.375, 16.125], [85.375, 16.375], [85.125, 16.375], [85.125, 16.125]]]}, "properties": {"time": "2013-10-12T12:00:00", "variable": "msl", "tier": "low", "percentile": 100.0, "z": 3.57, "wind_ms": 16.61, "value": 997.53, "lat": 16.25, "lon": 85.25}}, {"type": "Feature", "geometry": {"type": "Polygon", "coordinates": [[[85.375, 16.125], [85.625, 16.125], [85.625, 16.375], [85.375, 16.375], [85.375, 16.125]]]}, "properties": {"time": "2013-10-12T12:00:00", "variable": "msl", "tier": "low", "percentile": 100.0, "z": 3.49, "wind_ms": 16.79, "value": 997.74, "lat": 16.25, "lon": 85.5}}, {"type": "Feature", "geometry": {"type": "Polygon", "coordinates": [[[85.625, 16.125], [85.875, 16.125], [85.875, 16.375], [85.625, 16.375], [85.625, 16.125]]]}, "properties": {"time": "2013-10-12T12:00:00", "variable": "msl", "tier": "low", "percentile": 100.0, "z": 3.39, "wind_ms": 16.81, "value": 998.02, "lat": 16.25, "lon": 85.75}}, {"type": "Feature", "geometry": {"type": "Polygon", "coordinates": [[[85.875, 16.125], [86.125, 16.125], [86.125, 16.375], [85.875, 16.375], [85.875, 16.125]]]}, "properties": {"time": "2013-10-12T12:00:00", "variable": "msl", "tier": "low", "percentile": 100.0, "z": 3.28, "wind_ms": 16.7, "value": 998.36, "lat": 16.25, "lon": 86.0}}, {"type": "Feature", "geometry": {"type": "Polygon", "coordinates": [[[86.125, 16.125], [86.375, 16.125], [86.375, 16.375], [86.125, 16.375], [86.125, 16.125]]]}, "properties": {"time": "2013-10-12T12:00:00", "variable": "msl", "tier": "low", "percentile": 100.0, "z": 3.16, "wind_ms": 16.61, "value": 998.73, "lat": 16.25, "lon": 86.25}}, {"type": "Feature", "geometry": {"type": "Polygon", "coordinates": [[[86.375, 16.125], [86.625, 16.125], [86.625, 16.375], [86.375, 16.375], [86.375, 16.125]]]}, "properties": {"time": "2013-10-12T12:00:00", "variable": "msl", "tier": "low", "percentile": 99.2, "z": 3.02, "wind_ms": 16.29, "value": 999.18, "lat": 16.25, "lon": 86.5}}, {"type": "Feature", "geometry": {"type": "Polygon", "coordinates": [[[86.625, 16.125], [86.875, 16.125], [86.875, 16.375], [86.625, 16.375], [86.625, 16.125]]]}, "properties": {"time": "2013-10-12T12:00:00", "variable": "msl", "tier": "low", "percentile": 99.2, "z": 2.89, "wind_ms": 16.28, "value": 999.6, "lat": 16.25, "lon": 86.75}}, {"type": "Feature", "geometry": {"type": "Polygon", "coordinates": [[[86.875, 16.125], [87.125, 16.125], [87.125, 16.375], [86.875, 16.375], [86.875, 16.125]]]}, "properties": {"time": "2013-10-12T12:00:00", "variable": "msl", "tier": "low", "percentile": 99.2, "z": 2.72, "wind_ms": 16.26, "value": 1000.13, "lat": 16.25, "lon": 87.0}}, {"type": "Feature", "geometry": {"type": "Polygon", "coordinates": [[[87.125, 16.125], [87.375, 16.125], [87.375, 16.375], [87.125, 16.375], [87.125, 16.125]]]}, "properties": {"time": "2013-10-12T12:00:00", "variable": "msl", "tier": "low", "percentile": 99.2, "z": 2.56, "wind_ms": 16.09, "value": 1000.67, "lat": 16.25, "lon": 87.25}}, {"type": "Feature", "geometry": {"type": "Polygon", "coordinates": [[[87.375, 16.125], [87.625, 16.125], [87.625, 16.375], [87.375, 16.375], [87.375, 16.125]]]}, "properties": {"time": "2013-10-12T12:00:00", "variable": "msl", "tier": "low", "percentile": 98.4, "z": 2.39, "wind_ms": 15.57, "value": 1001.23, "lat": 16.25, "lon": 87.5}}, {"type": "Feature", "geometry": {"type": "Polygon", "coordinates": [[[87.625, 16.125], [87.875, 16.125], [87.875, 16.375], [87.625, 16.375], [87.625, 16.125]]]}, "properties": {"time": "2013-10-12T12:00:00", "variable": "msl", "tier": "low", "percentile": 97.6, "z": 2.22, "wind_ms": 14.96, "value": 1001.79, "lat": 16.25, "lon": 87.75}}, {"type": "Feature", "geometry": {"type": "Polygon", "coordinates": [[[87.875, 16.125], [88.125, 16.125], [88.125, 16.375], [87.875, 16.375], [87.875, 16.125]]]}, "properties": {"time": "2013-10-12T12:00:00", "variable": "msl", "tier": "low", "percentile": 96.8, "z": 2.06, "wind_ms": 14.82, "value": 1002.32, "lat": 16.25, "lon": 88.0}}, {"type": "Feature", "geometry": {"type": "Polygon", "coordinates": [[[88.125, 16.125], [88.375, 16.125], [88.375, 16.375], [88.125, 16.375], [88.125, 16.125]]]}, "properties": {"time": "2013-10-12T12:00:00", "variable": "msl", "tier": "low", "percentile": 96.8, "z": 1.91, "wind_ms": 14.19, "value": 1002.81, "lat": 16.25, "lon": 88.25}}, {"type": "Feature", "geometry": {"type": "Polygon", "coordinates": [[[88.375, 16.125], [88.625, 16.125], [88.625, 16.375], [88.375, 16.375], [88.375, 16.125]]]}, "properties": {"time": "2013-10-12T12:00:00", "variable": "msl", "tier": "low", "percentile": 96.0, "z": 1.79, "wind_ms": 13.37, "value": 1003.19, "lat": 16.25, "lon": 88.5}}, {"type": "Feature", "geometry": {"type": "Polygon", "coordinates": [[[88.625, 16.125], [88.875, 16.125], [88.875, 16.375], [88.625, 16.375], [88.625, 16.125]]]}, "properties": {"time": "2013-10-12T12:00:00", "variable": "msl", "tier": "low", "percentile": 94.4, "z": 1.69, "wind_ms": 12.72, "value": 1003.54, "lat": 16.25, "lon": 88.75}}, {"type": "Feature", "geometry": {"type": "Polygon", "coordinates": [[[88.875, 16.125], [89.125, 16.125], [89.125, 16.375], [88.875, 16.375], [88.875, 16.125]]]}, "properties": {"time": "2013-10-12T12:00:00", "variable": "msl", "tier": "low", "percentile": 94.4, "z": 1.63, "wind_ms": 12.45, "value": 1003.76, "lat": 16.25, "lon": 89.0}}, {"type": "Feature", "geometry": {"type": "Polygon", "coordinates": [[[89.125, 16.125], [89.375, 16.125], [89.375, 16.375], [89.125, 16.375], [89.125, 16.125]]]}, "properties": {"time": "2013-10-12T12:00:00", "variable": "msl", "tier": "low", "percentile": 93.6, "z": 1.56, "wind_ms": 12.13, "value": 1004.01, "lat": 16.25, "lon": 89.25}}, {"type": "Feature", "geometry": {"type": "Polygon", "coordinates": [[[82.875, 16.375], [83.125, 16.375], [83.125, 16.625], [82.875, 16.625], [82.875, 16.375]]]}, "properties": {"time": "2013-10-12T12:00:00", "variable": "msl", "tier": "low", "percentile": 100.0, "z": 3.59, "wind_ms": 12.71, "value": 997.66, "lat": 16.5, "lon": 83.0}}, {"type": "Feature", "geometry": {"type": "Polygon", "coordinates": [[[83.125, 16.375], [83.375, 16.375], [83.375, 16.625], [83.125, 16.625], [83.125, 16.375]]]}, "properties": {"time": "2013-10-12T12:00:00", "variable": "msl", "tier": "low", "percentile": 100.0, "z": 3.73, "wind_ms": 13.39, "value": 997.31, "lat": 16.5, "lon": 83.25}}, {"type": "Feature", "geometry": {"type": "Polygon", "coordinates": [[[83.375, 16.375], [83.625, 16.375], [83.625, 16.625], [83.375, 16.625], [83.375, 16.375]]]}, "properties": {"time": "2013-10-12T12:00:00", "variable": "msl", "tier": "low", "percentile": 100.0, "z": 3.86, "wind_ms": 13.75, "value": 996.98, "lat": 16.5, "lon": 83.5}}, {"type": "Feature", "geometry": {"type": "Polygon", "coordinates": [[[83.625, 16.375], [83.875, 16.375], [83.875, 16.625], [83.625, 16.625], [83.625, 16.375]]]}, "properties": {"time": "2013-10-12T12:00:00", "variable": "msl", "tier": "low", "percentile": 100.0, "z": 3.95, "wind_ms": 14.15, "value": 996.75, "lat": 16.5, "lon": 83.75}}, {"type": "Feature", "geometry": {"type": "Polygon", "coordinates": [[[83.875, 16.375], [84.125, 16.375], [84.125, 16.625], [83.875, 16.625], [83.875, 16.375]]]}, "properties": {"time": "2013-10-12T12:00:00", "variable": "msl", "tier": "low", "percentile": 100.0, "z": 4.01, "wind_ms": 14.47, "value": 996.54, "lat": 16.5, "lon": 84.0}}, {"type": "Feature", "geometry": {"type": "Polygon", "coordinates": [[[84.125, 16.375], [84.375, 16.375], [84.375, 16.625], [84.125, 16.625], [84.125, 16.375]]]}, "properties": {"time": "2013-10-12T12:00:00", "variable": "msl", "tier": "low", "percentile": 100.0, "z": 4.01, "wind_ms": 14.93, "value": 996.44, "lat": 16.5, "lon": 84.25}}, {"type": "Feature", "geometry": {"type": "Polygon", "coordinates": [[[84.375, 16.375], [84.625, 16.375], [84.625, 16.625], [84.375, 16.625], [84.375, 16.375]]]}, "properties": {"time": "2013-10-12T12:00:00", "variable": "msl", "tier": "low", "percentile": 100.0, "z": 4.0, "wind_ms": 15.35, "value": 996.34, "lat": 16.5, "lon": 84.5}}, {"type": "Feature", "geometry": {"type": "Polygon", "coordinates": [[[84.625, 16.375], [84.875, 16.375], [84.875, 16.625], [84.625, 16.625], [84.625, 16.375]]]}, "properties": {"time": "2013-10-12T12:00:00", "variable": "msl", "tier": "low", "percentile": 100.0, "z": 3.96, "wind_ms": 15.69, "value": 996.34, "lat": 16.5, "lon": 84.75}}, {"type": "Feature", "geometry": {"type": "Polygon", "coordinates": [[[84.875, 16.375], [85.125, 16.375], [85.125, 16.625], [84.875, 16.625], [84.875, 16.375]]]}, "properties": {"time": "2013-10-12T12:00:00", "variable": "msl", "tier": "low", "percentile": 99.2, "z": 3.89, "wind_ms": 16.22, "value": 996.4, "lat": 16.5, "lon": 85.0}}, {"type": "Feature", "geometry": {"type": "Polygon", "coordinates": [[[85.125, 16.375], [85.375, 16.375], [85.375, 16.625], [85.125, 16.625], [85.125, 16.375]]]}, "properties": {"time": "2013-10-12T12:00:00", "variable": "msl", "tier": "low", "percentile": 99.2, "z": 3.82, "wind_ms": 16.86, "value": 996.55, "lat": 16.5, "lon": 85.25}}, {"type": "Feature", "geometry": {"type": "Polygon", "coordinates": [[[85.375, 16.375], [85.625, 16.375], [85.625, 16.625], [85.375, 16.625], [85.375, 16.375]]]}, "properties": {"time": "2013-10-12T12:00:00", "variable": "msl", "tier": "moderate", "percentile": 99.2, "z": 3.74, "wind_ms": 17.27, "value": 996.79, "lat": 16.5, "lon": 85.5}}, {"type": "Feature", "geometry": {"type": "Polygon", "coordinates": [[[85.625, 16.375], [85.875, 16.375], [85.875, 16.625], [85.625, 16.625], [85.625, 16.375]]]}, "properties": {"time": "2013-10-12T12:00:00", "variable": "msl", "tier": "moderate", "percentile": 99.2, "z": 3.64, "wind_ms": 17.77, "value": 997.11, "lat": 16.5, "lon": 85.75}}, {"type": "Feature", "geometry": {"type": "Polygon", "coordinates": [[[85.875, 16.375], [86.125, 16.375], [86.125, 16.625], [85.875, 16.625], [85.875, 16.375]]]}, "properties": {"time": "2013-10-12T12:00:00", "variable": "msl", "tier": "moderate", "percentile": 99.2, "z": 3.55, "wind_ms": 17.78, "value": 997.47, "lat": 16.5, "lon": 86.0}}, {"type": "Feature", "geometry": {"type": "Polygon", "coordinates": [[[86.125, 16.375], [86.375, 16.375], [86.375, 16.625], [86.125, 16.625], [86.125, 16.375]]]}, "properties": {"time": "2013-10-12T12:00:00", "variable": "msl", "tier": "moderate", "percentile": 100.0, "z": 3.42, "wind_ms": 17.5, "value": 997.94, "lat": 16.5, "lon": 86.25}}, {"type": "Feature", "geometry": {"type": "Polygon", "coordinates": [[[86.375, 16.375], [86.625, 16.375], [86.625, 16.625], [86.375, 16.625], [86.375, 16.375]]]}, "properties": {"time": "2013-10-12T12:00:00", "variable": "msl", "tier": "moderate", "percentile": 100.0, "z": 3.27, "wind_ms": 17.09, "value": 998.41, "lat": 16.5, "lon": 86.5}}, {"type": "Feature", "geometry": {"type": "Polygon", "coordinates": [[[86.625, 16.375], [86.875, 16.375], [86.875, 16.625], [86.625, 16.625], [86.625, 16.375]]]}, "properties": {"time": "2013-10-12T12:00:00", "variable": "msl", "tier": "low", "percentile": 100.0, "z": 3.11, "wind_ms": 16.76, "value": 998.97, "lat": 16.5, "lon": 86.75}}, {"type": "Feature", "geometry": {"type": "Polygon", "coordinates": [[[86.875, 16.375], [87.125, 16.375], [87.125, 16.625], [86.875, 16.625], [86.875, 16.375]]]}, "properties": {"time": "2013-10-12T12:00:00", "variable": "msl", "tier": "low", "percentile": 100.0, "z": 2.94, "wind_ms": 16.75, "value": 999.53, "lat": 16.5, "lon": 87.0}}, {"type": "Feature", "geometry": {"type": "Polygon", "coordinates": [[[87.125, 16.375], [87.375, 16.375], [87.375, 16.625], [87.125, 16.625], [87.125, 16.375]]]}, "properties": {"time": "2013-10-12T12:00:00", "variable": "msl", "tier": "low", "percentile": 99.2, "z": 2.76, "wind_ms": 16.79, "value": 1000.13, "lat": 16.5, "lon": 87.25}}, {"type": "Feature", "geometry": {"type": "Polygon", "coordinates": [[[87.375, 16.375], [87.625, 16.375], [87.625, 16.625], [87.375, 16.625], [87.375, 16.375]]]}, "properties": {"time": "2013-10-12T12:00:00", "variable": "msl", "tier": "low", "percentile": 99.2, "z": 2.58, "wind_ms": 16.57, "value": 1000.7, "lat": 16.5, "lon": 87.5}}, {"type": "Feature", "geometry": {"type": "Polygon", "coordinates": [[[87.625, 16.375], [87.875, 16.375], [87.875, 16.625], [87.625, 16.625], [87.625, 16.375]]]}, "properties": {"time": "2013-10-12T12:00:00", "variable": "msl", "tier": "low", "percentile": 98.4, "z": 2.38, "wind_ms": 15.54, "value": 1001.33, "lat": 16.5, "lon": 87.75}}, {"type": "Feature", "geometry": {"type": "Polygon", "coordinates": [[[87.875, 16.375], [88.125, 16.375], [88.125, 16.625], [87.875, 16.625], [87.875, 16.375]]]}, "properties": {"time": "2013-10-12T12:00:00", "variable": "msl", "tier": "low", "percentile": 97.6, "z": 2.19, "wind_ms": 15.12, "value": 1001.91, "lat": 16.5, "lon": 88.0}}, {"type": "Feature", "geometry": {"type": "Polygon", "coordinates": [[[88.125, 16.375], [88.375, 16.375], [88.375, 16.625], [88.125, 16.625], [88.125, 16.375]]]}, "properties": {"time": "2013-10-12T12:00:00", "variable": "msl", "tier": "low", "percentile": 96.8, "z": 2.04, "wind_ms": 14.8, "value": 1002.42, "lat": 16.5, "lon": 88.25}}, {"type": "Feature", "geometry": {"type": "Polygon", "coordinates": [[[88.375, 16.375], [88.625, 16.375], [88.625, 16.625], [88.375, 16.625], [88.375, 16.375]]]}, "properties": {"time": "2013-10-12T12:00:00", "variable": "msl", "tier": "low", "percentile": 96.8, "z": 1.89, "wind_ms": 13.74, "value": 1002.9, "lat": 16.5, "lon": 88.5}}, {"type": "Feature", "geometry": {"type": "Polygon", "coordinates": [[[88.625, 16.375], [88.875, 16.375], [88.875, 16.625], [88.625, 16.625], [88.625, 16.375]]]}, "properties": {"time": "2013-10-12T12:00:00", "variable": "msl", "tier": "low", "percentile": 96.0, "z": 1.78, "wind_ms": 13.01, "value": 1003.27, "lat": 16.5, "lon": 88.75}}, {"type": "Feature", "geometry": {"type": "Polygon", "coordinates": [[[88.875, 16.375], [89.125, 16.375], [89.125, 16.625], [88.875, 16.625], [88.875, 16.375]]]}, "properties": {"time": "2013-10-12T12:00:00", "variable": "msl", "tier": "low", "percentile": 96.0, "z": 1.68, "wind_ms": 12.6, "value": 1003.61, "lat": 16.5, "lon": 89.0}}, {"type": "Feature", "geometry": {"type": "Polygon", "coordinates": [[[89.125, 16.375], [89.375, 16.375], [89.375, 16.625], [89.125, 16.625], [89.125, 16.375]]]}, "properties": {"time": "2013-10-12T12:00:00", "variable": "msl", "tier": "low", "percentile": 95.2, "z": 1.61, "wind_ms": 12.35, "value": 1003.88, "lat": 16.5, "lon": 89.25}}, {"type": "Feature", "geometry": {"type": "Polygon", "coordinates": [[[82.875, 16.625], [83.125, 16.625], [83.125, 16.875], [82.875, 16.875], [82.875, 16.625]]]}, "properties": {"time": "2013-10-12T12:00:00", "variable": "msl", "tier": "low", "percentile": 100.0, "z": 3.81, "wind_ms": 12.6, "value": 997.0, "lat": 16.75, "lon": 83.0}}, {"type": "Feature", "geometry": {"type": "Polygon", "coordinates": [[[83.125, 16.625], [83.375, 16.625], [83.375, 16.875], [83.125, 16.875], [83.125, 16.625]]]}, "properties": {"time": "2013-10-12T12:00:00", "variable": "msl", "tier": "low", "percentile": 100.0, "z": 3.99, "wind_ms": 14.04, "value": 996.58, "lat": 16.75, "lon": 83.25}}, {"type": "Feature", "geometry": {"type": "Polygon", "coordinates": [[[83.375, 16.625], [83.625, 16.625], [83.625, 16.875], [83.375, 16.875], [83.375, 16.625]]]}, "properties": {"time": "2013-10-12T12:00:00", "variable": "msl", "tier": "low", "percentile": 100.0, "z": 4.13, "wind_ms": 14.65, "value": 996.19, "lat": 16.75, "lon": 83.5}}, {"type": "Feature", "geometry": {"type": "Polygon", "coordinates": [[[83.625, 16.625], [83.875, 16.625], [83.875, 16.875], [83.625, 16.875], [83.625, 16.625]]]}, "properties": {"time": "2013-10-12T12:00:00", "variable": "msl", "tier": "low", "percentile": 100.0, "z": 4.23, "wind_ms": 14.75, "value": 995.86, "lat": 16.75, "lon": 83.75}}, {"type": "Feature", "geometry": {"type": "Polygon", "coordinates": [[[83.875, 16.625], [84.125, 16.625], [84.125, 16.875], [83.875, 16.875], [83.875, 16.625]]]}, "properties": {"time": "2013-10-12T12:00:00", "variable": "msl", "tier": "low", "percentile": 100.0, "z": 4.29, "wind_ms": 14.85, "value": 995.61, "lat": 16.75, "lon": 84.0}}, {"type": "Feature", "geometry": {"type": "Polygon", "coordinates": [[[84.125, 16.625], [84.375, 16.625], [84.375, 16.875], [84.125, 16.875], [84.125, 16.625]]]}, "properties": {"time": "2013-10-12T12:00:00", "variable": "msl", "tier": "low", "percentile": 100.0, "z": 4.32, "wind_ms": 15.36, "value": 995.38, "lat": 16.75, "lon": 84.25}}, {"type": "Feature", "geometry": {"type": "Polygon", "coordinates": [[[84.375, 16.625], [84.625, 16.625], [84.625, 16.875], [84.375, 16.875], [84.375, 16.625]]]}, "properties": {"time": "2013-10-12T12:00:00", "variable": "msl", "tier": "low", "percentile": 100.0, "z": 4.31, "wind_ms": 15.95, "value": 995.23, "lat": 16.75, "lon": 84.5}}, {"type": "Feature", "geometry": {"type": "Polygon", "coordinates": [[[84.625, 16.625], [84.875, 16.625], [84.875, 16.875], [84.625, 16.875], [84.625, 16.625]]]}, "properties": {"time": "2013-10-12T12:00:00", "variable": "msl", "tier": "low", "percentile": 100.0, "z": 4.25, "wind_ms": 16.39, "value": 995.17, "lat": 16.75, "lon": 84.75}}, {"type": "Feature", "geometry": {"type": "Polygon", "coordinates": [[[84.875, 16.625], [85.125, 16.625], [85.125, 16.875], [84.875, 16.875], [84.875, 16.625]]]}, "properties": {"time": "2013-10-12T12:00:00", "variable": "msl", "tier": "low", "percentile": 99.2, "z": 4.18, "wind_ms": 16.69, "value": 995.24, "lat": 16.75, "lon": 85.0}}, {"type": "Feature", "geometry": {"type": "Polygon", "coordinates": [[[85.125, 16.625], [85.375, 16.625], [85.375, 16.875], [85.125, 16.875], [85.125, 16.625]]]}, "properties": {"time": "2013-10-12T12:00:00", "variable": "msl", "tier": "moderate", "percentile": 99.2, "z": 4.08, "wind_ms": 17.36, "value": 995.4, "lat": 16.75, "lon": 85.25}}, {"type": "Feature", "geometry": {"type": "Polygon", "coordinates": [[[85.375, 16.625], [85.625, 16.625], [85.625, 16.875], [85.375, 16.875], [85.375, 16.625]]]}, "properties": {"time": "2013-10-12T12:00:00", "variable": "msl", "tier": "moderate", "percentile": 99.2, "z": 3.99, "wind_ms": 17.88, "value": 995.69, "lat": 16.75, "lon": 85.5}}, {"type": "Feature", "geometry": {"type": "Polygon", "coordinates": [[[85.625, 16.625], [85.875, 16.625], [85.875, 16.875], [85.625, 16.875], [85.625, 16.625]]]}, "properties": {"time": "2013-10-12T12:00:00", "variable": "msl", "tier": "moderate", "percentile": 99.2, "z": 3.9, "wind_ms": 18.24, "value": 996.06, "lat": 16.75, "lon": 85.75}}, {"type": "Feature", "geometry": {"type": "Polygon", "coordinates": [[[85.875, 16.625], [86.125, 16.625], [86.125, 16.875], [85.875, 16.875], [85.875, 16.625]]]}, "properties": {"time": "2013-10-12T12:00:00", "variable": "msl", "tier": "moderate", "percentile": 99.2, "z": 3.8, "wind_ms": 18.73, "value": 996.53, "lat": 16.75, "lon": 86.0}}, {"type": "Feature", "geometry": {"type": "Polygon", "coordinates": [[[86.125, 16.625], [86.375, 16.625], [86.375, 16.875], [86.125, 16.875], [86.125, 16.625]]]}, "properties": {"time": "2013-10-12T12:00:00", "variable": "msl", "tier": "moderate", "percentile": 99.2, "z": 3.67, "wind_ms": 18.57, "value": 997.08, "lat": 16.75, "lon": 86.25}}, {"type": "Feature", "geometry": {"type": "Polygon", "coordinates": [[[86.375, 16.625], [86.625, 16.625], [86.625, 16.875], [86.375, 16.875], [86.375, 16.625]]]}, "properties": {"time": "2013-10-12T12:00:00", "variable": "msl", "tier": "moderate", "percentile": 100.0, "z": 3.52, "wind_ms": 17.82, "value": 997.68, "lat": 16.75, "lon": 86.5}}, {"type": "Feature", "geometry": {"type": "Polygon", "coordinates": [[[86.625, 16.625], [86.875, 16.625], [86.875, 16.875], [86.625, 16.875], [86.625, 16.625]]]}, "properties": {"time": "2013-10-12T12:00:00", "variable": "msl", "tier": "moderate", "percentile": 100.0, "z": 3.35, "wind_ms": 17.33, "value": 998.27, "lat": 16.75, "lon": 86.75}}, {"type": "Feature", "geometry": {"type": "Polygon", "coordinates": [[[86.875, 16.625], [87.125, 16.625], [87.125, 16.875], [86.875, 16.875], [86.875, 16.625]]]}, "properties": {"time": "2013-10-12T12:00:00", "variable": "msl", "tier": "moderate", "percentile": 100.0, "z": 3.15, "wind_ms": 17.23, "value": 998.92, "lat": 16.75, "lon": 87.0}}, {"type": "Feature", "geometry": {"type": "Polygon", "coordinates": [[[87.125, 16.625], [87.375, 16.625], [87.375, 16.875], [87.125, 16.875], [87.125, 16.625]]]}, "properties": {"time": "2013-10-12T12:00:00", "variable": "msl", "tier": "moderate", "percentile": 100.0, "z": 2.95, "wind_ms": 17.34, "value": 999.57, "lat": 16.75, "lon": 87.25}}, {"type": "Feature", "geometry": {"type": "Polygon", "coordinates": [[[87.375, 16.625], [87.625, 16.625], [87.625, 16.875], [87.375, 16.875], [87.375, 16.625]]]}, "properties": {"time": "2013-10-12T12:00:00", "variable": "msl", "tier": "moderate", "percentile": 100.0, "z": 2.75, "wind_ms": 17.32, "value": 1000.23, "lat": 16.75, "lon": 87.5}}, {"type": "Feature", "geometry": {"type": "Polygon", "coordinates": [[[87.625, 16.625], [87.875, 16.625], [87.875, 16.875], [87.625, 16.875], [87.625, 16.625]]]}, "properties": {"time": "2013-10-12T12:00:00", "variable": "msl", "tier": "low", "percentile": 100.0, "z": 2.54, "wind_ms": 16.14, "value": 1000.87, "lat": 16.75, "lon": 87.75}}, {"type": "Feature", "geometry": {"type": "Polygon", "coordinates": [[[87.875, 16.625], [88.125, 16.625], [88.125, 16.875], [87.875, 16.875], [87.875, 16.625]]]}, "properties": {"time": "2013-10-12T12:00:00", "variable": "msl", "tier": "low", "percentile": 99.2, "z": 2.34, "wind_ms": 15.65, "value": 1001.5, "lat": 16.75, "lon": 88.0}}, {"type": "Feature", "geometry": {"type": "Polygon", "coordinates": [[[88.125, 16.625], [88.375, 16.625], [88.375, 16.875], [88.125, 16.875], [88.125, 16.625]]]}, "properties": {"time": "2013-10-12T12:00:00", "variable": "msl", "tier": "low", "percentile": 98.4, "z": 2.16, "wind_ms": 15.52, "value": 1002.07, "lat": 16.75, "lon": 88.25}}, {"type": "Feature", "geometry": {"type": "Polygon", "coordinates": [[[88.375, 16.625], [88.625, 16.625], [88.625, 16.875], [88.375, 16.875], [88.375, 16.625]]]}, "properties": {"time": "2013-10-12T12:00:00", "variable": "msl", "tier": "low", "percentile": 97.6, "z": 2.0, "wind_ms": 14.32, "value": 1002.57, "lat": 16.75, "lon": 88.5}}, {"type": "Feature", "geometry": {"type": "Polygon", "coordinates": [[[88.625, 16.625], [88.875, 16.625], [88.875, 16.875], [88.625, 16.875], [88.625, 16.625]]]}, "properties": {"time": "2013-10-12T12:00:00", "variable": "msl", "tier": "low", "percentile": 97.6, "z": 1.86, "wind_ms": 13.32, "value": 1003.04, "lat": 16.75, "lon": 88.75}}, {"type": "Feature", "geometry": {"type": "Polygon", "coordinates": [[[88.875, 16.625], [89.125, 16.625], [89.125, 16.875], [88.875, 16.875], [88.875, 16.625]]]}, "properties": {"time": "2013-10-12T12:00:00", "variable": "msl", "tier": "low", "percentile": 96.8, "z": 1.74, "wind_ms": 12.84, "value": 1003.42, "lat": 16.75, "lon": 89.0}}, {"type": "Feature", "geometry": {"type": "Polygon", "coordinates": [[[89.125, 16.625], [89.375, 16.625], [89.375, 16.875], [89.125, 16.875], [89.125, 16.625]]]}, "properties": {"time": "2013-10-12T12:00:00", "variable": "msl", "tier": "low", "percentile": 96.8, "z": 1.64, "wind_ms": 12.47, "value": 1003.75, "lat": 16.75, "lon": 89.25}}, {"type": "Feature", "geometry": {"type": "Polygon", "coordinates": [[[82.875, 16.875], [83.125, 16.875], [83.125, 17.125], [82.875, 17.125], [82.875, 16.875]]]}, "properties": {"time": "2013-10-12T12:00:00", "variable": "msl", "tier": "low", "percentile": 100.0, "z": 4.05, "wind_ms": 13.58, "value": 996.26, "lat": 17.0, "lon": 83.0}}, {"type": "Feature", "geometry": {"type": "Polygon", "coordinates": [[[83.125, 16.875], [83.375, 16.875], [83.375, 17.125], [83.125, 17.125], [83.125, 16.875]]]}, "properties": {"time": "2013-10-12T12:00:00", "variable": "msl", "tier": "low", "percentile": 100.0, "z": 4.26, "wind_ms": 14.33, "value": 995.7, "lat": 17.0, "lon": 83.25}}, {"type": "Feature", "geometry": {"type": "Polygon", "coordinates": [[[83.375, 16.875], [83.625, 16.875], [83.625, 17.125], [83.375, 17.125], [83.375, 16.875]]]}, "properties": {"time": "2013-10-12T12:00:00", "variable": "msl", "tier": "low", "percentile": 100.0, "z": 4.43, "wind_ms": 14.89, "value": 995.26, "lat": 17.0, "lon": 83.5}}, {"type": "Feature", "geometry": {"type": "Polygon", "coordinates": [[[83.625, 16.875], [83.875, 16.875], [83.875, 17.125], [83.625, 17.125], [83.625, 16.875]]]}, "properties": {"time": "2013-10-12T12:00:00", "variable": "msl", "tier": "low", "percentile": 100.0, "z": 4.56, "wind_ms": 15.32, "value": 994.85, "lat": 17.0, "lon": 83.75}}, {"type": "Feature", "geometry": {"type": "Polygon", "coordinates": [[[83.875, 16.875], [84.125, 16.875], [84.125, 17.125], [83.875, 17.125], [83.875, 16.875]]]}, "properties": {"time": "2013-10-12T12:00:00", "variable": "msl", "tier": "low", "percentile": 100.0, "z": 4.63, "wind_ms": 15.2, "value": 994.51, "lat": 17.0, "lon": 84.0}}, {"type": "Feature", "geometry": {"type": "Polygon", "coordinates": [[[84.125, 16.875], [84.375, 16.875], [84.375, 17.125], [84.125, 17.125], [84.125, 16.875]]]}, "properties": {"time": "2013-10-12T12:00:00", "variable": "msl", "tier": "low", "percentile": 100.0, "z": 4.66, "wind_ms": 15.51, "value": 994.25, "lat": 17.0, "lon": 84.25}}, {"type": "Feature", "geometry": {"type": "Polygon", "coordinates": [[[84.375, 16.875], [84.625, 16.875], [84.625, 17.125], [84.375, 17.125], [84.375, 16.875]]]}, "properties": {"time": "2013-10-12T12:00:00", "variable": "msl", "tier": "low", "percentile": 100.0, "z": 4.65, "wind_ms": 16.51, "value": 994.07, "lat": 17.0, "lon": 84.5}}, {"type": "Feature", "geometry": {"type": "Polygon", "coordinates": [[[84.625, 16.875], [84.875, 16.875], [84.875, 17.125], [84.625, 17.125], [84.625, 16.875]]]}, "properties": {"time": "2013-10-12T12:00:00", "variable": "msl", "tier": "moderate", "percentile": 100.0, "z": 4.58, "wind_ms": 17.49, "value": 993.96, "lat": 17.0, "lon": 84.75}}, {"type": "Feature", "geometry": {"type": "Polygon", "coordinates": [[[84.875, 16.875], [85.125, 16.875], [85.125, 17.125], [84.875, 17.125], [84.875, 16.875]]]}, "properties": {"time": "2013-10-12T12:00:00", "variable": "msl", "tier": "moderate", "percentile": 99.2, "z": 4.48, "wind_ms": 17.93, "value": 993.97, "lat": 17.0, "lon": 85.0}}, {"type": "Feature", "geometry": {"type": "Polygon", "coordinates": [[[85.125, 16.875], [85.375, 16.875], [85.375, 17.125], [85.125, 17.125], [85.125, 16.875]]]}, "properties": {"time": "2013-10-12T12:00:00", "variable": "msl", "tier": "moderate", "percentile": 99.2, "z": 4.37, "wind_ms": 18.45, "value": 994.08, "lat": 17.0, "lon": 85.25}}, {"type": "Feature", "geometry": {"type": "Polygon", "coordinates": [[[85.375, 16.875], [85.625, 16.875], [85.625, 17.125], [85.375, 17.125], [85.375, 16.875]]]}, "properties": {"time": "2013-10-12T12:00:00", "variable": "msl", "tier": "moderate", "percentile": 99.2, "z": 4.27, "wind_ms": 19.19, "value": 994.39, "lat": 17.0, "lon": 85.5}}, {"type": "Feature", "geometry": {"type": "Polygon", "coordinates": [[[85.625, 16.875], [85.875, 16.875], [85.875, 17.125], [85.625, 17.125], [85.625, 16.875]]]}, "properties": {"time": "2013-10-12T12:00:00", "variable": "msl", "tier": "moderate", "percentile": 99.2, "z": 4.17, "wind_ms": 19.37, "value": 994.86, "lat": 17.0, "lon": 85.75}}, {"type": "Feature", "geometry": {"type": "Polygon", "coordinates": [[[85.875, 16.875], [86.125, 16.875], [86.125, 17.125], [85.875, 17.125], [85.875, 16.875]]]}, "properties": {"time": "2013-10-12T12:00:00", "variable": "msl", "tier": "moderate", "percentile": 99.2, "z": 4.06, "wind_ms": 19.58, "value": 995.44, "lat": 17.0, "lon": 86.0}}, {"type": "Feature", "geometry": {"type": "Polygon", "coordinates": [[[86.125, 16.875], [86.375, 16.875], [86.375, 17.125], [86.125, 17.125], [86.125, 16.875]]]}, "properties": {"time": "2013-10-12T12:00:00", "variable": "msl", "tier": "moderate", "percentile": 99.2, "z": 3.93, "wind_ms": 19.43, "value": 996.11, "lat": 17.0, "lon": 86.25}}, {"type": "Feature", "geometry": {"type": "Polygon", "coordinates": [[[86.375, 16.875], [86.625, 16.875], [86.625, 17.125], [86.375, 17.125], [86.375, 16.875]]]}, "properties": {"time": "2013-10-12T12:00:00", "variable": "msl", "tier": "moderate", "percentile": 100.0, "z": 3.76, "wind_ms": 18.67, "value": 996.83, "lat": 17.0, "lon": 86.5}}, {"type": "Feature", "geometry": {"type": "Polygon", "coordinates": [[[86.625, 16.875], [86.875, 16.875], [86.875, 17.125], [86.625, 17.125], [86.625, 16.875]]]}, "properties": {"time": "2013-10-12T12:00:00", "variable": "msl", "tier": "moderate", "percentile": 100.0, "z": 3.57, "wind_ms": 17.88, "value": 997.55, "lat": 17.0, "lon": 86.75}}, {"type": "Feature", "geometry": {"type": "Polygon", "coordinates": [[[86.875, 16.875], [87.125, 16.875], [87.125, 17.125], [86.875, 17.125], [86.875, 16.875]]]}, "properties": {"time": "2013-10-12T12:00:00", "variable": "msl", "tier": "moderate", "percentile": 100.0, "z": 3.36, "wind_ms": 17.61, "value": 998.27, "lat": 17.0, "lon": 87.0}}, {"type": "Feature", "geometry": {"type": "Polygon", "coordinates": [[[87.125, 16.875], [87.375, 16.875], [87.375, 17.125], [87.125, 17.125], [87.125, 16.875]]]}, "properties": {"time": "2013-10-12T12:00:00", "variable": "msl", "tier": "moderate", "percentile": 100.0, "z": 3.15, "wind_ms": 17.89, "value": 998.99, "lat": 17.0, "lon": 87.25}}, {"type": "Feature", "geometry": {"type": "Polygon", "coordinates": [[[87.375, 16.875], [87.625, 16.875], [87.625, 17.125], [87.375, 17.125], [87.375, 16.875]]]}, "properties": {"time": "2013-10-12T12:00:00", "variable": "msl", "tier": "moderate", "percentile": 100.0, "z": 2.92, "wind_ms": 18.04, "value": 999.69, "lat": 17.0, "lon": 87.5}}, {"type": "Feature", "geometry": {"type": "Polygon", "coordinates": [[[87.625, 16.875], [87.875, 16.875], [87.875, 17.125], [87.625, 17.125], [87.625, 16.875]]]}, "properties": {"time": "2013-10-12T12:00:00", "variable": "msl", "tier": "low", "percentile": 100.0, "z": 2.7, "wind_ms": 16.58, "value": 1000.39, "lat": 17.0, "lon": 87.75}}, {"type": "Feature", "geometry": {"type": "Polygon", "coordinates": [[[87.875, 16.875], [88.125, 16.875], [88.125, 17.125], [87.875, 17.125], [87.875, 16.875]]]}, "properties": {"time": "2013-10-12T12:00:00", "variable": "msl", "tier": "low", "percentile": 100.0, "z": 2.48, "wind_ms": 16.04, "value": 1001.07, "lat": 17.0, "lon": 88.0}}, {"type": "Feature", "geometry": {"type": "Polygon", "coordinates": [[[88.125, 16.875], [88.375, 16.875], [88.375, 17.125], [88.125, 17.125], [88.125, 16.875]]]}, "properties": {"time": "2013-10-12T12:00:00", "variable": "msl", "tier": "low", "percentile": 99.2, "z": 2.28, "wind_ms": 16.08, "value": 1001.7, "lat": 17.0, "lon": 88.25}}, {"type": "Feature", "geometry": {"type": "Polygon", "coordinates": [[[88.375, 16.875], [88.625, 16.875], [88.625, 17.125], [88.375, 17.125], [88.375, 16.875]]]}, "properties": {"time": "2013-10-12T12:00:00", "variable": "msl", "tier": "low", "percentile": 98.4, "z": 2.1, "wind_ms": 14.84, "value": 1002.28, "lat": 17.0, "lon": 88.5}}, {"type": "Feature", "geometry": {"type": "Polygon", "coordinates": [[[88.625, 16.875], [88.875, 16.875], [88.875, 17.125], [88.625, 17.125], [88.625, 16.875]]]}, "properties": {"time": "2013-10-12T12:00:00", "variable": "msl", "tier": "low", "percentile": 97.6, "z": 1.93, "wind_ms": 13.69, "value": 1002.81, "lat": 17.0, "lon": 88.75}}, {"type": "Feature", "geometry": {"type": "Polygon", "coordinates": [[[88.875, 16.875], [89.125, 16.875], [89.125, 17.125], [88.875, 17.125], [88.875, 16.875]]]}, "properties": {"time": "2013-10-12T12:00:00", "variable": "msl", "tier": "low", "percentile": 96.8, "z": 1.79, "wind_ms": 13.08, "value": 1003.26, "lat": 17.0, "lon": 89.0}}, {"type": "Feature", "geometry": {"type": "Polygon", "coordinates": [[[89.125, 16.875], [89.375, 16.875], [89.375, 17.125], [89.125, 17.125], [89.125, 16.875]]]}, "properties": {"time": "2013-10-12T12:00:00", "variable": "msl", "tier": "low", "percentile": 96.8, "z": 1.68, "wind_ms": 12.64, "value": 1003.64, "lat": 17.0, "lon": 89.25}}, {"type": "Feature", "geometry": {"type": "Polygon", "coordinates": [[[82.875, 17.125], [83.125, 17.125], [83.125, 17.375], [82.875, 17.375], [82.875, 17.125]]]}, "properties": {"time": "2013-10-12T12:00:00", "variable": "msl", "tier": "low", "percentile": 100.0, "z": 4.3, "wind_ms": 12.7, "value": 995.53, "lat": 17.25, "lon": 83.0}}, {"type": "Feature", "geometry": {"type": "Polygon", "coordinates": [[[83.125, 17.125], [83.375, 17.125], [83.375, 17.375], [83.125, 17.375], [83.125, 17.125]]]}, "properties": {"time": "2013-10-12T12:00:00", "variable": "msl", "tier": "low", "percentile": 100.0, "z": 4.5, "wind_ms": 13.51, "value": 994.93, "lat": 17.25, "lon": 83.25}}, {"type": "Feature", "geometry": {"type": "Polygon", "coordinates": [[[83.375, 17.125], [83.625, 17.125], [83.625, 17.375], [83.375, 17.375], [83.375, 17.125]]]}, "properties": {"time": "2013-10-12T12:00:00", "variable": "msl", "tier": "low", "percentile": 100.0, "z": 4.66, "wind_ms": 14.35, "value": 994.42, "lat": 17.25, "lon": 83.5}}, {"type": "Feature", "geometry": {"type": "Polygon", "coordinates": [[[83.625, 17.125], [83.875, 17.125], [83.875, 17.375], [83.625, 17.375], [83.625, 17.125]]]}, "properties": {"time": "2013-10-12T12:00:00", "variable": "msl", "tier": "low", "percentile": 100.0, "z": 4.82, "wind_ms": 15.38, "value": 993.96, "lat": 17.25, "lon": 83.75}}, {"type": "Feature", "geometry": {"type": "Polygon", "coordinates": [[[83.875, 17.125], [84.125, 17.125], [84.125, 17.375], [83.875, 17.375], [83.875, 17.125]]]}, "properties": {"time": "2013-10-12T12:00:00", "variable": "msl", "tier": "low", "percentile": 100.0, "z": 4.94, "wind_ms": 16.16, "value": 993.49, "lat": 17.25, "lon": 84.0}}, {"type": "Feature", "geometry": {"type": "Polygon", "coordinates": [[[84.125, 17.125], [84.375, 17.125], [84.375, 17.375], [84.125, 17.375], [84.125, 17.125]]]}, "properties": {"time": "2013-10-12T12:00:00", "variable": "msl", "tier": "low", "percentile": 100.0, "z": 5.0, "wind_ms": 16.58, "value": 993.07, "lat": 17.25, "lon": 84.25}}, {"type": "Feature", "geometry": {"type": "Polygon", "coordinates": [[[84.375, 17.125], [84.625, 17.125], [84.625, 17.375], [84.375, 17.375], [84.375, 17.125]]]}, "properties": {"time": "2013-10-12T12:00:00", "variable": "msl", "tier": "moderate", "percentile": 100.0, "z": 5.03, "wind_ms": 17.54, "value": 992.62, "lat": 17.25, "lon": 84.5}}, {"type": "Feature", "geometry": {"type": "Polygon", "coordinates": [[[84.625, 17.125], [84.875, 17.125], [84.875, 17.375], [84.625, 17.375], [84.625, 17.125]]]}, "properties": {"time": "2013-10-12T12:00:00", "variable": "msl", "tier": "moderate", "percentile": 100.0, "z": 4.99, "wind_ms": 18.66, "value": 992.35, "lat": 17.25, "lon": 84.75}}, {"type": "Feature", "geometry": {"type": "Polygon", "coordinates": [[[84.875, 17.125], [85.125, 17.125], [85.125, 17.375], [84.875, 17.375], [84.875, 17.125]]]}, "properties": {"time": "2013-10-12T12:00:00", "variable": "msl", "tier": "moderate", "percentile": 99.2, "z": 4.88, "wind_ms": 19.49, "value": 992.25, "lat": 17.25, "lon": 85.0}}, {"type": "Feature", "geometry": {"type": "Polygon", "coordinates": [[[85.125, 17.125], [85.375, 17.125], [85.375, 17.375], [85.125, 17.375], [85.125, 17.125]]]}, "properties": {"time": "2013-10-12T12:00:00", "variable": "msl", "tier": "moderate", "percentile": 99.2, "z": 4.75, "wind_ms": 19.88, "value": 992.37, "lat": 17.25, "lon": 85.25}}, {"type": "Feature", "geometry": {"type": "Polygon", "coordinates": [[[85.375, 17.125], [85.625, 17.125], [85.625, 17.375], [85.375, 17.375], [85.375, 17.125]]]}, "properties": {"time": "2013-10-12T12:00:00", "variable": "msl", "tier": "moderate", "percentile": 99.2, "z": 4.63, "wind_ms": 20.65, "value": 992.76, "lat": 17.25, "lon": 85.5}}, {"type": "Feature", "geometry": {"type": "Polygon", "coordinates": [[[85.625, 17.125], [85.875, 17.125], [85.875, 17.375], [85.625, 17.375], [85.625, 17.125]]]}, "properties": {"time": "2013-10-12T12:00:00", "variable": "msl", "tier": "moderate", "percentile": 99.2, "z": 4.49, "wind_ms": 20.87, "value": 993.45, "lat": 17.25, "lon": 85.75}}, {"type": "Feature", "geometry": {"type": "Polygon", "coordinates": [[[85.875, 17.125], [86.125, 17.125], [86.125, 17.375], [85.875, 17.375], [85.875, 17.125]]]}, "properties": {"time": "2013-10-12T12:00:00", "variable": "msl", "tier": "moderate", "percentile": 99.2, "z": 4.36, "wind_ms": 20.43, "value": 994.23, "lat": 17.25, "lon": 86.0}}, {"type": "Feature", "geometry": {"type": "Polygon", "coordinates": [[[86.125, 17.125], [86.375, 17.125], [86.375, 17.375], [86.125, 17.375], [86.125, 17.125]]]}, "properties": {"time": "2013-10-12T12:00:00", "variable": "msl", "tier": "moderate", "percentile": 99.2, "z": 4.22, "wind_ms": 20.12, "value": 995.07, "lat": 17.25, "lon": 86.25}}, {"type": "Feature", "geometry": {"type": "Polygon", "coordinates": [[[86.375, 17.125], [86.625, 17.125], [86.625, 17.375], [86.375, 17.375], [86.375, 17.125]]]}, "properties": {"time": "2013-10-12T12:00:00", "variable": "msl", "tier": "moderate", "percentile": 100.0, "z": 4.04, "wind_ms": 19.79, "value": 995.91, "lat": 17.25, "lon": 86.5}}, {"type": "Feature", "geometry": {"type": "Polygon", "coordinates": [[[86.625, 17.125], [86.875, 17.125], [86.875, 17.375], [86.625, 17.375], [86.625, 17.125]]]}, "properties": {"time": "2013-10-12T12:00:00", "variable": "msl", "tier": "moderate", "percentile": 100.0, "z": 3.81, "wind_ms": 19.01, "value": 996.81, "lat": 17.25, "lon": 86.75}}, {"type": "Feature", "geometry": {"type": "Polygon", "coordinates": [[[86.875, 17.125], [87.125, 17.125], [87.125, 17.375], [86.875, 17.375], [86.875, 17.125]]]}, "properties": {"time": "2013-10-12T12:00:00", "variable": "msl", "tier": "moderate", "percentile": 100.0, "z": 3.58, "wind_ms": 18.3, "value": 997.62, "lat": 17.25, "lon": 87.0}}, {"type": "Feature", "geometry": {"type": "Polygon", "coordinates": [[[87.125, 17.125], [87.375, 17.125], [87.375, 17.375], [87.125, 17.375], [87.125, 17.125]]]}, "properties": {"time": "2013-10-12T12:00:00", "variable": "msl", "tier": "moderate", "percentile": 100.0, "z": 3.34, "wind_ms": 18.24, "value": 998.43, "lat": 17.25, "lon": 87.25}}, {"type": "Feature", "geometry": {"type": "Polygon", "coordinates": [[[87.375, 17.125], [87.625, 17.125], [87.625, 17.375], [87.375, 17.375], [87.375, 17.125]]]}, "properties": {"time": "2013-10-12T12:00:00", "variable": "msl", "tier": "moderate", "percentile": 100.0, "z": 3.1, "wind_ms": 18.5, "value": 999.2, "lat": 17.25, "lon": 87.5}}, {"type": "Feature", "geometry": {"type": "Polygon", "coordinates": [[[87.625, 17.125], [87.875, 17.125], [87.875, 17.375], [87.625, 17.375], [87.625, 17.125]]]}, "properties": {"time": "2013-10-12T12:00:00", "variable": "msl", "tier": "moderate", "percentile": 100.0, "z": 2.86, "wind_ms": 17.43, "value": 999.96, "lat": 17.25, "lon": 87.75}}, {"type": "Feature", "geometry": {"type": "Polygon", "coordinates": [[[87.875, 17.125], [88.125, 17.125], [88.125, 17.375], [87.875, 17.375], [87.875, 17.125]]]}, "properties": {"time": "2013-10-12T12:00:00", "variable": "msl", "tier": "low", "percentile": 100.0, "z": 2.62, "wind_ms": 16.55, "value": 1000.66, "lat": 17.25, "lon": 88.0}}, {"type": "Feature", "geometry": {"type": "Polygon", "coordinates": [[[88.125, 17.125], [88.375, 17.125], [88.375, 17.375], [88.125, 17.375], [88.125, 17.125]]]}, "properties": {"time": "2013-10-12T12:00:00", "variable": "msl", "tier": "low", "percentile": 99.2, "z": 2.41, "wind_ms": 16.52, "value": 1001.33, "lat": 17.25, "lon": 88.25}}, {"type": "Feature", "geometry": {"type": "Polygon", "coordinates": [[[88.375, 17.125], [88.625, 17.125], [88.625, 17.375], [88.375, 17.375], [88.375, 17.125]]]}, "properties": {"time": "2013-10-12T12:00:00", "variable": "msl", "tier": "low", "percentile": 99.2, "z": 2.19, "wind_ms": 15.56, "value": 1002.01, "lat": 17.25, "lon": 88.5}}, {"type": "Feature", "geometry": {"type": "Polygon", "coordinates": [[[88.625, 17.125], [88.875, 17.125], [88.875, 17.375], [88.625, 17.375], [88.625, 17.125]]]}, "properties": {"time": "2013-10-12T12:00:00", "variable": "msl", "tier": "low", "percentile": 98.4, "z": 2.0, "wind_ms": 14.23, "value": 1002.59, "lat": 17.25, "lon": 88.75}}, {"type": "Feature", "geometry": {"type": "Polygon", "coordinates": [[[88.875, 17.125], [89.125, 17.125], [89.125, 17.375], [88.875, 17.375], [88.875, 17.125]]]}, "properties": {"time": "2013-10-12T12:00:00", "variable": "msl", "tier": "low", "percentile": 97.6, "z": 1.84, "wind_ms": 13.28, "value": 1003.09, "lat": 17.25, "lon": 89.0}}, {"type": "Feature", "geometry": {"type": "Polygon", "coordinates": [[[89.125, 17.125], [89.375, 17.125], [89.375, 17.375], [89.125, 17.375], [89.125, 17.125]]]}, "properties": {"time": "2013-10-12T12:00:00", "variable": "msl", "tier": "low", "percentile": 96.8, "z": 1.71, "wind_ms": 12.78, "value": 1003.49, "lat": 17.25, "lon": 89.25}}, {"type": "Feature", "geometry": {"type": "Polygon", "coordinates": [[[83.125, 17.375], [83.375, 17.375], [83.375, 17.625], [83.125, 17.625], [83.125, 17.375]]]}, "properties": {"time": "2013-10-12T12:00:00", "variable": "msl", "tier": "low", "percentile": 100.0, "z": 4.68, "wind_ms": 10.93, "value": 994.35, "lat": 17.5, "lon": 83.25}}, {"type": "Feature", "geometry": {"type": "Polygon", "coordinates": [[[83.375, 17.375], [83.625, 17.375], [83.625, 17.625], [83.375, 17.625], [83.375, 17.375]]]}, "properties": {"time": "2013-10-12T12:00:00", "variable": "msl", "tier": "low", "percentile": 100.0, "z": 4.91, "wind_ms": 13.54, "value": 993.61, "lat": 17.5, "lon": 83.5}}, {"type": "Feature", "geometry": {"type": "Polygon", "coordinates": [[[83.625, 17.375], [83.875, 17.375], [83.875, 17.625], [83.625, 17.625], [83.625, 17.375]]]}, "properties": {"time": "2013-10-12T12:00:00", "variable": "msl", "tier": "low", "percentile": 100.0, "z": 5.1, "wind_ms": 15.19, "value": 992.96, "lat": 17.5, "lon": 83.75}}, {"type": "Feature", "geometry": {"type": "Polygon", "coordinates": [[[83.875, 17.375], [84.125, 17.375], [84.125, 17.625], [83.875, 17.625], [83.875, 17.375]]]}, "properties": {"time": "2013-10-12T12:00:00", "variable": "msl", "tier": "low", "percentile": 100.0, "z": 5.25, "wind_ms": 16.26, "value": 992.42, "lat": 17.5, "lon": 84.0}}, {"type": "Feature", "geometry": {"type": "Polygon", "coordinates": [[[84.125, 17.375], [84.375, 17.375], [84.375, 17.625], [84.125, 17.625], [84.125, 17.375]]]}, "properties": {"time": "2013-10-12T12:00:00", "variable": "msl", "tier": "moderate", "percentile": 100.0, "z": 5.43, "wind_ms": 17.76, "value": 991.63, "lat": 17.5, "lon": 84.25}}, {"type": "Feature", "geometry": {"type": "Polygon", "coordinates": [[[84.375, 17.375], [84.625, 17.375], [84.625, 17.625], [84.375, 17.625], [84.375, 17.375]]]}, "properties": {"time": "2013-10-12T12:00:00", "variable": "msl", "tier": "moderate", "percentile": 100.0, "z": 5.5, "wind_ms": 18.98, "value": 991.01, "lat": 17.5, "lon": 84.5}}, {"type": "Feature", "geometry": {"type": "Polygon", "coordinates": [[[84.625, 17.375], [84.875, 17.375], [84.875, 17.625], [84.625, 17.625], [84.625, 17.375]]]}, "properties": {"time": "2013-10-12T12:00:00", "variable": "msl", "tier": "moderate", "percentile": 100.0, "z": 5.5, "wind_ms": 20.33, "value": 990.45, "lat": 17.5, "lon": 84.75}}, {"type": "Feature", "geometry": {"type": "Polygon", "coordinates": [[[84.875, 17.375], [85.125, 17.375], [85.125, 17.625], [84.875, 17.625], [84.875, 17.375]]]}, "properties": {"time": "2013-10-12T12:00:00", "variable": "msl", "tier": "moderate", "percentile": 99.2, "z": 5.37, "wind_ms": 21.08, "value": 990.28, "lat": 17.5, "lon": 85.0}}, {"type": "Feature", "geometry": {"type": "Polygon", "coordinates": [[[85.125, 17.375], [85.375, 17.375], [85.375, 17.625], [85.125, 17.625], [85.125, 17.375]]]}, "properties": {"time": "2013-10-12T12:00:00", "variable": "msl", "tier": "moderate", "percentile": 99.2, "z": 5.21, "wind_ms": 21.4, "value": 990.47, "lat": 17.5, "lon": 85.25}}, {"type": "Feature", "geometry": {"type": "Polygon", "coordinates": [[[85.375, 17.375], [85.625, 17.375], [85.625, 17.625], [85.375, 17.625], [85.375, 17.375]]]}, "properties": {"time": "2013-10-12T12:00:00", "variable": "msl", "tier": "moderate", "percentile": 99.2, "z": 5.09, "wind_ms": 21.96, "value": 990.96, "lat": 17.5, "lon": 85.5}}, {"type": "Feature", "geometry": {"type": "Polygon", "coordinates": [[[85.625, 17.375], [85.875, 17.375], [85.875, 17.625], [85.625, 17.625], [85.625, 17.375]]]}, "properties": {"time": "2013-10-12T12:00:00", "variable": "msl", "tier": "moderate", "percentile": 99.2, "z": 4.94, "wind_ms": 21.48, "value": 991.77, "lat": 17.5, "lon": 85.75}}, {"type": "Feature", "geometry": {"type": "Polygon", "coordinates": [[[85.875, 17.375], [86.125, 17.375], [86.125, 17.625], [85.875, 17.625], [85.875, 17.375]]]}, "properties": {"time": "2013-10-12T12:00:00", "variable": "msl", "tier": "moderate", "percentile": 99.2, "z": 4.71, "wind_ms": 20.55, "value": 992.96, "lat": 17.5, "lon": 86.0}}, {"type": "Feature", "geometry": {"type": "Polygon", "coordinates": [[[86.125, 17.375], [86.375, 17.375], [86.375, 17.625], [86.125, 17.625], [86.125, 17.375]]]}, "properties": {"time": "2013-10-12T12:00:00", "variable": "msl", "tier": "moderate", "percentile": 99.2, "z": 4.54, "wind_ms": 20.56, "value": 993.93, "lat": 17.5, "lon": 86.25}}, {"type": "Feature", "geometry": {"type": "Polygon", "coordinates": [[[86.375, 17.375], [86.625, 17.375], [86.625, 17.625], [86.375, 17.625], [86.375, 17.375]]]}, "properties": {"time": "2013-10-12T12:00:00", "variable": "msl", "tier": "moderate", "percentile": 100.0, "z": 4.31, "wind_ms": 20.56, "value": 995.0, "lat": 17.5, "lon": 86.5}}, {"type": "Feature", "geometry": {"type": "Polygon", "coordinates": [[[86.625, 17.375], [86.875, 17.375], [86.875, 17.625], [86.625, 17.625], [86.625, 17.375]]]}, "properties": {"time": "2013-10-12T12:00:00", "variable": "msl", "tier": "moderate", "percentile": 100.0, "z": 4.07, "wind_ms": 19.75, "value": 995.95, "lat": 17.5, "lon": 86.75}}, {"type": "Feature", "geometry": {"type": "Polygon", "coordinates": [[[86.875, 17.375], [87.125, 17.375], [87.125, 17.625], [86.875, 17.625], [86.875, 17.375]]]}, "properties": {"time": "2013-10-12T12:00:00", "variable": "msl", "tier": "moderate", "percentile": 100.0, "z": 3.79, "wind_ms": 18.61, "value": 996.94, "lat": 17.5, "lon": 87.0}}, {"type": "Feature", "geometry": {"type": "Polygon", "coordinates": [[[87.125, 17.375], [87.375, 17.375], [87.375, 17.625], [87.125, 17.625], [87.125, 17.375]]]}, "properties": {"time": "2013-10-12T12:00:00", "variable": "msl", "tier": "moderate", "percentile": 100.0, "z": 3.53, "wind_ms": 18.53, "value": 997.83, "lat": 17.5, "lon": 87.25}}, {"type": "Feature", "geometry": {"type": "Polygon", "coordinates": [[[87.375, 17.375], [87.625, 17.375], [87.625, 17.625], [87.375, 17.625], [87.375, 17.375]]]}, "properties": {"time": "2013-10-12T12:00:00", "variable": "msl", "tier": "moderate", "percentile": 100.0, "z": 3.25, "wind_ms": 18.73, "value": 998.72, "lat": 17.5, "lon": 87.5}}, {"type": "Feature", "geometry": {"type": "Polygon", "coordinates": [[[87.625, 17.375], [87.875, 17.375], [87.875, 17.625], [87.625, 17.625], [87.625, 17.375]]]}, "properties": {"time": "2013-10-12T12:00:00", "variable": "msl", "tier": "moderate", "percentile": 100.0, "z": 3.0, "wind_ms": 17.99, "value": 999.5, "lat": 17.5, "lon": 87.75}}, {"type": "Feature", "geometry": {"type": "Polygon", "coordinates": [[[87.875, 17.375], [88.125, 17.375], [88.125, 17.625], [87.875, 17.625], [87.875, 17.375]]]}, "properties": {"time": "2013-10-12T12:00:00", "variable": "msl", "tier": "moderate", "percentile": 100.0, "z": 2.75, "wind_ms": 17.08, "value": 1000.28, "lat": 17.5, "lon": 88.0}}, {"type": "Feature", "geometry": {"type": "Polygon", "coordinates": [[[88.125, 17.375], [88.375, 17.375], [88.375, 17.625], [88.125, 17.625], [88.125, 17.375]]]}, "properties": {"time": "2013-10-12T12:00:00", "variable": "msl", "tier": "low", "percentile": 100.0, "z": 2.51, "wind_ms": 16.75, "value": 1001.01, "lat": 17.5, "lon": 88.25}}, {"type": "Feature", "geometry": {"type": "Polygon", "coordinates": [[[88.375, 17.375], [88.625, 17.375], [88.625, 17.625], [88.375, 17.625], [88.375, 17.375]]]}, "properties": {"time": "2013-10-12T12:00:00", "variable": "msl", "tier": "low", "percentile": 99.2, "z": 2.28, "wind_ms": 16.05, "value": 1001.71, "lat": 17.5, "lon": 88.5}}, {"type": "Feature", "geometry": {"type": "Polygon", "coordinates": [[[88.625, 17.375], [88.875, 17.375], [88.875, 17.625], [88.625, 17.625], [88.625, 17.375]]]}, "properties": {"time": "2013-10-12T12:00:00", "variable": "msl", "tier": "low", "percentile": 98.4, "z": 2.06, "wind_ms": 14.6, "value": 1002.37, "lat": 17.5, "lon": 88.75}}, {"type": "Feature", "geometry": {"type": "Polygon", "coordinates": [[[88.875, 17.375], [89.125, 17.375], [89.125, 17.625], [88.875, 17.625], [88.875, 17.375]]]}, "properties": {"time": "2013-10-12T12:00:00", "variable": "msl", "tier": "low", "percentile": 97.6, "z": 1.89, "wind_ms": 13.52, "value": 1002.9, "lat": 17.5, "lon": 89.0}}, {"type": "Feature", "geometry": {"type": "Polygon", "coordinates": [[[89.125, 17.375], [89.375, 17.375], [89.375, 17.625], [89.125, 17.625], [89.125, 17.375]]]}, "properties": {"time": "2013-10-12T12:00:00", "variable": "msl", "tier": "low", "percentile": 96.0, "z": 1.74, "wind_ms": 12.9, "value": 1003.37, "lat": 17.5, "lon": 89.25}}, {"type": "Feature", "geometry": {"type": "Polygon", "coordinates": [[[83.375, 17.625], [83.625, 17.625], [83.625, 17.875], [83.375, 17.875], [83.375, 17.625]]]}, "properties": {"time": "2013-10-12T12:00:00", "variable": "msl", "tier": "low", "percentile": 100.0, "z": 5.15, "wind_ms": 11.46, "value": 992.79, "lat": 17.75, "lon": 83.5}}, {"type": "Feature", "geometry": {"type": "Polygon", "coordinates": [[[83.625, 17.625], [83.875, 17.625], [83.875, 17.875], [83.625, 17.875], [83.625, 17.625]]]}, "properties": {"time": "2013-10-12T12:00:00", "variable": "msl", "tier": "low", "percentile": 100.0, "z": 5.39, "wind_ms": 14.42, "value": 991.97, "lat": 17.75, "lon": 83.75}}, {"type": "Feature", "geometry": {"type": "Polygon", "coordinates": [[[83.875, 17.625], [84.125, 17.625], [84.125, 17.875], [83.875, 17.875], [83.875, 17.625]]]}, "properties": {"time": "2013-10-12T12:00:00", "variable": "msl", "tier": "moderate", "percentile": 100.0, "z": 5.73, "wind_ms": 17.49, "value": 990.85, "lat": 17.75, "lon": 84.0}}, {"type": "Feature", "geometry": {"type": "Polygon", "coordinates": [[[84.125, 17.625], [84.375, 17.625], [84.375, 17.875], [84.125, 17.875], [84.125, 17.625]]]}, "properties": {"time": "2013-10-12T12:00:00", "variable": "msl", "tier": "moderate", "percentile": 100.0, "z": 5.97, "wind_ms": 19.08, "value": 989.87, "lat": 17.75, "lon": 84.25}}, {"type": "Feature", "geometry": {"type": "Polygon", "coordinates": [[[84.375, 17.625], [84.625, 17.625], [84.625, 17.875], [84.375, 17.875], [84.375, 17.625]]]}, "properties": {"time": "2013-10-12T12:00:00", "variable": "msl", "tier": "moderate", "percentile": 100.0, "z": 6.34, "wind_ms": 21.01, "value": 988.34, "lat": 17.75, "lon": 84.5}}, {"type": "Feature", "geometry": {"type": "Polygon", "coordinates": [[[84.625, 17.625], [84.875, 17.625], [84.875, 17.875], [84.625, 17.875], [84.625, 17.625]]]}, "properties": {"time": "2013-10-12T12:00:00", "variable": "msl", "tier": "moderate", "percentile": 100.0, "z": 6.36, "wind_ms": 22.35, "value": 987.61, "lat": 17.75, "lon": 84.75}}, {"type": "Feature", "geometry": {"type": "Polygon", "coordinates": [[[84.875, 17.625], [85.125, 17.625], [85.125, 17.875], [84.875, 17.875], [84.875, 17.625]]]}, "properties": {"time": "2013-10-12T12:00:00", "variable": "msl", "tier": "moderate", "percentile": 100.0, "z": 6.27, "wind_ms": 23.16, "value": 987.35, "lat": 17.75, "lon": 85.0}}, {"type": "Feature", "geometry": {"type": "Polygon", "coordinates": [[[85.125, 17.625], [85.375, 17.625], [85.375, 17.875], [85.125, 17.875], [85.125, 17.625]]]}, "properties": {"time": "2013-10-12T12:00:00", "variable": "msl", "tier": "moderate", "percentile": 100.0, "z": 6.07, "wind_ms": 23.47, "value": 987.7, "lat": 17.75, "lon": 85.25}}, {"type": "Feature", "geometry": {"type": "Polygon", "coordinates": [[[85.375, 17.625], [85.625, 17.625], [85.625, 17.875], [85.375, 17.875], [85.375, 17.625]]]}, "properties": {"time": "2013-10-12T12:00:00", "variable": "msl", "tier": "moderate", "percentile": 99.2, "z": 5.8, "wind_ms": 23.14, "value": 988.71, "lat": 17.75, "lon": 85.5}}, {"type": "Feature", "geometry": {"type": "Polygon", "coordinates": [[[85.625, 17.625], [85.875, 17.625], [85.875, 17.875], [85.625, 17.875], [85.625, 17.625]]]}, "properties": {"time": "2013-10-12T12:00:00", "variable": "msl", "tier": "moderate", "percentile": 99.2, "z": 5.51, "wind_ms": 21.93, "value": 989.94, "lat": 17.75, "lon": 85.75}}, {"type": "Feature", "geometry": {"type": "Polygon", "coordinates": [[[85.875, 17.625], [86.125, 17.625], [86.125, 17.875], [85.875, 17.875], [85.875, 17.625]]]}, "properties": {"time": "2013-10-12T12:00:00", "variable": "msl", "tier": "moderate", "percentile": 100.0, "z": 5.22, "wind_ms": 21.19, "value": 991.35, "lat": 17.75, "lon": 86.0}}, {"type": "Feature", "geometry": {"type": "Polygon", "coordinates": [[[86.125, 17.625], [86.375, 17.625], [86.375, 17.875], [86.125, 17.875], [86.125, 17.625]]]}, "properties": {"time": "2013-10-12T12:00:00", "variable": "msl", "tier": "moderate", "percentile": 100.0, "z": 4.87, "wind_ms": 21.22, "value": 992.88, "lat": 17.75, "lon": 86.25}}, {"type": "Feature", "geometry": {"type": "Polygon", "coordinates": [[[86.375, 17.625], [86.625, 17.625], [86.625, 17.875], [86.375, 17.875], [86.375, 17.625]]]}, "properties": {"time": "2013-10-12T12:00:00", "variable": "msl", "tier": "moderate", "percentile": 100.0, "z": 4.63, "wind_ms": 21.16, "value": 994.0, "lat": 17.75, "lon": 86.5}}, {"type": "Feature", "geometry": {"type": "Polygon", "coordinates": [[[86.625, 17.625], [86.875, 17.625], [86.875, 17.875], [86.625, 17.875], [86.625, 17.625]]]}, "properties": {"time": "2013-10-12T12:00:00", "variable": "msl", "tier": "moderate", "percentile": 100.0, "z": 4.31, "wind_ms": 19.88, "value": 995.21, "lat": 17.75, "lon": 86.75}}, {"type": "Feature", "geometry": {"type": "Polygon", "coordinates": [[[86.875, 17.625], [87.125, 17.625], [87.125, 17.875], [86.875, 17.875], [86.875, 17.625]]]}, "properties": {"time": "2013-10-12T12:00:00", "variable": "msl", "tier": "moderate", "percentile": 100.0, "z": 4.02, "wind_ms": 18.86, "value": 996.24, "lat": 17.75, "lon": 87.0}}, {"type": "Feature", "geometry": {"type": "Polygon", "coordinates": [[[87.125, 17.625], [87.375, 17.625], [87.375, 17.875], [87.125, 17.875], [87.125, 17.625]]]}, "properties": {"time": "2013-10-12T12:00:00", "variable": "msl", "tier": "moderate", "percentile": 100.0, "z": 3.69, "wind_ms": 18.58, "value": 997.32, "lat": 17.75, "lon": 87.25}}, {"type": "Feature", "geometry": {"type": "Polygon", "coordinates": [[[87.375, 17.625], [87.625, 17.625], [87.625, 17.875], [87.375, 17.875], [87.375, 17.625]]]}, "properties": {"time": "2013-10-12T12:00:00", "variable": "msl", "tier": "moderate", "percentile": 100.0, "z": 3.39, "wind_ms": 18.59, "value": 998.27, "lat": 17.75, "lon": 87.5}}, {"type": "Feature", "geometry": {"type": "Polygon", "coordinates": [[[87.625, 17.625], [87.875, 17.625], [87.875, 17.875], [87.625, 17.875], [87.625, 17.625]]]}, "properties": {"time": "2013-10-12T12:00:00", "variable": "msl", "tier": "moderate", "percentile": 100.0, "z": 3.12, "wind_ms": 18.05, "value": 999.14, "lat": 17.75, "lon": 87.75}}, {"type": "Feature", "geometry": {"type": "Polygon", "coordinates": [[[87.875, 17.625], [88.125, 17.625], [88.125, 17.875], [87.875, 17.875], [87.875, 17.625]]]}, "properties": {"time": "2013-10-12T12:00:00", "variable": "msl", "tier": "moderate", "percentile": 100.0, "z": 2.86, "wind_ms": 17.29, "value": 999.95, "lat": 17.75, "lon": 88.0}}, {"type": "Feature", "geometry": {"type": "Polygon", "coordinates": [[[88.125, 17.625], [88.375, 17.625], [88.375, 17.875], [88.125, 17.875], [88.125, 17.625]]]}, "properties": {"time": "2013-10-12T12:00:00", "variable": "msl", "tier": "low", "percentile": 100.0, "z": 2.61, "wind_ms": 16.98, "value": 1000.71, "lat": 17.75, "lon": 88.25}}, {"type": "Feature", "geometry": {"type": "Polygon", "coordinates": [[[88.375, 17.625], [88.625, 17.625], [88.625, 17.875], [88.375, 17.875], [88.375, 17.625]]]}, "properties": {"time": "2013-10-12T12:00:00", "variable": "msl", "tier": "low", "percentile": 100.0, "z": 2.35, "wind_ms": 16.43, "value": 1001.48, "lat": 17.75, "lon": 88.5}}, {"type": "Feature", "geometry": {"type": "Polygon", "coordinates": [[[88.625, 17.625], [88.875, 17.625], [88.875, 17.875], [88.625, 17.875], [88.625, 17.625]]]}, "properties": {"time": "2013-10-12T12:00:00", "variable": "msl", "tier": "low", "percentile": 99.2, "z": 2.12, "wind_ms": 14.97, "value": 1002.16, "lat": 17.75, "lon": 88.75}}, {"type": "Feature", "geometry": {"type": "Polygon", "coordinates": [[[88.875, 17.625], [89.125, 17.625], [89.125, 17.875], [88.875, 17.875], [88.875, 17.625]]]}, "properties": {"time": "2013-10-12T12:00:00", "variable": "msl", "tier": "low", "percentile": 97.6, "z": 1.92, "wind_ms": 13.59, "value": 1002.76, "lat": 17.75, "lon": 89.0}}, {"type": "Feature", "geometry": {"type": "Polygon", "coordinates": [[[89.125, 17.625], [89.375, 17.625], [89.375, 17.875], [89.125, 17.875], [89.125, 17.625]]]}, "properties": {"time": "2013-10-12T12:00:00", "variable": "msl", "tier": "low", "percentile": 96.8, "z": 1.77, "wind_ms": 12.94, "value": 1003.23, "lat": 17.75, "lon": 89.25}}, {"type": "Feature", "geometry": {"type": "Polygon", "coordinates": [[[83.375, 17.875], [83.625, 17.875], [83.625, 18.125], [83.375, 18.125], [83.375, 17.875]]]}, "properties": {"time": "2013-10-12T12:00:00", "variable": "msl", "tier": "low", "percentile": 100.0, "z": 5.47, "wind_ms": 8.95, "value": 991.83, "lat": 18.0, "lon": 83.5}}, {"type": "Feature", "geometry": {"type": "Polygon", "coordinates": [[[83.625, 17.875], [83.875, 17.875], [83.875, 18.125], [83.625, 18.125], [83.625, 17.875]]]}, "properties": {"time": "2013-10-12T12:00:00", "variable": "msl", "tier": "low", "percentile": 100.0, "z": 5.86, "wind_ms": 13.42, "value": 990.55, "lat": 18.0, "lon": 83.75}}, {"type": "Feature", "geometry": {"type": "Polygon", "coordinates": [[[83.875, 17.875], [84.125, 17.875], [84.125, 18.125], [83.875, 18.125], [83.875, 17.875]]]}, "properties": {"time": "2013-10-12T12:00:00", "variable": "msl", "tier": "low", "percentile": 100.0, "z": 6.26, "wind_ms": 16.87, "value": 989.23, "lat": 18.0, "lon": 84.0}}, {"type": "Feature", "geometry": {"type": "Polygon", "coordinates": [[[84.125, 17.875], [84.375, 17.875], [84.375, 18.125], [84.125, 18.125], [84.125, 17.875]]]}, "properties": {"time": "2013-10-12T12:00:00", "variable": "msl", "tier": "moderate", "percentile": 100.0, "z": 6.94, "wind_ms": 20.89, "value": 987.1, "lat": 18.0, "lon": 84.25}}, {"type": "Feature", "geometry": {"type": "Polygon", "coordinates": [[[84.375, 17.875], [84.625, 17.875], [84.625, 18.125], [84.375, 18.125], [84.375, 17.875]]]}, "properties": {"time": "2013-10-12T12:00:00", "variable": "msl", "tier": "moderate", "percentile": 100.0, "z": 7.29, "wind_ms": 22.61, "value": 985.56, "lat": 18.0, "lon": 84.5}}, {"type": "Feature", "geometry": {"type": "Polygon", "coordinates": [[[84.625, 17.875], [84.875, 17.875], [84.875, 18.125], [84.625, 18.125], [84.625, 17.875]]]}, "properties": {"time": "2013-10-12T12:00:00", "variable": "msl", "tier": "moderate", "percentile": 100.0, "z": 7.66, "wind_ms": 24.46, "value": 983.89, "lat": 18.0, "lon": 84.75}}, {"type": "Feature", "geometry": {"type": "Polygon", "coordinates": [[[84.875, 17.875], [85.125, 17.875], [85.125, 18.125], [84.875, 18.125], [84.875, 17.875]]]}, "properties": {"time": "2013-10-12T12:00:00", "variable": "msl", "tier": "severe", "percentile": 100.0, "z": 7.59, "wind_ms": 25.12, "value": 983.51, "lat": 18.0, "lon": 85.0}}, {"type": "Feature", "geometry": {"type": "Polygon", "coordinates": [[[85.125, 17.875], [85.375, 17.875], [85.375, 18.125], [85.125, 18.125], [85.125, 17.875]]]}, "properties": {"time": "2013-10-12T12:00:00", "variable": "msl", "tier": "severe", "percentile": 100.0, "z": 7.29, "wind_ms": 25.73, "value": 984.2, "lat": 18.0, "lon": 85.25}}, {"type": "Feature", "geometry": {"type": "Polygon", "coordinates": [[[85.375, 17.875], [85.625, 17.875], [85.625, 18.125], [85.375, 18.125], [85.375, 17.875]]]}, "properties": {"time": "2013-10-12T12:00:00", "variable": "msl", "tier": "severe", "percentile": 100.0, "z": 6.86, "wind_ms": 25.24, "value": 985.69, "lat": 18.0, "lon": 85.5}}, {"type": "Feature", "geometry": {"type": "Polygon", "coordinates": [[[85.625, 17.875], [85.875, 17.875], [85.875, 18.125], [85.625, 18.125], [85.625, 17.875]]]}, "properties": {"time": "2013-10-12T12:00:00", "variable": "msl", "tier": "moderate", "percentile": 100.0, "z": 6.4, "wind_ms": 24.02, "value": 987.42, "lat": 18.0, "lon": 85.75}}, {"type": "Feature", "geometry": {"type": "Polygon", "coordinates": [[[85.875, 17.875], [86.125, 17.875], [86.125, 18.125], [85.875, 18.125], [85.875, 17.875]]]}, "properties": {"time": "2013-10-12T12:00:00", "variable": "msl", "tier": "moderate", "percentile": 100.0, "z": 5.83, "wind_ms": 23.04, "value": 989.62, "lat": 18.0, "lon": 86.0}}, {"type": "Feature", "geometry": {"type": "Polygon", "coordinates": [[[86.125, 17.875], [86.375, 17.875], [86.375, 18.125], [86.125, 18.125], [86.125, 17.875]]]}, "properties": {"time": "2013-10-12T12:00:00", "variable": "msl", "tier": "moderate", "percentile": 100.0, "z": 5.43, "wind_ms": 22.86, "value": 991.31, "lat": 18.0, "lon": 86.25}}, {"type": "Feature", "geometry": {"type": "Polygon", "coordinates": [[[86.375, 17.875], [86.625, 17.875], [86.625, 18.125], [86.375, 18.125], [86.375, 17.875]]]}, "properties": {"time": "2013-10-12T12:00:00", "variable": "msl", "tier": "moderate", "percentile": 100.0, "z": 4.93, "wind_ms": 21.36, "value": 993.09, "lat": 18.0, "lon": 86.5}}, {"type": "Feature", "geometry": {"type": "Polygon", "coordinates": [[[86.625, 17.875], [86.875, 17.875], [86.875, 18.125], [86.625, 18.125], [86.625, 17.875]]]}, "properties": {"time": "2013-10-12T12:00:00", "variable": "msl", "tier": "moderate", "percentile": 100.0, "z": 4.61, "wind_ms": 20.32, "value": 994.31, "lat": 18.0, "lon": 86.75}}, {"type": "Feature", "geometry": {"type": "Polygon", "coordinates": [[[86.875, 17.875], [87.125, 17.875], [87.125, 18.125], [86.875, 18.125], [86.875, 17.875]]]}, "properties": {"time": "2013-10-12T12:00:00", "variable": "msl", "tier": "moderate", "percentile": 100.0, "z": 4.2, "wind_ms": 18.97, "value": 995.67, "lat": 18.0, "lon": 87.0}}, {"type": "Feature", "geometry": {"type": "Polygon", "coordinates": [[[87.125, 17.875], [87.375, 17.875], [87.375, 18.125], [87.125, 18.125], [87.125, 17.875]]]}, "properties": {"time": "2013-10-12T12:00:00", "variable": "msl", "tier": "moderate", "percentile": 100.0, "z": 3.86, "wind_ms": 18.67, "value": 996.79, "lat": 18.0, "lon": 87.25}}, {"type": "Feature", "geometry": {"type": "Polygon", "coordinates": [[[87.375, 17.875], [87.625, 17.875], [87.625, 18.125], [87.375, 18.125], [87.375, 17.875]]]}, "properties": {"time": "2013-10-12T12:00:00", "variable": "msl", "tier": "moderate", "percentile": 100.0, "z": 3.51, "wind_ms": 18.64, "value": 997.89, "lat": 18.0, "lon": 87.5}}, {"type": "Feature", "geometry": {"type": "Polygon", "coordinates": [[[87.625, 17.875], [87.875, 17.875], [87.875, 18.125], [87.625, 18.125], [87.625, 17.875]]]}, "properties": {"time": "2013-10-12T12:00:00", "variable": "msl", "tier": "moderate", "percentile": 100.0, "z": 3.21, "wind_ms": 18.32, "value": 998.83, "lat": 18.0, "lon": 87.75}}, {"type": "Feature", "geometry": {"type": "Polygon", "coordinates": [[[87.875, 17.875], [88.125, 17.875], [88.125, 18.125], [87.875, 18.125], [87.875, 17.875]]]}, "properties": {"time": "2013-10-12T12:00:00", "variable": "msl", "tier": "moderate", "percentile": 100.0, "z": 2.94, "wind_ms": 17.42, "value": 999.67, "lat": 18.0, "lon": 88.0}}, {"type": "Feature", "geometry": {"type": "Polygon", "coordinates": [[[88.125, 17.875], [88.375, 17.875], [88.375, 18.125], [88.125, 18.125], [88.125, 17.875]]]}, "properties": {"time": "2013-10-12T12:00:00", "variable": "msl", "tier": "moderate", "percentile": 100.0, "z": 2.67, "wind_ms": 17.11, "value": 1000.47, "lat": 18.0, "lon": 88.25}}, {"type": "Feature", "geometry": {"type": "Polygon", "coordinates": [[[88.375, 17.875], [88.625, 17.875], [88.625, 18.125], [88.375, 18.125], [88.375, 17.875]]]}, "properties": {"time": "2013-10-12T12:00:00", "variable": "msl", "tier": "low", "percentile": 100.0, "z": 2.42, "wind_ms": 16.57, "value": 1001.25, "lat": 18.0, "lon": 88.5}}, {"type": "Feature", "geometry": {"type": "Polygon", "coordinates": [[[88.625, 17.875], [88.875, 17.875], [88.875, 18.125], [88.625, 18.125], [88.625, 17.875]]]}, "properties": {"time": "2013-10-12T12:00:00", "variable": "msl", "tier": "low", "percentile": 99.2, "z": 2.16, "wind_ms": 15.08, "value": 1002.0, "lat": 18.0, "lon": 88.75}}, {"type": "Feature", "geometry": {"type": "Polygon", "coordinates": [[[88.875, 17.875], [89.125, 17.875], [89.125, 18.125], [88.875, 18.125], [88.875, 17.875]]]}, "properties": {"time": "2013-10-12T12:00:00", "variable": "msl", "tier": "low", "percentile": 97.6, "z": 1.96, "wind_ms": 13.75, "value": 1002.6, "lat": 18.0, "lon": 89.0}}, {"type": "Feature", "geometry": {"type": "Polygon", "coordinates": [[[89.125, 17.875], [89.375, 17.875], [89.375, 18.125], [89.125, 18.125], [89.125, 17.875]]]}, "properties": {"time": "2013-10-12T12:00:00", "variable": "msl", "tier": "low", "percentile": 96.8, "z": 1.79, "wind_ms": 13.05, "value": 1003.15, "lat": 18.0, "lon": 89.25}}, {"type": "Feature", "geometry": {"type": "Polygon", "coordinates": [[[83.625, 18.125], [83.875, 18.125], [83.875, 18.375], [83.625, 18.375], [83.625, 18.125]]]}, "properties": {"time": "2013-10-12T12:00:00", "variable": "msl", "tier": "low", "percentile": 100.0, "z": 6.31, "wind_ms": 11.98, "value": 989.33, "lat": 18.25, "lon": 83.75}}, {"type": "Feature", "geometry": {"type": "Polygon", "coordinates": [[[83.875, 18.125], [84.125, 18.125], [84.125, 18.375], [83.875, 18.375], [83.875, 18.125]]]}, "properties": {"time": "2013-10-12T12:00:00", "variable": "msl", "tier": "low", "percentile": 100.0, "z": 7.07, "wind_ms": 14.64, "value": 986.85, "lat": 18.25, "lon": 84.0}}, {"type": "Feature", "geometry": {"type": "Polygon", "coordinates": [[[84.125, 18.125], [84.375, 18.125], [84.375, 18.375], [84.125, 18.375], [84.125, 18.125]]]}, "properties": {"time": "2013-10-12T12:00:00", "variable": "msl", "tier": "moderate", "percentile": 100.0, "z": 7.75, "wind_ms": 18.31, "value": 984.71, "lat": 18.25, "lon": 84.25}}, {"type": "Feature", "geometry": {"type": "Polygon", "coordinates": [[[84.375, 18.125], [84.625, 18.125], [84.625, 18.375], [84.375, 18.375], [84.375, 18.125]]]}, "properties": {"time": "2013-10-12T12:00:00", "variable": "msl", "tier": "moderate", "percentile": 100.0, "z": 8.52, "wind_ms": 22.75, "value": 982.23, "lat": 18.25, "lon": 84.5}}, {"type": "Feature", "geometry": {"type": "Polygon", "coordinates": [[[84.625, 18.125], [84.875, 18.125], [84.875, 18.375], [84.625, 18.375], [84.625, 18.125]]]}, "properties": {"time": "2013-10-12T12:00:00", "variable": "msl", "tier": "moderate", "percentile": 100.0, "z": 8.89, "wind_ms": 24.0, "value": 980.55, "lat": 18.25, "lon": 84.75}}, {"type": "Feature", "geometry": {"type": "Polygon", "coordinates": [[[84.875, 18.125], [85.125, 18.125], [85.125, 18.375], [84.875, 18.375], [84.875, 18.125]]]}, "properties": {"time": "2013-10-12T12:00:00", "variable": "msl", "tier": "severe", "percentile": 100.0, "z": 9.17, "wind_ms": 25.71, "value": 979.26, "lat": 18.25, "lon": 85.0}}, {"type": "Feature", "geometry": {"type": "Polygon", "coordinates": [[[85.125, 18.125], [85.375, 18.125], [85.375, 18.375], [85.125, 18.375], [85.125, 18.125]]]}, "properties": {"time": "2013-10-12T12:00:00", "variable": "msl", "tier": "severe", "percentile": 100.0, "z": 8.9, "wind_ms": 26.43, "value": 979.83, "lat": 18.25, "lon": 85.25}}, {"type": "Feature", "geometry": {"type": "Polygon", "coordinates": [[[85.375, 18.125], [85.625, 18.125], [85.625, 18.375], [85.375, 18.375], [85.375, 18.125]]]}, "properties": {"time": "2013-10-12T12:00:00", "variable": "msl", "tier": "severe", "percentile": 100.0, "z": 8.26, "wind_ms": 27.45, "value": 981.91, "lat": 18.25, "lon": 85.5}}, {"type": "Feature", "geometry": {"type": "Polygon", "coordinates": [[[85.625, 18.125], [85.875, 18.125], [85.875, 18.375], [85.625, 18.375], [85.625, 18.125]]]}, "properties": {"time": "2013-10-12T12:00:00", "variable": "msl", "tier": "severe", "percentile": 100.0, "z": 7.47, "wind_ms": 26.49, "value": 984.6, "lat": 18.25, "lon": 85.75}}, {"type": "Feature", "geometry": {"type": "Polygon", "coordinates": [[[85.875, 18.125], [86.125, 18.125], [86.125, 18.375], [85.875, 18.375], [85.875, 18.125]]]}, "properties": {"time": "2013-10-12T12:00:00", "variable": "msl", "tier": "severe", "percentile": 100.0, "z": 6.74, "wind_ms": 25.03, "value": 987.21, "lat": 18.25, "lon": 86.0}}, {"type": "Feature", "geometry": {"type": "Polygon", "coordinates": [[[86.125, 18.125], [86.375, 18.125], [86.375, 18.375], [86.125, 18.375], [86.125, 18.125]]]}, "properties": {"time": "2013-10-12T12:00:00", "variable": "msl", "tier": "moderate", "percentile": 100.0, "z": 5.9, "wind_ms": 23.51, "value": 990.05, "lat": 18.25, "lon": 86.25}}, {"type": "Feature", "geometry": {"type": "Polygon", "coordinates": [[[86.375, 18.125], [86.625, 18.125], [86.625, 18.375], [86.375, 18.375], [86.375, 18.125]]]}, "properties": {"time": "2013-10-12T12:00:00", "variable": "msl", "tier": "moderate", "percentile": 100.0, "z": 5.4, "wind_ms": 22.34, "value": 991.83, "lat": 18.25, "lon": 86.5}}, {"type": "Feature", "geometry": {"type": "Polygon", "coordinates": [[[86.625, 18.125], [86.875, 18.125], [86.875, 18.375], [86.625, 18.375], [86.625, 18.125]]]}, "properties": {"time": "2013-10-12T12:00:00", "variable": "msl", "tier": "moderate", "percentile": 100.0, "z": 4.82, "wind_ms": 20.55, "value": 993.72, "lat": 18.25, "lon": 86.75}}, {"type": "Feature", "geometry": {"type": "Polygon", "coordinates": [[[86.875, 18.125], [87.125, 18.125], [87.125, 18.375], [86.875, 18.375], [86.875, 18.125]]]}, "properties": {"time": "2013-10-12T12:00:00", "variable": "msl", "tier": "moderate", "percentile": 100.0, "z": 4.4, "wind_ms": 19.43, "value": 995.09, "lat": 18.25, "lon": 87.0}}, {"type": "Feature", "geometry": {"type": "Polygon", "coordinates": [[[87.125, 18.125], [87.375, 18.125], [87.375, 18.375], [87.125, 18.375], [87.125, 18.125]]]}, "properties": {"time": "2013-10-12T12:00:00", "variable": "msl", "tier": "moderate", "percentile": 100.0, "z": 3.98, "wind_ms": 18.95, "value": 996.41, "lat": 18.25, "lon": 87.25}}, {"type": "Feature", "geometry": {"type": "Polygon", "coordinates": [[[87.375, 18.125], [87.625, 18.125], [87.625, 18.375], [87.375, 18.375], [87.375, 18.125]]]}, "properties": {"time": "2013-10-12T12:00:00", "variable": "msl", "tier": "moderate", "percentile": 100.0, "z": 3.61, "wind_ms": 18.88, "value": 997.56, "lat": 18.25, "lon": 87.5}}, {"type": "Feature", "geometry": {"type": "Polygon", "coordinates": [[[87.625, 18.125], [87.875, 18.125], [87.875, 18.375], [87.625, 18.375], [87.625, 18.125]]]}, "properties": {"time": "2013-10-12T12:00:00", "variable": "msl", "tier": "moderate", "percentile": 100.0, "z": 3.28, "wind_ms": 18.59, "value": 998.57, "lat": 18.25, "lon": 87.75}}, {"type": "Feature", "geometry": {"type": "Polygon", "coordinates": [[[87.875, 18.125], [88.125, 18.125], [88.125, 18.375], [87.875, 18.375], [87.875, 18.125]]]}, "properties": {"time": "2013-10-12T12:00:00", "variable": "msl", "tier": "moderate", "percentile": 100.0, "z": 3.0, "wind_ms": 17.28, "value": 999.46, "lat": 18.25, "lon": 88.0}}, {"type": "Feature", "geometry": {"type": "Polygon", "coordinates": [[[88.125, 18.125], [88.375, 18.125], [88.375, 18.375], [88.125, 18.375], [88.125, 18.125]]]}, "properties": {"time": "2013-10-12T12:00:00", "variable": "msl", "tier": "moderate", "percentile": 100.0, "z": 2.73, "wind_ms": 17.01, "value": 1000.28, "lat": 18.25, "lon": 88.25}}, {"type": "Feature", "geometry": {"type": "Polygon", "coordinates": [[[88.375, 18.125], [88.625, 18.125], [88.625, 18.375], [88.375, 18.375], [88.375, 18.125]]]}, "properties": {"time": "2013-10-12T12:00:00", "variable": "msl", "tier": "low", "percentile": 100.0, "z": 2.45, "wind_ms": 16.65, "value": 1001.12, "lat": 18.25, "lon": 88.5}}, {"type": "Feature", "geometry": {"type": "Polygon", "coordinates": [[[88.625, 18.125], [88.875, 18.125], [88.875, 18.375], [88.625, 18.375], [88.625, 18.125]]]}, "properties": {"time": "2013-10-12T12:00:00", "variable": "msl", "tier": "low", "percentile": 99.2, "z": 2.2, "wind_ms": 15.21, "value": 1001.87, "lat": 18.25, "lon": 88.75}}, {"type": "Feature", "geometry": {"type": "Polygon", "coordinates": [[[88.875, 18.125], [89.125, 18.125], [89.125, 18.375], [88.875, 18.375], [88.875, 18.125]]]}, "properties": {"time": "2013-10-12T12:00:00", "variable": "msl", "tier": "low", "percentile": 97.6, "z": 1.98, "wind_ms": 13.87, "value": 1002.52, "lat": 18.25, "lon": 89.0}}, {"type": "Feature", "geometry": {"type": "Polygon", "coordinates": [[[89.125, 18.125], [89.375, 18.125], [89.375, 18.375], [89.125, 18.375], [89.125, 18.125]]]}, "properties": {"time": "2013-10-12T12:00:00", "variable": "msl", "tier": "low", "percentile": 96.8, "z": 1.81, "wind_ms": 13.19, "value": 1003.07, "lat": 18.25, "lon": 89.25}}, {"type": "Feature", "geometry": {"type": "Polygon", "coordinates": [[[82.875, 18.375], [83.125, 18.375], [83.125, 18.625], [82.875, 18.625], [82.875, 18.375]]]}, "properties": {"time": "2013-10-12T12:00:00", "variable": "msl", "tier": "low", "percentile": 100.0, "z": 5.01, "wind_ms": 8.95, "value": 996.11, "lat": 18.5, "lon": 83.0}}, {"type": "Feature", "geometry": {"type": "Polygon", "coordinates": [[[83.125, 18.375], [83.375, 18.375], [83.375, 18.625], [83.125, 18.625], [83.125, 18.375]]]}, "properties": {"time": "2013-10-12T12:00:00", "variable": "msl", "tier": "low", "percentile": 100.0, "z": 5.62, "wind_ms": 8.81, "value": 992.16, "lat": 18.5, "lon": 83.25}}, {"type": "Feature", "geometry": {"type": "Polygon", "coordinates": [[[83.375, 18.375], [83.625, 18.375], [83.625, 18.625], [83.375, 18.625], [83.375, 18.375]]]}, "properties": {"time": "2013-10-12T12:00:00", "variable": "msl", "tier": "low", "percentile": 100.0, "z": 6.07, "wind_ms": 9.9, "value": 990.28, "lat": 18.5, "lon": 83.5}}, {"type": "Feature", "geometry": {"type": "Polygon", "coordinates": [[[83.625, 18.375], [83.875, 18.375], [83.875, 18.625], [83.625, 18.625], [83.625, 18.375]]]}, "properties": {"time": "2013-10-12T12:00:00", "variable": "msl", "tier": "low", "percentile": 100.0, "z": 6.82, "wind_ms": 11.16, "value": 988.2, "lat": 18.5, "lon": 83.75}}, {"type": "Feature", "geometry": {"type": "Polygon", "coordinates": [[[83.875, 18.375], [84.125, 18.375], [84.125, 18.625], [83.875, 18.625], [83.875, 18.375]]]}, "properties": {"time": "2013-10-12T12:00:00", "variable": "msl", "tier": "low", "percentile": 100.0, "z": 7.65, "wind_ms": 12.86, "value": 985.46, "lat": 18.5, "lon": 84.0}}, {"type": "Feature", "geometry": {"type": "Polygon", "coordinates": [[[84.125, 18.375], [84.375, 18.375], [84.375, 18.625], [84.125, 18.625], [84.125, 18.375]]]}, "properties": {"time": "2013-10-12T12:00:00", "variable": "msl", "tier": "low", "percentile": 100.0, "z": 8.59, "wind_ms": 14.56, "value": 982.41, "lat": 18.5, "lon": 84.25}}, {"type": "Feature", "geometry": {"type": "Polygon", "coordinates": [[[84.375, 18.375], [84.625, 18.375], [84.625, 18.625], [84.375, 18.625], [84.375, 18.375]]]}, "properties": {"time": "2013-10-12T12:00:00", "variable": "msl", "tier": "moderate", "percentile": 100.0, "z": 9.37, "wind_ms": 18.47, "value": 979.93, "lat": 18.5, "lon": 84.5}}, {"type": "Feature", "geometry": {"type": "Polygon", "coordinates": [[[84.625, 18.375], [84.875, 18.375], [84.875, 18.625], [84.625, 18.625], [84.625, 18.375]]]}, "properties": {"time": "2013-10-12T12:00:00", "variable": "msl", "tier": "moderate", "percentile": 100.0, "z": 10.36, "wind_ms": 19.96, "value": 976.75, "lat": 18.5, "lon": 84.75}}, {"type": "Feature", "geometry": {"type": "Polygon", "coordinates": [[[84.875, 18.375], [85.125, 18.375], [85.125, 18.625], [84.875, 18.625], [84.875, 18.375]]]}, "properties": {"time": "2013-10-12T12:00:00", "variable": "msl", "tier": "moderate", "percentile": 100.0, "z": 10.77, "wind_ms": 20.52, "value": 975.16, "lat": 18.5, "lon": 85.0}}, {"type": "Feature", "geometry": {"type": "Polygon", "coordinates": [[[85.125, 18.375], [85.375, 18.375], [85.375, 18.625], [85.125, 18.625], [85.125, 18.375]]]}, "properties": {"time": "2013-10-12T12:00:00", "variable": "msl", "tier": "moderate", "percentile": 100.0, "z": 10.65, "wind_ms": 23.09, "value": 975.3, "lat": 18.5, "lon": 85.25}}, {"type": "Feature", "geometry": {"type": "Polygon", "coordinates": [[[85.375, 18.375], [85.625, 18.375], [85.625, 18.625], [85.375, 18.625], [85.375, 18.375]]]}, "properties": {"time": "2013-10-12T12:00:00", "variable": "msl", "tier": "severe", "percentile": 100.0, "z": 9.84, "wind_ms": 27.17, "value": 977.84, "lat": 18.5, "lon": 85.5}}, {"type": "Feature", "geometry": {"type": "Polygon", "coordinates": [[[85.625, 18.375], [85.875, 18.375], [85.875, 18.625], [85.625, 18.625], [85.625, 18.375]]]}, "properties": {"time": "2013-10-12T12:00:00", "variable": "msl", "tier": "severe", "percentile": 100.0, "z": 8.72, "wind_ms": 27.27, "value": 981.44, "lat": 18.5, "lon": 85.75}}, {"type": "Feature", "geometry": {"type": "Polygon", "coordinates": [[[85.875, 18.375], [86.125, 18.375], [86.125, 18.625], [85.875, 18.625], [85.875, 18.375]]]}, "properties": {"time": "2013-10-12T12:00:00", "variable": "msl", "tier": "severe", "percentile": 100.0, "z": 7.5, "wind_ms": 25.16, "value": 985.35, "lat": 18.5, "lon": 86.0}}, {"type": "Feature", "geometry": {"type": "Polygon", "coordinates": [[[86.125, 18.375], [86.375, 18.375], [86.375, 18.625], [86.125, 18.625], [86.125, 18.375]]]}, "properties": {"time": "2013-10-12T12:00:00", "variable": "msl", "tier": "moderate", "percentile": 100.0, "z": 6.56, "wind_ms": 24.09, "value": 988.38, "lat": 18.5, "lon": 86.25}}, {"type": "Feature", "geometry": {"type": "Polygon", "coordinates": [[[86.375, 18.375], [86.625, 18.375], [86.625, 18.625], [86.375, 18.625], [86.375, 18.375]]]}, "properties": {"time": "2013-10-12T12:00:00", "variable": "msl", "tier": "moderate", "percentile": 100.0, "z": 5.66, "wind_ms": 22.81, "value": 991.15, "lat": 18.5, "lon": 86.5}}, {"type": "Feature", "geometry": {"type": "Polygon", "coordinates": [[[86.625, 18.375], [86.875, 18.375], [86.875, 18.625], [86.625, 18.625], [86.625, 18.375]]]}, "properties": {"time": "2013-10-12T12:00:00", "variable": "msl", "tier": "moderate", "percentile": 100.0, "z": 5.08, "wind_ms": 21.3, "value": 993.05, "lat": 18.5, "lon": 86.75}}, {"type": "Feature", "geometry": {"type": "Polygon", "coordinates": [[[86.875, 18.375], [87.125, 18.375], [87.125, 18.625], [86.875, 18.625], [86.875, 18.375]]]}, "properties": {"time": "2013-10-12T12:00:00", "variable": "msl", "tier": "moderate", "percentile": 100.0, "z": 4.53, "wind_ms": 19.9, "value": 994.74, "lat": 18.5, "lon": 87.0}}, {"type": "Feature", "geometry": {"type": "Polygon", "coordinates": [[[87.125, 18.375], [87.375, 18.375], [87.375, 18.625], [87.125, 18.625], [87.125, 18.375]]]}, "properties": {"time": "2013-10-12T12:00:00", "variable": "msl", "tier": "moderate", "percentile": 100.0, "z": 4.09, "wind_ms": 19.4, "value": 996.11, "lat": 18.5, "lon": 87.25}}, {"type": "Feature", "geometry": {"type": "Polygon", "coordinates": [[[87.375, 18.375], [87.625, 18.375], [87.625, 18.625], [87.375, 18.625], [87.375, 18.375]]]}, "properties": {"time": "2013-10-12T12:00:00", "variable": "msl", "tier": "moderate", "percentile": 100.0, "z": 3.68, "wind_ms": 19.15, "value": 997.35, "lat": 18.5, "lon": 87.5}}, {"type": "Feature", "geometry": {"type": "Polygon", "coordinates": [[[87.625, 18.375], [87.875, 18.375], [87.875, 18.625], [87.625, 18.625], [87.625, 18.375]]]}, "properties": {"time": "2013-10-12T12:00:00", "variable": "msl", "tier": "moderate", "percentile": 100.0, "z": 3.34, "wind_ms": 18.42, "value": 998.39, "lat": 18.5, "lon": 87.75}}, {"type": "Feature", "geometry": {"type": "Polygon", "coordinates": [[[87.875, 18.375], [88.125, 18.375], [88.125, 18.625], [87.875, 18.625], [87.875, 18.375]]]}, "properties": {"time": "2013-10-12T12:00:00", "variable": "msl", "tier": "low", "percentile": 100.0, "z": 3.04, "wind_ms": 16.9, "value": 999.32, "lat": 18.5, "lon": 88.0}}, {"type": "Feature", "geometry": {"type": "Polygon", "coordinates": [[[88.125, 18.375], [88.375, 18.375], [88.375, 18.625], [88.125, 18.625], [88.125, 18.375]]]}, "properties": {"time": "2013-10-12T12:00:00", "variable": "msl", "tier": "low", "percentile": 100.0, "z": 2.76, "wind_ms": 16.97, "value": 1000.18, "lat": 18.5, "lon": 88.25}}, {"type": "Feature", "geometry": {"type": "Polygon", "coordinates": [[[88.375, 18.375], [88.625, 18.375], [88.625, 18.625], [88.375, 18.625], [88.375, 18.375]]]}, "properties": {"time": "2013-10-12T12:00:00", "variable": "msl", "tier": "low", "percentile": 100.0, "z": 2.48, "wind_ms": 16.64, "value": 1001.02, "lat": 18.5, "lon": 88.5}}, {"type": "Feature", "geometry": {"type": "Polygon", "coordinates": [[[88.625, 18.375], [88.875, 18.375], [88.875, 18.625], [88.625, 18.625], [88.625, 18.375]]]}, "properties": {"time": "2013-10-12T12:00:00", "variable": "msl", "tier": "low", "percentile": 99.2, "z": 2.22, "wind_ms": 15.27, "value": 1001.81, "lat": 18.5, "lon": 88.75}}, {"type": "Feature", "geometry": {"type": "Polygon", "coordinates": [[[88.875, 18.375], [89.125, 18.375], [89.125, 18.625], [88.875, 18.625], [88.875, 18.375]]]}, "properties": {"time": "2013-10-12T12:00:00", "variable": "msl", "tier": "low", "percentile": 99.2, "z": 1.99, "wind_ms": 13.95, "value": 1002.46, "lat": 18.5, "lon": 89.0}}, {"type": "Feature", "geometry": {"type": "Polygon", "coordinates": [[[89.125, 18.375], [89.375, 18.375], [89.375, 18.625], [89.125, 18.625], [89.125, 18.375]]]}, "properties": {"time": "2013-10-12T12:00:00", "variable": "msl", "tier": "low", "percentile": 98.4, "z": 1.82, "wind_ms": 13.45, "value": 1003.0, "lat": 18.5, "lon": 89.25}}, {"type": "Feature", "geometry": {"type": "Polygon", "coordinates": [[[82.875, 18.625], [83.125, 18.625], [83.125, 18.875], [82.875, 18.875], [82.875, 18.625]]]}, "properties": {"time": "2013-10-12T12:00:00", "variable": "msl", "tier": "low", "percentile": 100.0, "z": 4.83, "wind_ms": 9.11, "value": 996.86, "lat": 18.75, "lon": 83.0}}, {"type": "Feature", "geometry": {"type": "Polygon", "coordinates": [[[83.125, 18.625], [83.375, 18.625], [83.375, 18.875], [83.125, 18.875], [83.125, 18.625]]]}, "properties": {"time": "2013-10-12T12:00:00", "variable": "msl", "tier": "low", "percentile": 100.0, "z": 5.61, "wind_ms": 9.52, "value": 992.65, "lat": 18.75, "lon": 83.25}}, {"type": "Feature", "geometry": {"type": "Polygon", "coordinates": [[[83.375, 18.625], [83.625, 18.625], [83.625, 18.875], [83.375, 18.875], [83.375, 18.625]]]}, "properties": {"time": "2013-10-12T12:00:00", "variable": "msl", "tier": "low", "percentile": 100.0, "z": 6.24, "wind_ms": 10.1, "value": 990.11, "lat": 18.75, "lon": 83.5}}, {"type": "Feature", "geometry": {"type": "Polygon", "coordinates": [[[83.625, 18.625], [83.875, 18.625], [83.875, 18.875], [83.625, 18.875], [83.625, 18.625]]]}, "properties": {"time": "2013-10-12T12:00:00", "variable": "msl", "tier": "low", "percentile": 100.0, "z": 7.08, "wind_ms": 11.26, "value": 987.87, "lat": 18.75, "lon": 83.75}}, {"type": "Feature", "geometry": {"type": "Polygon", "coordinates": [[[83.875, 18.625], [84.125, 18.625], [84.125, 18.875], [83.875, 18.875], [83.875, 18.625]]]}, "properties": {"time": "2013-10-12T12:00:00", "variable": "msl", "tier": "low", "percentile": 100.0, "z": 8.14, "wind_ms": 11.68, "value": 984.78, "lat": 18.75, "lon": 84.0}}, {"type": "Feature", "geometry": {"type": "Polygon", "coordinates": [[[84.125, 18.625], [84.375, 18.625], [84.375, 18.875], [84.125, 18.875], [84.125, 18.625]]]}, "properties": {"time": "2013-10-12T12:00:00", "variable": "msl", "tier": "low", "percentile": 100.0, "z": 9.1, "wind_ms": 12.8, "value": 981.61, "lat": 18.75, "lon": 84.25}}, {"type": "Feature", "geometry": {"type": "Polygon", "coordinates": [[[84.375, 18.625], [84.625, 18.625], [84.625, 18.875], [84.375, 18.875], [84.375, 18.625]]]}, "properties": {"time": "2013-10-12T12:00:00", "variable": "msl", "tier": "low", "percentile": 100.0, "z": 10.13, "wind_ms": 13.95, "value": 978.08, "lat": 18.75, "lon": 84.5}}, {"type": "Feature", "geometry": {"type": "Polygon", "coordinates": [[[84.625, 18.625], [84.875, 18.625], [84.875, 18.875], [84.625, 18.875], [84.625, 18.625]]]}, "properties": {"time": "2013-10-12T12:00:00", "variable": "msl", "tier": "low", "percentile": 100.0, "z": 11.21, "wind_ms": 14.89, "value": 974.67, "lat": 18.75, "lon": 84.75}}, {"type": "Feature", "geometry": {"type": "Polygon", "coordinates": [[[84.875, 18.625], [85.125, 18.625], [85.125, 18.875], [84.875, 18.875], [84.875, 18.625]]]}, "properties": {"time": "2013-10-12T12:00:00", "variable": "msl", "tier": "low", "percentile": 100.0, "z": 12.16, "wind_ms": 9.23, "value": 971.75, "lat": 18.75, "lon": 85.0}}, {"type": "Feature", "geometry": {"type": "Polygon", "coordinates": [[[85.125, 18.625], [85.375, 18.625], [85.375, 18.875], [85.125, 18.875], [85.125, 18.625]]]}, "properties": {"time": "2013-10-12T12:00:00", "variable": "msl", "tier": "low", "percentile": 100.0, "z": 12.18, "wind_ms": 11.92, "value": 971.57, "lat": 18.75, "lon": 85.25}}, {"type": "Feature", "geometry": {"type": "Polygon", "coordinates": [[[85.375, 18.625], [85.625, 18.625], [85.625, 18.875], [85.375, 18.875], [85.375, 18.625]]]}, "properties": {"time": "2013-10-12T12:00:00", "variable": "msl", "tier": "moderate", "percentile": 100.0, "z": 11.15, "wind_ms": 23.09, "value": 974.63, "lat": 18.75, "lon": 85.5}}, {"type": "Feature", "geometry": {"type": "Polygon", "coordinates": [[[85.625, 18.625], [85.875, 18.625], [85.875, 18.875], [85.625, 18.875], [85.625, 18.625]]]}, "properties": {"time": "2013-10-12T12:00:00", "variable": "msl", "tier": "severe", "percentile": 100.0, "z": 9.64, "wind_ms": 26.29, "value": 979.24, "lat": 18.75, "lon": 85.75}}, {"type": "Feature", "geometry": {"type": "Polygon", "coordinates": [[[85.875, 18.625], [86.125, 18.625], [86.125, 18.875], [85.875, 18.875], [85.875, 18.625]]]}, "properties": {"time": "2013-10-12T12:00:00", "variable": "msl", "tier": "severe", "percentile": 100.0, "z": 8.19, "wind_ms": 25.05, "value": 983.68, "lat": 18.75, "lon": 86.0}}, {"type": "Feature", "geometry": {"type": "Polygon", "coordinates": [[[86.125, 18.625], [86.375, 18.625], [86.375, 18.875], [86.125, 18.875], [86.125, 18.625]]]}, "properties": {"time": "2013-10-12T12:00:00", "variable": "msl", "tier": "moderate", "percentile": 100.0, "z": 6.89, "wind_ms": 24.3, "value": 987.6, "lat": 18.75, "lon": 86.25}}, {"type": "Feature", "geometry": {"type": "Polygon", "coordinates": [[[86.375, 18.625], [86.625, 18.625], [86.625, 18.875], [86.375, 18.875], [86.375, 18.625]]]}, "properties": {"time": "2013-10-12T12:00:00", "variable": "msl", "tier": "moderate", "percentile": 100.0, "z": 5.94, "wind_ms": 23.33, "value": 990.48, "lat": 18.75, "lon": 86.5}}, {"type": "Feature", "geometry": {"type": "Polygon", "coordinates": [[[86.625, 18.625], [86.875, 18.625], [86.875, 18.875], [86.625, 18.875], [86.625, 18.625]]]}, "properties": {"time": "2013-10-12T12:00:00", "variable": "msl", "tier": "moderate", "percentile": 100.0, "z": 5.22, "wind_ms": 21.59, "value": 992.71, "lat": 18.75, "lon": 86.75}}, {"type": "Feature", "geometry": {"type": "Polygon", "coordinates": [[[86.875, 18.625], [87.125, 18.625], [87.125, 18.875], [86.875, 18.875], [86.875, 18.625]]]}, "properties": {"time": "2013-10-12T12:00:00", "variable": "msl", "tier": "moderate", "percentile": 100.0, "z": 4.65, "wind_ms": 20.26, "value": 994.45, "lat": 18.75, "lon": 87.0}}, {"type": "Feature", "geometry": {"type": "Polygon", "coordinates": [[[87.125, 18.625], [87.375, 18.625], [87.375, 18.875], [87.125, 18.875], [87.125, 18.625]]]}, "properties": {"time": "2013-10-12T12:00:00", "variable": "msl", "tier": "moderate", "percentile": 100.0, "z": 4.16, "wind_ms": 19.86, "value": 995.93, "lat": 18.75, "lon": 87.25}}, {"type": "Feature", "geometry": {"type": "Polygon", "coordinates": [[[87.375, 18.625], [87.625, 18.625], [87.625, 18.875], [87.375, 18.875], [87.375, 18.625]]]}, "properties": {"time": "2013-10-12T12:00:00", "variable": "msl", "tier": "moderate", "percentile": 100.0, "z": 3.73, "wind_ms": 19.51, "value": 997.23, "lat": 18.75, "lon": 87.5}}, {"type": "Feature", "geometry": {"type": "Polygon", "coordinates": [[[87.625, 18.625], [87.875, 18.625], [87.875, 18.875], [87.625, 18.875], [87.625, 18.625]]]}, "properties": {"time": "2013-10-12T12:00:00", "variable": "msl", "tier": "moderate", "percentile": 100.0, "z": 3.37, "wind_ms": 17.88, "value": 998.32, "lat": 18.75, "lon": 87.75}}, {"type": "Feature", "geometry": {"type": "Polygon", "coordinates": [[[87.875, 18.625], [88.125, 18.625], [88.125, 18.875], [87.875, 18.875], [87.875, 18.625]]]}, "properties": {"time": "2013-10-12T12:00:00", "variable": "msl", "tier": "low", "percentile": 100.0, "z": 3.06, "wind_ms": 16.65, "value": 999.25, "lat": 18.75, "lon": 88.0}}, {"type": "Feature", "geometry": {"type": "Polygon", "coordinates": [[[88.125, 18.625], [88.375, 18.625], [88.375, 18.875], [88.125, 18.875], [88.125, 18.625]]]}, "properties": {"time": "2013-10-12T12:00:00", "variable": "msl", "tier": "low", "percentile": 100.0, "z": 2.76, "wind_ms": 16.89, "value": 1000.12, "lat": 18.75, "lon": 88.25}}, {"type": "Feature", "geometry": {"type": "Polygon", "coordinates": [[[88.375, 18.625], [88.625, 18.625], [88.625, 18.875], [88.375, 18.875], [88.375, 18.625]]]}, "properties": {"time": "2013-10-12T12:00:00", "variable": "msl", "tier": "low", "percentile": 100.0, "z": 2.48, "wind_ms": 16.55, "value": 1000.98, "lat": 18.75, "lon": 88.5}}, {"type": "Feature", "geometry": {"type": "Polygon", "coordinates": [[[88.625, 18.625], [88.875, 18.625], [88.875, 18.875], [88.625, 18.875], [88.625, 18.625]]]}, "properties": {"time": "2013-10-12T12:00:00", "variable": "msl", "tier": "low", "percentile": 99.2, "z": 2.22, "wind_ms": 15.28, "value": 1001.77, "lat": 18.75, "lon": 88.75}}, {"type": "Feature", "geometry": {"type": "Polygon", "coordinates": [[[88.875, 18.625], [89.125, 18.625], [89.125, 18.875], [88.875, 18.875], [88.875, 18.625]]]}, "properties": {"time": "2013-10-12T12:00:00", "variable": "msl", "tier": "low", "percentile": 99.2, "z": 2.0, "wind_ms": 14.35, "value": 1002.41, "lat": 18.75, "lon": 89.0}}, {"type": "Feature", "geometry": {"type": "Polygon", "coordinates": [[[89.125, 18.625], [89.375, 18.625], [89.375, 18.875], [89.125, 18.875], [89.125, 18.625]]]}, "properties": {"time": "2013-10-12T12:00:00", "variable": "msl", "tier": "low", "percentile": 98.4, "z": 1.83, "wind_ms": 13.9, "value": 1002.96, "lat": 18.75, "lon": 89.25}}, {"type": "Feature", "geometry": {"type": "Polygon", "coordinates": [[[82.875, 18.875], [83.125, 18.875], [83.125, 19.125], [82.875, 19.125], [82.875, 18.875]]]}, "properties": {"time": "2013-10-12T12:00:00", "variable": "msl", "tier": "low", "percentile": 100.0, "z": 4.61, "wind_ms": 9.12, "value": 997.69, "lat": 19.0, "lon": 83.0}}, {"type": "Feature", "geometry": {"type": "Polygon", "coordinates": [[[83.125, 18.875], [83.375, 18.875], [83.375, 19.125], [83.125, 19.125], [83.125, 18.875]]]}, "properties": {"time": "2013-10-12T12:00:00", "variable": "msl", "tier": "low", "percentile": 100.0, "z": 5.41, "wind_ms": 9.71, "value": 994.0, "lat": 19.0, "lon": 83.25}}, {"type": "Feature", "geometry": {"type": "Polygon", "coordinates": [[[83.375, 18.875], [83.625, 18.875], [83.625, 19.125], [83.375, 19.125], [83.375, 18.875]]]}, "properties": {"time": "2013-10-12T12:00:00", "variable": "msl", "tier": "low", "percentile": 100.0, "z": 6.14, "wind_ms": 10.29, "value": 991.01, "lat": 19.0, "lon": 83.5}}, {"type": "Feature", "geometry": {"type": "Polygon", "coordinates": [[[83.625, 18.875], [83.875, 18.875], [83.875, 19.125], [83.625, 19.125], [83.625, 18.875]]]}, "properties": {"time": "2013-10-12T12:00:00", "variable": "msl", "tier": "low", "percentile": 100.0, "z": 6.98, "wind_ms": 11.52, "value": 988.44, "lat": 19.0, "lon": 83.75}}, {"type": "Feature", "geometry": {"type": "Polygon", "coordinates": [[[83.875, 18.875], [84.125, 18.875], [84.125, 19.125], [83.875, 19.125], [83.875, 18.875]]]}, "properties": {"time": "2013-10-12T12:00:00", "variable": "msl", "tier": "low", "percentile": 100.0, "z": 8.08, "wind_ms": 11.0, "value": 985.65, "lat": 19.0, "lon": 84.0}}, {"type": "Feature", "geometry": {"type": "Polygon", "coordinates": [[[84.125, 18.875], [84.375, 18.875], [84.375, 19.125], [84.125, 19.125], [84.125, 18.875]]]}, "properties": {"time": "2013-10-12T12:00:00", "variable": "msl", "tier": "low", "percentile": 100.0, "z": 9.17, "wind_ms": 10.87, "value": 982.48, "lat": 19.0, "lon": 84.25}}, {"type": "Feature", "geometry": {"type": "Polygon", "coordinates": [[[84.375, 18.875], [84.625, 18.875], [84.625, 19.125], [84.375, 19.125], [84.375, 18.875]]]}, "properties": {"time": "2013-10-12T12:00:00", "variable": "msl", "tier": "low", "percentile": 100.0, "z": 10.27, "wind_ms": 12.3, "value": 978.56, "lat": 19.0, "lon": 84.5}}, {"type": "Feature", "geometry": {"type": "Polygon", "coordinates": [[[84.625, 18.875], [84.875, 18.875], [84.875, 19.125], [84.625, 19.125], [84.625, 18.875]]]}, "properties": {"time": "2013-10-12T12:00:00", "variable": "msl", "tier": "low", "percentile": 100.0, "z": 11.42, "wind_ms": 12.78, "value": 974.52, "lat": 19.0, "lon": 84.75}}, {"type": "Feature", "geometry": {"type": "Polygon", "coordinates": [[[84.875, 18.875], [85.125, 18.875], [85.125, 19.125], [84.875, 19.125], [84.875, 18.875]]]}, "properties": {"time": "2013-10-12T12:00:00", "variable": "msl", "tier": "low", "percentile": 100.0, "z": 12.45, "wind_ms": 10.56, "value": 971.41, "lat": 19.0, "lon": 85.0}}, {"type": "Feature", "geometry": {"type": "Polygon", "coordinates": [[[85.125, 18.875], [85.375, 18.875], [85.375, 19.125], [85.125, 19.125], [85.125, 18.875]]]}, "properties": {"time": "2013-10-12T12:00:00", "variable": "msl", "tier": "low", "percentile": 100.0, "z": 12.58, "wind_ms": 11.22, "value": 971.0, "lat": 19.0, "lon": 85.25}}, {"type": "Feature", "geometry": {"type": "Polygon", "coordinates": [[[85.375, 18.875], [85.625, 18.875], [85.625, 19.125], [85.375, 19.125], [85.375, 18.875]]]}, "properties": {"time": "2013-10-12T12:00:00", "variable": "msl", "tier": "moderate", "percentile": 100.0, "z": 11.55, "wind_ms": 19.43, "value": 973.99, "lat": 19.0, "lon": 85.5}}, {"type": "Feature", "geometry": {"type": "Polygon", "coordinates": [[[85.625, 18.875], [85.875, 18.875], [85.875, 19.125], [85.625, 19.125], [85.625, 18.875]]]}, "properties": {"time": "2013-10-12T12:00:00", "variable": "msl", "tier": "moderate", "percentile": 100.0, "z": 10.0, "wind_ms": 23.83, "value": 978.63, "lat": 19.0, "lon": 85.75}}, {"type": "Feature", "geometry": {"type": "Polygon", "coordinates": [[[85.875, 18.875], [86.125, 18.875], [86.125, 19.125], [85.875, 19.125], [85.875, 18.875]]]}, "properties": {"time": "2013-10-12T12:00:00", "variable": "msl", "tier": "severe", "percentile": 100.0, "z": 8.42, "wind_ms": 25.89, "value": 983.3, "lat": 19.0, "lon": 86.0}}, {"type": "Feature", "geometry": {"type": "Polygon", "coordinates": [[[86.125, 18.875], [86.375, 18.875], [86.375, 19.125], [86.125, 19.125], [86.125, 18.875]]]}, "properties": {"time": "2013-10-12T12:00:00", "variable": "msl", "tier": "severe", "percentile": 100.0, "z": 7.04, "wind_ms": 25.31, "value": 987.36, "lat": 19.0, "lon": 86.25}}, {"type": "Feature", "geometry": {"type": "Polygon", "coordinates": [[[86.375, 18.875], [86.625, 18.875], [86.625, 19.125], [86.375, 19.125], [86.375, 18.875]]]}, "properties": {"time": "2013-10-12T12:00:00", "variable": "msl", "tier": "moderate", "percentile": 100.0, "z": 6.05, "wind_ms": 23.55, "value": 990.32, "lat": 19.0, "lon": 86.5}}, {"type": "Feature", "geometry": {"type": "Polygon", "coordinates": [[[86.625, 18.875], [86.875, 18.875], [86.875, 19.125], [86.625, 19.125], [86.625, 18.875]]]}, "properties": {"time": "2013-10-12T12:00:00", "variable": "msl", "tier": "moderate", "percentile": 100.0, "z": 5.29, "wind_ms": 21.67, "value": 992.61, "lat": 19.0, "lon": 86.75}}, {"type": "Feature", "geometry": {"type": "Polygon", "coordinates": [[[86.875, 18.875], [87.125, 18.875], [87.125, 19.125], [86.875, 19.125], [86.875, 18.875]]]}, "properties": {"time": "2013-10-12T12:00:00", "variable": "msl", "tier": "moderate", "percentile": 100.0, "z": 4.68, "wind_ms": 20.46, "value": 994.46, "lat": 19.0, "lon": 87.0}}, {"type": "Feature", "geometry": {"type": "Polygon", "coordinates": [[[87.125, 18.875], [87.375, 18.875], [87.375, 19.125], [87.125, 19.125], [87.125, 18.875]]]}, "properties": {"time": "2013-10-12T12:00:00", "variable": "msl", "tier": "moderate", "percentile": 100.0, "z": 4.16, "wind_ms": 20.2, "value": 996.0, "lat": 19.0, "lon": 87.25}}, {"type": "Feature", "geometry": {"type": "Polygon", "coordinates": [[[87.375, 18.875], [87.625, 18.875], [87.625, 19.125], [87.375, 19.125], [87.375, 18.875]]]}, "properties": {"time": "2013-10-12T12:00:00", "variable": "msl", "tier": "moderate", "percentile": 100.0, "z": 3.74, "wind_ms": 19.57, "value": 997.22, "lat": 19.0, "lon": 87.5}}, {"type": "Feature", "geometry": {"type": "Polygon", "coordinates": [[[87.625, 18.875], [87.875, 18.875], [87.875, 19.125], [87.625, 19.125], [87.625, 18.875]]]}, "properties": {"time": "2013-10-12T12:00:00", "variable": "msl", "tier": "moderate", "percentile": 100.0, "z": 3.37, "wind_ms": 17.41, "value": 998.31, "lat": 19.0, "lon": 87.75}}, {"type": "Feature", "geometry": {"type": "Polygon", "coordinates": [[[87.875, 18.875], [88.125, 18.875], [88.125, 19.125], [87.875, 19.125], [87.875, 18.875]]]}, "properties": {"time": "2013-10-12T12:00:00", "variable": "msl", "tier": "low", "percentile": 100.0, "z": 3.05, "wind_ms": 16.59, "value": 999.28, "lat": 19.0, "lon": 88.0}}, {"type": "Feature", "geometry": {"type": "Polygon", "coordinates": [[[88.125, 18.875], [88.375, 18.875], [88.375, 19.125], [88.125, 19.125], [88.125, 18.875]]]}, "properties": {"time": "2013-10-12T12:00:00", "variable": "msl", "tier": "low", "percentile": 100.0, "z": 2.74, "wind_ms": 16.97, "value": 1000.2, "lat": 19.0, "lon": 88.25}}, {"type": "Feature", "geometry": {"type": "Polygon", "coordinates": [[[88.375, 18.875], [88.625, 18.875], [88.625, 19.125], [88.375, 19.125], [88.375, 18.875]]]}, "properties": {"time": "2013-10-12T12:00:00", "variable": "msl", "tier": "low", "percentile": 100.0, "z": 2.46, "wind_ms": 16.6, "value": 1001.05, "lat": 19.0, "lon": 88.5}}, {"type": "Feature", "geometry": {"type": "Polygon", "coordinates": [[[88.625, 18.875], [88.875, 18.875], [88.875, 19.125], [88.625, 19.125], [88.625, 18.875]]]}, "properties": {"time": "2013-10-12T12:00:00", "variable": "msl", "tier": "low", "percentile": 99.2, "z": 2.21, "wind_ms": 15.73, "value": 1001.79, "lat": 19.0, "lon": 88.75}}, {"type": "Feature", "geometry": {"type": "Polygon", "coordinates": [[[88.875, 18.875], [89.125, 18.875], [89.125, 19.125], [88.875, 19.125], [88.875, 18.875]]]}, "properties": {"time": "2013-10-12T12:00:00", "variable": "msl", "tier": "low", "percentile": 99.2, "z": 2.0, "wind_ms": 14.94, "value": 1002.41, "lat": 19.0, "lon": 89.0}}, {"type": "Feature", "geometry": {"type": "Polygon", "coordinates": [[[89.125, 18.875], [89.375, 18.875], [89.375, 19.125], [89.125, 19.125], [89.125, 18.875]]]}, "properties": {"time": "2013-10-12T12:00:00", "variable": "msl", "tier": "low", "percentile": 99.2, "z": 1.84, "wind_ms": 14.28, "value": 1002.9, "lat": 19.0, "lon": 89.25}}, {"type": "Feature", "geometry": {"type": "Polygon", "coordinates": [[[83.125, 19.125], [83.375, 19.125], [83.375, 19.375], [83.125, 19.375], [83.125, 19.125]]]}, "properties": {"time": "2013-10-12T12:00:00", "variable": "msl", "tier": "low", "percentile": 100.0, "z": 5.02, "wind_ms": 9.59, "value": 995.65, "lat": 19.25, "lon": 83.25}}, {"type": "Feature", "geometry": {"type": "Polygon", "coordinates": [[[83.375, 19.125], [83.625, 19.125], [83.625, 19.375], [83.375, 19.375], [83.375, 19.125]]]}, "properties": {"time": "2013-10-12T12:00:00", "variable": "msl", "tier": "low", "percentile": 100.0, "z": 5.77, "wind_ms": 10.48, "value": 992.32, "lat": 19.25, "lon": 83.5}}, {"type": "Feature", "geometry": {"type": "Polygon", "coordinates": [[[83.625, 19.125], [83.875, 19.125], [83.875, 19.375], [83.625, 19.375], [83.625, 19.125]]]}, "properties": {"time": "2013-10-12T12:00:00", "variable": "msl", "tier": "low", "percentile": 100.0, "z": 6.63, "wind_ms": 11.62, "value": 989.4, "lat": 19.25, "lon": 83.75}}, {"type": "Feature", "geometry": {"type": "Polygon", "coordinates": [[[83.875, 19.125], [84.125, 19.125], [84.125, 19.375], [83.875, 19.375], [83.875, 19.125]]]}, "properties": {"time": "2013-10-12T12:00:00", "variable": "msl", "tier": "low", "percentile": 100.0, "z": 7.72, "wind_ms": 11.48, "value": 986.9, "lat": 19.25, "lon": 84.0}}, {"type": "Feature", "geometry": {"type": "Polygon", "coordinates": [[[84.125, 19.125], [84.375, 19.125], [84.375, 19.375], [84.125, 19.375], [84.125, 19.125]]]}, "properties": {"time": "2013-10-12T12:00:00", "variable": "msl", "tier": "low", "percentile": 100.0, "z": 8.78, "wind_ms": 12.05, "value": 984.05, "lat": 19.25, "lon": 84.25}}, {"type": "Feature", "geometry": {"type": "Polygon", "coordinates": [[[84.375, 19.125], [84.625, 19.125], [84.625, 19.375], [84.375, 19.375], [84.375, 19.125]]]}, "properties": {"time": "2013-10-12T12:00:00", "variable": "msl", "tier": "low", "percentile": 100.0, "z": 9.73, "wind_ms": 13.34, "value": 980.56, "lat": 19.25, "lon": 84.5}}, {"type": "Feature", "geometry": {"type": "Polygon", "coordinates": [[[84.625, 19.125], [84.875, 19.125], [84.875, 19.375], [84.625, 19.375], [84.625, 19.125]]]}, "properties": {"time": "2013-10-12T12:00:00", "variable": "msl", "tier": "low", "percentile": 100.0, "z": 10.71, "wind_ms": 15.01, "value": 976.96, "lat": 19.25, "lon": 84.75}}, {"type": "Feature", "geometry": {"type": "Polygon", "coordinates": [[[84.875, 19.125], [85.125, 19.125], [85.125, 19.375], [84.875, 19.375], [84.875, 19.125]]]}, "properties": {"time": "2013-10-12T12:00:00", "variable": "msl", "tier": "moderate", "percentile": 100.0, "z": 11.61, "wind_ms": 17.88, "value": 974.28, "lat": 19.25, "lon": 85.0}}, {"type": "Feature", "geometry": {"type": "Polygon", "coordinates": [[[85.125, 19.125], [85.375, 19.125], [85.375, 19.375], [85.125, 19.375], [85.125, 19.125]]]}, "properties": {"time": "2013-10-12T12:00:00", "variable": "msl", "tier": "moderate", "percentile": 100.0, "z": 11.8, "wind_ms": 18.69, "value": 973.73, "lat": 19.25, "lon": 85.25}}, {"type": "Feature", "geometry": {"type": "Polygon", "coordinates": [[[85.375, 19.125], [85.625, 19.125], [85.625, 19.375], [85.375, 19.375], [85.375, 19.125]]]}, "properties": {"time": "2013-10-12T12:00:00", "variable": "msl", "tier": "moderate", "percentile": 100.0, "z": 11.04, "wind_ms": 20.72, "value": 975.92, "lat": 19.25, "lon": 85.5}}, {"type": "Feature", "geometry": {"type": "Polygon", "coordinates": [[[85.625, 19.125], [85.875, 19.125], [85.875, 19.375], [85.625, 19.375], [85.625, 19.125]]]}, "properties": {"time": "2013-10-12T12:00:00", "variable": "msl", "tier": "moderate", "percentile": 100.0, "z": 9.68, "wind_ms": 23.83, "value": 979.82, "lat": 19.25, "lon": 85.75}}, {"type": "Feature", "geometry": {"type": "Polygon", "coordinates": [[[85.875, 19.125], [86.125, 19.125], [86.125, 19.375], [85.875, 19.375], [85.875, 19.125]]]}, "properties": {"time": "2013-10-12T12:00:00", "variable": "msl", "tier": "severe", "percentile": 100.0, "z": 8.17, "wind_ms": 25.91, "value": 984.17, "lat": 19.25, "lon": 86.0}}, {"type": "Feature", "geometry": {"type": "Polygon", "coordinates": [[[86.125, 19.125], [86.375, 19.125], [86.375, 19.375], [86.125, 19.375], [86.125, 19.125]]]}, "properties": {"time": "2013-10-12T12:00:00", "variable": "msl", "tier": "severe", "percentile": 100.0, "z": 6.89, "wind_ms": 25.23, "value": 987.89, "lat": 19.25, "lon": 86.25}}, {"type": "Feature", "geometry": {"type": "Polygon", "coordinates": [[[86.375, 19.125], [86.625, 19.125], [86.625, 19.375], [86.375, 19.375], [86.375, 19.125]]]}, "properties": {"time": "2013-10-12T12:00:00", "variable": "msl", "tier": "moderate", "percentile": 100.0, "z": 5.94, "wind_ms": 23.4, "value": 990.7, "lat": 19.25, "lon": 86.5}}, {"type": "Feature", "geometry": {"type": "Polygon", "coordinates": [[[86.625, 19.125], [86.875, 19.125], [86.875, 19.375], [86.625, 19.375], [86.625, 19.125]]]}, "properties": {"time": "2013-10-12T12:00:00", "variable": "msl", "tier": "moderate", "percentile": 100.0, "z": 5.2, "wind_ms": 21.67, "value": 992.85, "lat": 19.25, "lon": 86.75}}, {"type": "Feature", "geometry": {"type": "Polygon", "coordinates": [[[86.875, 19.125], [87.125, 19.125], [87.125, 19.375], [86.875, 19.375], [86.875, 19.125]]]}, "properties": {"time": "2013-10-12T12:00:00", "variable": "msl", "tier": "moderate", "percentile": 100.0, "z": 4.6, "wind_ms": 20.43, "value": 994.65, "lat": 19.25, "lon": 87.0}}, {"type": "Feature", "geometry": {"type": "Polygon", "coordinates": [[[87.125, 19.125], [87.375, 19.125], [87.375, 19.375], [87.125, 19.375], [87.125, 19.125]]]}, "properties": {"time": "2013-10-12T12:00:00", "variable": "msl", "tier": "moderate", "percentile": 100.0, "z": 4.1, "wind_ms": 19.62, "value": 996.14, "lat": 19.25, "lon": 87.25}}, {"type": "Feature", "geometry": {"type": "Polygon", "coordinates": [[[87.375, 19.125], [87.625, 19.125], [87.625, 19.375], [87.375, 19.375], [87.375, 19.125]]]}, "properties": {"time": "2013-10-12T12:00:00", "variable": "msl", "tier": "moderate", "percentile": 100.0, "z": 3.7, "wind_ms": 18.56, "value": 997.37, "lat": 19.25, "lon": 87.5}}, {"type": "Feature", "geometry": {"type": "Polygon", "coordinates": [[[87.625, 19.125], [87.875, 19.125], [87.875, 19.375], [87.625, 19.375], [87.625, 19.125]]]}, "properties": {"time": "2013-10-12T12:00:00", "variable": "msl", "tier": "moderate", "percentile": 100.0, "z": 3.34, "wind_ms": 17.37, "value": 998.43, "lat": 19.25, "lon": 87.75}}, {"type": "Feature", "geometry": {"type": "Polygon", "coordinates": [[[87.875, 19.125], [88.125, 19.125], [88.125, 19.375], [87.875, 19.375], [87.875, 19.125]]]}, "properties": {"time": "2013-10-12T12:00:00", "variable": "msl", "tier": "moderate", "percentile": 100.0, "z": 3.01, "wind_ms": 17.28, "value": 999.38, "lat": 19.25, "lon": 88.0}}, {"type": "Feature", "geometry": {"type": "Polygon", "coordinates": [[[88.125, 19.125], [88.375, 19.125], [88.375, 19.375], [88.125, 19.375], [88.125, 19.125]]]}, "properties": {"time": "2013-10-12T12:00:00", "variable": "msl", "tier": "moderate", "percentile": 100.0, "z": 2.7, "wind_ms": 17.11, "value": 1000.25, "lat": 19.25, "lon": 88.25}}, {"type": "Feature", "geometry": {"type": "Polygon", "coordinates": [[[88.375, 19.125], [88.625, 19.125], [88.625, 19.375], [88.375, 19.375], [88.375, 19.125]]]}, "properties": {"time": "2013-10-12T12:00:00", "variable": "msl", "tier": "low", "percentile": 100.0, "z": 2.42, "wind_ms": 16.52, "value": 1001.06, "lat": 19.25, "lon": 88.5}}, {"type": "Feature", "geometry": {"type": "Polygon", "coordinates": [[[88.625, 19.125], [88.875, 19.125], [88.875, 19.375], [88.625, 19.375], [88.625, 19.125]]]}, "properties": {"time": "2013-10-12T12:00:00", "variable": "msl", "tier": "low", "percentile": 99.2, "z": 2.18, "wind_ms": 15.68, "value": 1001.79, "lat": 19.25, "lon": 88.75}}, {"type": "Feature", "geometry": {"type": "Polygon", "coordinates": [[[88.875, 19.125], [89.125, 19.125], [89.125, 19.375], [88.875, 19.375], [88.875, 19.125]]]}, "properties": {"time": "2013-10-12T12:00:00", "variable": "msl", "tier": "low", "percentile": 99.2, "z": 1.99, "wind_ms": 14.83, "value": 1002.42, "lat": 19.25, "lon": 89.0}}, {"type": "Feature", "geometry": {"type": "Polygon", "coordinates": [[[89.125, 19.125], [89.375, 19.125], [89.375, 19.375], [89.125, 19.375], [89.125, 19.125]]]}, "properties": {"time": "2013-10-12T12:00:00", "variable": "msl", "tier": "low", "percentile": 99.2, "z": 1.84, "wind_ms": 14.15, "value": 1002.92, "lat": 19.25, "lon": 89.25}}, {"type": "Feature", "geometry": {"type": "Polygon", "coordinates": [[[83.375, 19.375], [83.625, 19.375], [83.625, 19.625], [83.375, 19.625], [83.375, 19.375]]]}, "properties": {"time": "2013-10-12T12:00:00", "variable": "msl", "tier": "low", "percentile": 100.0, "z": 5.36, "wind_ms": 9.64, "value": 993.76, "lat": 19.5, "lon": 83.5}}, {"type": "Feature", "geometry": {"type": "Polygon", "coordinates": [[[83.625, 19.375], [83.875, 19.375], [83.875, 19.625], [83.625, 19.625], [83.625, 19.375]]]}, "properties": {"time": "2013-10-12T12:00:00", "variable": "msl", "tier": "low", "percentile": 100.0, "z": 6.28, "wind_ms": 10.46, "value": 990.76, "lat": 19.5, "lon": 83.75}}, {"type": "Feature", "geometry": {"type": "Polygon", "coordinates": [[[83.875, 19.375], [84.125, 19.375], [84.125, 19.625], [83.875, 19.625], [83.875, 19.375]]]}, "properties": {"time": "2013-10-12T12:00:00", "variable": "msl", "tier": "low", "percentile": 100.0, "z": 7.28, "wind_ms": 11.08, "value": 988.41, "lat": 19.5, "lon": 84.0}}, {"type": "Feature", "geometry": {"type": "Polygon", "coordinates": [[[84.125, 19.375], [84.375, 19.375], [84.375, 19.625], [84.125, 19.625], [84.125, 19.375]]]}, "properties": {"time": "2013-10-12T12:00:00", "variable": "msl", "tier": "low", "percentile": 100.0, "z": 8.16, "wind_ms": 12.82, "value": 985.87, "lat": 19.5, "lon": 84.25}}, {"type": "Feature", "geometry": {"type": "Polygon", "coordinates": [[[84.375, 19.375], [84.625, 19.375], [84.625, 19.625], [84.375, 19.625], [84.375, 19.375]]]}, "properties": {"time": "2013-10-12T12:00:00", "variable": "msl", "tier": "low", "percentile": 100.0, "z": 8.84, "wind_ms": 14.19, "value": 983.21, "lat": 19.5, "lon": 84.5}}, {"type": "Feature", "geometry": {"type": "Polygon", "coordinates": [[[84.625, 19.375], [84.875, 19.375], [84.875, 19.625], [84.625, 19.625], [84.625, 19.375]]]}, "properties": {"time": "2013-10-12T12:00:00", "variable": "msl", "tier": "low", "percentile": 100.0, "z": 9.6, "wind_ms": 15.05, "value": 980.49, "lat": 19.5, "lon": 84.75}}, {"type": "Feature", "geometry": {"type": "Polygon", "coordinates": [[[84.875, 19.375], [85.125, 19.375], [85.125, 19.625], [84.875, 19.625], [84.875, 19.375]]]}, "properties": {"time": "2013-10-12T12:00:00", "variable": "msl", "tier": "moderate", "percentile": 100.0, "z": 10.15, "wind_ms": 18.21, "value": 978.87, "lat": 19.5, "lon": 85.0}}, {"type": "Feature", "geometry": {"type": "Polygon", "coordinates": [[[85.125, 19.375], [85.375, 19.375], [85.375, 19.625], [85.125, 19.625], [85.125, 19.375]]]}, "properties": {"time": "2013-10-12T12:00:00", "variable": "msl", "tier": "moderate", "percentile": 100.0, "z": 10.21, "wind_ms": 21.65, "value": 978.53, "lat": 19.5, "lon": 85.25}}, {"type": "Feature", "geometry": {"type": "Polygon", "coordinates": [[[85.375, 19.375], [85.625, 19.375], [85.625, 19.625], [85.375, 19.625], [85.375, 19.375]]]}, "properties": {"time": "2013-10-12T12:00:00", "variable": "msl", "tier": "moderate", "percentile": 100.0, "z": 9.78, "wind_ms": 24.43, "value": 979.69, "lat": 19.5, "lon": 85.5}}, {"type": "Feature", "geometry": {"type": "Polygon", "coordinates": [[[85.625, 19.375], [85.875, 19.375], [85.875, 19.625], [85.625, 19.625], [85.625, 19.375]]]}, "properties": {"time": "2013-10-12T12:00:00", "variable": "msl", "tier": "moderate", "percentile": 100.0, "z": 8.8, "wind_ms": 24.67, "value": 982.55, "lat": 19.5, "lon": 85.75}}, {"type": "Feature", "geometry": {"type": "Polygon", "coordinates": [[[85.875, 19.375], [86.125, 19.375], [86.125, 19.625], [85.875, 19.625], [85.875, 19.375]]]}, "properties": {"time": "2013-10-12T12:00:00", "variable": "msl", "tier": "severe", "percentile": 100.0, "z": 7.51, "wind_ms": 25.79, "value": 986.21, "lat": 19.5, "lon": 86.0}}, {"type": "Feature", "geometry": {"type": "Polygon", "coordinates": [[[86.125, 19.375], [86.375, 19.375], [86.375, 19.625], [86.125, 19.625], [86.125, 19.375]]]}, "properties": {"time": "2013-10-12T12:00:00", "variable": "msl", "tier": "moderate", "percentile": 100.0, "z": 6.47, "wind_ms": 24.51, "value": 989.16, "lat": 19.5, "lon": 86.25}}, {"type": "Feature", "geometry": {"type": "Polygon", "coordinates": [[[86.375, 19.375], [86.625, 19.375], [86.625, 19.625], [86.375, 19.625], [86.375, 19.375]]]}, "properties": {"time": "2013-10-12T12:00:00", "variable": "msl", "tier": "moderate", "percentile": 100.0, "z": 5.6, "wind_ms": 22.58, "value": 991.67, "lat": 19.5, "lon": 86.5}}, {"type": "Feature", "geometry": {"type": "Polygon", "coordinates": [[[86.625, 19.375], [86.875, 19.375], [86.875, 19.625], [86.625, 19.625], [86.625, 19.375]]]}, "properties": {"time": "2013-10-12T12:00:00", "variable": "msl", "tier": "moderate", "percentile": 100.0, "z": 4.95, "wind_ms": 21.31, "value": 993.59, "lat": 19.5, "lon": 86.75}}, {"type": "Feature", "geometry": {"type": "Polygon", "coordinates": [[[86.875, 19.375], [87.125, 19.375], [87.125, 19.625], [86.875, 19.625], [86.875, 19.375]]]}, "properties": {"time": "2013-10-12T12:00:00", "variable": "msl", "tier": "moderate", "percentile": 100.0, "z": 4.41, "wind_ms": 20.51, "value": 995.2, "lat": 19.5, "lon": 87.0}}, {"type": "Feature", "geometry": {"type": "Polygon", "coordinates": [[[87.125, 19.375], [87.375, 19.375], [87.375, 19.625], [87.125, 19.625], [87.125, 19.375]]]}, "properties": {"time": "2013-10-12T12:00:00", "variable": "msl", "tier": "moderate", "percentile": 100.0, "z": 3.97, "wind_ms": 19.43, "value": 996.49, "lat": 19.5, "lon": 87.25}}, {"type": "Feature", "geometry": {"type": "Polygon", "coordinates": [[[87.375, 19.375], [87.625, 19.375], [87.625, 19.625], [87.375, 19.625], [87.375, 19.375]]]}, "properties": {"time": "2013-10-12T12:00:00", "variable": "msl", "tier": "moderate", "percentile": 100.0, "z": 3.6, "wind_ms": 17.97, "value": 997.63, "lat": 19.5, "lon": 87.5}}, {"type": "Feature", "geometry": {"type": "Polygon", "coordinates": [[[87.625, 19.375], [87.875, 19.375], [87.875, 19.625], [87.625, 19.625], [87.625, 19.375]]]}, "properties": {"time": "2013-10-12T12:00:00", "variable": "msl", "tier": "moderate", "percentile": 100.0, "z": 3.26, "wind_ms": 17.44, "value": 998.61, "lat": 19.5, "lon": 87.75}}, {"type": "Feature", "geometry": {"type": "Polygon", "coordinates": [[[87.875, 19.375], [88.125, 19.375], [88.125, 19.625], [87.875, 19.625], [87.875, 19.375]]]}, "properties": {"time": "2013-10-12T12:00:00", "variable": "msl", "tier": "moderate", "percentile": 100.0, "z": 2.93, "wind_ms": 17.65, "value": 999.58, "lat": 19.5, "lon": 88.0}}, {"type": "Feature", "geometry": {"type": "Polygon", "coordinates": [[[88.125, 19.375], [88.375, 19.375], [88.375, 19.625], [88.125, 19.625], [88.125, 19.375]]]}, "properties": {"time": "2013-10-12T12:00:00", "variable": "msl", "tier": "low", "percentile": 100.0, "z": 2.62, "wind_ms": 16.9, "value": 1000.48, "lat": 19.5, "lon": 88.25}}, {"type": "Feature", "geometry": {"type": "Polygon", "coordinates": [[[88.375, 19.375], [88.625, 19.375], [88.625, 19.625], [88.375, 19.625], [88.375, 19.375]]]}, "properties": {"time": "2013-10-12T12:00:00", "variable": "msl", "tier": "low", "percentile": 99.2, "z": 2.35, "wind_ms": 15.88, "value": 1001.3, "lat": 19.5, "lon": 88.5}}, {"type": "Feature", "geometry": {"type": "Polygon", "coordinates": [[[88.625, 19.375], [88.875, 19.375], [88.875, 19.625], [88.625, 19.625], [88.625, 19.375]]]}, "properties": {"time": "2013-10-12T12:00:00", "variable": "msl", "tier": "low", "percentile": 99.2, "z": 2.12, "wind_ms": 15.01, "value": 1001.98, "lat": 19.5, "lon": 88.75}}, {"type": "Feature", "geometry": {"type": "Polygon", "coordinates": [[[88.875, 19.375], [89.125, 19.375], [89.125, 19.625], [88.875, 19.625], [88.875, 19.375]]]}, "properties": {"time": "2013-10-12T12:00:00", "variable": "msl", "tier": "low", "percentile": 99.2, "z": 1.95, "wind_ms": 14.23, "value": 1002.49, "lat": 19.5, "lon": 89.0}}, {"type": "Feature", "geometry": {"type": "Polygon", "coordinates": [[[89.125, 19.375], [89.375, 19.375], [89.375, 19.625], [89.125, 19.625], [89.125, 19.375]]]}, "properties": {"time": "2013-10-12T12:00:00", "variable": "msl", "tier": "low", "percentile": 98.4, "z": 1.8, "wind_ms": 13.59, "value": 1002.94, "lat": 19.5, "lon": 89.25}}, {"type": "Feature", "geometry": {"type": "Polygon", "coordinates": [[[83.375, 19.625], [83.625, 19.625], [83.625, 19.875], [83.375, 19.875], [83.375, 19.625]]]}, "properties": {"time": "2013-10-12T12:00:00", "variable": "msl", "tier": "low", "percentile": 100.0, "z": 4.9, "wind_ms": 9.07, "value": 995.36, "lat": 19.75, "lon": 83.5}}, {"type": "Feature", "geometry": {"type": "Polygon", "coordinates": [[[83.625, 19.625], [83.875, 19.625], [83.875, 19.875], [83.625, 19.875], [83.625, 19.625]]]}, "properties": {"time": "2013-10-12T12:00:00", "variable": "msl", "tier": "low", "percentile": 100.0, "z": 5.66, "wind_ms": 9.98, "value": 993.44, "lat": 19.75, "lon": 83.75}}, {"type": "Feature", "geometry": {"type": "Polygon", "coordinates": [[[83.875, 19.625], [84.125, 19.625], [84.125, 19.875], [83.875, 19.875], [83.875, 19.625]]]}, "properties": {"time": "2013-10-12T12:00:00", "variable": "msl", "tier": "low", "percentile": 100.0, "z": 6.54, "wind_ms": 10.71, "value": 991.22, "lat": 19.75, "lon": 84.0}}, {"type": "Feature", "geometry": {"type": "Polygon", "coordinates": [[[84.125, 19.625], [84.375, 19.625], [84.375, 19.875], [84.125, 19.875], [84.125, 19.625]]]}, "properties": {"time": "2013-10-12T12:00:00", "variable": "msl", "tier": "low", "percentile": 100.0, "z": 7.19, "wind_ms": 12.17, "value": 988.83, "lat": 19.75, "lon": 84.25}}, {"type": "Feature", "geometry": {"type": "Polygon", "coordinates": [[[84.375, 19.625], [84.625, 19.625], [84.625, 19.875], [84.375, 19.875], [84.375, 19.625]]]}, "properties": {"time": "2013-10-12T12:00:00", "variable": "msl", "tier": "low", "percentile": 100.0, "z": 7.83, "wind_ms": 13.77, "value": 986.22, "lat": 19.75, "lon": 84.5}}, {"type": "Feature", "geometry": {"type": "Polygon", "coordinates": [[[84.625, 19.625], [84.875, 19.625], [84.875, 19.875], [84.625, 19.875], [84.625, 19.625]]]}, "properties": {"time": "2013-10-12T12:00:00", "variable": "msl", "tier": "low", "percentile": 100.0, "z": 8.38, "wind_ms": 14.46, "value": 984.41, "lat": 19.75, "lon": 84.75}}, {"type": "Feature", "geometry": {"type": "Polygon", "coordinates": [[[84.875, 19.625], [85.125, 19.625], [85.125, 19.875], [84.875, 19.875], [84.875, 19.625]]]}, "properties": {"time": "2013-10-12T12:00:00", "variable": "msl", "tier": "low", "percentile": 100.0, "z": 8.79, "wind_ms": 15.59, "value": 983.38, "lat": 19.75, "lon": 85.0}}, {"type": "Feature", "geometry": {"type": "Polygon", "coordinates": [[[85.125, 19.625], [85.375, 19.625], [85.375, 19.875], [85.125, 19.875], [85.125, 19.625]]]}, "properties": {"time": "2013-10-12T12:00:00", "variable": "msl", "tier": "moderate", "percentile": 100.0, "z": 8.55, "wind_ms": 18.89, "value": 983.69, "lat": 19.75, "lon": 85.25}}, {"type": "Feature", "geometry": {"type": "Polygon", "coordinates": [[[85.375, 19.625], [85.625, 19.625], [85.625, 19.875], [85.375, 19.875], [85.375, 19.625]]]}, "properties": {"time": "2013-10-12T12:00:00", "variable": "msl", "tier": "moderate", "percentile": 100.0, "z": 8.19, "wind_ms": 21.1, "value": 984.41, "lat": 19.75, "lon": 85.5}}, {"type": "Feature", "geometry": {"type": "Polygon", "coordinates": [[[85.625, 19.625], [85.875, 19.625], [85.875, 19.875], [85.625, 19.875], [85.625, 19.625]]]}, "properties": {"time": "2013-10-12T12:00:00", "variable": "msl", "tier": "moderate", "percentile": 100.0, "z": 7.49, "wind_ms": 20.3, "value": 986.4, "lat": 19.75, "lon": 85.75}}, {"type": "Feature", "geometry": {"type": "Polygon", "coordinates": [[[85.875, 19.625], [86.125, 19.625], [86.125, 19.875], [85.875, 19.875], [85.875, 19.625]]]}, "properties": {"time": "2013-10-12T12:00:00", "variable": "msl", "tier": "moderate", "percentile": 100.0, "z": 6.67, "wind_ms": 22.61, "value": 988.65, "lat": 19.75, "lon": 86.0}}, {"type": "Feature", "geometry": {"type": "Polygon", "coordinates": [[[86.125, 19.625], [86.375, 19.625], [86.375, 19.875], [86.125, 19.875], [86.125, 19.625]]]}, "properties": {"time": "2013-10-12T12:00:00", "variable": "msl", "tier": "moderate", "percentile": 100.0, "z": 5.77, "wind_ms": 22.17, "value": 991.17, "lat": 19.75, "lon": 86.25}}, {"type": "Feature", "geometry": {"type": "Polygon", "coordinates": [[[86.375, 19.625], [86.625, 19.625], [86.625, 19.875], [86.375, 19.875], [86.375, 19.625]]]}, "properties": {"time": "2013-10-12T12:00:00", "variable": "msl", "tier": "moderate", "percentile": 100.0, "z": 5.17, "wind_ms": 21.61, "value": 992.85, "lat": 19.75, "lon": 86.5}}, {"type": "Feature", "geometry": {"type": "Polygon", "coordinates": [[[86.625, 19.625], [86.875, 19.625], [86.875, 19.875], [86.625, 19.875], [86.625, 19.625]]]}, "properties": {"time": "2013-10-12T12:00:00", "variable": "msl", "tier": "moderate", "percentile": 100.0, "z": 4.6, "wind_ms": 20.59, "value": 994.5, "lat": 19.75, "lon": 86.75}}, {"type": "Feature", "geometry": {"type": "Polygon", "coordinates": [[[86.875, 19.625], [87.125, 19.625], [87.125, 19.875], [86.875, 19.875], [86.875, 19.625]]]}, "properties": {"time": "2013-10-12T12:00:00", "variable": "msl", "tier": "moderate", "percentile": 100.0, "z": 4.19, "wind_ms": 19.8, "value": 995.72, "lat": 19.75, "lon": 87.0}}, {"type": "Feature", "geometry": {"type": "Polygon", "coordinates": [[[87.125, 19.625], [87.375, 19.625], [87.375, 19.875], [87.125, 19.875], [87.125, 19.625]]]}, "properties": {"time": "2013-10-12T12:00:00", "variable": "msl", "tier": "moderate", "percentile": 100.0, "z": 3.78, "wind_ms": 18.5, "value": 996.96, "lat": 19.75, "lon": 87.25}}, {"type": "Feature", "geometry": {"type": "Polygon", "coordinates": [[[87.375, 19.625], [87.625, 19.625], [87.625, 19.875], [87.375, 19.875], [87.375, 19.625]]]}, "properties": {"time": "2013-10-12T12:00:00", "variable": "msl", "tier": "moderate", "percentile": 100.0, "z": 3.44, "wind_ms": 18.05, "value": 997.99, "lat": 19.75, "lon": 87.5}}, {"type": "Feature", "geometry": {"type": "Polygon", "coordinates": [[[87.625, 19.625], [87.875, 19.625], [87.875, 19.875], [87.625, 19.875], [87.625, 19.625]]]}, "properties": {"time": "2013-10-12T12:00:00", "variable": "msl", "tier": "moderate", "percentile": 100.0, "z": 3.11, "wind_ms": 17.75, "value": 998.97, "lat": 19.75, "lon": 87.75}}, {"type": "Feature", "geometry": {"type": "Polygon", "coordinates": [[[87.875, 19.625], [88.125, 19.625], [88.125, 19.875], [87.875, 19.875], [87.875, 19.625]]]}, "properties": {"time": "2013-10-12T12:00:00", "variable": "msl", "tier": "moderate", "percentile": 100.0, "z": 2.78, "wind_ms": 17.34, "value": 999.93, "lat": 19.75, "lon": 88.0}}, {"type": "Feature", "geometry": {"type": "Polygon", "coordinates": [[[88.125, 19.625], [88.375, 19.625], [88.375, 19.875], [88.125, 19.875], [88.125, 19.625]]]}, "properties": {"time": "2013-10-12T12:00:00", "variable": "msl", "tier": "low", "percentile": 99.2, "z": 2.5, "wind_ms": 16.22, "value": 1000.73, "lat": 19.75, "lon": 88.25}}, {"type": "Feature", "geometry": {"type": "Polygon", "coordinates": [[[88.375, 19.625], [88.625, 19.625], [88.625, 19.875], [88.375, 19.875], [88.375, 19.625]]]}, "properties": {"time": "2013-10-12T12:00:00", "variable": "msl", "tier": "low", "percentile": 99.2, "z": 2.25, "wind_ms": 15.17, "value": 1001.5, "lat": 19.75, "lon": 88.5}}, {"type": "Feature", "geometry": {"type": "Polygon", "coordinates": [[[88.625, 19.625], [88.875, 19.625], [88.875, 19.875], [88.625, 19.875], [88.625, 19.625]]]}, "properties": {"time": "2013-10-12T12:00:00", "variable": "msl", "tier": "low", "percentile": 99.2, "z": 2.05, "wind_ms": 14.39, "value": 1002.11, "lat": 19.75, "lon": 88.75}}, {"type": "Feature", "geometry": {"type": "Polygon", "coordinates": [[[88.875, 19.625], [89.125, 19.625], [89.125, 19.875], [88.875, 19.875], [88.875, 19.625]]]}, "properties": {"time": "2013-10-12T12:00:00", "variable": "msl", "tier": "low", "percentile": 99.2, "z": 1.87, "wind_ms": 13.71, "value": 1002.65, "lat": 19.75, "lon": 89.0}}, {"type": "Feature", "geometry": {"type": "Polygon", "coordinates": [[[89.125, 19.625], [89.375, 19.625], [89.375, 19.875], [89.125, 19.875], [89.125, 19.625]]]}, "properties": {"time": "2013-10-12T12:00:00", "variable": "msl", "tier": "low", "percentile": 96.8, "z": 1.71, "wind_ms": 13.11, "value": 1003.16, "lat": 19.75, "lon": 89.25}}, {"type": "Feature", "geometry": {"type": "Polygon", "coordinates": [[[83.625, 19.875], [83.875, 19.875], [83.875, 20.125], [83.625, 20.125], [83.625, 19.875]]]}, "properties": {"time": "2013-10-12T12:00:00", "variable": "msl", "tier": "low", "percentile": 100.0, "z": 5.13, "wind_ms": 9.34, "value": 995.04, "lat": 20.0, "lon": 83.75}}, {"type": "Feature", "geometry": {"type": "Polygon", "coordinates": [[[83.875, 19.875], [84.125, 19.875], [84.125, 20.125], [83.875, 20.125], [83.875, 19.875]]]}, "properties": {"time": "2013-10-12T12:00:00", "variable": "msl", "tier": "low", "percentile": 100.0, "z": 5.73, "wind_ms": 10.24, "value": 994.06, "lat": 20.0, "lon": 84.0}}, {"type": "Feature", "geometry": {"type": "Polygon", "coordinates": [[[84.125, 19.875], [84.375, 19.875], [84.375, 20.125], [84.125, 20.125], [84.125, 19.875]]]}, "properties": {"time": "2013-10-12T12:00:00", "variable": "msl", "tier": "low", "percentile": 100.0, "z": 6.33, "wind_ms": 11.52, "value": 991.88, "lat": 20.0, "lon": 84.25}}, {"type": "Feature", "geometry": {"type": "Polygon", "coordinates": [[[84.375, 19.875], [84.625, 19.875], [84.625, 20.125], [84.375, 20.125], [84.375, 19.875]]]}, "properties": {"time": "2013-10-12T12:00:00", "variable": "msl", "tier": "low", "percentile": 100.0, "z": 6.71, "wind_ms": 12.49, "value": 990.01, "lat": 20.0, "lon": 84.5}}, {"type": "Feature", "geometry": {"type": "Polygon", "coordinates": [[[84.625, 19.875], [84.875, 19.875], [84.875, 20.125], [84.625, 20.125], [84.625, 19.875]]]}, "properties": {"time": "2013-10-12T12:00:00", "variable": "msl", "tier": "low", "percentile": 100.0, "z": 7.19, "wind_ms": 13.44, "value": 988.33, "lat": 20.0, "lon": 84.75}}, {"type": "Feature", "geometry": {"type": "Polygon", "coordinates": [[[84.875, 19.875], [85.125, 19.875], [85.125, 20.125], [84.875, 20.125], [84.875, 19.875]]]}, "properties": {"time": "2013-10-12T12:00:00", "variable": "msl", "tier": "low", "percentile": 100.0, "z": 7.35, "wind_ms": 13.99, "value": 987.68, "lat": 20.0, "lon": 85.0}}, {"type": "Feature", "geometry": {"type": "Polygon", "coordinates": [[[85.125, 19.875], [85.375, 19.875], [85.375, 20.125], [85.125, 20.125], [85.125, 19.875]]]}, "properties": {"time": "2013-10-12T12:00:00", "variable": "msl", "tier": "low", "percentile": 100.0, "z": 7.15, "wind_ms": 15.05, "value": 987.92, "lat": 20.0, "lon": 85.25}}, {"type": "Feature", "geometry": {"type": "Polygon", "coordinates": [[[85.375, 19.875], [85.625, 19.875], [85.625, 20.125], [85.375, 20.125], [85.375, 19.875]]]}, "properties": {"time": "2013-10-12T12:00:00", "variable": "msl", "tier": "low", "percentile": 100.0, "z": 6.81, "wind_ms": 16.11, "value": 988.53, "lat": 20.0, "lon": 85.5}}, {"type": "Feature", "geometry": {"type": "Polygon", "coordinates": [[[85.625, 19.875], [85.875, 19.875], [85.875, 20.125], [85.625, 20.125], [85.625, 19.875]]]}, "properties": {"time": "2013-10-12T12:00:00", "variable": "msl", "tier": "low", "percentile": 100.0, "z": 6.3, "wind_ms": 15.05, "value": 989.89, "lat": 20.0, "lon": 85.75}}, {"type": "Feature", "geometry": {"type": "Polygon", "coordinates": [[[85.875, 19.875], [86.125, 19.875], [86.125, 20.125], [85.875, 20.125], [85.875, 19.875]]]}, "properties": {"time": "2013-10-12T12:00:00", "variable": "msl", "tier": "low", "percentile": 100.0, "z": 5.63, "wind_ms": 15.71, "value": 991.7, "lat": 20.0, "lon": 86.0}}, {"type": "Feature", "geometry": {"type": "Polygon", "coordinates": [[[86.125, 19.875], [86.375, 19.875], [86.375, 20.125], [86.125, 20.125], [86.125, 19.875]]]}, "properties": {"time": "2013-10-12T12:00:00", "variable": "msl", "tier": "low", "percentile": 100.0, "z": 5.16, "wind_ms": 16.31, "value": 992.98, "lat": 20.0, "lon": 86.25}}, {"type": "Feature", "geometry": {"type": "Polygon", "coordinates": [[[86.375, 19.875], [86.625, 19.875], [86.625, 20.125], [86.375, 20.125], [86.375, 19.875]]]}, "properties": {"time": "2013-10-12T12:00:00", "variable": "msl", "tier": "low", "percentile": 100.0, "z": 4.6, "wind_ms": 16.59, "value": 994.52, "lat": 20.0, "lon": 86.5}}, {"type": "Feature", "geometry": {"type": "Polygon", "coordinates": [[[86.625, 19.875], [86.875, 19.875], [86.875, 20.125], [86.625, 20.125], [86.625, 19.875]]]}, "properties": {"time": "2013-10-12T12:00:00", "variable": "msl", "tier": "moderate", "percentile": 100.0, "z": 4.28, "wind_ms": 19.5, "value": 995.4, "lat": 20.0, "lon": 86.75}}, {"type": "Feature", "geometry": {"type": "Polygon", "coordinates": [[[86.875, 19.875], [87.125, 19.875], [87.125, 20.125], [86.875, 20.125], [86.875, 19.875]]]}, "properties": {"time": "2013-10-12T12:00:00", "variable": "msl", "tier": "moderate", "percentile": 100.0, "z": 3.9, "wind_ms": 19.26, "value": 996.51, "lat": 20.0, "lon": 87.0}}, {"type": "Feature", "geometry": {"type": "Polygon", "coordinates": [[[87.125, 19.875], [87.375, 19.875], [87.375, 20.125], [87.125, 20.125], [87.125, 19.875]]]}, "properties": {"time": "2013-10-12T12:00:00", "variable": "msl", "tier": "moderate", "percentile": 100.0, "z": 3.56, "wind_ms": 18.05, "value": 997.52, "lat": 20.0, "lon": 87.25}}, {"type": "Feature", "geometry": {"type": "Polygon", "coordinates": [[[87.375, 19.875], [87.625, 19.875], [87.625, 20.125], [87.375, 20.125], [87.375, 19.875]]]}, "properties": {"time": "2013-10-12T12:00:00", "variable": "msl", "tier": "moderate", "percentile": 100.0, "z": 3.23, "wind_ms": 17.67, "value": 998.5, "lat": 20.0, "lon": 87.5}}, {"type": "Feature", "geometry": {"type": "Polygon", "coordinates": [[[87.625, 19.875], [87.875, 19.875], [87.875, 20.125], [87.625, 20.125], [87.625, 19.875]]]}, "properties": {"time": "2013-10-12T12:00:00", "variable": "msl", "tier": "moderate", "percentile": 100.0, "z": 2.91, "wind_ms": 17.46, "value": 999.48, "lat": 20.0, "lon": 87.75}}, {"type": "Feature", "geometry": {"type": "Polygon", "coordinates": [[[87.875, 19.875], [88.125, 19.875], [88.125, 20.125], [87.875, 20.125], [87.875, 19.875]]]}, "properties": {"time": "2013-10-12T12:00:00", "variable": "msl", "tier": "low", "percentile": 99.2, "z": 2.61, "wind_ms": 16.18, "value": 1000.36, "lat": 20.0, "lon": 88.0}}, {"type": "Feature", "geometry": {"type": "Polygon", "coordinates": [[[88.125, 19.875], [88.375, 19.875], [88.375, 20.125], [88.125, 20.125], [88.125, 19.875]]]}, "properties": {"time": "2013-10-12T12:00:00", "variable": "msl", "tier": "low", "percentile": 99.2, "z": 2.35, "wind_ms": 15.2, "value": 1001.13, "lat": 20.0, "lon": 88.25}}, {"type": "Feature", "geometry": {"type": "Polygon", "coordinates": [[[88.375, 19.875], [88.625, 19.875], [88.625, 20.125], [88.375, 20.125], [88.375, 19.875]]]}, "properties": {"time": "2013-10-12T12:00:00", "variable": "msl", "tier": "low", "percentile": 99.2, "z": 2.14, "wind_ms": 14.72, "value": 1001.78, "lat": 20.0, "lon": 88.5}}, {"type": "Feature", "geometry": {"type": "Polygon", "coordinates": [[[88.625, 19.875], [88.875, 19.875], [88.875, 20.125], [88.625, 20.125], [88.625, 19.875]]]}, "properties": {"time": "2013-10-12T12:00:00", "variable": "msl", "tier": "low", "percentile": 99.2, "z": 1.95, "wind_ms": 13.98, "value": 1002.37, "lat": 20.0, "lon": 88.75}}, {"type": "Feature", "geometry": {"type": "Polygon", "coordinates": [[[88.875, 19.875], [89.125, 19.875], [89.125, 20.125], [88.875, 20.125], [88.875, 19.875]]]}, "properties": {"time": "2013-10-12T12:00:00", "variable": "msl", "tier": "low", "percentile": 98.4, "z": 1.78, "wind_ms": 13.43, "value": 1002.86, "lat": 20.0, "lon": 89.0}}, {"type": "Feature", "geometry": {"type": "Polygon", "coordinates": [[[89.125, 19.875], [89.375, 19.875], [89.375, 20.125], [89.125, 20.125], [89.125, 19.875]]]}, "properties": {"time": "2013-10-12T12:00:00", "variable": "msl", "tier": "low", "percentile": 96.8, "z": 1.62, "wind_ms": 12.82, "value": 1003.35, "lat": 20.0, "lon": 89.25}}, {"type": "Feature", "geometry": {"type": "Polygon", "coordinates": [[[83.875, 20.125], [84.125, 20.125], [84.125, 20.375], [83.875, 20.375], [83.875, 20.125]]]}, "properties": {"time": "2013-10-12T12:00:00", "variable": "msl", "tier": "low", "percentile": 100.0, "z": 5.08, "wind_ms": 9.54, "value": 995.72, "lat": 20.25, "lon": 84.0}}, {"type": "Feature", "geometry": {"type": "Polygon", "coordinates": [[[84.125, 20.125], [84.375, 20.125], [84.375, 20.375], [84.125, 20.375], [84.125, 20.125]]]}, "properties": {"time": "2013-10-12T12:00:00", "variable": "msl", "tier": "low", "percentile": 100.0, "z": 5.38, "wind_ms": 9.84, "value": 995.02, "lat": 20.25, "lon": 84.25}}, {"type": "Feature", "geometry": {"type": "Polygon", "coordinates": [[[84.375, 20.125], [84.625, 20.125], [84.625, 20.375], [84.375, 20.375], [84.375, 20.125]]]}, "properties": {"time": "2013-10-12T12:00:00", "variable": "msl", "tier": "low", "percentile": 100.0, "z": 5.77, "wind_ms": 10.97, "value": 993.15, "lat": 20.25, "lon": 84.5}}, {"type": "Feature", "geometry": {"type": "Polygon", "coordinates": [[[84.625, 20.125], [84.875, 20.125], [84.875, 20.375], [84.625, 20.375], [84.625, 20.125]]]}, "properties": {"time": "2013-10-12T12:00:00", "variable": "msl", "tier": "low", "percentile": 100.0, "z": 5.92, "wind_ms": 11.72, "value": 991.99, "lat": 20.25, "lon": 84.75}}, {"type": "Feature", "geometry": {"type": "Polygon", "coordinates": [[[84.875, 20.125], [85.125, 20.125], [85.125, 20.375], [84.875, 20.375], [84.875, 20.125]]]}, "properties": {"time": "2013-10-12T12:00:00", "variable": "msl", "tier": "low", "percentile": 100.0, "z": 6.04, "wind_ms": 12.7, "value": 991.35, "lat": 20.25, "lon": 85.0}}, {"type": "Feature", "geometry": {"type": "Polygon", "coordinates": [[[85.125, 20.125], [85.375, 20.125], [85.375, 20.375], [85.125, 20.375], [85.125, 20.125]]]}, "properties": {"time": "2013-10-12T12:00:00", "variable": "msl", "tier": "low", "percentile": 100.0, "z": 5.97, "wind_ms": 13.07, "value": 991.28, "lat": 20.25, "lon": 85.25}}, {"type": "Feature", "geometry": {"type": "Polygon", "coordinates": [[[85.375, 20.125], [85.625, 20.125], [85.625, 20.375], [85.375, 20.375], [85.375, 20.125]]]}, "properties": {"time": "2013-10-12T12:00:00", "variable": "msl", "tier": "low", "percentile": 100.0, "z": 5.7, "wind_ms": 13.05, "value": 991.81, "lat": 20.25, "lon": 85.5}}, {"type": "Feature", "geometry": {"type": "Polygon", "coordinates": [[[85.625, 20.125], [85.875, 20.125], [85.875, 20.375], [85.625, 20.375], [85.625, 20.125]]]}, "properties": {"time": "2013-10-12T12:00:00", "variable": "msl", "tier": "low", "percentile": 100.0, "z": 5.3, "wind_ms": 12.0, "value": 992.84, "lat": 20.25, "lon": 85.75}}, {"type": "Feature", "geometry": {"type": "Polygon", "coordinates": [[[85.875, 20.125], [86.125, 20.125], [86.125, 20.375], [85.875, 20.375], [85.875, 20.125]]]}, "properties": {"time": "2013-10-12T12:00:00", "variable": "msl", "tier": "low", "percentile": 100.0, "z": 4.91, "wind_ms": 11.31, "value": 993.8, "lat": 20.25, "lon": 86.0}}, {"type": "Feature", "geometry": {"type": "Polygon", "coordinates": [[[86.125, 20.125], [86.375, 20.125], [86.375, 20.375], [86.125, 20.375], [86.125, 20.125]]]}, "properties": {"time": "2013-10-12T12:00:00", "variable": "msl", "tier": "low", "percentile": 100.0, "z": 4.46, "wind_ms": 11.29, "value": 994.98, "lat": 20.25, "lon": 86.25}}, {"type": "Feature", "geometry": {"type": "Polygon", "coordinates": [[[86.375, 20.125], [86.625, 20.125], [86.625, 20.375], [86.375, 20.375], [86.375, 20.125]]]}, "properties": {"time": "2013-10-12T12:00:00", "variable": "msl", "tier": "low", "percentile": 100.0, "z": 4.15, "wind_ms": 12.51, "value": 995.8, "lat": 20.25, "lon": 86.5}}, {"type": "Feature", "geometry": {"type": "Polygon", "coordinates": [[[86.625, 20.125], [86.875, 20.125], [86.875, 20.375], [86.625, 20.375], [86.625, 20.125]]]}, "properties": {"time": "2013-10-12T12:00:00", "variable": "msl", "tier": "low", "percentile": 100.0, "z": 3.83, "wind_ms": 15.12, "value": 996.67, "lat": 20.25, "lon": 86.75}}, {"type": "Feature", "geometry": {"type": "Polygon", "coordinates": [[[86.875, 20.125], [87.125, 20.125], [87.125, 20.375], [86.875, 20.375], [86.875, 20.125]]]}, "properties": {"time": "2013-10-12T12:00:00", "variable": "msl", "tier": "moderate", "percentile": 100.0, "z": 3.59, "wind_ms": 17.98, "value": 997.35, "lat": 20.25, "lon": 87.0}}, {"type": "Feature", "geometry": {"type": "Polygon", "coordinates": [[[87.125, 20.125], [87.375, 20.125], [87.375, 20.375], [87.125, 20.375], [87.125, 20.125]]]}, "properties": {"time": "2013-10-12T12:00:00", "variable": "msl", "tier": "moderate", "percentile": 100.0, "z": 3.27, "wind_ms": 17.48, "value": 998.28, "lat": 20.25, "lon": 87.25}}, {"type": "Feature", "geometry": {"type": "Polygon", "coordinates": [[[87.375, 20.125], [87.625, 20.125], [87.625, 20.375], [87.375, 20.375], [87.375, 20.125]]]}, "properties": {"time": "2013-10-12T12:00:00", "variable": "msl", "tier": "low", "percentile": 100.0, "z": 2.98, "wind_ms": 16.94, "value": 999.14, "lat": 20.25, "lon": 87.5}}, {"type": "Feature", "geometry": {"type": "Polygon", "coordinates": [[[87.625, 20.125], [87.875, 20.125], [87.875, 20.375], [87.625, 20.375], [87.625, 20.125]]]}, "properties": {"time": "2013-10-12T12:00:00", "variable": "msl", "tier": "low", "percentile": 99.2, "z": 2.68, "wind_ms": 16.35, "value": 1000.05, "lat": 20.25, "lon": 87.75}}, {"type": "Feature", "geometry": {"type": "Polygon", "coordinates": [[[87.875, 20.125], [88.125, 20.125], [88.125, 20.375], [87.875, 20.375], [87.875, 20.125]]]}, "properties": {"time": "2013-10-12T12:00:00", "variable": "msl", "tier": "low", "percentile": 99.2, "z": 2.43, "wind_ms": 15.17, "value": 1000.81, "lat": 20.25, "lon": 88.0}}, {"type": "Feature", "geometry": {"type": "Polygon", "coordinates": [[[88.125, 20.125], [88.375, 20.125], [88.375, 20.375], [88.125, 20.375], [88.125, 20.125]]]}, "properties": {"time": "2013-10-12T12:00:00", "variable": "msl", "tier": "low", "percentile": 99.2, "z": 2.21, "wind_ms": 14.49, "value": 1001.45, "lat": 20.25, "lon": 88.25}}, {"type": "Feature", "geometry": {"type": "Polygon", "coordinates": [[[88.375, 20.125], [88.625, 20.125], [88.625, 20.375], [88.375, 20.375], [88.375, 20.125]]]}, "properties": {"time": "2013-10-12T12:00:00", "variable": "msl", "tier": "low", "percentile": 99.2, "z": 2.01, "wind_ms": 14.03, "value": 1002.09, "lat": 20.25, "lon": 88.5}}, {"type": "Feature", "geometry": {"type": "Polygon", "coordinates": [[[88.625, 20.125], [88.875, 20.125], [88.875, 20.375], [88.625, 20.375], [88.625, 20.125]]]}, "properties": {"time": "2013-10-12T12:00:00", "variable": "msl", "tier": "low", "percentile": 99.2, "z": 1.84, "wind_ms": 13.63, "value": 1002.62, "lat": 20.25, "lon": 88.75}}, {"type": "Feature", "geometry": {"type": "Polygon", "coordinates": [[[88.875, 20.125], [89.125, 20.125], [89.125, 20.375], [88.875, 20.375], [88.875, 20.125]]]}, "properties": {"time": "2013-10-12T12:00:00", "variable": "msl", "tier": "low", "percentile": 96.0, "z": 1.67, "wind_ms": 13.08, "value": 1003.11, "lat": 20.25, "lon": 89.0}}, {"type": "Feature", "geometry": {"type": "Polygon", "coordinates": [[[89.125, 20.125], [89.375, 20.125], [89.375, 20.375], [89.125, 20.375], [89.125, 20.125]]]}, "properties": {"time": "2013-10-12T12:00:00", "variable": "msl", "tier": "low", "percentile": 94.4, "z": 1.53, "wind_ms": 12.46, "value": 1003.56, "lat": 20.25, "lon": 89.25}}, {"type": "Feature", "geometry": {"type": "Polygon", "coordinates": [[[84.625, 20.375], [84.875, 20.375], [84.875, 20.625], [84.625, 20.625], [84.625, 20.375]]]}, "properties": {"time": "2013-10-12T12:00:00", "variable": "msl", "tier": "low", "percentile": 100.0, "z": 4.97, "wind_ms": 9.57, "value": 994.63, "lat": 20.5, "lon": 84.75}}, {"type": "Feature", "geometry": {"type": "Polygon", "coordinates": [[[84.875, 20.375], [85.125, 20.375], [85.125, 20.625], [84.875, 20.625], [84.875, 20.375]]]}, "properties": {"time": "2013-10-12T12:00:00", "variable": "msl", "tier": "low", "percentile": 100.0, "z": 5.01, "wind_ms": 11.21, "value": 994.3, "lat": 20.5, "lon": 85.0}}, {"type": "Feature", "geometry": {"type": "Polygon", "coordinates": [[[85.125, 20.375], [85.375, 20.375], [85.375, 20.625], [85.125, 20.625], [85.125, 20.375]]]}, "properties": {"time": "2013-10-12T12:00:00", "variable": "msl", "tier": "low", "percentile": 100.0, "z": 4.96, "wind_ms": 11.74, "value": 994.18, "lat": 20.5, "lon": 85.25}}, {"type": "Feature", "geometry": {"type": "Polygon", "coordinates": [[[85.375, 20.375], [85.625, 20.375], [85.625, 20.625], [85.375, 20.625], [85.375, 20.375]]]}, "properties": {"time": "2013-10-12T12:00:00", "variable": "msl", "tier": "low", "percentile": 100.0, "z": 4.8, "wind_ms": 11.29, "value": 994.41, "lat": 20.5, "lon": 85.5}}, {"type": "Feature", "geometry": {"type": "Polygon", "coordinates": [[[85.625, 20.375], [85.875, 20.375], [85.875, 20.625], [85.625, 20.625], [85.625, 20.375]]]}, "properties": {"time": "2013-10-12T12:00:00", "variable": "msl", "tier": "low", "percentile": 100.0, "z": 4.54, "wind_ms": 10.65, "value": 995.05, "lat": 20.5, "lon": 85.75}}, {"type": "Feature", "geometry": {"type": "Polygon", "coordinates": [[[85.875, 20.375], [86.125, 20.375], [86.125, 20.625], [85.875, 20.625], [85.875, 20.375]]]}, "properties": {"time": "2013-10-12T12:00:00", "variable": "msl", "tier": "low", "percentile": 100.0, "z": 4.21, "wind_ms": 9.73, "value": 995.8, "lat": 20.5, "lon": 86.0}}, {"type": "Feature", "geometry": {"type": "Polygon", "coordinates": [[[86.125, 20.375], [86.375, 20.375], [86.375, 20.625], [86.125, 20.625], [86.125, 20.375]]]}, "properties": {"time": "2013-10-12T12:00:00", "variable": "msl", "tier": "low", "percentile": 100.0, "z": 3.95, "wind_ms": 9.58, "value": 996.4, "lat": 20.5, "lon": 86.25}}, {"type": "Feature", "geometry": {"type": "Polygon", "coordinates": [[[86.375, 20.375], [86.625, 20.375], [86.625, 20.625], [86.375, 20.625], [86.375, 20.375]]]}, "properties": {"time": "2013-10-12T12:00:00", "variable": "msl", "tier": "low", "percentile": 100.0, "z": 3.64, "wind_ms": 10.55, "value": 997.22, "lat": 20.5, "lon": 86.5}}, {"type": "Feature", "geometry": {"type": "Polygon", "coordinates": [[[86.625, 20.375], [86.875, 20.375], [86.875, 20.625], [86.625, 20.625], [86.625, 20.375]]]}, "properties": {"time": "2013-10-12T12:00:00", "variable": "msl", "tier": "low", "percentile": 100.0, "z": 3.41, "wind_ms": 11.39, "value": 997.84, "lat": 20.5, "lon": 86.75}}, {"type": "Feature", "geometry": {"type": "Polygon", "coordinates": [[[86.875, 20.375], [87.125, 20.375], [87.125, 20.625], [86.875, 20.625], [86.875, 20.375]]]}, "properties": {"time": "2013-10-12T12:00:00", "variable": "msl", "tier": "low", "percentile": 100.0, "z": 3.17, "wind_ms": 14.02, "value": 998.52, "lat": 20.5, "lon": 87.0}}, {"type": "Feature", "geometry": {"type": "Polygon", "coordinates": [[[87.125, 20.375], [87.375, 20.375], [87.375, 20.625], [87.125, 20.625], [87.125, 20.375]]]}, "properties": {"time": "2013-10-12T12:00:00", "variable": "msl", "tier": "low", "percentile": 100.0, "z": 2.98, "wind_ms": 16.73, "value": 999.06, "lat": 20.5, "lon": 87.25}}, {"type": "Feature", "geometry": {"type": "Polygon", "coordinates": [[[87.375, 20.375], [87.625, 20.375], [87.625, 20.625], [87.375, 20.625], [87.375, 20.375]]]}, "properties": {"time": "2013-10-12T12:00:00", "variable": "msl", "tier": "low", "percentile": 99.2, "z": 2.72, "wind_ms": 16.25, "value": 999.83, "lat": 20.5, "lon": 87.5}}, {"type": "Feature", "geometry": {"type": "Polygon", "coordinates": [[[87.625, 20.375], [87.875, 20.375], [87.875, 20.625], [87.625, 20.625], [87.625, 20.375]]]}, "properties": {"time": "2013-10-12T12:00:00", "variable": "msl", "tier": "low", "percentile": 99.2, "z": 2.48, "wind_ms": 15.16, "value": 1000.58, "lat": 20.5, "lon": 87.75}}, {"type": "Feature", "geometry": {"type": "Polygon", "coordinates": [[[87.875, 20.375], [88.125, 20.375], [88.125, 20.625], [87.875, 20.625], [87.875, 20.375]]]}, "properties": {"time": "2013-10-12T12:00:00", "variable": "msl", "tier": "low", "percentile": 99.2, "z": 2.26, "wind_ms": 14.44, "value": 1001.22, "lat": 20.5, "lon": 88.0}}, {"type": "Feature", "geometry": {"type": "Polygon", "coordinates": [[[88.125, 20.375], [88.375, 20.375], [88.375, 20.625], [88.125, 20.625], [88.125, 20.375]]]}, "properties": {"time": "2013-10-12T12:00:00", "variable": "msl", "tier": "low", "percentile": 99.2, "z": 2.06, "wind_ms": 13.89, "value": 1001.84, "lat": 20.5, "lon": 88.25}}, {"type": "Feature", "geometry": {"type": "Polygon", "coordinates": [[[88.375, 20.375], [88.625, 20.375], [88.625, 20.625], [88.375, 20.625], [88.375, 20.375]]]}, "properties": {"time": "2013-10-12T12:00:00", "variable": "msl", "tier": "low", "percentile": 99.2, "z": 1.88, "wind_ms": 13.83, "value": 1002.36, "lat": 20.5, "lon": 88.5}}, {"type": "Feature", "geometry": {"type": "Polygon", "coordinates": [[[88.625, 20.375], [88.875, 20.375], [88.875, 20.625], [88.625, 20.625], [88.625, 20.375]]]}, "properties": {"time": "2013-10-12T12:00:00", "variable": "msl", "tier": "low", "percentile": 97.6, "z": 1.71, "wind_ms": 13.39, "value": 1002.9, "lat": 20.5, "lon": 88.75}}, {"type": "Feature", "geometry": {"type": "Polygon", "coordinates": [[[88.875, 20.375], [89.125, 20.375], [89.125, 20.625], [88.875, 20.625], [88.875, 20.375]]]}, "properties": {"time": "2013-10-12T12:00:00", "variable": "msl", "tier": "low", "percentile": 96.0, "z": 1.57, "wind_ms": 12.89, "value": 1003.32, "lat": 20.5, "lon": 89.0}}, {"type": "Feature", "geometry": {"type": "Polygon", "coordinates": [[[84.875, 20.625], [85.125, 20.625], [85.125, 20.875], [84.875, 20.875], [84.875, 20.625]]]}, "properties": {"time": "2013-10-12T12:00:00", "variable": "msl", "tier": "low", "percentile": 100.0, "z": 4.24, "wind_ms": 9.72, "value": 996.49, "lat": 20.75, "lon": 85.0}}, {"type": "Feature", "geometry": {"type": "Polygon", "coordinates": [[[85.125, 20.625], [85.375, 20.625], [85.375, 20.875], [85.125, 20.875], [85.125, 20.625]]]}, "properties": {"time": "2013-10-12T12:00:00", "variable": "msl", "tier": "low", "percentile": 100.0, "z": 4.19, "wind_ms": 10.1, "value": 996.3, "lat": 20.75, "lon": 85.25}}, {"type": "Feature", "geometry": {"type": "Polygon", "coordinates": [[[85.375, 20.625], [85.625, 20.625], [85.625, 20.875], [85.375, 20.875], [85.375, 20.625]]]}, "properties": {"time": "2013-10-12T12:00:00", "variable": "msl", "tier": "low", "percentile": 100.0, "z": 4.08, "wind_ms": 9.91, "value": 996.41, "lat": 20.75, "lon": 85.5}}, {"type": "Feature", "geometry": {"type": "Polygon", "coordinates": [[[85.625, 20.625], [85.875, 20.625], [85.875, 20.875], [85.625, 20.875], [85.625, 20.625]]]}, "properties": {"time": "2013-10-12T12:00:00", "variable": "msl", "tier": "low", "percentile": 100.0, "z": 3.89, "wind_ms": 9.74, "value": 996.86, "lat": 20.75, "lon": 85.75}}, {"type": "Feature", "geometry": {"type": "Polygon", "coordinates": [[[85.875, 20.625], [86.125, 20.625], [86.125, 20.875], [85.875, 20.875], [85.875, 20.625]]]}, "properties": {"time": "2013-10-12T12:00:00", "variable": "msl", "tier": "low", "percentile": 100.0, "z": 3.63, "wind_ms": 9.23, "value": 997.4, "lat": 20.75, "lon": 86.0}}, {"type": "Feature", "geometry": {"type": "Polygon", "coordinates": [[[86.125, 20.625], [86.375, 20.625], [86.375, 20.875], [86.125, 20.875], [86.125, 20.625]]]}, "properties": {"time": "2013-10-12T12:00:00", "variable": "msl", "tier": "low", "percentile": 100.0, "z": 3.44, "wind_ms": 9.21, "value": 997.82, "lat": 20.75, "lon": 86.25}}, {"type": "Feature", "geometry": {"type": "Polygon", "coordinates": [[[86.375, 20.625], [86.625, 20.625], [86.625, 20.875], [86.375, 20.875], [86.375, 20.625]]]}, "properties": {"time": "2013-10-12T12:00:00", "variable": "msl", "tier": "low", "percentile": 100.0, "z": 3.21, "wind_ms": 9.49, "value": 998.4, "lat": 20.75, "lon": 86.5}}, {"type": "Feature", "geometry": {"type": "Polygon", "coordinates": [[[86.625, 20.625], [86.875, 20.625], [86.875, 20.875], [86.625, 20.875], [86.625, 20.625]]]}, "properties": {"time": "2013-10-12T12:00:00", "variable": "msl", "tier": "low", "percentile": 100.0, "z": 2.98, "wind_ms": 10.15, "value": 999.02, "lat": 20.75, "lon": 86.75}}, {"type": "Feature", "geometry": {"type": "Polygon", "coordinates": [[[86.875, 20.625], [87.125, 20.625], [87.125, 20.875], [86.875, 20.875], [86.875, 20.625]]]}, "properties": {"time": "2013-10-12T12:00:00", "variable": "msl", "tier": "low", "percentile": 100.0, "z": 2.82, "wind_ms": 12.79, "value": 999.46, "lat": 20.75, "lon": 87.0}}, {"type": "Feature", "geometry": {"type": "Polygon", "coordinates": [[[87.125, 20.625], [87.375, 20.625], [87.375, 20.875], [87.125, 20.875], [87.125, 20.625]]]}, "properties": {"time": "2013-10-12T12:00:00", "variable": "msl", "tier": "low", "percentile": 100.0, "z": 2.68, "wind_ms": 15.55, "value": 999.88, "lat": 20.75, "lon": 87.25}}, {"type": "Feature", "geometry": {"type": "Polygon", "coordinates": [[[87.375, 20.625], [87.625, 20.625], [87.625, 20.875], [87.375, 20.875], [87.375, 20.625]]]}, "properties": {"time": "2013-10-12T12:00:00", "variable": "msl", "tier": "low", "percentile": 99.2, "z": 2.48, "wind_ms": 15.55, "value": 1000.46, "lat": 20.75, "lon": 87.5}}, {"type": "Feature", "geometry": {"type": "Polygon", "coordinates": [[[87.625, 20.625], [87.875, 20.625], [87.875, 20.875], [87.625, 20.875], [87.625, 20.625]]]}, "properties": {"time": "2013-10-12T12:00:00", "variable": "msl", "tier": "low", "percentile": 99.2, "z": 2.28, "wind_ms": 14.46, "value": 1001.08, "lat": 20.75, "lon": 87.75}}, {"type": "Feature", "geometry": {"type": "Polygon", "coordinates": [[[87.875, 20.625], [88.125, 20.625], [88.125, 20.875], [87.875, 20.875], [87.875, 20.625]]]}, "properties": {"time": "2013-10-12T12:00:00", "variable": "msl", "tier": "low", "percentile": 99.2, "z": 2.09, "wind_ms": 13.99, "value": 1001.64, "lat": 20.75, "lon": 88.0}}, {"type": "Feature", "geometry": {"type": "Polygon", "coordinates": [[[88.125, 20.625], [88.375, 20.625], [88.375, 20.875], [88.125, 20.875], [88.125, 20.625]]]}, "properties": {"time": "2013-10-12T12:00:00", "variable": "msl", "tier": "low", "percentile": 99.2, "z": 1.91, "wind_ms": 13.7, "value": 1002.2, "lat": 20.75, "lon": 88.25}}, {"type": "Feature", "geometry": {"type": "Polygon", "coordinates": [[[88.375, 20.625], [88.625, 20.625], [88.625, 20.875], [88.375, 20.875], [88.375, 20.625]]]}, "properties": {"time": "2013-10-12T12:00:00", "variable": "msl", "tier": "low", "percentile": 97.6, "z": 1.75, "wind_ms": 13.54, "value": 1002.69, "lat": 20.75, "lon": 88.5}}, {"type": "Feature", "geometry": {"type": "Polygon", "coordinates": [[[88.625, 20.625], [88.875, 20.625], [88.875, 20.875], [88.625, 20.875], [88.625, 20.625]]]}, "properties": {"time": "2013-10-12T12:00:00", "variable": "msl", "tier": "low", "percentile": 95.2, "z": 1.6, "wind_ms": 13.29, "value": 1003.14, "lat": 20.75, "lon": 88.75}}, {"type": "Feature", "geometry": {"type": "Polygon", "coordinates": [[[85.375, 20.875], [85.625, 20.875], [85.625, 21.125], [85.375, 21.125], [85.375, 20.875]]]}, "properties": {"time": "2013-10-12T12:00:00", "variable": "msl", "tier": "low", "percentile": 100.0, "z": 3.54, "wind_ms": 9.24, "value": 997.97, "lat": 21.0, "lon": 85.5}}, {"type": "Feature", "geometry": {"type": "Polygon", "coordinates": [[[85.625, 20.875], [85.875, 20.875], [85.875, 21.125], [85.625, 21.125], [85.625, 20.875]]]}, "properties": {"time": "2013-10-12T12:00:00", "variable": "msl", "tier": "low", "percentile": 100.0, "z": 3.37, "wind_ms": 9.44, "value": 998.38, "lat": 21.0, "lon": 85.75}}, {"type": "Feature", "geometry": {"type": "Polygon", "coordinates": [[[85.875, 20.875], [86.125, 20.875], [86.125, 21.125], [85.875, 21.125], [85.875, 20.875]]]}, "properties": {"time": "2013-10-12T12:00:00", "variable": "msl", "tier": "low", "percentile": 100.0, "z": 3.16, "wind_ms": 9.37, "value": 998.68, "lat": 21.0, "lon": 86.0}}, {"type": "Feature", "geometry": {"type": "Polygon", "coordinates": [[[86.125, 20.875], [86.375, 20.875], [86.375, 21.125], [86.125, 21.125], [86.125, 20.875]]]}, "properties": {"time": "2013-10-12T12:00:00", "variable": "msl", "tier": "low", "percentile": 100.0, "z": 3.0, "wind_ms": 9.41, "value": 998.98, "lat": 21.0, "lon": 86.25}}, {"type": "Feature", "geometry": {"type": "Polygon", "coordinates": [[[86.375, 20.875], [86.625, 20.875], [86.625, 21.125], [86.375, 21.125], [86.375, 20.875]]]}, "properties": {"time": "2013-10-12T12:00:00", "variable": "msl", "tier": "low", "percentile": 100.0, "z": 2.79, "wind_ms": 9.89, "value": 999.49, "lat": 21.0, "lon": 86.5}}, {"type": "Feature", "geometry": {"type": "Polygon", "coordinates": [[[86.625, 20.875], [86.875, 20.875], [86.875, 21.125], [86.625, 21.125], [86.625, 20.875]]]}, "properties": {"time": "2013-10-12T12:00:00", "variable": "msl", "tier": "low", "percentile": 99.2, "z": 2.6, "wind_ms": 10.61, "value": 1000.0, "lat": 21.0, "lon": 86.75}}, {"type": "Feature", "geometry": {"type": "Polygon", "coordinates": [[[86.875, 20.875], [87.125, 20.875], [87.125, 21.125], [86.875, 21.125], [86.875, 20.875]]]}, "properties": {"time": "2013-10-12T12:00:00", "variable": "msl", "tier": "low", "percentile": 99.2, "z": 2.47, "wind_ms": 13.27, "value": 1000.36, "lat": 21.0, "lon": 87.0}}, {"type": "Feature", "geometry": {"type": "Polygon", "coordinates": [[[87.125, 20.875], [87.375, 20.875], [87.375, 21.125], [87.125, 21.125], [87.125, 20.875]]]}, "properties": {"time": "2013-10-12T12:00:00", "variable": "msl", "tier": "low", "percentile": 99.2, "z": 2.38, "wind_ms": 14.96, "value": 1000.65, "lat": 21.0, "lon": 87.25}}, {"type": "Feature", "geometry": {"type": "Polygon", "coordinates": [[[87.375, 20.875], [87.625, 20.875], [87.625, 21.125], [87.375, 21.125], [87.375, 20.875]]]}, "properties": {"time": "2013-10-12T12:00:00", "variable": "msl", "tier": "low", "percentile": 98.4, "z": 2.23, "wind_ms": 14.59, "value": 1001.11, "lat": 21.0, "lon": 87.5}}, {"type": "Feature", "geometry": {"type": "Polygon", "coordinates": [[[87.625, 20.875], [87.875, 20.875], [87.875, 21.125], [87.625, 21.125], [87.625, 20.875]]]}, "properties": {"time": "2013-10-12T12:00:00", "variable": "msl", "tier": "low", "percentile": 98.4, "z": 2.07, "wind_ms": 13.95, "value": 1001.6, "lat": 21.0, "lon": 87.75}}, {"type": "Feature", "geometry": {"type": "Polygon", "coordinates": [[[87.875, 20.875], [88.125, 20.875], [88.125, 21.125], [87.875, 21.125], [87.875, 20.875]]]}, "properties": {"time": "2013-10-12T12:00:00", "variable": "msl", "tier": "low", "percentile": 98.4, "z": 1.92, "wind_ms": 13.85, "value": 1002.06, "lat": 21.0, "lon": 88.0}}, {"type": "Feature", "geometry": {"type": "Polygon", "coordinates": [[[88.125, 20.875], [88.375, 20.875], [88.375, 21.125], [88.125, 21.125], [88.125, 20.875]]]}, "properties": {"time": "2013-10-12T12:00:00", "variable": "msl", "tier": "low", "percentile": 96.8, "z": 1.76, "wind_ms": 13.68, "value": 1002.52, "lat": 21.0, "lon": 88.25}}, {"type": "Feature", "geometry": {"type": "Polygon", "coordinates": [[[88.375, 20.875], [88.625, 20.875], [88.625, 21.125], [88.375, 21.125], [88.375, 20.875]]]}, "properties": {"time": "2013-10-12T12:00:00", "variable": "msl", "tier": "low", "percentile": 96.8, "z": 1.63, "wind_ms": 13.38, "value": 1002.94, "lat": 21.0, "lon": 88.5}}, {"type": "Feature", "geometry": {"type": "Polygon", "coordinates": [[[85.625, 21.125], [85.875, 21.125], [85.875, 21.375], [85.625, 21.375], [85.625, 21.125]]]}, "properties": {"time": "2013-10-12T12:00:00", "variable": "msl", "tier": "low", "percentile": 100.0, "z": 2.97, "wind_ms": 8.9, "value": 999.92, "lat": 21.25, "lon": 85.75}}, {"type": "Feature", "geometry": {"type": "Polygon", "coordinates": [[[85.875, 21.125], [86.125, 21.125], [86.125, 21.375], [85.875, 21.375], [85.875, 21.125]]]}, "properties": {"time": "2013-10-12T12:00:00", "variable": "msl", "tier": "low", "percentile": 99.2, "z": 2.75, "wind_ms": 9.01, "value": 1000.12, "lat": 21.25, "lon": 86.0}}, {"type": "Feature", "geometry": {"type": "Polygon", "coordinates": [[[86.125, 21.125], [86.375, 21.125], [86.375, 21.375], [86.125, 21.375], [86.125, 21.125]]]}, "properties": {"time": "2013-10-12T12:00:00", "variable": "msl", "tier": "low", "percentile": 99.2, "z": 2.58, "wind_ms": 9.17, "value": 1000.29, "lat": 21.25, "lon": 86.25}}, {"type": "Feature", "geometry": {"type": "Polygon", "coordinates": [[[86.375, 21.125], [86.625, 21.125], [86.625, 21.375], [86.375, 21.375], [86.375, 21.125]]]}, "properties": {"time": "2013-10-12T12:00:00", "variable": "msl", "tier": "low", "percentile": 99.2, "z": 2.38, "wind_ms": 8.9, "value": 1000.7, "lat": 21.25, "lon": 86.5}}, {"type": "Feature", "geometry": {"type": "Polygon", "coordinates": [[[86.625, 21.125], [86.875, 21.125], [86.875, 21.375], [86.625, 21.375], [86.625, 21.125]]]}, "properties": {"time": "2013-10-12T12:00:00", "variable": "msl", "tier": "low", "percentile": 99.2, "z": 2.24, "wind_ms": 9.45, "value": 1001.04, "lat": 21.25, "lon": 86.75}}, {"type": "Feature", "geometry": {"type": "Polygon", "coordinates": [[[86.875, 21.125], [87.125, 21.125], [87.125, 21.375], [86.875, 21.375], [86.875, 21.125]]]}, "properties": {"time": "2013-10-12T12:00:00", "variable": "msl", "tier": "low", "percentile": 99.2, "z": 2.16, "wind_ms": 12.39, "value": 1001.19, "lat": 21.25, "lon": 87.0}}, {"type": "Feature", "geometry": {"type": "Polygon", "coordinates": [[[87.125, 21.125], [87.375, 21.125], [87.375, 21.375], [87.125, 21.375], [87.125, 21.125]]]}, "properties": {"time": "2013-10-12T12:00:00", "variable": "msl", "tier": "low", "percentile": 98.4, "z": 2.08, "wind_ms": 14.11, "value": 1001.42, "lat": 21.25, "lon": 87.25}}, {"type": "Feature", "geometry": {"type": "Polygon", "coordinates": [[[87.375, 21.125], [87.625, 21.125], [87.625, 21.375], [87.375, 21.375], [87.375, 21.125]]]}, "properties": {"time": "2013-10-12T12:00:00", "variable": "msl", "tier": "low", "percentile": 98.4, "z": 1.99, "wind_ms": 13.97, "value": 1001.7, "lat": 21.25, "lon": 87.5}}, {"type": "Feature", "geometry": {"type": "Polygon", "coordinates": [[[87.625, 21.125], [87.875, 21.125], [87.875, 21.375], [87.625, 21.375], [87.625, 21.125]]]}, "properties": {"time": "2013-10-12T12:00:00", "variable": "msl", "tier": "low", "percentile": 98.4, "z": 1.88, "wind_ms": 13.22, "value": 1002.12, "lat": 21.25, "lon": 87.75}}, {"type": "Feature", "geometry": {"type": "Polygon", "coordinates": [[[87.875, 21.125], [88.125, 21.125], [88.125, 21.375], [87.875, 21.375], [87.875, 21.125]]]}, "properties": {"time": "2013-10-12T12:00:00", "variable": "msl", "tier": "low", "percentile": 97.6, "z": 1.76, "wind_ms": 13.54, "value": 1002.47, "lat": 21.25, "lon": 88.0}}, {"type": "Feature", "geometry": {"type": "Polygon", "coordinates": [[[88.125, 21.125], [88.375, 21.125], [88.375, 21.375], [88.125, 21.375], [88.125, 21.125]]]}, "properties": {"time": "2013-10-12T12:00:00", "variable": "msl", "tier": "low", "percentile": 96.8, "z": 1.63, "wind_ms": 13.12, "value": 1002.87, "lat": 21.25, "lon": 88.25}}], "properties": {"thresholds": {"low_z": 1.5, "low_ws": 8.7, "moderate_z": 2.0, "moderate_ws": 17.0, "severe_z": 3.0, "severe_ws": 25.0}, "note": "Tiers: z-score AND wind >= 8.7/17/25 m/s (IMD D/CS/SCS), only inside tracked-object boxes + 1 deg. Adjusted after observing results; not validated against impacts. Per-hour ERA5 reanalysis climatology; single member, not an ensemble EFI."}}