{"type": "FeatureCollection", "features": [{"type": "Feature", "geometry": {"type": "Polygon", "coordinates": [[[82.875, 15.375], [83.125, 15.375], [83.125, 15.625], [82.875, 15.625], [82.875, 15.375]]]}, "properties": {"time": "2013-10-12T12:00:00", "variable": "ws", "tier": "low", "percentile": 100.0, "z": 4.35, "wind_ms": 11.82, "value": 11.82, "lat": 15.5, "lon": 83.0}}, {"type": "Feature", "geometry": {"type": "Polygon", "coordinates": [[[83.125, 15.375], [83.375, 15.375], [83.375, 15.625], [83.125, 15.625], [83.125, 15.375]]]}, "properties": {"time": "2013-10-12T12:00:00", "variable": "ws", "tier": "low", "percentile": 100.0, "z": 4.16, "wind_ms": 12.18, "value": 12.18, "lat": 15.5, "lon": 83.25}}, {"type": "Feature", "geometry": {"type": "Polygon", "coordinates": [[[83.375, 15.375], [83.625, 15.375], [83.625, 15.625], [83.375, 15.625], [83.375, 15.375]]]}, "properties": {"time": "2013-10-12T12:00:00", "variable": "ws", "tier": "low", "percentile": 100.0, "z": 4.05, "wind_ms": 12.57, "value": 12.57, "lat": 15.5, "lon": 83.5}}, {"type": "Feature", "geometry": {"type": "Polygon", "coordinates": [[[83.625, 15.375], [83.875, 15.375], [83.875, 15.625], [83.625, 15.625], [83.625, 15.375]]]}, "properties": {"time": "2013-10-12T12:00:00", "variable": "ws", "tier": "low", "percentile": 100.0, "z": 4.0, "wind_ms": 12.96, "value": 12.96, "lat": 15.5, "lon": 83.75}}, {"type": "Feature", "geometry": {"type": "Polygon", "coordinates": [[[83.875, 15.375], [84.125, 15.375], [84.125, 15.625], [83.875, 15.625], [83.875, 15.375]]]}, "properties": {"time": "2013-10-12T12:00:00", "variable": "ws", "tier": "low", "percentile": 100.0, "z": 3.87, "wind_ms": 13.06, "value": 13.06, "lat": 15.5, "lon": 84.0}}, {"type": "Feature", "geometry": {"type": "Polygon", "coordinates": [[[84.125, 15.375], [84.375, 15.375], [84.375, 15.625], [84.125, 15.625], [84.125, 15.375]]]}, "properties": {"time": "2013-10-12T12:00:00", "variable": "ws", "tier": "low", "percentile": 100.0, "z": 3.91, "wind_ms": 13.48, "value": 13.48, "lat": 15.5, "lon": 84.25}}, {"type": "Feature", "geometry": {"type": "Polygon", "coordinates": [[[84.375, 15.375], [84.625, 15.375], [84.625, 15.625], [84.375, 15.625], [84.375, 15.375]]]}, "properties": {"time": "2013-10-12T12:00:00", "variable": "ws", "tier": "low", "percentile": 100.0, "z": 4.08, "wind_ms": 14.23, "value": 14.23, "lat": 15.5, "lon": 84.5}}, {"type": "Feature", "geometry": {"type": "Polygon", "coordinates": [[[84.625, 15.375], [84.875, 15.375], [84.875, 15.625], [84.625, 15.625], [84.625, 15.375]]]}, "properties": {"time": "2013-10-12T12:00:00", "variable": "ws", "tier": "low", "percentile": 100.0, "z": 4.11, "wind_ms": 14.58, "value": 14.58, "lat": 15.5, "lon": 84.75}}, {"type": "Feature", "geometry": {"type": "Polygon", "coordinates": [[[84.875, 15.375], [85.125, 15.375], [85.125, 15.625], [84.875, 15.625], [84.875, 15.375]]]}, "properties": {"time": "2013-10-12T12:00:00", "variable": "ws", "tier": "low", "percentile": 100.0, "z": 4.1, "wind_ms": 14.79, "value": 14.79, "lat": 15.5, "lon": 85.0}}, {"type": "Feature", "geometry": {"type": "Polygon", "coordinates": [[[85.125, 15.375], [85.375, 15.375], [85.375, 15.625], [85.125, 15.625], [85.125, 15.375]]]}, "properties": {"time": "2013-10-12T12:00:00", "variable": "ws", "tier": "low", "percentile": 100.0, "z": 4.06, "wind_ms": 14.8, "value": 14.8, "lat": 15.5, "lon": 85.25}}, {"type": "Feature", "geometry": {"type": "Polygon", "coordinates": [[[85.375, 15.375], [85.625, 15.375], [85.625, 15.625], [85.375, 15.625], [85.375, 15.375]]]}, "properties": {"time": "2013-10-12T12:00:00", "variable": "ws", "tier": "low", "percentile": 100.0, "z": 4.01, "wind_ms": 14.81, "value": 14.81, "lat": 15.5, "lon": 85.5}}, {"type": "Feature", "geometry": {"type": "Polygon", "coordinates": [[[85.625, 15.375], [85.875, 15.375], [85.875, 15.625], [85.625, 15.625], [85.625, 15.375]]]}, "properties": {"time": "2013-10-12T12:00:00", "variable": "ws", "tier": "low", "percentile": 100.0, "z": 3.94, "wind_ms": 14.59, "value": 14.59, "lat": 15.5, "lon": 85.75}}, {"type": "Feature", "geometry": {"type": "Polygon", "coordinates": [[[85.875, 15.375], [86.125, 15.375], [86.125, 15.625], [85.875, 15.625], [85.875, 15.375]]]}, "properties": {"time": "2013-10-12T12:00:00", "variable": "ws", "tier": "low", "percentile": 100.0, "z": 3.99, "wind_ms": 14.39, "value": 14.39, "lat": 15.5, "lon": 86.0}}, {"type": "Feature", "geometry": {"type": "Polygon", "coordinates": [[[86.125, 15.375], [86.375, 15.375], [86.375, 15.625], [86.125, 15.625], [86.125, 15.375]]]}, "properties": {"time": "2013-10-12T12:00:00", "variable": "ws", "tier": "low", "percentile": 100.0, "z": 4.1, "wind_ms": 14.23, "value": 14.23, "lat": 15.5, "lon": 86.25}}, {"type": "Feature", "geometry": {"type": "Polygon", "coordinates": [[[86.375, 15.375], [86.625, 15.375], [86.625, 15.625], [86.375, 15.625], [86.375, 15.375]]]}, "properties": {"time": "2013-10-12T12:00:00", "variable": "ws", "tier": "low", "percentile": 100.0, "z": 4.28, "wind_ms": 14.39, "value": 14.39, "lat": 15.5, "lon": 86.5}}, {"type": "Feature", "geometry": {"type": "Polygon", "coordinates": [[[86.625, 15.375], [86.875, 15.375], [86.875, 15.625], [86.625, 15.625], [86.625, 15.375]]]}, "properties": {"time": "2013-10-12T12:00:00", "variable": "ws", "tier": "low", "percentile": 100.0, "z": 4.29, "wind_ms": 14.33, "value": 14.33, "lat": 15.5, "lon": 86.75}}, {"type": "Feature", "geometry": {"type": "Polygon", "coordinates": [[[86.875, 15.375], [87.125, 15.375], [87.125, 15.625], [86.875, 15.625], [86.875, 15.375]]]}, "properties": {"time": "2013-10-12T12:00:00", "variable": "ws", "tier": "low", "percentile": 100.0, "z": 4.18, "wind_ms": 14.06, "value": 14.06, "lat": 15.5, "lon": 87.0}}, {"type": "Feature", "geometry": {"type": "Polygon", "coordinates": [[[87.125, 15.375], [87.375, 15.375], [87.375, 15.625], [87.125, 15.625], [87.125, 15.375]]]}, "properties": {"time": "2013-10-12T12:00:00", "variable": "ws", "tier": "low", "percentile": 100.0, "z": 4.05, "wind_ms": 13.93, "value": 13.93, "lat": 15.5, "lon": 87.25}}, {"type": "Feature", "geometry": {"type": "Polygon", "coordinates": [[[87.375, 15.375], [87.625, 15.375], [87.625, 15.625], [87.375, 15.625], [87.375, 15.375]]]}, "properties": {"time": "2013-10-12T12:00:00", "variable": "ws", "tier": "low", "percentile": 100.0, "z": 4.03, "wind_ms": 13.97, "value": 13.97, "lat": 15.5, "lon": 87.5}}, {"type": "Feature", "geometry": {"type": "Polygon", "coordinates": [[[87.625, 15.375], [87.875, 15.375], [87.875, 15.625], [87.625, 15.625], [87.625, 15.375]]]}, "properties": {"time": "2013-10-12T12:00:00", "variable": "ws", "tier": "low", "percentile": 99.2, "z": 3.87, "wind_ms": 13.7, "value": 13.7, "lat": 15.5, "lon": 87.75}}, {"type": "Feature", "geometry": {"type": "Polygon", "coordinates": [[[87.875, 15.375], [88.125, 15.375], [88.125, 15.625], [87.875, 15.625], [87.875, 15.375]]]}, "properties": {"time": "2013-10-12T12:00:00", "variable": "ws", "tier": "low", "percentile": 99.2, "z": 3.9, "wind_ms": 13.73, "value": 13.73, "lat": 15.5, "lon": 88.0}}, {"type": "Feature", "geometry": {"type": "Polygon", "coordinates": [[[88.125, 15.375], [88.375, 15.375], [88.375, 15.625], [88.125, 15.625], [88.125, 15.375]]]}, "properties": {"time": "2013-10-12T12:00:00", "variable": "ws", "tier": "low", "percentile": 99.2, "z": 3.78, "wind_ms": 13.45, "value": 13.45, "lat": 15.5, "lon": 88.25}}, {"type": "Feature", "geometry": {"type": "Polygon", "coordinates": [[[88.375, 15.375], [88.625, 15.375], [88.625, 15.625], [88.375, 15.625], [88.375, 15.375]]]}, "properties": {"time": "2013-10-12T12:00:00", "variable": "ws", "tier": "low", "percentile": 99.2, "z": 3.51, "wind_ms": 12.83, "value": 12.83, "lat": 15.5, "lon": 88.5}}, {"type": "Feature", "geometry": {"type": "Polygon", "coordinates": [[[88.625, 15.375], [88.875, 15.375], [88.875, 15.625], [88.625, 15.625], [88.625, 15.375]]]}, "properties": {"time": "2013-10-12T12:00:00", "variable": "ws", "tier": "low", "percentile": 99.2, "z": 3.34, "wind_ms": 12.44, "value": 12.44, "lat": 15.5, "lon": 88.75}}, {"type": "Feature", "geometry": {"type": "Polygon", "coordinates": [[[88.875, 15.375], [89.125, 15.375], [89.125, 15.625], [88.875, 15.625], [88.875, 15.375]]]}, "properties": {"time": "2013-10-12T12:00:00", "variable": "ws", "tier": "low", "percentile": 99.2, "z": 3.12, "wind_ms": 11.97, "value": 11.97, "lat": 15.5, "lon": 89.0}}, {"type": "Feature", "geometry": {"type": "Polygon", "coordinates": [[[89.125, 15.375], [89.375, 15.375], [89.375, 15.625], [89.125, 15.625], [89.125, 15.375]]]}, "properties": {"time": "2013-10-12T12:00:00", "variable": "ws", "tier": "low", "percentile": 99.2, "z": 2.94, "wind_ms": 11.51, "value": 11.51, "lat": 15.5, "lon": 89.25}}, {"type": "Feature", "geometry": {"type": "Polygon", "coordinates": [[[82.875, 15.625], [83.125, 15.625], [83.125, 15.875], [82.875, 15.875], [82.875, 15.625]]]}, "properties": {"time": "2013-10-12T12:00:00", "variable": "ws", "tier": "low", "percentile": 100.0, "z": 4.53, "wind_ms": 12.05, "value": 12.05, "lat": 15.75, "lon": 83.0}}, {"type": "Feature", "geometry": {"type": "Polygon", "coordinates": [[[83.125, 15.625], [83.375, 15.625], [83.375, 15.875], [83.125, 15.875], [83.125, 15.625]]]}, "properties": {"time": "2013-10-12T12:00:00", "variable": "ws", "tier": "low", "percentile": 100.0, "z": 4.35, "wind_ms": 12.46, "value": 12.46, "lat": 15.75, "lon": 83.25}}, {"type": "Feature", "geometry": {"type": "Polygon", "coordinates": [[[83.375, 15.625], [83.625, 15.625], [83.625, 15.875], [83.375, 15.875], [83.375, 15.625]]]}, "properties": {"time": "2013-10-12T12:00:00", "variable": "ws", "tier": "low", "percentile": 100.0, "z": 4.23, "wind_ms": 12.85, "value": 12.85, "lat": 15.75, "lon": 83.5}}, {"type": "Feature", "geometry": {"type": "Polygon", "coordinates": [[[83.625, 15.625], [83.875, 15.625], [83.875, 15.875], [83.625, 15.875], [83.625, 15.625]]]}, "properties": {"time": "2013-10-12T12:00:00", "variable": "ws", "tier": "low", "percentile": 100.0, "z": 4.13, "wind_ms": 13.14, "value": 13.14, "lat": 15.75, "lon": 83.75}}, {"type": "Feature", "geometry": {"type": "Polygon", "coordinates": [[[83.875, 15.625], [84.125, 15.625], [84.125, 15.875], [83.875, 15.875], [83.875, 15.625]]]}, "properties": {"time": "2013-10-12T12:00:00", "variable": "ws", "tier": "low", "percentile": 100.0, "z": 3.98, "wind_ms": 13.27, "value": 13.27, "lat": 15.75, "lon": 84.0}}, {"type": "Feature", "geometry": {"type": "Polygon", "coordinates": [[[84.125, 15.625], [84.375, 15.625], [84.375, 15.875], [84.125, 15.875], [84.125, 15.625]]]}, "properties": {"time": "2013-10-12T12:00:00", "variable": "ws", "tier": "low", "percentile": 100.0, "z": 3.94, "wind_ms": 13.57, "value": 13.57, "lat": 15.75, "lon": 84.25}}, {"type": "Feature", "geometry": {"type": "Polygon", "coordinates": [[[84.375, 15.625], [84.625, 15.625], [84.625, 15.875], [84.375, 15.875], [84.375, 15.625]]]}, "properties": {"time": "2013-10-12T12:00:00", "variable": "ws", "tier": "low", "percentile": 100.0, "z": 4.1, "wind_ms": 14.32, "value": 14.32, "lat": 15.75, "lon": 84.5}}, {"type": "Feature", "geometry": {"type": "Polygon", "coordinates": [[[84.625, 15.625], [84.875, 15.625], [84.875, 15.875], [84.625, 15.875], [84.625, 15.625]]]}, "properties": {"time": "2013-10-12T12:00:00", "variable": "ws", "tier": "low", "percentile": 100.0, "z": 4.2, "wind_ms": 14.97, "value": 14.97, "lat": 15.75, "lon": 84.75}}, {"type": "Feature", "geometry": {"type": "Polygon", "coordinates": [[[84.875, 15.625], [85.125, 15.625], [85.125, 15.875], [84.875, 15.875], [84.875, 15.625]]]}, "properties": {"time": "2013-10-12T12:00:00", "variable": "ws", "tier": "low", "percentile": 100.0, "z": 4.21, "wind_ms": 15.25, "value": 15.25, "lat": 15.75, "lon": 85.0}}, {"type": "Feature", "geometry": {"type": "Polygon", "coordinates": [[[85.125, 15.625], [85.375, 15.625], [85.375, 15.875], [85.125, 15.875], [85.125, 15.625]]]}, "properties": {"time": "2013-10-12T12:00:00", "variable": "ws", "tier": "low", "percentile": 100.0, "z": 4.25, "wind_ms": 15.55, "value": 15.55, "lat": 15.75, "lon": 85.25}}, {"type": "Feature", "geometry": {"type": "Polygon", "coordinates": [[[85.375, 15.625], [85.625, 15.625], [85.625, 15.875], [85.375, 15.875], [85.375, 15.625]]]}, "properties": {"time": "2013-10-12T12:00:00", "variable": "ws", "tier": "low", "percentile": 100.0, "z": 4.21, "wind_ms": 15.56, "value": 15.56, "lat": 15.75, "lon": 85.5}}, {"type": "Feature", "geometry": {"type": "Polygon", "coordinates": [[[85.625, 15.625], [85.875, 15.625], [85.875, 15.875], [85.625, 15.875], [85.625, 15.625]]]}, "properties": {"time": "2013-10-12T12:00:00", "variable": "ws", "tier": "low", "percentile": 100.0, "z": 4.11, "wind_ms": 15.3, "value": 15.3, "lat": 15.75, "lon": 85.75}}, {"type": "Feature", "geometry": {"type": "Polygon", "coordinates": [[[85.875, 15.625], [86.125, 15.625], [86.125, 15.875], [85.875, 15.875], [85.875, 15.625]]]}, "properties": {"time": "2013-10-12T12:00:00", "variable": "ws", "tier": "low", "percentile": 100.0, "z": 4.09, "wind_ms": 14.99, "value": 14.99, "lat": 15.75, "lon": 86.0}}, {"type": "Feature", "geometry": {"type": "Polygon", "coordinates": [[[86.125, 15.625], [86.375, 15.625], [86.375, 15.875], [86.125, 15.875], [86.125, 15.625]]]}, "properties": {"time": "2013-10-12T12:00:00", "variable": "ws", "tier": "low", "percentile": 100.0, "z": 4.2, "wind_ms": 14.87, "value": 14.87, "lat": 15.75, "lon": 86.25}}, {"type": "Feature", "geometry": {"type": "Polygon", "coordinates": [[[86.375, 15.625], [86.625, 15.625], [86.625, 15.875], [86.375, 15.875], [86.375, 15.625]]]}, "properties": {"time": "2013-10-12T12:00:00", "variable": "ws", "tier": "low", "percentile": 100.0, "z": 4.29, "wind_ms": 14.85, "value": 14.85, "lat": 15.75, "lon": 86.5}}, {"type": "Feature", "geometry": {"type": "Polygon", "coordinates": [[[86.625, 15.625], [86.875, 15.625], [86.875, 15.875], [86.625, 15.875], [86.625, 15.625]]]}, "properties": {"time": "2013-10-12T12:00:00", "variable": "ws", "tier": "low", "percentile": 100.0, "z": 4.32, "wind_ms": 14.81, "value": 14.81, "lat": 15.75, "lon": 86.75}}, {"type": "Feature", "geometry": {"type": "Polygon", "coordinates": [[[86.875, 15.625], [87.125, 15.625], [87.125, 15.875], [86.875, 15.875], [86.875, 15.625]]]}, "properties": {"time": "2013-10-12T12:00:00", "variable": "ws", "tier": "low", "percentile": 100.0, "z": 4.3, "wind_ms": 14.78, "value": 14.78, "lat": 15.75, "lon": 87.0}}, {"type": "Feature", "geometry": {"type": "Polygon", "coordinates": [[[87.125, 15.625], [87.375, 15.625], [87.375, 15.875], [87.125, 15.875], [87.125, 15.625]]]}, "properties": {"time": "2013-10-12T12:00:00", "variable": "ws", "tier": "low", "percentile": 100.0, "z": 4.21, "wind_ms": 14.7, "value": 14.7, "lat": 15.75, "lon": 87.25}}, {"type": "Feature", "geometry": {"type": "Polygon", "coordinates": [[[87.375, 15.625], [87.625, 15.625], [87.625, 15.875], [87.375, 15.875], [87.375, 15.625]]]}, "properties": {"time": "2013-10-12T12:00:00", "variable": "ws", "tier": "low", "percentile": 100.0, "z": 4.05, "wind_ms": 14.28, "value": 14.28, "lat": 15.75, "lon": 87.5}}, {"type": "Feature", "geometry": {"type": "Polygon", "coordinates": [[[87.625, 15.625], [87.875, 15.625], [87.875, 15.875], [87.625, 15.875], [87.625, 15.625]]]}, "properties": {"time": "2013-10-12T12:00:00", "variable": "ws", "tier": "low", "percentile": 99.2, "z": 3.96, "wind_ms": 14.09, "value": 14.09, "lat": 15.75, "lon": 87.75}}, {"type": "Feature", "geometry": {"type": "Polygon", "coordinates": [[[87.875, 15.625], [88.125, 15.625], [88.125, 15.875], [87.875, 15.875], [87.875, 15.625]]]}, "properties": {"time": "2013-10-12T12:00:00", "variable": "ws", "tier": "low", "percentile": 99.2, "z": 4.08, "wind_ms": 14.24, "value": 14.24, "lat": 15.75, "lon": 88.0}}, {"type": "Feature", "geometry": {"type": "Polygon", "coordinates": [[[88.125, 15.625], [88.375, 15.625], [88.375, 15.875], [88.125, 15.875], [88.125, 15.625]]]}, "properties": {"time": "2013-10-12T12:00:00", "variable": "ws", "tier": "low", "percentile": 99.2, "z": 3.89, "wind_ms": 13.69, "value": 13.69, "lat": 15.75, "lon": 88.25}}, {"type": "Feature", "geometry": {"type": "Polygon", "coordinates": [[[88.375, 15.625], [88.625, 15.625], [88.625, 15.875], [88.375, 15.875], [88.375, 15.625]]]}, "properties": {"time": "2013-10-12T12:00:00", "variable": "ws", "tier": "low", "percentile": 99.2, "z": 3.65, "wind_ms": 13.14, "value": 13.14, "lat": 15.75, "lon": 88.5}}, {"type": "Feature", "geometry": {"type": "Polygon", "coordinates": [[[88.625, 15.625], [88.875, 15.625], [88.875, 15.875], [88.625, 15.875], [88.625, 15.625]]]}, "properties": {"time": "2013-10-12T12:00:00", "variable": "ws", "tier": "low", "percentile": 99.2, "z": 3.46, "wind_ms": 12.7, "value": 12.7, "lat": 15.75, "lon": 88.75}}, {"type": "Feature", "geometry": {"type": "Polygon", "coordinates": [[[88.875, 15.625], [89.125, 15.625], [89.125, 15.875], [88.875, 15.875], [88.875, 15.625]]]}, "properties": {"time": "2013-10-12T12:00:00", "variable": "ws", "tier": "low", "percentile": 100.0, "z": 3.27, "wind_ms": 12.24, "value": 12.24, "lat": 15.75, "lon": 89.0}}, {"type": "Feature", "geometry": {"type": "Polygon", "coordinates": [[[89.125, 15.625], [89.375, 15.625], [89.375, 15.875], [89.125, 15.875], [89.125, 15.625]]]}, "properties": {"time": "2013-10-12T12:00:00", "variable": "ws", "tier": "low", "percentile": 99.2, "z": 3.02, "wind_ms": 11.64, "value": 11.64, "lat": 15.75, "lon": 89.25}}, {"type": "Feature", "geometry": {"type": "Polygon", "coordinates": [[[82.875, 15.875], [83.125, 15.875], [83.125, 16.125], [82.875, 16.125], [82.875, 15.875]]]}, "properties": {"time": "2013-10-12T12:00:00", "variable": "ws", "tier": "low", "percentile": 100.0, "z": 4.6, "wind_ms": 12.26, "value": 12.26, "lat": 16.0, "lon": 83.0}}, {"type": "Feature", "geometry": {"type": "Polygon", "coordinates": [[[83.125, 15.875], [83.375, 15.875], [83.375, 16.125], [83.125, 16.125], [83.125, 15.875]]]}, "properties": {"time": "2013-10-12T12:00:00", "variable": "ws", "tier": "low", "percentile": 100.0, "z": 4.5, "wind_ms": 12.69, "value": 12.69, "lat": 16.0, "lon": 83.25}}, {"type": "Feature", "geometry": {"type": "Polygon", "coordinates": [[[83.375, 15.875], [83.625, 15.875], [83.625, 16.125], [83.375, 16.125], [83.375, 15.875]]]}, "properties": {"time": "2013-10-12T12:00:00", "variable": "ws", "tier": "low", "percentile": 100.0, "z": 4.39, "wind_ms": 13.14, "value": 13.14, "lat": 16.0, "lon": 83.5}}, {"type": "Feature", "geometry": {"type": "Polygon", "coordinates": [[[83.625, 15.875], [83.875, 15.875], [83.875, 16.125], [83.625, 16.125], [83.625, 15.875]]]}, "properties": {"time": "2013-10-12T12:00:00", "variable": "ws", "tier": "low", "percentile": 100.0, "z": 4.27, "wind_ms": 13.43, "value": 13.43, "lat": 16.0, "lon": 83.75}}, {"type": "Feature", "geometry": {"type": "Polygon", "coordinates": [[[83.875, 15.875], [84.125, 15.875], [84.125, 16.125], [83.875, 16.125], [83.875, 15.875]]]}, "properties": {"time": "2013-10-12T12:00:00", "variable": "ws", "tier": "low", "percentile": 100.0, "z": 4.12, "wind_ms": 13.69, "value": 13.69, "lat": 16.0, "lon": 84.0}}, {"type": "Feature", "geometry": {"type": "Polygon", "coordinates": [[[84.125, 15.875], [84.375, 15.875], [84.375, 16.125], [84.125, 16.125], [84.125, 15.875]]]}, "properties": {"time": "2013-10-12T12:00:00", "variable": "ws", "tier": "low", "percentile": 100.0, "z": 4.07, "wind_ms": 13.99, "value": 13.99, "lat": 16.0, "lon": 84.25}}, {"type": "Feature", "geometry": {"type": "Polygon", "coordinates": [[[84.375, 15.875], [84.625, 15.875], [84.625, 16.125], [84.375, 16.125], [84.375, 15.875]]]}, "properties": {"time": "2013-10-12T12:00:00", "variable": "ws", "tier": "low", "percentile": 100.0, "z": 4.05, "wind_ms": 14.37, "value": 14.37, "lat": 16.0, "lon": 84.5}}, {"type": "Feature", "geometry": {"type": "Polygon", "coordinates": [[[84.625, 15.875], [84.875, 15.875], [84.875, 16.125], [84.625, 16.125], [84.625, 15.875]]]}, "properties": {"time": "2013-10-12T12:00:00", "variable": "ws", "tier": "low", "percentile": 100.0, "z": 4.17, "wind_ms": 15.03, "value": 15.03, "lat": 16.0, "lon": 84.75}}, {"type": "Feature", "geometry": {"type": "Polygon", "coordinates": [[[84.875, 15.875], [85.125, 15.875], [85.125, 16.125], [84.875, 16.125], [84.875, 15.875]]]}, "properties": {"time": "2013-10-12T12:00:00", "variable": "ws", "tier": "low", "percentile": 100.0, "z": 4.34, "wind_ms": 15.68, "value": 15.68, "lat": 16.0, "lon": 85.0}}, {"type": "Feature", "geometry": {"type": "Polygon", "coordinates": [[[85.125, 15.875], [85.375, 15.875], [85.375, 16.125], [85.125, 16.125], [85.125, 15.875]]]}, "properties": {"time": "2013-10-12T12:00:00", "variable": "ws", "tier": "low", "percentile": 100.0, "z": 4.44, "wind_ms": 16.13, "value": 16.13, "lat": 16.0, "lon": 85.25}}, {"type": "Feature", "geometry": {"type": "Polygon", "coordinates": [[[85.375, 15.875], [85.625, 15.875], [85.625, 16.125], [85.375, 16.125], [85.375, 15.875]]]}, "properties": {"time": "2013-10-12T12:00:00", "variable": "ws", "tier": "low", "percentile": 100.0, "z": 4.39, "wind_ms": 16.2, "value": 16.2, "lat": 16.0, "lon": 85.5}}, {"type": "Feature", "geometry": {"type": "Polygon", "coordinates": [[[85.625, 15.875], [85.875, 15.875], [85.875, 16.125], [85.625, 16.125], [85.625, 15.875]]]}, "properties": {"time": "2013-10-12T12:00:00", "variable": "ws", "tier": "low", "percentile": 100.0, "z": 4.3, "wind_ms": 15.97, "value": 15.97, "lat": 16.0, "lon": 85.75}}, {"type": "Feature", "geometry": {"type": "Polygon", "coordinates": [[[85.875, 15.875], [86.125, 15.875], [86.125, 16.125], [85.875, 16.125], [85.875, 15.875]]]}, "properties": {"time": "2013-10-12T12:00:00", "variable": "ws", "tier": "low", "percentile": 100.0, "z": 4.25, "wind_ms": 15.68, "value": 15.68, "lat": 16.0, "lon": 86.0}}, {"type": "Feature", "geometry": {"type": "Polygon", "coordinates": [[[86.125, 15.875], [86.375, 15.875], [86.375, 16.125], [86.125, 16.125], [86.125, 15.875]]]}, "properties": {"time": "2013-10-12T12:00:00", "variable": "ws", "tier": "low", "percentile": 100.0, "z": 4.3, "wind_ms": 15.62, "value": 15.62, "lat": 16.0, "lon": 86.25}}, {"type": "Feature", "geometry": {"type": "Polygon", "coordinates": [[[86.375, 15.875], [86.625, 15.875], [86.625, 16.125], [86.375, 16.125], [86.375, 15.875]]]}, "properties": {"time": "2013-10-12T12:00:00", "variable": "ws", "tier": "low", "percentile": 100.0, "z": 4.39, "wind_ms": 15.61, "value": 15.61, "lat": 16.0, "lon": 86.5}}, {"type": "Feature", "geometry": {"type": "Polygon", "coordinates": [[[86.625, 15.875], [86.875, 15.875], [86.875, 16.125], [86.625, 16.125], [86.625, 15.875]]]}, "properties": {"time": "2013-10-12T12:00:00", "variable": "ws", "tier": "low", "percentile": 100.0, "z": 4.44, "wind_ms": 15.58, "value": 15.58, "lat": 16.0, "lon": 86.75}}, {"type": "Feature", "geometry": {"type": "Polygon", "coordinates": [[[86.875, 15.875], [87.125, 15.875], [87.125, 16.125], [86.875, 16.125], [86.875, 15.875]]]}, "properties": {"time": "2013-10-12T12:00:00", "variable": "ws", "tier": "low", "percentile": 100.0, "z": 4.44, "wind_ms": 15.57, "value": 15.57, "lat": 16.0, "lon": 87.0}}, {"type": "Feature", "geometry": {"type": "Polygon", "coordinates": [[[87.125, 15.875], [87.375, 15.875], [87.375, 16.125], [87.125, 16.125], [87.125, 15.875]]]}, "properties": {"time": "2013-10-12T12:00:00", "variable": "ws", "tier": "low", "percentile": 100.0, "z": 4.36, "wind_ms": 15.4, "value": 15.4, "lat": 16.0, "lon": 87.25}}, {"type": "Feature", "geometry": {"type": "Polygon", "coordinates": [[[87.375, 15.875], [87.625, 15.875], [87.625, 16.125], [87.375, 16.125], [87.375, 15.875]]]}, "properties": {"time": "2013-10-12T12:00:00", "variable": "ws", "tier": "low", "percentile": 100.0, "z": 4.15, "wind_ms": 14.82, "value": 14.82, "lat": 16.0, "lon": 87.5}}, {"type": "Feature", "geometry": {"type": "Polygon", "coordinates": [[[87.625, 15.875], [87.875, 15.875], [87.875, 16.125], [87.625, 16.125], [87.625, 15.875]]]}, "properties": {"time": "2013-10-12T12:00:00", "variable": "ws", "tier": "low", "percentile": 100.0, "z": 4.06, "wind_ms": 14.53, "value": 14.53, "lat": 16.0, "lon": 87.75}}, {"type": "Feature", "geometry": {"type": "Polygon", "coordinates": [[[87.875, 15.875], [88.125, 15.875], [88.125, 16.125], [87.875, 16.125], [87.875, 15.875]]]}, "properties": {"time": "2013-10-12T12:00:00", "variable": "ws", "tier": "low", "percentile": 100.0, "z": 4.16, "wind_ms": 14.6, "value": 14.6, "lat": 16.0, "lon": 88.0}}, {"type": "Feature", "geometry": {"type": "Polygon", "coordinates": [[[88.125, 15.875], [88.375, 15.875], [88.375, 16.125], [88.125, 16.125], [88.125, 15.875]]]}, "properties": {"time": "2013-10-12T12:00:00", "variable": "ws", "tier": "low", "percentile": 100.0, "z": 3.93, "wind_ms": 13.86, "value": 13.86, "lat": 16.0, "lon": 88.25}}, {"type": "Feature", "geometry": {"type": "Polygon", "coordinates": [[[88.375, 15.875], [88.625, 15.875], [88.625, 16.125], [88.375, 16.125], [88.375, 15.875]]]}, "properties": {"time": "2013-10-12T12:00:00", "variable": "ws", "tier": "low", "percentile": 100.0, "z": 3.64, "wind_ms": 13.1, "value": 13.1, "lat": 16.0, "lon": 88.5}}, {"type": "Feature", "geometry": {"type": "Polygon", "coordinates": [[[88.625, 15.875], [88.875, 15.875], [88.875, 16.125], [88.625, 16.125], [88.625, 15.875]]]}, "properties": {"time": "2013-10-12T12:00:00", "variable": "ws", "tier": "low", "percentile": 100.0, "z": 3.47, "wind_ms": 12.7, "value": 12.7, "lat": 16.0, "lon": 88.75}}, {"type": "Feature", "geometry": {"type": "Polygon", "coordinates": [[[88.875, 15.875], [89.125, 15.875], [89.125, 16.125], [88.875, 16.125], [88.875, 15.875]]]}, "properties": {"time": "2013-10-12T12:00:00", "variable": "ws", "tier": "low", "percentile": 100.0, "z": 3.36, "wind_ms": 12.4, "value": 12.4, "lat": 16.0, "lon": 89.0}}, {"type": "Feature", "geometry": {"type": "Polygon", "coordinates": [[[89.125, 15.875], [89.375, 15.875], [89.375, 16.125], [89.125, 16.125], [89.125, 15.875]]]}, "properties": {"time": "2013-10-12T12:00:00", "variable": "ws", "tier": "low", "percentile": 100.0, "z": 3.12, "wind_ms": 11.81, "value": 11.81, "lat": 16.0, "lon": 89.25}}, {"type": "Feature", "geometry": {"type": "Polygon", "coordinates": [[[82.875, 16.125], [83.125, 16.125], [83.125, 16.375], [82.875, 16.375], [82.875, 16.125]]]}, "properties": {"time": "2013-10-12T12:00:00", "variable": "ws", "tier": "low", "percentile": 100.0, "z": 4.64, "wind_ms": 12.49, "value": 12.49, "lat": 16.25, "lon": 83.0}}, {"type": "Feature", "geometry": {"type": "Polygon", "coordinates": [[[83.125, 16.125], [83.375, 16.125], [83.375, 16.375], [83.125, 16.375], [83.125, 16.125]]]}, "properties": {"time": "2013-10-12T12:00:00", "variable": "ws", "tier": "low", "percentile": 100.0, "z": 4.6, "wind_ms": 12.92, "value": 12.92, "lat": 16.25, "lon": 83.25}}, {"type": "Feature", "geometry": {"type": "Polygon", "coordinates": [[[83.375, 16.125], [83.625, 16.125], [83.625, 16.375], [83.375, 16.375], [83.375, 16.125]]]}, "properties": {"time": "2013-10-12T12:00:00", "variable": "ws", "tier": "low", "percentile": 100.0, "z": 4.49, "wind_ms": 13.4, "value": 13.4, "lat": 16.25, "lon": 83.5}}, {"type": "Feature", "geometry": {"type": "Polygon", "coordinates": [[[83.625, 16.125], [83.875, 16.125], [83.875, 16.375], [83.625, 16.375], [83.625, 16.125]]]}, "properties": {"time": "2013-10-12T12:00:00", "variable": "ws", "tier": "low", "percentile": 100.0, "z": 4.34, "wind_ms": 13.78, "value": 13.78, "lat": 16.25, "lon": 83.75}}, {"type": "Feature", "geometry": {"type": "Polygon", "coordinates": [[[83.875, 16.125], [84.125, 16.125], [84.125, 16.375], [83.875, 16.375], [83.875, 16.125]]]}, "properties": {"time": "2013-10-12T12:00:00", "variable": "ws", "tier": "low", "percentile": 100.0, "z": 4.19, "wind_ms": 14.08, "value": 14.08, "lat": 16.25, "lon": 84.0}}, {"type": "Feature", "geometry": {"type": "Polygon", "coordinates": [[[84.125, 16.125], [84.375, 16.125], [84.375, 16.375], [84.125, 16.375], [84.125, 16.125]]]}, "properties": {"time": "2013-10-12T12:00:00", "variable": "ws", "tier": "low", "percentile": 100.0, "z": 4.14, "wind_ms": 14.52, "value": 14.52, "lat": 16.25, "lon": 84.25}}, {"type": "Feature", "geometry": {"type": "Polygon", "coordinates": [[[84.375, 16.125], [84.625, 16.125], [84.625, 16.375], [84.375, 16.375], [84.375, 16.125]]]}, "properties": {"time": "2013-10-12T12:00:00", "variable": "ws", "tier": "low", "percentile": 100.0, "z": 4.13, "wind_ms": 14.91, "value": 14.91, "lat": 16.25, "lon": 84.5}}, {"type": "Feature", "geometry": {"type": "Polygon", "coordinates": [[[84.625, 16.125], [84.875, 16.125], [84.875, 16.375], [84.625, 16.375], [84.625, 16.125]]]}, "properties": {"time": "2013-10-12T12:00:00", "variable": "ws", "tier": "low", "percentile": 100.0, "z": 4.16, "wind_ms": 15.3, "value": 15.3, "lat": 16.25, "lon": 84.75}}, {"type": "Feature", "geometry": {"type": "Polygon", "coordinates": [[[84.875, 16.125], [85.125, 16.125], [85.125, 16.375], [84.875, 16.375], [84.875, 16.125]]]}, "properties": {"time": "2013-10-12T12:00:00", "variable": "ws", "tier": "low", "percentile": 100.0, "z": 4.39, "wind_ms": 15.97, "value": 15.97, "lat": 16.25, "lon": 85.0}}, {"type": "Feature", "geometry": {"type": "Polygon", "coordinates": [[[85.125, 16.125], [85.375, 16.125], [85.375, 16.375], [85.125, 16.375], [85.125, 16.125]]]}, "properties": {"time": "2013-10-12T12:00:00", "variable": "ws", "tier": "low", "percentile": 100.0, "z": 4.57, "wind_ms": 16.61, "value": 16.61, "lat": 16.25, "lon": 85.25}}, {"type": "Feature", "geometry": {"type": "Polygon", "coordinates": [[[85.375, 16.125], [85.625, 16.125], [85.625, 16.375], [85.375, 16.375], [85.375, 16.125]]]}, "properties": {"time": "2013-10-12T12:00:00", "variable": "ws", "tier": "low", "percentile": 100.0, "z": 4.57, "wind_ms": 16.79, "value": 16.79, "lat": 16.25, "lon": 85.5}}, {"type": "Feature", "geometry": {"type": "Polygon", "coordinates": [[[85.625, 16.125], [85.875, 16.125], [85.875, 16.375], [85.625, 16.375], [85.625, 16.125]]]}, "properties": {"time": "2013-10-12T12:00:00", "variable": "ws", "tier": "low", "percentile": 100.0, "z": 4.56, "wind_ms": 16.81, "value": 16.81, "lat": 16.25, "lon": 85.75}}, {"type": "Feature", "geometry": {"type": "Polygon", "coordinates": [[[85.875, 16.125], [86.125, 16.125], [86.125, 16.375], [85.875, 16.375], [85.875, 16.125]]]}, "properties": {"time": "2013-10-12T12:00:00", "variable": "ws", "tier": "low", "percentile": 100.0, "z": 4.51, "wind_ms": 16.7, "value": 16.7, "lat": 16.25, "lon": 86.0}}, {"type": "Feature", "geometry": {"type": "Polygon", "coordinates": [[[86.125, 16.125], [86.375, 16.125], [86.375, 16.375], [86.125, 16.375], [86.125, 16.125]]]}, "properties": {"time": "2013-10-12T12:00:00", "variable": "ws", "tier": "low", "percentile": 100.0, "z": 4.53, "wind_ms": 16.61, "value": 16.61, "lat": 16.25, "lon": 86.25}}, {"type": "Feature", "geometry": {"type": "Polygon", "coordinates": [[[86.375, 16.125], [86.625, 16.125], [86.625, 16.375], [86.375, 16.375], [86.375, 16.125]]]}, "properties": {"time": "2013-10-12T12:00:00", "variable": "ws", "tier": "low", "percentile": 100.0, "z": 4.48, "wind_ms": 16.29, "value": 16.29, "lat": 16.25, "lon": 86.5}}, {"type": "Feature", "geometry": {"type": "Polygon", "coordinates": [[[86.625, 16.125], [86.875, 16.125], [86.875, 16.375], [86.625, 16.375], [86.625, 16.125]]]}, "properties": {"time": "2013-10-12T12:00:00", "variable": "ws", "tier": "low", "percentile": 100.0, "z": 4.54, "wind_ms": 16.28, "value": 16.28, "lat": 16.25, "lon": 86.75}}, {"type": "Feature", "geometry": {"type": "Polygon", "coordinates": [[[86.875, 16.125], [87.125, 16.125], [87.125, 16.375], [86.875, 16.375], [86.875, 16.125]]]}, "properties": {"time": "2013-10-12T12:00:00", "variable": "ws", "tier": "low", "percentile": 100.0, "z": 4.6, "wind_ms": 16.26, "value": 16.26, "lat": 16.25, "lon": 87.0}}, {"type": "Feature", "geometry": {"type": "Polygon", "coordinates": [[[87.125, 16.125], [87.375, 16.125], [87.375, 16.375], [87.125, 16.375], [87.125, 16.125]]]}, "properties": {"time": "2013-10-12T12:00:00", "variable": "ws", "tier": "low", "percentile": 100.0, "z": 4.55, "wind_ms": 16.09, "value": 16.09, "lat": 16.25, "lon": 87.25}}, {"type": "Feature", "geometry": {"type": "Polygon", "coordinates": [[[87.375, 16.125], [87.625, 16.125], [87.625, 16.375], [87.375, 16.375], [87.375, 16.125]]]}, "properties": {"time": "2013-10-12T12:00:00", "variable": "ws", "tier": "low", "percentile": 100.0, "z": 4.37, "wind_ms": 15.57, "value": 15.57, "lat": 16.25, "lon": 87.5}}, {"type": "Feature", "geometry": {"type": "Polygon", "coordinates": [[[87.625, 16.125], [87.875, 16.125], [87.875, 16.375], [87.625, 16.375], [87.625, 16.125]]]}, "properties": {"time": "2013-10-12T12:00:00", "variable": "ws", "tier": "low", "percentile": 100.0, "z": 4.15, "wind_ms": 14.96, "value": 14.96, "lat": 16.25, "lon": 87.75}}, {"type": "Feature", "geometry": {"type": "Polygon", "coordinates": [[[87.875, 16.125], [88.125, 16.125], [88.125, 16.375], [87.875, 16.375], [87.875, 16.125]]]}, "properties": {"time": "2013-10-12T12:00:00", "variable": "ws", "tier": "low", "percentile": 100.0, "z": 4.14, "wind_ms": 14.82, "value": 14.82, "lat": 16.25, "lon": 88.0}}, {"type": "Feature", "geometry": {"type": "Polygon", "coordinates": [[[88.125, 16.125], [88.375, 16.125], [88.375, 16.375], [88.125, 16.375], [88.125, 16.125]]]}, "properties": {"time": "2013-10-12T12:00:00", "variable": "ws", "tier": "low", "percentile": 100.0, "z": 3.96, "wind_ms": 14.19, "value": 14.19, "lat": 16.25, "lon": 88.25}}, {"type": "Feature", "geometry": {"type": "Polygon", "coordinates": [[[88.375, 16.125], [88.625, 16.125], [88.625, 16.375], [88.375, 16.375], [88.375, 16.125]]]}, "properties": {"time": "2013-10-12T12:00:00", "variable": "ws", "tier": "low", "percentile": 100.0, "z": 3.69, "wind_ms": 13.37, "value": 13.37, "lat": 16.25, "lon": 88.5}}, {"type": "Feature", "geometry": {"type": "Polygon", "coordinates": [[[88.625, 16.125], [88.875, 16.125], [88.875, 16.375], [88.625, 16.375], [88.625, 16.125]]]}, "properties": {"time": "2013-10-12T12:00:00", "variable": "ws", "tier": "low", "percentile": 100.0, "z": 3.49, "wind_ms": 12.72, "value": 12.72, "lat": 16.25, "lon": 88.75}}, {"type": "Feature", "geometry": {"type": "Polygon", "coordinates": [[[88.875, 16.125], [89.125, 16.125], [89.125, 16.375], [88.875, 16.375], [88.875, 16.125]]]}, "properties": {"time": "2013-10-12T12:00:00", "variable": "ws", "tier": "low", "percentile": 100.0, "z": 3.4, "wind_ms": 12.45, "value": 12.45, "lat": 16.25, "lon": 89.0}}, {"type": "Feature", "geometry": {"type": "Polygon", "coordinates": [[[89.125, 16.125], [89.375, 16.125], [89.375, 16.375], [89.125, 16.375], [89.125, 16.125]]]}, "properties": {"time": "2013-10-12T12:00:00", "variable": "ws", "tier": "low", "percentile": 100.0, "z": 3.28, "wind_ms": 12.13, "value": 12.13, "lat": 16.25, "lon": 89.25}}, {"type": "Feature", "geometry": {"type": "Polygon", "coordinates": [[[82.875, 16.375], [83.125, 16.375], [83.125, 16.625], [82.875, 16.625], [82.875, 16.375]]]}, "properties": {"time": "2013-10-12T12:00:00", "variable": "ws", "tier": "low", "percentile": 100.0, "z": 4.64, "wind_ms": 12.71, "value": 12.71, "lat": 16.5, "lon": 83.0}}, {"type": "Feature", "geometry": {"type": "Polygon", "coordinates": [[[83.125, 16.375], [83.375, 16.375], [83.375, 16.625], [83.125, 16.625], [83.125, 16.375]]]}, "properties": {"time": "2013-10-12T12:00:00", "variable": "ws", "tier": "low", "percentile": 100.0, "z": 4.7, "wind_ms": 13.39, "value": 13.39, "lat": 16.5, "lon": 83.25}}, {"type": "Feature", "geometry": {"type": "Polygon", "coordinates": [[[83.375, 16.375], [83.625, 16.375], [83.625, 16.625], [83.375, 16.625], [83.375, 16.375]]]}, "properties": {"time": "2013-10-12T12:00:00", "variable": "ws", "tier": "low", "percentile": 100.0, "z": 4.58, "wind_ms": 13.75, "value": 13.75, "lat": 16.5, "lon": 83.5}}, {"type": "Feature", "geometry": {"type": "Polygon", "coordinates": [[[83.625, 16.375], [83.875, 16.375], [83.875, 16.625], [83.625, 16.625], [83.625, 16.375]]]}, "properties": {"time": "2013-10-12T12:00:00", "variable": "ws", "tier": "low", "percentile": 100.0, "z": 4.37, "wind_ms": 14.15, "value": 14.15, "lat": 16.5, "lon": 83.75}}, {"type": "Feature", "geometry": {"type": "Polygon", "coordinates": [[[83.875, 16.375], [84.125, 16.375], [84.125, 16.625], [83.875, 16.625], [83.875, 16.375]]]}, "properties": {"time": "2013-10-12T12:00:00", "variable": "ws", "tier": "low", "percentile": 100.0, "z": 4.19, "wind_ms": 14.47, "value": 14.47, "lat": 16.5, "lon": 84.0}}, {"type": "Feature", "geometry": {"type": "Polygon", "coordinates": [[[84.125, 16.375], [84.375, 16.375], [84.375, 16.625], [84.125, 16.625], [84.125, 16.375]]]}, "properties": {"time": "2013-10-12T12:00:00", "variable": "ws", "tier": "low", "percentile": 100.0, "z": 4.15, "wind_ms": 14.93, "value": 14.93, "lat": 16.5, "lon": 84.25}}, {"type": "Feature", "geometry": {"type": "Polygon", "coordinates": [[[84.375, 16.375], [84.625, 16.375], [84.625, 16.625], [84.375, 16.625], [84.375, 16.375]]]}, "properties": {"time": "2013-10-12T12:00:00", "variable": "ws", "tier": "low", "percentile": 99.2, "z": 4.14, "wind_ms": 15.35, "value": 15.35, "lat": 16.5, "lon": 84.5}}, {"type": "Feature", "geometry": {"type": "Polygon", "coordinates": [[[84.625, 16.375], [84.875, 16.375], [84.875, 16.625], [84.625, 16.625], [84.625, 16.375]]]}, "properties": {"time": "2013-10-12T12:00:00", "variable": "ws", "tier": "low", "percentile": 99.2, "z": 4.16, "wind_ms": 15.69, "value": 15.69, "lat": 16.5, "lon": 84.75}}, {"type": "Feature", "geometry": {"type": "Polygon", "coordinates": [[[84.875, 16.375], [85.125, 16.375], [85.125, 16.625], [84.875, 16.625], [84.875, 16.375]]]}, "properties": {"time": "2013-10-12T12:00:00", "variable": "ws", "tier": "low", "percentile": 99.2, "z": 4.28, "wind_ms": 16.22, "value": 16.22, "lat": 16.5, "lon": 85.0}}, {"type": "Feature", "geometry": {"type": "Polygon", "coordinates": [[[85.125, 16.375], [85.375, 16.375], [85.375, 16.625], [85.125, 16.625], [85.125, 16.375]]]}, "properties": {"time": "2013-10-12T12:00:00", "variable": "ws", "tier": "low", "percentile": 99.2, "z": 4.49, "wind_ms": 16.86, "value": 16.86, "lat": 16.5, "lon": 85.25}}, {"type": "Feature", "geometry": {"type": "Polygon", "coordinates": [[[85.375, 16.375], [85.625, 16.375], [85.625, 16.625], [85.375, 16.625], [85.375, 16.375]]]}, "properties": {"time": "2013-10-12T12:00:00", "variable": "ws", "tier": "moderate", "percentile": 100.0, "z": 4.62, "wind_ms": 17.27, "value": 17.27, "lat": 16.5, "lon": 85.5}}, {"type": "Feature", "geometry": {"type": "Polygon", "coordinates": [[[85.625, 16.375], [85.875, 16.375], [85.875, 16.625], [85.625, 16.625], [85.625, 16.375]]]}, "properties": {"time": "2013-10-12T12:00:00", "variable": "ws", "tier": "moderate", "percentile": 100.0, "z": 4.8, "wind_ms": 17.77, "value": 17.77, "lat": 16.5, "lon": 85.75}}, {"type": "Feature", "geometry": {"type": "Polygon", "coordinates": [[[85.875, 16.375], [86.125, 16.375], [86.125, 16.625], [85.875, 16.625], [85.875, 16.375]]]}, "properties": {"time": "2013-10-12T12:00:00", "variable": "ws", "tier": "moderate", "percentile": 100.0, "z": 4.8, "wind_ms": 17.78, "value": 17.78, "lat": 16.5, "lon": 86.0}}, {"type": "Feature", "geometry": {"type": "Polygon", "coordinates": [[[86.125, 16.375], [86.375, 16.375], [86.375, 16.625], [86.125, 16.625], [86.125, 16.375]]]}, "properties": {"time": "2013-10-12T12:00:00", "variable": "ws", "tier": "moderate", "percentile": 100.0, "z": 4.71, "wind_ms": 17.5, "value": 17.5, "lat": 16.5, "lon": 86.25}}, {"type": "Feature", "geometry": {"type": "Polygon", "coordinates": [[[86.375, 16.375], [86.625, 16.375], [86.625, 16.625], [86.375, 16.625], [86.375, 16.375]]]}, "properties": {"time": "2013-10-12T12:00:00", "variable": "ws", "tier": "moderate", "percentile": 100.0, "z": 4.64, "wind_ms": 17.09, "value": 17.09, "lat": 16.5, "lon": 86.5}}, {"type": "Feature", "geometry": {"type": "Polygon", "coordinates": [[[86.625, 16.375], [86.875, 16.375], [86.875, 16.625], [86.625, 16.625], [86.625, 16.375]]]}, "properties": {"time": "2013-10-12T12:00:00", "variable": "ws", "tier": "low", "percentile": 100.0, "z": 4.61, "wind_ms": 16.76, "value": 16.76, "lat": 16.5, "lon": 86.75}}, {"type": "Feature", "geometry": {"type": "Polygon", "coordinates": [[[86.875, 16.375], [87.125, 16.375], [87.125, 16.625], [86.875, 16.625], [86.875, 16.375]]]}, "properties": {"time": "2013-10-12T12:00:00", "variable": "ws", "tier": "low", "percentile": 100.0, "z": 4.68, "wind_ms": 16.75, "value": 16.75, "lat": 16.5, "lon": 87.0}}, {"type": "Feature", "geometry": {"type": "Polygon", "coordinates": [[[87.125, 16.375], [87.375, 16.375], [87.375, 16.625], [87.125, 16.625], [87.125, 16.375]]]}, "properties": {"time": "2013-10-12T12:00:00", "variable": "ws", "tier": "low", "percentile": 100.0, "z": 4.78, "wind_ms": 16.79, "value": 16.79, "lat": 16.5, "lon": 87.25}}, {"type": "Feature", "geometry": {"type": "Polygon", "coordinates": [[[87.375, 16.375], [87.625, 16.375], [87.625, 16.625], [87.375, 16.625], [87.375, 16.375]]]}, "properties": {"time": "2013-10-12T12:00:00", "variable": "ws", "tier": "low", "percentile": 100.0, "z": 4.73, "wind_ms": 16.57, "value": 16.57, "lat": 16.5, "lon": 87.5}}, {"type": "Feature", "geometry": {"type": "Polygon", "coordinates": [[[87.625, 16.375], [87.875, 16.375], [87.875, 16.625], [87.625, 16.625], [87.625, 16.375]]]}, "properties": {"time": "2013-10-12T12:00:00", "variable": "ws", "tier": "low", "percentile": 100.0, "z": 4.31, "wind_ms": 15.54, "value": 15.54, "lat": 16.5, "lon": 87.75}}, {"type": "Feature", "geometry": {"type": "Polygon", "coordinates": [[[87.875, 16.375], [88.125, 16.375], [88.125, 16.625], [87.875, 16.625], [87.875, 16.375]]]}, "properties": {"time": "2013-10-12T12:00:00", "variable": "ws", "tier": "low", "percentile": 100.0, "z": 4.16, "wind_ms": 15.12, "value": 15.12, "lat": 16.5, "lon": 88.0}}, {"type": "Feature", "geometry": {"type": "Polygon", "coordinates": [[[88.125, 16.375], [88.375, 16.375], [88.375, 16.625], [88.125, 16.625], [88.125, 16.375]]]}, "properties": {"time": "2013-10-12T12:00:00", "variable": "ws", "tier": "low", "percentile": 100.0, "z": 4.12, "wind_ms": 14.8, "value": 14.8, "lat": 16.5, "lon": 88.25}}, {"type": "Feature", "geometry": {"type": "Polygon", "coordinates": [[[88.375, 16.375], [88.625, 16.375], [88.625, 16.625], [88.375, 16.625], [88.375, 16.375]]]}, "properties": {"time": "2013-10-12T12:00:00", "variable": "ws", "tier": "low", "percentile": 100.0, "z": 3.79, "wind_ms": 13.74, "value": 13.74, "lat": 16.5, "lon": 88.5}}, {"type": "Feature", "geometry": {"type": "Polygon", "coordinates": [[[88.625, 16.375], [88.875, 16.375], [88.875, 16.625], [88.625, 16.625], [88.625, 16.375]]]}, "properties": {"time": "2013-10-12T12:00:00", "variable": "ws", "tier": "low", "percentile": 100.0, "z": 3.59, "wind_ms": 13.01, "value": 13.01, "lat": 16.5, "lon": 88.75}}, {"type": "Feature", "geometry": {"type": "Polygon", "coordinates": [[[88.875, 16.375], [89.125, 16.375], [89.125, 16.625], [88.875, 16.625], [88.875, 16.375]]]}, "properties": {"time": "2013-10-12T12:00:00", "variable": "ws", "tier": "low", "percentile": 100.0, "z": 3.47, "wind_ms": 12.6, "value": 12.6, "lat": 16.5, "lon": 89.0}}, {"type": "Feature", "geometry": {"type": "Polygon", "coordinates": [[[89.125, 16.375], [89.375, 16.375], [89.375, 16.625], [89.125, 16.625], [89.125, 16.375]]]}, "properties": {"time": "2013-10-12T12:00:00", "variable": "ws", "tier": "low", "percentile": 100.0, "z": 3.39, "wind_ms": 12.35, "value": 12.35, "lat": 16.5, "lon": 89.25}}, {"type": "Feature", "geometry": {"type": "Polygon", "coordinates": [[[82.875, 16.625], [83.125, 16.625], [83.125, 16.875], [82.875, 16.875], [82.875, 16.625]]]}, "properties": {"time": "2013-10-12T12:00:00", "variable": "ws", "tier": "low", "percentile": 100.0, "z": 4.58, "wind_ms": 12.6, "value": 12.6, "lat": 16.75, "lon": 83.0}}, {"type": "Feature", "geometry": {"type": "Polygon", "coordinates": [[[83.125, 16.625], [83.375, 16.625], [83.375, 16.875], [83.125, 16.875], [83.125, 16.625]]]}, "properties": {"time": "2013-10-12T12:00:00", "variable": "ws", "tier": "low", "percentile": 100.0, "z": 4.9, "wind_ms": 14.04, "value": 14.04, "lat": 16.75, "lon": 83.25}}, {"type": "Feature", "geometry": {"type": "Polygon", "coordinates": [[[83.375, 16.625], [83.625, 16.625], [83.625, 16.875], [83.375, 16.875], [83.375, 16.625]]]}, "properties": {"time": "2013-10-12T12:00:00", "variable": "ws", "tier": "low", "percentile": 100.0, "z": 4.84, "wind_ms": 14.65, "value": 14.65, "lat": 16.75, "lon": 83.5}}, {"type": "Feature", "geometry": {"type": "Polygon", "coordinates": [[[83.625, 16.625], [83.875, 16.625], [83.875, 16.875], [83.625, 16.875], [83.625, 16.625]]]}, "properties": {"time": "2013-10-12T12:00:00", "variable": "ws", "tier": "low", "percentile": 100.0, "z": 4.44, "wind_ms": 14.75, "value": 14.75, "lat": 16.75, "lon": 83.75}}, {"type": "Feature", "geometry": {"type": "Polygon", "coordinates": [[[83.875, 16.625], [84.125, 16.625], [84.125, 16.875], [83.875, 16.875], [83.875, 16.625]]]}, "properties": {"time": "2013-10-12T12:00:00", "variable": "ws", "tier": "low", "percentile": 100.0, "z": 4.19, "wind_ms": 14.85, "value": 14.85, "lat": 16.75, "lon": 84.0}}, {"type": "Feature", "geometry": {"type": "Polygon", "coordinates": [[[84.125, 16.625], [84.375, 16.625], [84.375, 16.875], [84.125, 16.875], [84.125, 16.625]]]}, "properties": {"time": "2013-10-12T12:00:00", "variable": "ws", "tier": "low", "percentile": 99.2, "z": 4.15, "wind_ms": 15.36, "value": 15.36, "lat": 16.75, "lon": 84.25}}, {"type": "Feature", "geometry": {"type": "Polygon", "coordinates": [[[84.375, 16.625], [84.625, 16.625], [84.625, 16.875], [84.375, 16.875], [84.375, 16.625]]]}, "properties": {"time": "2013-10-12T12:00:00", "variable": "ws", "tier": "low", "percentile": 99.2, "z": 4.21, "wind_ms": 15.95, "value": 15.95, "lat": 16.75, "lon": 84.5}}, {"type": "Feature", "geometry": {"type": "Polygon", "coordinates": [[[84.625, 16.625], [84.875, 16.625], [84.875, 16.875], [84.625, 16.875], [84.625, 16.625]]]}, "properties": {"time": "2013-10-12T12:00:00", "variable": "ws", "tier": "low", "percentile": 99.2, "z": 4.26, "wind_ms": 16.39, "value": 16.39, "lat": 16.75, "lon": 84.75}}, {"type": "Feature", "geometry": {"type": "Polygon", "coordinates": [[[84.875, 16.625], [85.125, 16.625], [85.125, 16.875], [84.875, 16.875], [84.875, 16.625]]]}, "properties": {"time": "2013-10-12T12:00:00", "variable": "ws", "tier": "low", "percentile": 99.2, "z": 4.29, "wind_ms": 16.69, "value": 16.69, "lat": 16.75, "lon": 85.0}}, {"type": "Feature", "geometry": {"type": "Polygon", "coordinates": [[[85.125, 16.625], [85.375, 16.625], [85.375, 16.875], [85.125, 16.875], [85.125, 16.625]]]}, "properties": {"time": "2013-10-12T12:00:00", "variable": "ws", "tier": "moderate", "percentile": 99.2, "z": 4.5, "wind_ms": 17.36, "value": 17.36, "lat": 16.75, "lon": 85.25}}, {"type": "Feature", "geometry": {"type": "Polygon", "coordinates": [[[85.375, 16.625], [85.625, 16.625], [85.625, 16.875], [85.375, 16.875], [85.375, 16.625]]]}, "properties": {"time": "2013-10-12T12:00:00", "variable": "ws", "tier": "moderate", "percentile": 99.2, "z": 4.7, "wind_ms": 17.88, "value": 17.88, "lat": 16.75, "lon": 85.5}}, {"type": "Feature", "geometry": {"type": "Polygon", "coordinates": [[[85.625, 16.625], [85.875, 16.625], [85.875, 16.875], [85.625, 16.875], [85.625, 16.625]]]}, "properties": {"time": "2013-10-12T12:00:00", "variable": "ws", "tier": "moderate", "percentile": 100.0, "z": 4.86, "wind_ms": 18.24, "value": 18.24, "lat": 16.75, "lon": 85.75}}, {"type": "Feature", "geometry": {"type": "Polygon", "coordinates": [[[85.875, 16.625], [86.125, 16.625], [86.125, 16.875], [85.875, 16.875], [85.875, 16.625]]]}, "properties": {"time": "2013-10-12T12:00:00", "variable": "ws", "tier": "moderate", "percentile": 100.0, "z": 5.06, "wind_ms": 18.73, "value": 18.73, "lat": 16.75, "lon": 86.0}}, {"type": "Feature", "geometry": {"type": "Polygon", "coordinates": [[[86.125, 16.625], [86.375, 16.625], [86.375, 16.875], [86.125, 16.875], [86.125, 16.625]]]}, "properties": {"time": "2013-10-12T12:00:00", "variable": "ws", "tier": "moderate", "percentile": 100.0, "z": 4.99, "wind_ms": 18.57, "value": 18.57, "lat": 16.75, "lon": 86.25}}, {"type": "Feature", "geometry": {"type": "Polygon", "coordinates": [[[86.375, 16.625], [86.625, 16.625], [86.625, 16.875], [86.375, 16.875], [86.375, 16.625]]]}, "properties": {"time": "2013-10-12T12:00:00", "variable": "ws", "tier": "moderate", "percentile": 100.0, "z": 4.8, "wind_ms": 17.82, "value": 17.82, "lat": 16.75, "lon": 86.5}}, {"type": "Feature", "geometry": {"type": "Polygon", "coordinates": [[[86.625, 16.625], [86.875, 16.625], [86.875, 16.875], [86.625, 16.875], [86.625, 16.625]]]}, "properties": {"time": "2013-10-12T12:00:00", "variable": "ws", "tier": "moderate", "percentile": 100.0, "z": 4.73, "wind_ms": 17.33, "value": 17.33, "lat": 16.75, "lon": 86.75}}, {"type": "Feature", "geometry": {"type": "Polygon", "coordinates": [[[86.875, 16.625], [87.125, 16.625], [87.125, 16.875], [86.875, 16.875], [86.875, 16.625]]]}, "properties": {"time": "2013-10-12T12:00:00", "variable": "ws", "tier": "moderate", "percentile": 100.0, "z": 4.8, "wind_ms": 17.23, "value": 17.23, "lat": 16.75, "lon": 87.0}}, {"type": "Feature", "geometry": {"type": "Polygon", "coordinates": [[[87.125, 16.625], [87.375, 16.625], [87.375, 16.875], [87.125, 16.875], [87.125, 16.625]]]}, "properties": {"time": "2013-10-12T12:00:00", "variable": "ws", "tier": "moderate", "percentile": 100.0, "z": 4.95, "wind_ms": 17.34, "value": 17.34, "lat": 16.75, "lon": 87.25}}, {"type": "Feature", "geometry": {"type": "Polygon", "coordinates": [[[87.375, 16.625], [87.625, 16.625], [87.625, 16.875], [87.375, 16.875], [87.375, 16.625]]]}, "properties": {"time": "2013-10-12T12:00:00", "variable": "ws", "tier": "moderate", "percentile": 100.0, "z": 4.99, "wind_ms": 17.32, "value": 17.32, "lat": 16.75, "lon": 87.5}}, {"type": "Feature", "geometry": {"type": "Polygon", "coordinates": [[[87.625, 16.625], [87.875, 16.625], [87.875, 16.875], [87.625, 16.875], [87.625, 16.625]]]}, "properties": {"time": "2013-10-12T12:00:00", "variable": "ws", "tier": "low", "percentile": 100.0, "z": 4.52, "wind_ms": 16.14, "value": 16.14, "lat": 16.75, "lon": 87.75}}, {"type": "Feature", "geometry": {"type": "Polygon", "coordinates": [[[87.875, 16.625], [88.125, 16.625], [88.125, 16.875], [87.875, 16.875], [87.875, 16.625]]]}, "properties": {"time": "2013-10-12T12:00:00", "variable": "ws", "tier": "low", "percentile": 100.0, "z": 4.37, "wind_ms": 15.65, "value": 15.65, "lat": 16.75, "lon": 88.0}}, {"type": "Feature", "geometry": {"type": "Polygon", "coordinates": [[[88.125, 16.625], [88.375, 16.625], [88.375, 16.875], [88.125, 16.875], [88.125, 16.625]]]}, "properties": {"time": "2013-10-12T12:00:00", "variable": "ws", "tier": "low", "percentile": 100.0, "z": 4.4, "wind_ms": 15.52, "value": 15.52, "lat": 16.75, "lon": 88.25}}, {"type": "Feature", "geometry": {"type": "Polygon", "coordinates": [[[88.375, 16.625], [88.625, 16.625], [88.625, 16.875], [88.375, 16.875], [88.375, 16.625]]]}, "properties": {"time": "2013-10-12T12:00:00", "variable": "ws", "tier": "low", "percentile": 100.0, "z": 4.03, "wind_ms": 14.32, "value": 14.32, "lat": 16.75, "lon": 88.5}}, {"type": "Feature", "geometry": {"type": "Polygon", "coordinates": [[[88.625, 16.625], [88.875, 16.625], [88.875, 16.875], [88.625, 16.875], [88.625, 16.625]]]}, "properties": {"time": "2013-10-12T12:00:00", "variable": "ws", "tier": "low", "percentile": 100.0, "z": 3.7, "wind_ms": 13.32, "value": 13.32, "lat": 16.75, "lon": 88.75}}, {"type": "Feature", "geometry": {"type": "Polygon", "coordinates": [[[88.875, 16.625], [89.125, 16.625], [89.125, 16.875], [88.875, 16.875], [88.875, 16.625]]]}, "properties": {"time": "2013-10-12T12:00:00", "variable": "ws", "tier": "low", "percentile": 100.0, "z": 3.57, "wind_ms": 12.84, "value": 12.84, "lat": 16.75, "lon": 89.0}}, {"type": "Feature", "geometry": {"type": "Polygon", "coordinates": [[[89.125, 16.625], [89.375, 16.625], [89.375, 16.875], [89.125, 16.875], [89.125, 16.625]]]}, "properties": {"time": "2013-10-12T12:00:00", "variable": "ws", "tier": "low", "percentile": 100.0, "z": 3.45, "wind_ms": 12.47, "value": 12.47, "lat": 16.75, "lon": 89.25}}, {"type": "Feature", "geometry": {"type": "Polygon", "coordinates": [[[82.875, 16.875], [83.125, 16.875], [83.125, 17.125], [82.875, 17.125], [82.875, 16.875]]]}, "properties": {"time": "2013-10-12T12:00:00", "variable": "ws", "tier": "low", "percentile": 100.0, "z": 5.0, "wind_ms": 13.58, "value": 13.58, "lat": 17.0, "lon": 83.0}}, {"type": "Feature", "geometry": {"type": "Polygon", "coordinates": [[[83.125, 16.875], [83.375, 16.875], [83.375, 17.125], [83.125, 17.125], [83.125, 16.875]]]}, "properties": {"time": "2013-10-12T12:00:00", "variable": "ws", "tier": "low", "percentile": 100.0, "z": 5.06, "wind_ms": 14.33, "value": 14.33, "lat": 17.0, "lon": 83.25}}, {"type": "Feature", "geometry": {"type": "Polygon", "coordinates": [[[83.375, 16.875], [83.625, 16.875], [83.625, 17.125], [83.375, 17.125], [83.375, 16.875]]]}, "properties": {"time": "2013-10-12T12:00:00", "variable": "ws", "tier": "low", "percentile": 100.0, "z": 4.87, "wind_ms": 14.89, "value": 14.89, "lat": 17.0, "lon": 83.5}}, {"type": "Feature", "geometry": {"type": "Polygon", "coordinates": [[[83.625, 16.875], [83.875, 16.875], [83.875, 17.125], [83.625, 17.125], [83.625, 16.875]]]}, "properties": {"time": "2013-10-12T12:00:00", "variable": "ws", "tier": "low", "percentile": 100.0, "z": 4.55, "wind_ms": 15.32, "value": 15.32, "lat": 17.0, "lon": 83.75}}, {"type": "Feature", "geometry": {"type": "Polygon", "coordinates": [[[83.875, 16.875], [84.125, 16.875], [84.125, 17.125], [83.875, 17.125], [83.875, 16.875]]]}, "properties": {"time": "2013-10-12T12:00:00", "variable": "ws", "tier": "low", "percentile": 100.0, "z": 4.21, "wind_ms": 15.2, "value": 15.2, "lat": 17.0, "lon": 84.0}}, {"type": "Feature", "geometry": {"type": "Polygon", "coordinates": [[[84.125, 16.875], [84.375, 16.875], [84.375, 17.125], [84.125, 17.125], [84.125, 16.875]]]}, "properties": {"time": "2013-10-12T12:00:00", "variable": "ws", "tier": "low", "percentile": 99.2, "z": 4.12, "wind_ms": 15.51, "value": 15.51, "lat": 17.0, "lon": 84.25}}, {"type": "Feature", "geometry": {"type": "Polygon", "coordinates": [[[84.375, 16.875], [84.625, 16.875], [84.625, 17.125], [84.375, 17.125], [84.375, 16.875]]]}, "properties": {"time": "2013-10-12T12:00:00", "variable": "ws", "tier": "low", "percentile": 99.2, "z": 4.3, "wind_ms": 16.51, "value": 16.51, "lat": 17.0, "lon": 84.5}}, {"type": "Feature", "geometry": {"type": "Polygon", "coordinates": [[[84.625, 16.875], [84.875, 16.875], [84.875, 17.125], [84.625, 17.125], [84.625, 16.875]]]}, "properties": {"time": "2013-10-12T12:00:00", "variable": "ws", "tier": "moderate", "percentile": 99.2, "z": 4.49, "wind_ms": 17.49, "value": 17.49, "lat": 17.0, "lon": 84.75}}, {"type": "Feature", "geometry": {"type": "Polygon", "coordinates": [[[84.875, 16.875], [85.125, 16.875], [85.125, 17.125], [84.875, 17.125], [84.875, 16.875]]]}, "properties": {"time": "2013-10-12T12:00:00", "variable": "ws", "tier": "moderate", "percentile": 99.2, "z": 4.55, "wind_ms": 17.93, "value": 17.93, "lat": 17.0, "lon": 85.0}}, {"type": "Feature", "geometry": {"type": "Polygon", "coordinates": [[[85.125, 16.875], [85.375, 16.875], [85.375, 17.125], [85.125, 17.125], [85.125, 16.875]]]}, "properties": {"time": "2013-10-12T12:00:00", "variable": "ws", "tier": "moderate", "percentile": 99.2, "z": 4.76, "wind_ms": 18.45, "value": 18.45, "lat": 17.0, "lon": 85.25}}, {"type": "Feature", "geometry": {"type": "Polygon", "coordinates": [[[85.375, 16.875], [85.625, 16.875], [85.625, 17.125], [85.375, 17.125], [85.375, 16.875]]]}, "properties": {"time": "2013-10-12T12:00:00", "variable": "ws", "tier": "moderate", "percentile": 100.0, "z": 5.15, "wind_ms": 19.19, "value": 19.19, "lat": 17.0, "lon": 85.5}}, {"type": "Feature", "geometry": {"type": "Polygon", "coordinates": [[[85.625, 16.875], [85.875, 16.875], [85.875, 17.125], [85.625, 17.125], [85.625, 16.875]]]}, "properties": {"time": "2013-10-12T12:00:00", "variable": "ws", "tier": "moderate", "percentile": 100.0, "z": 5.28, "wind_ms": 19.37, "value": 19.37, "lat": 17.0, "lon": 85.75}}, {"type": "Feature", "geometry": {"type": "Polygon", "coordinates": [[[85.875, 16.875], [86.125, 16.875], [86.125, 17.125], [85.875, 17.125], [85.875, 16.875]]]}, "properties": {"time": "2013-10-12T12:00:00", "variable": "ws", "tier": "moderate", "percentile": 100.0, "z": 5.33, "wind_ms": 19.58, "value": 19.58, "lat": 17.0, "lon": 86.0}}, {"type": "Feature", "geometry": {"type": "Polygon", "coordinates": [[[86.125, 16.875], [86.375, 16.875], [86.375, 17.125], [86.125, 17.125], [86.125, 16.875]]]}, "properties": {"time": "2013-10-12T12:00:00", "variable": "ws", "tier": "moderate", "percentile": 100.0, "z": 5.23, "wind_ms": 19.43, "value": 19.43, "lat": 17.0, "lon": 86.25}}, {"type": "Feature", "geometry": {"type": "Polygon", "coordinates": [[[86.375, 16.875], [86.625, 16.875], [86.625, 17.125], [86.375, 17.125], [86.375, 16.875]]]}, "properties": {"time": "2013-10-12T12:00:00", "variable": "ws", "tier": "moderate", "percentile": 100.0, "z": 5.02, "wind_ms": 18.67, "value": 18.67, "lat": 17.0, "lon": 86.5}}, {"type": "Feature", "geometry": {"type": "Polygon", "coordinates": [[[86.625, 16.875], [86.875, 16.875], [86.875, 17.125], [86.625, 17.125], [86.625, 16.875]]]}, "properties": {"time": "2013-10-12T12:00:00", "variable": "ws", "tier": "moderate", "percentile": 100.0, "z": 4.86, "wind_ms": 17.88, "value": 17.88, "lat": 17.0, "lon": 86.75}}, {"type": "Feature", "geometry": {"type": "Polygon", "coordinates": [[[86.875, 16.875], [87.125, 16.875], [87.125, 17.125], [86.875, 17.125], [86.875, 16.875]]]}, "properties": {"time": "2013-10-12T12:00:00", "variable": "ws", "tier": "moderate", "percentile": 100.0, "z": 4.87, "wind_ms": 17.61, "value": 17.61, "lat": 17.0, "lon": 87.0}}, {"type": "Feature", "geometry": {"type": "Polygon", "coordinates": [[[87.125, 16.875], [87.375, 16.875], [87.375, 17.125], [87.125, 17.125], [87.125, 16.875]]]}, "properties": {"time": "2013-10-12T12:00:00", "variable": "ws", "tier": "moderate", "percentile": 100.0, "z": 5.08, "wind_ms": 17.89, "value": 17.89, "lat": 17.0, "lon": 87.25}}, {"type": "Feature", "geometry": {"type": "Polygon", "coordinates": [[[87.375, 16.875], [87.625, 16.875], [87.625, 17.125], [87.375, 17.125], [87.375, 16.875]]]}, "properties": {"time": "2013-10-12T12:00:00", "variable": "ws", "tier": "moderate", "percentile": 100.0, "z": 5.2, "wind_ms": 18.04, "value": 18.04, "lat": 17.0, "lon": 87.5}}, {"type": "Feature", "geometry": {"type": "Polygon", "coordinates": [[[87.625, 16.875], [87.875, 16.875], [87.875, 17.125], [87.625, 17.125], [87.625, 16.875]]]}, "properties": {"time": "2013-10-12T12:00:00", "variable": "ws", "tier": "low", "percentile": 100.0, "z": 4.69, "wind_ms": 16.58, "value": 16.58, "lat": 17.0, "lon": 87.75}}, {"type": "Feature", "geometry": {"type": "Polygon", "coordinates": [[[87.875, 16.875], [88.125, 16.875], [88.125, 17.125], [87.875, 17.125], [87.875, 16.875]]]}, "properties": {"time": "2013-10-12T12:00:00", "variable": "ws", "tier": "low", "percentile": 100.0, "z": 4.59, "wind_ms": 16.04, "value": 16.04, "lat": 17.0, "lon": 88.0}}, {"type": "Feature", "geometry": {"type": "Polygon", "coordinates": [[[88.125, 16.875], [88.375, 16.875], [88.375, 17.125], [88.125, 17.125], [88.125, 16.875]]]}, "properties": {"time": "2013-10-12T12:00:00", "variable": "ws", "tier": "low", "percentile": 100.0, "z": 4.69, "wind_ms": 16.08, "value": 16.08, "lat": 17.0, "lon": 88.25}}, {"type": "Feature", "geometry": {"type": "Polygon", "coordinates": [[[88.375, 16.875], [88.625, 16.875], [88.625, 17.125], [88.375, 17.125], [88.375, 16.875]]]}, "properties": {"time": "2013-10-12T12:00:00", "variable": "ws", "tier": "low", "percentile": 100.0, "z": 4.28, "wind_ms": 14.84, "value": 14.84, "lat": 17.0, "lon": 88.5}}, {"type": "Feature", "geometry": {"type": "Polygon", "coordinates": [[[88.625, 16.875], [88.875, 16.875], [88.875, 17.125], [88.625, 17.125], [88.625, 16.875]]]}, "properties": {"time": "2013-10-12T12:00:00", "variable": "ws", "tier": "low", "percentile": 100.0, "z": 3.87, "wind_ms": 13.69, "value": 13.69, "lat": 17.0, "lon": 88.75}}, {"type": "Feature", "geometry": {"type": "Polygon", "coordinates": [[[88.875, 16.875], [89.125, 16.875], [89.125, 17.125], [88.875, 17.125], [88.875, 16.875]]]}, "properties": {"time": "2013-10-12T12:00:00", "variable": "ws", "tier": "low", "percentile": 100.0, "z": 3.65, "wind_ms": 13.08, "value": 13.08, "lat": 17.0, "lon": 89.0}}, {"type": "Feature", "geometry": {"type": "Polygon", "coordinates": [[[89.125, 16.875], [89.375, 16.875], [89.375, 17.125], [89.125, 17.125], [89.125, 16.875]]]}, "properties": {"time": "2013-10-12T12:00:00", "variable": "ws", "tier": "low", "percentile": 99.2, "z": 3.48, "wind_ms": 12.64, "value": 12.64, "lat": 17.0, "lon": 89.25}}, {"type": "Feature", "geometry": {"type": "Polygon", "coordinates": [[[82.875, 17.125], [83.125, 17.125], [83.125, 17.375], [82.875, 17.375], [82.875, 17.125]]]}, "properties": {"time": "2013-10-12T12:00:00", "variable": "ws", "tier": "low", "percentile": 100.0, "z": 5.09, "wind_ms": 12.7, "value": 12.7, "lat": 17.25, "lon": 83.0}}, {"type": "Feature", "geometry": {"type": "Polygon", "coordinates": [[[83.125, 17.125], [83.375, 17.125], [83.375, 17.375], [83.125, 17.375], [83.125, 17.125]]]}, "properties": {"time": "2013-10-12T12:00:00", "variable": "ws", "tier": "low", "percentile": 100.0, "z": 4.78, "wind_ms": 13.51, "value": 13.51, "lat": 17.25, "lon": 83.25}}, {"type": "Feature", "geometry": {"type": "Polygon", "coordinates": [[[83.375, 17.125], [83.625, 17.125], [83.625, 17.375], [83.375, 17.375], [83.375, 17.125]]]}, "properties": {"time": "2013-10-12T12:00:00", "variable": "ws", "tier": "low", "percentile": 100.0, "z": 4.67, "wind_ms": 14.35, "value": 14.35, "lat": 17.25, "lon": 83.5}}, {"type": "Feature", "geometry": {"type": "Polygon", "coordinates": [[[83.625, 17.125], [83.875, 17.125], [83.875, 17.375], [83.625, 17.375], [83.625, 17.125]]]}, "properties": {"time": "2013-10-12T12:00:00", "variable": "ws", "tier": "low", "percentile": 100.0, "z": 4.65, "wind_ms": 15.38, "value": 15.38, "lat": 17.25, "lon": 83.75}}, {"type": "Feature", "geometry": {"type": "Polygon", "coordinates": [[[83.875, 17.125], [84.125, 17.125], [84.125, 17.375], [83.875, 17.375], [83.875, 17.125]]]}, "properties": {"time": "2013-10-12T12:00:00", "variable": "ws", "tier": "low", "percentile": 100.0, "z": 4.48, "wind_ms": 16.16, "value": 16.16, "lat": 17.25, "lon": 84.0}}, {"type": "Feature", "geometry": {"type": "Polygon", "coordinates": [[[84.125, 17.125], [84.375, 17.125], [84.375, 17.375], [84.125, 17.375], [84.125, 17.125]]]}, "properties": {"time": "2013-10-12T12:00:00", "variable": "ws", "tier": "low", "percentile": 99.2, "z": 4.41, "wind_ms": 16.58, "value": 16.58, "lat": 17.25, "lon": 84.25}}, {"type": "Feature", "geometry": {"type": "Polygon", "coordinates": [[[84.375, 17.125], [84.625, 17.125], [84.625, 17.375], [84.375, 17.375], [84.375, 17.125]]]}, "properties": {"time": "2013-10-12T12:00:00", "variable": "ws", "tier": "moderate", "percentile": 99.2, "z": 4.58, "wind_ms": 17.54, "value": 17.54, "lat": 17.25, "lon": 84.5}}, {"type": "Feature", "geometry": {"type": "Polygon", "coordinates": [[[84.625, 17.125], [84.875, 17.125], [84.875, 17.375], [84.625, 17.375], [84.625, 17.125]]]}, "properties": {"time": "2013-10-12T12:00:00", "variable": "ws", "tier": "moderate", "percentile": 99.2, "z": 4.84, "wind_ms": 18.66, "value": 18.66, "lat": 17.25, "lon": 84.75}}, {"type": "Feature", "geometry": {"type": "Polygon", "coordinates": [[[84.875, 17.125], [85.125, 17.125], [85.125, 17.375], [84.875, 17.375], [84.875, 17.125]]]}, "properties": {"time": "2013-10-12T12:00:00", "variable": "ws", "tier": "moderate", "percentile": 100.0, "z": 5.17, "wind_ms": 19.49, "value": 19.49, "lat": 17.25, "lon": 85.0}}, {"type": "Feature", "geometry": {"type": "Polygon", "coordinates": [[[85.125, 17.125], [85.375, 17.125], [85.375, 17.375], [85.125, 17.375], [85.125, 17.125]]]}, "properties": {"time": "2013-10-12T12:00:00", "variable": "ws", "tier": "moderate", "percentile": 100.0, "z": 5.56, "wind_ms": 19.88, "value": 19.88, "lat": 17.25, "lon": 85.25}}, {"type": "Feature", "geometry": {"type": "Polygon", "coordinates": [[[85.375, 17.125], [85.625, 17.125], [85.625, 17.375], [85.375, 17.375], [85.375, 17.125]]]}, "properties": {"time": "2013-10-12T12:00:00", "variable": "ws", "tier": "moderate", "percentile": 100.0, "z": 6.09, "wind_ms": 20.65, "value": 20.65, "lat": 17.25, "lon": 85.5}}, {"type": "Feature", "geometry": {"type": "Polygon", "coordinates": [[[85.625, 17.125], [85.875, 17.125], [85.875, 17.375], [85.625, 17.375], [85.625, 17.125]]]}, "properties": {"time": "2013-10-12T12:00:00", "variable": "ws", "tier": "moderate", "percentile": 100.0, "z": 6.08, "wind_ms": 20.87, "value": 20.87, "lat": 17.25, "lon": 85.75}}, {"type": "Feature", "geometry": {"type": "Polygon", "coordinates": [[[85.875, 17.125], [86.125, 17.125], [86.125, 17.375], [85.875, 17.375], [85.875, 17.125]]]}, "properties": {"time": "2013-10-12T12:00:00", "variable": "ws", "tier": "moderate", "percentile": 100.0, "z": 5.73, "wind_ms": 20.43, "value": 20.43, "lat": 17.25, "lon": 86.0}}, {"type": "Feature", "geometry": {"type": "Polygon", "coordinates": [[[86.125, 17.125], [86.375, 17.125], [86.375, 17.375], [86.125, 17.375], [86.125, 17.125]]]}, "properties": {"time": "2013-10-12T12:00:00", "variable": "ws", "tier": "moderate", "percentile": 100.0, "z": 5.49, "wind_ms": 20.12, "value": 20.12, "lat": 17.25, "lon": 86.25}}, {"type": "Feature", "geometry": {"type": "Polygon", "coordinates": [[[86.375, 17.125], [86.625, 17.125], [86.625, 17.375], [86.375, 17.375], [86.375, 17.125]]]}, "properties": {"time": "2013-10-12T12:00:00", "variable": "ws", "tier": "moderate", "percentile": 100.0, "z": 5.37, "wind_ms": 19.79, "value": 19.79, "lat": 17.25, "lon": 86.5}}, {"type": "Feature", "geometry": {"type": "Polygon", "coordinates": [[[86.625, 17.125], [86.875, 17.125], [86.875, 17.375], [86.625, 17.375], [86.625, 17.125]]]}, "properties": {"time": "2013-10-12T12:00:00", "variable": "ws", "tier": "moderate", "percentile": 100.0, "z": 5.21, "wind_ms": 19.01, "value": 19.01, "lat": 17.25, "lon": 86.75}}, {"type": "Feature", "geometry": {"type": "Polygon", "coordinates": [[[86.875, 17.125], [87.125, 17.125], [87.125, 17.375], [86.875, 17.375], [86.875, 17.125]]]}, "properties": {"time": "2013-10-12T12:00:00", "variable": "ws", "tier": "moderate", "percentile": 100.0, "z": 5.1, "wind_ms": 18.3, "value": 18.3, "lat": 17.25, "lon": 87.0}}, {"type": "Feature", "geometry": {"type": "Polygon", "coordinates": [[[87.125, 17.125], [87.375, 17.125], [87.375, 17.375], [87.125, 17.375], [87.125, 17.125]]]}, "properties": {"time": "2013-10-12T12:00:00", "variable": "ws", "tier": "moderate", "percentile": 100.0, "z": 5.21, "wind_ms": 18.24, "value": 18.24, "lat": 17.25, "lon": 87.25}}, {"type": "Feature", "geometry": {"type": "Polygon", "coordinates": [[[87.375, 17.125], [87.625, 17.125], [87.625, 17.375], [87.375, 17.375], [87.375, 17.125]]]}, "properties": {"time": "2013-10-12T12:00:00", "variable": "ws", "tier": "moderate", "percentile": 100.0, "z": 5.38, "wind_ms": 18.5, "value": 18.5, "lat": 17.25, "lon": 87.5}}, {"type": "Feature", "geometry": {"type": "Polygon", "coordinates": [[[87.625, 17.125], [87.875, 17.125], [87.875, 17.375], [87.625, 17.375], [87.625, 17.125]]]}, "properties": {"time": "2013-10-12T12:00:00", "variable": "ws", "tier": "moderate", "percentile": 100.0, "z": 5.02, "wind_ms": 17.43, "value": 17.43, "lat": 17.25, "lon": 87.75}}, {"type": "Feature", "geometry": {"type": "Polygon", "coordinates": [[[87.875, 17.125], [88.125, 17.125], [88.125, 17.375], [87.875, 17.375], [87.875, 17.125]]]}, "properties": {"time": "2013-10-12T12:00:00", "variable": "ws", "tier": "low", "percentile": 100.0, "z": 4.78, "wind_ms": 16.55, "value": 16.55, "lat": 17.25, "lon": 88.0}}, {"type": "Feature", "geometry": {"type": "Polygon", "coordinates": [[[88.125, 17.125], [88.375, 17.125], [88.375, 17.375], [88.125, 17.375], [88.125, 17.125]]]}, "properties": {"time": "2013-10-12T12:00:00", "variable": "ws", "tier": "low", "percentile": 100.0, "z": 4.88, "wind_ms": 16.52, "value": 16.52, "lat": 17.25, "lon": 88.25}}, {"type": "Feature", "geometry": {"type": "Polygon", "coordinates": [[[88.375, 17.125], [88.625, 17.125], [88.625, 17.375], [88.375, 17.375], [88.375, 17.125]]]}, "properties": {"time": "2013-10-12T12:00:00", "variable": "ws", "tier": "low", "percentile": 100.0, "z": 4.55, "wind_ms": 15.56, "value": 15.56, "lat": 17.25, "lon": 88.5}}, {"type": "Feature", "geometry": {"type": "Polygon", "coordinates": [[[88.625, 17.125], [88.875, 17.125], [88.875, 17.375], [88.625, 17.375], [88.625, 17.125]]]}, "properties": {"time": "2013-10-12T12:00:00", "variable": "ws", "tier": "low", "percentile": 100.0, "z": 4.04, "wind_ms": 14.23, "value": 14.23, "lat": 17.25, "lon": 88.75}}, {"type": "Feature", "geometry": {"type": "Polygon", "coordinates": [[[88.875, 17.125], [89.125, 17.125], [89.125, 17.375], [88.875, 17.375], [88.875, 17.125]]]}, "properties": {"time": "2013-10-12T12:00:00", "variable": "ws", "tier": "low", "percentile": 99.2, "z": 3.67, "wind_ms": 13.28, "value": 13.28, "lat": 17.25, "lon": 89.0}}, {"type": "Feature", "geometry": {"type": "Polygon", "coordinates": [[[89.125, 17.125], [89.375, 17.125], [89.375, 17.375], [89.125, 17.375], [89.125, 17.125]]]}, "properties": {"time": "2013-10-12T12:00:00", "variable": "ws", "tier": "low", "percentile": 99.2, "z": 3.5, "wind_ms": 12.78, "value": 12.78, "lat": 17.25, "lon": 89.25}}, {"type": "Feature", "geometry": {"type": "Polygon", "coordinates": [[[83.125, 17.375], [83.375, 17.375], [83.375, 17.625], [83.125, 17.625], [83.125, 17.375]]]}, "properties": {"time": "2013-10-12T12:00:00", "variable": "ws", "tier": "low", "percentile": 100.0, "z": 4.58, "wind_ms": 10.93, "value": 10.93, "lat": 17.5, "lon": 83.25}}, {"type": "Feature", "geometry": {"type": "Polygon", "coordinates": [[[83.375, 17.375], [83.625, 17.375], [83.625, 17.625], [83.375, 17.625], [83.375, 17.375]]]}, "properties": {"time": "2013-10-12T12:00:00", "variable": "ws", "tier": "low", "percentile": 100.0, "z": 4.65, "wind_ms": 13.54, "value": 13.54, "lat": 17.5, "lon": 83.5}}, {"type": "Feature", "geometry": {"type": "Polygon", "coordinates": [[[83.625, 17.375], [83.875, 17.375], [83.875, 17.625], [83.625, 17.625], [83.625, 17.375]]]}, "properties": {"time": "2013-10-12T12:00:00", "variable": "ws", "tier": "low", "percentile": 100.0, "z": 4.7, "wind_ms": 15.19, "value": 15.19, "lat": 17.5, "lon": 83.75}}, {"type": "Feature", "geometry": {"type": "Polygon", "coordinates": [[[83.875, 17.375], [84.125, 17.375], [84.125, 17.625], [83.875, 17.625], [83.875, 17.375]]]}, "properties": {"time": "2013-10-12T12:00:00", "variable": "ws", "tier": "low", "percentile": 100.0, "z": 4.66, "wind_ms": 16.26, "value": 16.26, "lat": 17.5, "lon": 84.0}}, {"type": "Feature", "geometry": {"type": "Polygon", "coordinates": [[[84.125, 17.375], [84.375, 17.375], [84.375, 17.625], [84.125, 17.625], [84.125, 17.375]]]}, "properties": {"time": "2013-10-12T12:00:00", "variable": "ws", "tier": "moderate", "percentile": 100.0, "z": 4.82, "wind_ms": 17.76, "value": 17.76, "lat": 17.5, "lon": 84.25}}, {"type": "Feature", "geometry": {"type": "Polygon", "coordinates": [[[84.375, 17.375], [84.625, 17.375], [84.625, 17.625], [84.375, 17.625], [84.375, 17.375]]]}, "properties": {"time": "2013-10-12T12:00:00", "variable": "ws", "tier": "moderate", "percentile": 99.2, "z": 5.03, "wind_ms": 18.98, "value": 18.98, "lat": 17.5, "lon": 84.5}}, {"type": "Feature", "geometry": {"type": "Polygon", "coordinates": [[[84.625, 17.375], [84.875, 17.375], [84.875, 17.625], [84.625, 17.625], [84.625, 17.375]]]}, "properties": {"time": "2013-10-12T12:00:00", "variable": "ws", "tier": "moderate", "percentile": 100.0, "z": 5.59, "wind_ms": 20.33, "value": 20.33, "lat": 17.5, "lon": 84.75}}, {"type": "Feature", "geometry": {"type": "Polygon", "coordinates": [[[84.875, 17.375], [85.125, 17.375], [85.125, 17.625], [84.875, 17.625], [84.875, 17.375]]]}, "properties": {"time": "2013-10-12T12:00:00", "variable": "ws", "tier": "moderate", "percentile": 100.0, "z": 6.2, "wind_ms": 21.08, "value": 21.08, "lat": 17.5, "lon": 85.0}}, {"type": "Feature", "geometry": {"type": "Polygon", "coordinates": [[[85.125, 17.375], [85.375, 17.375], [85.375, 17.625], [85.125, 17.625], [85.125, 17.375]]]}, "properties": {"time": "2013-10-12T12:00:00", "variable": "ws", "tier": "moderate", "percentile": 100.0, "z": 6.61, "wind_ms": 21.4, "value": 21.4, "lat": 17.5, "lon": 85.25}}, {"type": "Feature", "geometry": {"type": "Polygon", "coordinates": [[[85.375, 17.375], [85.625, 17.375], [85.625, 17.625], [85.375, 17.625], [85.375, 17.375]]]}, "properties": {"time": "2013-10-12T12:00:00", "variable": "ws", "tier": "moderate", "percentile": 100.0, "z": 6.78, "wind_ms": 21.96, "value": 21.96, "lat": 17.5, "lon": 85.5}}, {"type": "Feature", "geometry": {"type": "Polygon", "coordinates": [[[85.625, 17.375], [85.875, 17.375], [85.875, 17.625], [85.625, 17.625], [85.625, 17.375]]]}, "properties": {"time": "2013-10-12T12:00:00", "variable": "ws", "tier": "moderate", "percentile": 100.0, "z": 6.36, "wind_ms": 21.48, "value": 21.48, "lat": 17.5, "lon": 85.75}}, {"type": "Feature", "geometry": {"type": "Polygon", "coordinates": [[[85.875, 17.375], [86.125, 17.375], [86.125, 17.625], [85.875, 17.625], [85.875, 17.375]]]}, "properties": {"time": "2013-10-12T12:00:00", "variable": "ws", "tier": "moderate", "percentile": 100.0, "z": 5.8, "wind_ms": 20.55, "value": 20.55, "lat": 17.5, "lon": 86.0}}, {"type": "Feature", "geometry": {"type": "Polygon", "coordinates": [[[86.125, 17.375], [86.375, 17.375], [86.375, 17.625], [86.125, 17.625], [86.125, 17.375]]]}, "properties": {"time": "2013-10-12T12:00:00", "variable": "ws", "tier": "moderate", "percentile": 100.0, "z": 5.62, "wind_ms": 20.56, "value": 20.56, "lat": 17.5, "lon": 86.25}}, {"type": "Feature", "geometry": {"type": "Polygon", "coordinates": [[[86.375, 17.375], [86.625, 17.375], [86.625, 17.625], [86.375, 17.625], [86.375, 17.375]]]}, "properties": {"time": "2013-10-12T12:00:00", "variable": "ws", "tier": "moderate", "percentile": 100.0, "z": 5.66, "wind_ms": 20.56, "value": 20.56, "lat": 17.5, "lon": 86.5}}, {"type": "Feature", "geometry": {"type": "Polygon", "coordinates": [[[86.625, 17.375], [86.875, 17.375], [86.875, 17.625], [86.625, 17.625], [86.625, 17.375]]]}, "properties": {"time": "2013-10-12T12:00:00", "variable": "ws", "tier": "moderate", "percentile": 100.0, "z": 5.52, "wind_ms": 19.75, "value": 19.75, "lat": 17.5, "lon": 86.75}}, {"type": "Feature", "geometry": {"type": "Polygon", "coordinates": [[[86.875, 17.375], [87.125, 17.375], [87.125, 17.625], [86.875, 17.625], [86.875, 17.375]]]}, "properties": {"time": "2013-10-12T12:00:00", "variable": "ws", "tier": "moderate", "percentile": 100.0, "z": 5.27, "wind_ms": 18.61, "value": 18.61, "lat": 17.5, "lon": 87.0}}, {"type": "Feature", "geometry": {"type": "Polygon", "coordinates": [[[87.125, 17.375], [87.375, 17.375], [87.375, 17.625], [87.125, 17.625], [87.125, 17.375]]]}, "properties": {"time": "2013-10-12T12:00:00", "variable": "ws", "tier": "moderate", "percentile": 100.0, "z": 5.38, "wind_ms": 18.53, "value": 18.53, "lat": 17.5, "lon": 87.25}}, {"type": "Feature", "geometry": {"type": "Polygon", "coordinates": [[[87.375, 17.375], [87.625, 17.375], [87.625, 17.625], [87.375, 17.625], [87.375, 17.375]]]}, "properties": {"time": "2013-10-12T12:00:00", "variable": "ws", "tier": "moderate", "percentile": 100.0, "z": 5.52, "wind_ms": 18.73, "value": 18.73, "lat": 17.5, "lon": 87.5}}, {"type": "Feature", "geometry": {"type": "Polygon", "coordinates": [[[87.625, 17.375], [87.875, 17.375], [87.875, 17.625], [87.625, 17.625], [87.625, 17.375]]]}, "properties": {"time": "2013-10-12T12:00:00", "variable": "ws", "tier": "moderate", "percentile": 100.0, "z": 5.31, "wind_ms": 17.99, "value": 17.99, "lat": 17.5, "lon": 87.75}}, {"type": "Feature", "geometry": {"type": "Polygon", "coordinates": [[[87.875, 17.375], [88.125, 17.375], [88.125, 17.625], [87.875, 17.625], [87.875, 17.375]]]}, "properties": {"time": "2013-10-12T12:00:00", "variable": "ws", "tier": "moderate", "percentile": 100.0, "z": 5.05, "wind_ms": 17.08, "value": 17.08, "lat": 17.5, "lon": 88.0}}, {"type": "Feature", "geometry": {"type": "Polygon", "coordinates": [[[88.125, 17.375], [88.375, 17.375], [88.375, 17.625], [88.125, 17.625], [88.125, 17.375]]]}, "properties": {"time": "2013-10-12T12:00:00", "variable": "ws", "tier": "low", "percentile": 100.0, "z": 4.97, "wind_ms": 16.75, "value": 16.75, "lat": 17.5, "lon": 88.25}}, {"type": "Feature", "geometry": {"type": "Polygon", "coordinates": [[[88.375, 17.375], [88.625, 17.375], [88.625, 17.625], [88.375, 17.625], [88.375, 17.375]]]}, "properties": {"time": "2013-10-12T12:00:00", "variable": "ws", "tier": "low", "percentile": 100.0, "z": 4.74, "wind_ms": 16.05, "value": 16.05, "lat": 17.5, "lon": 88.5}}, {"type": "Feature", "geometry": {"type": "Polygon", "coordinates": [[[88.625, 17.375], [88.875, 17.375], [88.875, 17.625], [88.625, 17.625], [88.625, 17.375]]]}, "properties": {"time": "2013-10-12T12:00:00", "variable": "ws", "tier": "low", "percentile": 100.0, "z": 4.17, "wind_ms": 14.6, "value": 14.6, "lat": 17.5, "lon": 88.75}}, {"type": "Feature", "geometry": {"type": "Polygon", "coordinates": [[[88.875, 17.375], [89.125, 17.375], [89.125, 17.625], [88.875, 17.625], [88.875, 17.375]]]}, "properties": {"time": "2013-10-12T12:00:00", "variable": "ws", "tier": "low", "percentile": 99.2, "z": 3.75, "wind_ms": 13.52, "value": 13.52, "lat": 17.5, "lon": 89.0}}, {"type": "Feature", "geometry": {"type": "Polygon", "coordinates": [[[89.125, 17.375], [89.375, 17.375], [89.375, 17.625], [89.125, 17.625], [89.125, 17.375]]]}, "properties": {"time": "2013-10-12T12:00:00", "variable": "ws", "tier": "low", "percentile": 99.2, "z": 3.52, "wind_ms": 12.9, "value": 12.9, "lat": 17.5, "lon": 89.25}}, {"type": "Feature", "geometry": {"type": "Polygon", "coordinates": [[[83.375, 17.625], [83.625, 17.625], [83.625, 17.875], [83.375, 17.875], [83.375, 17.625]]]}, "properties": {"time": "2013-10-12T12:00:00", "variable": "ws", "tier": "low", "percentile": 100.0, "z": 4.89, "wind_ms": 11.46, "value": 11.46, "lat": 17.75, "lon": 83.5}}, {"type": "Feature", "geometry": {"type": "Polygon", "coordinates": [[[83.625, 17.625], [83.875, 17.625], [83.875, 17.875], [83.625, 17.875], [83.625, 17.625]]]}, "properties": {"time": "2013-10-12T12:00:00", "variable": "ws", "tier": "low", "percentile": 100.0, "z": 5.01, "wind_ms": 14.42, "value": 14.42, "lat": 17.75, "lon": 83.75}}, {"type": "Feature", "geometry": {"type": "Polygon", "coordinates": [[[83.875, 17.625], [84.125, 17.625], [84.125, 17.875], [83.875, 17.875], [83.875, 17.625]]]}, "properties": {"time": "2013-10-12T12:00:00", "variable": "ws", "tier": "moderate", "percentile": 100.0, "z": 5.34, "wind_ms": 17.49, "value": 17.49, "lat": 17.75, "lon": 84.0}}, {"type": "Feature", "geometry": {"type": "Polygon", "coordinates": [[[84.125, 17.625], [84.375, 17.625], [84.375, 17.875], [84.125, 17.875], [84.125, 17.625]]]}, "properties": {"time": "2013-10-12T12:00:00", "variable": "ws", "tier": "moderate", "percentile": 100.0, "z": 5.51, "wind_ms": 19.08, "value": 19.08, "lat": 17.75, "lon": 84.25}}, {"type": "Feature", "geometry": {"type": "Polygon", "coordinates": [[[84.375, 17.625], [84.625, 17.625], [84.625, 17.875], [84.375, 17.875], [84.375, 17.625]]]}, "properties": {"time": "2013-10-12T12:00:00", "variable": "ws", "tier": "moderate", "percentile": 100.0, "z": 5.88, "wind_ms": 21.01, "value": 21.01, "lat": 17.75, "lon": 84.5}}, {"type": "Feature", "geometry": {"type": "Polygon", "coordinates": [[[84.625, 17.625], [84.875, 17.625], [84.875, 17.875], [84.625, 17.875], [84.625, 17.625]]]}, "properties": {"time": "2013-10-12T12:00:00", "variable": "ws", "tier": "moderate", "percentile": 100.0, "z": 6.35, "wind_ms": 22.35, "value": 22.35, "lat": 17.75, "lon": 84.75}}, {"type": "Feature", "geometry": {"type": "Polygon", "coordinates": [[[84.875, 17.625], [85.125, 17.625], [85.125, 17.875], [84.875, 17.875], [84.875, 17.625]]]}, "properties": {"time": "2013-10-12T12:00:00", "variable": "ws", "tier": "moderate", "percentile": 100.0, "z": 7.2, "wind_ms": 23.16, "value": 23.16, "lat": 17.75, "lon": 85.0}}, {"type": "Feature", "geometry": {"type": "Polygon", "coordinates": [[[85.125, 17.625], [85.375, 17.625], [85.375, 17.875], [85.125, 17.875], [85.125, 17.625]]]}, "properties": {"time": "2013-10-12T12:00:00", "variable": "ws", "tier": "moderate", "percentile": 100.0, "z": 7.38, "wind_ms": 23.47, "value": 23.47, "lat": 17.75, "lon": 85.25}}, {"type": "Feature", "geometry": {"type": "Polygon", "coordinates": [[[85.375, 17.625], [85.625, 17.625], [85.625, 17.875], [85.375, 17.875], [85.375, 17.625]]]}, "properties": {"time": "2013-10-12T12:00:00", "variable": "ws", "tier": "moderate", "percentile": 100.0, "z": 7.13, "wind_ms": 23.14, "value": 23.14, "lat": 17.75, "lon": 85.5}}, {"type": "Feature", "geometry": {"type": "Polygon", "coordinates": [[[85.625, 17.625], [85.875, 17.625], [85.875, 17.875], [85.625, 17.875], [85.625, 17.625]]]}, "properties": {"time": "2013-10-12T12:00:00", "variable": "ws", "tier": "moderate", "percentile": 100.0, "z": 6.37, "wind_ms": 21.93, "value": 21.93, "lat": 17.75, "lon": 85.75}}, {"type": "Feature", "geometry": {"type": "Polygon", "coordinates": [[[85.875, 17.625], [86.125, 17.625], [86.125, 17.875], [85.875, 17.875], [85.875, 17.625]]]}, "properties": {"time": "2013-10-12T12:00:00", "variable": "ws", "tier": "moderate", "percentile": 100.0, "z": 5.93, "wind_ms": 21.19, "value": 21.19, "lat": 17.75, "lon": 86.0}}, {"type": "Feature", "geometry": {"type": "Polygon", "coordinates": [[[86.125, 17.625], [86.375, 17.625], [86.375, 17.875], [86.125, 17.875], [86.125, 17.625]]]}, "properties": {"time": "2013-10-12T12:00:00", "variable": "ws", "tier": "moderate", "percentile": 100.0, "z": 5.91, "wind_ms": 21.22, "value": 21.22, "lat": 17.75, "lon": 86.25}}, {"type": "Feature", "geometry": {"type": "Polygon", "coordinates": [[[86.375, 17.625], [86.625, 17.625], [86.625, 17.875], [86.375, 17.875], [86.375, 17.625]]]}, "properties": {"time": "2013-10-12T12:00:00", "variable": "ws", "tier": "moderate", "percentile": 100.0, "z": 5.93, "wind_ms": 21.16, "value": 21.16, "lat": 17.75, "lon": 86.5}}, {"type": "Feature", "geometry": {"type": "Polygon", "coordinates": [[[86.625, 17.625], [86.875, 17.625], [86.875, 17.875], [86.625, 17.875], [86.625, 17.625]]]}, "properties": {"time": "2013-10-12T12:00:00", "variable": "ws", "tier": "moderate", "percentile": 100.0, "z": 5.61, "wind_ms": 19.88, "value": 19.88, "lat": 17.75, "lon": 86.75}}, {"type": "Feature", "geometry": {"type": "Polygon", "coordinates": [[[86.875, 17.625], [87.125, 17.625], [87.125, 17.875], [86.875, 17.875], [86.875, 17.625]]]}, "properties": {"time": "2013-10-12T12:00:00", "variable": "ws", "tier": "moderate", "percentile": 100.0, "z": 5.4, "wind_ms": 18.86, "value": 18.86, "lat": 17.75, "lon": 87.0}}, {"type": "Feature", "geometry": {"type": "Polygon", "coordinates": [[[87.125, 17.625], [87.375, 17.625], [87.375, 17.875], [87.125, 17.875], [87.125, 17.625]]]}, "properties": {"time": "2013-10-12T12:00:00", "variable": "ws", "tier": "moderate", "percentile": 100.0, "z": 5.42, "wind_ms": 18.58, "value": 18.58, "lat": 17.75, "lon": 87.25}}, {"type": "Feature", "geometry": {"type": "Polygon", "coordinates": [[[87.375, 17.625], [87.625, 17.625], [87.625, 17.875], [87.375, 17.875], [87.375, 17.625]]]}, "properties": {"time": "2013-10-12T12:00:00", "variable": "ws", "tier": "moderate", "percentile": 100.0, "z": 5.51, "wind_ms": 18.59, "value": 18.59, "lat": 17.75, "lon": 87.5}}, {"type": "Feature", "geometry": {"type": "Polygon", "coordinates": [[[87.625, 17.625], [87.875, 17.625], [87.875, 17.875], [87.625, 17.875], [87.625, 17.625]]]}, "properties": {"time": "2013-10-12T12:00:00", "variable": "ws", "tier": "moderate", "percentile": 100.0, "z": 5.4, "wind_ms": 18.05, "value": 18.05, "lat": 17.75, "lon": 87.75}}, {"type": "Feature", "geometry": {"type": "Polygon", "coordinates": [[[87.875, 17.625], [88.125, 17.625], [88.125, 17.875], [87.875, 17.875], [87.875, 17.625]]]}, "properties": {"time": "2013-10-12T12:00:00", "variable": "ws", "tier": "moderate", "percentile": 100.0, "z": 5.21, "wind_ms": 17.29, "value": 17.29, "lat": 17.75, "lon": 88.0}}, {"type": "Feature", "geometry": {"type": "Polygon", "coordinates": [[[88.125, 17.625], [88.375, 17.625], [88.375, 17.875], [88.125, 17.875], [88.125, 17.625]]]}, "properties": {"time": "2013-10-12T12:00:00", "variable": "ws", "tier": "low", "percentile": 100.0, "z": 5.12, "wind_ms": 16.98, "value": 16.98, "lat": 17.75, "lon": 88.25}}, {"type": "Feature", "geometry": {"type": "Polygon", "coordinates": [[[88.375, 17.625], [88.625, 17.625], [88.625, 17.875], [88.375, 17.875], [88.375, 17.625]]]}, "properties": {"time": "2013-10-12T12:00:00", "variable": "ws", "tier": "low", "percentile": 100.0, "z": 4.91, "wind_ms": 16.43, "value": 16.43, "lat": 17.75, "lon": 88.5}}, {"type": "Feature", "geometry": {"type": "Polygon", "coordinates": [[[88.625, 17.625], [88.875, 17.625], [88.875, 17.875], [88.625, 17.875], [88.625, 17.625]]]}, "properties": {"time": "2013-10-12T12:00:00", "variable": "ws", "tier": "low", "percentile": 100.0, "z": 4.34, "wind_ms": 14.97, "value": 14.97, "lat": 17.75, "lon": 88.75}}, {"type": "Feature", "geometry": {"type": "Polygon", "coordinates": [[[88.875, 17.625], [89.125, 17.625], [89.125, 17.875], [88.875, 17.875], [88.875, 17.625]]]}, "properties": {"time": "2013-10-12T12:00:00", "variable": "ws", "tier": "low", "percentile": 99.2, "z": 3.79, "wind_ms": 13.59, "value": 13.59, "lat": 17.75, "lon": 89.0}}, {"type": "Feature", "geometry": {"type": "Polygon", "coordinates": [[[89.125, 17.625], [89.375, 17.625], [89.375, 17.875], [89.125, 17.875], [89.125, 17.625]]]}, "properties": {"time": "2013-10-12T12:00:00", "variable": "ws", "tier": "low", "percentile": 99.2, "z": 3.55, "wind_ms": 12.94, "value": 12.94, "lat": 17.75, "lon": 89.25}}, {"type": "Feature", "geometry": {"type": "Polygon", "coordinates": [[[83.375, 17.875], [83.625, 17.875], [83.625, 18.125], [83.375, 18.125], [83.375, 17.875]]]}, "properties": {"time": "2013-10-12T12:00:00", "variable": "ws", "tier": "low", "percentile": 100.0, "z": 6.06, "wind_ms": 8.95, "value": 8.95, "lat": 18.0, "lon": 83.5}}, {"type": "Feature", "geometry": {"type": "Polygon", "coordinates": [[[83.625, 17.875], [83.875, 17.875], [83.875, 18.125], [83.625, 18.125], [83.625, 17.875]]]}, "properties": {"time": "2013-10-12T12:00:00", "variable": "ws", "tier": "low", "percentile": 100.0, "z": 5.76, "wind_ms": 13.42, "value": 13.42, "lat": 18.0, "lon": 83.75}}, {"type": "Feature", "geometry": {"type": "Polygon", "coordinates": [[[83.875, 17.875], [84.125, 17.875], [84.125, 18.125], [83.875, 18.125], [83.875, 17.875]]]}, "properties": {"time": "2013-10-12T12:00:00", "variable": "ws", "tier": "low", "percentile": 100.0, "z": 6.18, "wind_ms": 16.87, "value": 16.87, "lat": 18.0, "lon": 84.0}}, {"type": "Feature", "geometry": {"type": "Polygon", "coordinates": [[[84.125, 17.875], [84.375, 17.875], [84.375, 18.125], [84.125, 18.125], [84.125, 17.875]]]}, "properties": {"time": "2013-10-12T12:00:00", "variable": "ws", "tier": "moderate", "percentile": 100.0, "z": 6.49, "wind_ms": 20.89, "value": 20.89, "lat": 18.0, "lon": 84.25}}, {"type": "Feature", "geometry": {"type": "Polygon", "coordinates": [[[84.375, 17.875], [84.625, 17.875], [84.625, 18.125], [84.375, 18.125], [84.375, 17.875]]]}, "properties": {"time": "2013-10-12T12:00:00", "variable": "ws", "tier": "moderate", "percentile": 100.0, "z": 6.7, "wind_ms": 22.61, "value": 22.61, "lat": 18.0, "lon": 84.5}}, {"type": "Feature", "geometry": {"type": "Polygon", "coordinates": [[[84.625, 17.875], [84.875, 17.875], [84.875, 18.125], [84.625, 18.125], [84.625, 17.875]]]}, "properties": {"time": "2013-10-12T12:00:00", "variable": "ws", "tier": "moderate", "percentile": 100.0, "z": 7.34, "wind_ms": 24.46, "value": 24.46, "lat": 18.0, "lon": 84.75}}, {"type": "Feature", "geometry": {"type": "Polygon", "coordinates": [[[84.875, 17.875], [85.125, 17.875], [85.125, 18.125], [84.875, 18.125], [84.875, 17.875]]]}, "properties": {"time": "2013-10-12T12:00:00", "variable": "ws", "tier": "severe", "percentile": 100.0, "z": 7.89, "wind_ms": 25.12, "value": 25.12, "lat": 18.0, "lon": 85.0}}, {"type": "Feature", "geometry": {"type": "Polygon", "coordinates": [[[85.125, 17.875], [85.375, 17.875], [85.375, 18.125], [85.125, 18.125], [85.125, 17.875]]]}, "properties": {"time": "2013-10-12T12:00:00", "variable": "ws", "tier": "severe", "percentile": 100.0, "z": 7.96, "wind_ms": 25.73, "value": 25.73, "lat": 18.0, "lon": 85.25}}, {"type": "Feature", "geometry": {"type": "Polygon", "coordinates": [[[85.375, 17.875], [85.625, 17.875], [85.625, 18.125], [85.375, 18.125], [85.375, 17.875]]]}, "properties": {"time": "2013-10-12T12:00:00", "variable": "ws", "tier": "severe", "percentile": 100.0, "z": 7.75, "wind_ms": 25.24, "value": 25.24, "lat": 18.0, "lon": 85.5}}, {"type": "Feature", "geometry": {"type": "Polygon", "coordinates": [[[85.625, 17.875], [85.875, 17.875], [85.875, 18.125], [85.625, 18.125], [85.625, 17.875]]]}, "properties": {"time": "2013-10-12T12:00:00", "variable": "ws", "tier": "moderate", "percentile": 100.0, "z": 7.02, "wind_ms": 24.02, "value": 24.02, "lat": 18.0, "lon": 85.75}}, {"type": "Feature", "geometry": {"type": "Polygon", "coordinates": [[[85.875, 17.875], [86.125, 17.875], [86.125, 18.125], [85.875, 18.125], [85.875, 17.875]]]}, "properties": {"time": "2013-10-12T12:00:00", "variable": "ws", "tier": "moderate", "percentile": 100.0, "z": 6.63, "wind_ms": 23.04, "value": 23.04, "lat": 18.0, "lon": 86.0}}, {"type": "Feature", "geometry": {"type": "Polygon", "coordinates": [[[86.125, 17.875], [86.375, 17.875], [86.375, 18.125], [86.125, 18.125], [86.125, 17.875]]]}, "properties": {"time": "2013-10-12T12:00:00", "variable": "ws", "tier": "moderate", "percentile": 100.0, "z": 6.59, "wind_ms": 22.86, "value": 22.86, "lat": 18.0, "lon": 86.25}}, {"type": "Feature", "geometry": {"type": "Polygon", "coordinates": [[[86.375, 17.875], [86.625, 17.875], [86.625, 18.125], [86.375, 18.125], [86.375, 17.875]]]}, "properties": {"time": "2013-10-12T12:00:00", "variable": "ws", "tier": "moderate", "percentile": 100.0, "z": 6.14, "wind_ms": 21.36, "value": 21.36, "lat": 18.0, "lon": 86.5}}, {"type": "Feature", "geometry": {"type": "Polygon", "coordinates": [[[86.625, 17.875], [86.875, 17.875], [86.875, 18.125], [86.625, 18.125], [86.625, 17.875]]]}, "properties": {"time": "2013-10-12T12:00:00", "variable": "ws", "tier": "moderate", "percentile": 100.0, "z": 5.92, "wind_ms": 20.32, "value": 20.32, "lat": 18.0, "lon": 86.75}}, {"type": "Feature", "geometry": {"type": "Polygon", "coordinates": [[[86.875, 17.875], [87.125, 17.875], [87.125, 18.125], [86.875, 18.125], [86.875, 17.875]]]}, "properties": {"time": "2013-10-12T12:00:00", "variable": "ws", "tier": "moderate", "percentile": 100.0, "z": 5.5, "wind_ms": 18.97, "value": 18.97, "lat": 18.0, "lon": 87.0}}, {"type": "Feature", "geometry": {"type": "Polygon", "coordinates": [[[87.125, 17.875], [87.375, 17.875], [87.375, 18.125], [87.125, 18.125], [87.125, 17.875]]]}, "properties": {"time": "2013-10-12T12:00:00", "variable": "ws", "tier": "moderate", "percentile": 100.0, "z": 5.5, "wind_ms": 18.67, "value": 18.67, "lat": 18.0, "lon": 87.25}}, {"type": "Feature", "geometry": {"type": "Polygon", "coordinates": [[[87.375, 17.875], [87.625, 17.875], [87.625, 18.125], [87.375, 18.125], [87.375, 17.875]]]}, "properties": {"time": "2013-10-12T12:00:00", "variable": "ws", "tier": "moderate", "percentile": 100.0, "z": 5.57, "wind_ms": 18.64, "value": 18.64, "lat": 18.0, "lon": 87.5}}, {"type": "Feature", "geometry": {"type": "Polygon", "coordinates": [[[87.625, 17.875], [87.875, 17.875], [87.875, 18.125], [87.625, 18.125], [87.625, 17.875]]]}, "properties": {"time": "2013-10-12T12:00:00", "variable": "ws", "tier": "moderate", "percentile": 100.0, "z": 5.56, "wind_ms": 18.32, "value": 18.32, "lat": 18.0, "lon": 87.75}}, {"type": "Feature", "geometry": {"type": "Polygon", "coordinates": [[[87.875, 17.875], [88.125, 17.875], [88.125, 18.125], [87.875, 18.125], [87.875, 17.875]]]}, "properties": {"time": "2013-10-12T12:00:00", "variable": "ws", "tier": "moderate", "percentile": 100.0, "z": 5.32, "wind_ms": 17.42, "value": 17.42, "lat": 18.0, "lon": 88.0}}, {"type": "Feature", "geometry": {"type": "Polygon", "coordinates": [[[88.125, 17.875], [88.375, 17.875], [88.375, 18.125], [88.125, 18.125], [88.125, 17.875]]]}, "properties": {"time": "2013-10-12T12:00:00", "variable": "ws", "tier": "moderate", "percentile": 100.0, "z": 5.24, "wind_ms": 17.11, "value": 17.11, "lat": 18.0, "lon": 88.25}}, {"type": "Feature", "geometry": {"type": "Polygon", "coordinates": [[[88.375, 17.875], [88.625, 17.875], [88.625, 18.125], [88.375, 18.125], [88.375, 17.875]]]}, "properties": {"time": "2013-10-12T12:00:00", "variable": "ws", "tier": "low", "percentile": 100.0, "z": 5.04, "wind_ms": 16.57, "value": 16.57, "lat": 18.0, "lon": 88.5}}, {"type": "Feature", "geometry": {"type": "Polygon", "coordinates": [[[88.625, 17.875], [88.875, 17.875], [88.875, 18.125], [88.625, 18.125], [88.625, 17.875]]]}, "properties": {"time": "2013-10-12T12:00:00", "variable": "ws", "tier": "low", "percentile": 100.0, "z": 4.42, "wind_ms": 15.08, "value": 15.08, "lat": 18.0, "lon": 88.75}}, {"type": "Feature", "geometry": {"type": "Polygon", "coordinates": [[[88.875, 17.875], [89.125, 17.875], [89.125, 18.125], [88.875, 18.125], [88.875, 17.875]]]}, "properties": {"time": "2013-10-12T12:00:00", "variable": "ws", "tier": "low", "percentile": 100.0, "z": 3.89, "wind_ms": 13.75, "value": 13.75, "lat": 18.0, "lon": 89.0}}, {"type": "Feature", "geometry": {"type": "Polygon", "coordinates": [[[89.125, 17.875], [89.375, 17.875], [89.375, 18.125], [89.125, 18.125], [89.125, 17.875]]]}, "properties": {"time": "2013-10-12T12:00:00", "variable": "ws", "tier": "low", "percentile": 99.2, "z": 3.61, "wind_ms": 13.05, "value": 13.05, "lat": 18.0, "lon": 89.25}}, {"type": "Feature", "geometry": {"type": "Polygon", "coordinates": [[[83.625, 18.125], [83.875, 18.125], [83.875, 18.375], [83.625, 18.375], [83.625, 18.125]]]}, "properties": {"time": "2013-10-12T12:00:00", "variable": "ws", "tier": "low", "percentile": 100.0, "z": 7.59, "wind_ms": 11.98, "value": 11.98, "lat": 18.25, "lon": 83.75}}, {"type": "Feature", "geometry": {"type": "Polygon", "coordinates": [[[83.875, 18.125], [84.125, 18.125], [84.125, 18.375], [83.875, 18.375], [83.875, 18.125]]]}, "properties": {"time": "2013-10-12T12:00:00", "variable": "ws", "tier": "low", "percentile": 100.0, "z": 7.68, "wind_ms": 14.64, "value": 14.64, "lat": 18.25, "lon": 84.0}}, {"type": "Feature", "geometry": {"type": "Polygon", "coordinates": [[[84.125, 18.125], [84.375, 18.125], [84.375, 18.375], [84.125, 18.375], [84.125, 18.125]]]}, "properties": {"time": "2013-10-12T12:00:00", "variable": "ws", "tier": "moderate", "percentile": 100.0, "z": 7.82, "wind_ms": 18.31, "value": 18.31, "lat": 18.25, "lon": 84.25}}, {"type": "Feature", "geometry": {"type": "Polygon", "coordinates": [[[84.375, 18.125], [84.625, 18.125], [84.625, 18.375], [84.375, 18.375], [84.375, 18.125]]]}, "properties": {"time": "2013-10-12T12:00:00", "variable": "ws", "tier": "moderate", "percentile": 100.0, "z": 7.04, "wind_ms": 22.75, "value": 22.75, "lat": 18.25, "lon": 84.5}}, {"type": "Feature", "geometry": {"type": "Polygon", "coordinates": [[[84.625, 18.125], [84.875, 18.125], [84.875, 18.375], [84.625, 18.375], [84.625, 18.125]]]}, "properties": {"time": "2013-10-12T12:00:00", "variable": "ws", "tier": "moderate", "percentile": 100.0, "z": 7.38, "wind_ms": 24.0, "value": 24.0, "lat": 18.25, "lon": 84.75}}, {"type": "Feature", "geometry": {"type": "Polygon", "coordinates": [[[84.875, 18.125], [85.125, 18.125], [85.125, 18.375], [84.875, 18.375], [84.875, 18.125]]]}, "properties": {"time": "2013-10-12T12:00:00", "variable": "ws", "tier": "severe", "percentile": 100.0, "z": 8.07, "wind_ms": 25.71, "value": 25.71, "lat": 18.25, "lon": 85.0}}, {"type": "Feature", "geometry": {"type": "Polygon", "coordinates": [[[85.125, 18.125], [85.375, 18.125], [85.375, 18.375], [85.125, 18.375], [85.125, 18.125]]]}, "properties": {"time": "2013-10-12T12:00:00", "variable": "ws", "tier": "severe", "percentile": 100.0, "z": 8.12, "wind_ms": 26.43, "value": 26.43, "lat": 18.25, "lon": 85.25}}, {"type": "Feature", "geometry": {"type": "Polygon", "coordinates": [[[85.375, 18.125], [85.625, 18.125], [85.625, 18.375], [85.375, 18.375], [85.375, 18.125]]]}, "properties": {"time": "2013-10-12T12:00:00", "variable": "ws", "tier": "severe", "percentile": 100.0, "z": 8.39, "wind_ms": 27.45, "value": 27.45, "lat": 18.25, "lon": 85.5}}, {"type": "Feature", "geometry": {"type": "Polygon", "coordinates": [[[85.625, 18.125], [85.875, 18.125], [85.875, 18.375], [85.625, 18.375], [85.625, 18.125]]]}, "properties": {"time": "2013-10-12T12:00:00", "variable": "ws", "tier": "severe", "percentile": 100.0, "z": 7.96, "wind_ms": 26.49, "value": 26.49, "lat": 18.25, "lon": 85.75}}, {"type": "Feature", "geometry": {"type": "Polygon", "coordinates": [[[85.875, 18.125], [86.125, 18.125], [86.125, 18.375], [85.875, 18.375], [85.875, 18.125]]]}, "properties": {"time": "2013-10-12T12:00:00", "variable": "ws", "tier": "severe", "percentile": 100.0, "z": 7.47, "wind_ms": 25.03, "value": 25.03, "lat": 18.25, "lon": 86.0}}, {"type": "Feature", "geometry": {"type": "Polygon", "coordinates": [[[86.125, 18.125], [86.375, 18.125], [86.375, 18.375], [86.125, 18.375], [86.125, 18.125]]]}, "properties": {"time": "2013-10-12T12:00:00", "variable": "ws", "tier": "moderate", "percentile": 100.0, "z": 7.01, "wind_ms": 23.51, "value": 23.51, "lat": 18.25, "lon": 86.25}}, {"type": "Feature", "geometry": {"type": "Polygon", "coordinates": [[[86.375, 18.125], [86.625, 18.125], [86.625, 18.375], [86.375, 18.375], [86.375, 18.125]]]}, "properties": {"time": "2013-10-12T12:00:00", "variable": "ws", "tier": "moderate", "percentile": 100.0, "z": 6.7, "wind_ms": 22.34, "value": 22.34, "lat": 18.25, "lon": 86.5}}, {"type": "Feature", "geometry": {"type": "Polygon", "coordinates": [[[86.625, 18.125], [86.875, 18.125], [86.875, 18.375], [86.625, 18.375], [86.625, 18.125]]]}, "properties": {"time": "2013-10-12T12:00:00", "variable": "ws", "tier": "moderate", "percentile": 100.0, "z": 6.09, "wind_ms": 20.55, "value": 20.55, "lat": 18.25, "lon": 86.75}}, {"type": "Feature", "geometry": {"type": "Polygon", "coordinates": [[[86.875, 18.125], [87.125, 18.125], [87.125, 18.375], [86.875, 18.375], [86.875, 18.125]]]}, "properties": {"time": "2013-10-12T12:00:00", "variable": "ws", "tier": "moderate", "percentile": 100.0, "z": 5.77, "wind_ms": 19.43, "value": 19.43, "lat": 18.25, "lon": 87.0}}, {"type": "Feature", "geometry": {"type": "Polygon", "coordinates": [[[87.125, 18.125], [87.375, 18.125], [87.375, 18.375], [87.125, 18.375], [87.125, 18.125]]]}, "properties": {"time": "2013-10-12T12:00:00", "variable": "ws", "tier": "moderate", "percentile": 100.0, "z": 5.62, "wind_ms": 18.95, "value": 18.95, "lat": 18.25, "lon": 87.25}}, {"type": "Feature", "geometry": {"type": "Polygon", "coordinates": [[[87.375, 18.125], [87.625, 18.125], [87.625, 18.375], [87.375, 18.375], [87.375, 18.125]]]}, "properties": {"time": "2013-10-12T12:00:00", "variable": "ws", "tier": "moderate", "percentile": 100.0, "z": 5.67, "wind_ms": 18.88, "value": 18.88, "lat": 18.25, "lon": 87.5}}, {"type": "Feature", "geometry": {"type": "Polygon", "coordinates": [[[87.625, 18.125], [87.875, 18.125], [87.875, 18.375], [87.625, 18.375], [87.625, 18.125]]]}, "properties": {"time": "2013-10-12T12:00:00", "variable": "ws", "tier": "moderate", "percentile": 100.0, "z": 5.69, "wind_ms": 18.59, "value": 18.59, "lat": 18.25, "lon": 87.75}}, {"type": "Feature", "geometry": {"type": "Polygon", "coordinates": [[[87.875, 18.125], [88.125, 18.125], [88.125, 18.375], [87.875, 18.375], [87.875, 18.125]]]}, "properties": {"time": "2013-10-12T12:00:00", "variable": "ws", "tier": "moderate", "percentile": 100.0, "z": 5.3, "wind_ms": 17.28, "value": 17.28, "lat": 18.25, "lon": 88.0}}, {"type": "Feature", "geometry": {"type": "Polygon", "coordinates": [[[88.125, 18.125], [88.375, 18.125], [88.375, 18.375], [88.125, 18.375], [88.125, 18.125]]]}, "properties": {"time": "2013-10-12T12:00:00", "variable": "ws", "tier": "moderate", "percentile": 100.0, "z": 5.27, "wind_ms": 17.01, "value": 17.01, "lat": 18.25, "lon": 88.25}}, {"type": "Feature", "geometry": {"type": "Polygon", "coordinates": [[[88.375, 18.125], [88.625, 18.125], [88.625, 18.375], [88.375, 18.375], [88.375, 18.125]]]}, "properties": {"time": "2013-10-12T12:00:00", "variable": "ws", "tier": "low", "percentile": 100.0, "z": 5.16, "wind_ms": 16.65, "value": 16.65, "lat": 18.25, "lon": 88.5}}, {"type": "Feature", "geometry": {"type": "Polygon", "coordinates": [[[88.625, 18.125], [88.875, 18.125], [88.875, 18.375], [88.625, 18.375], [88.625, 18.125]]]}, "properties": {"time": "2013-10-12T12:00:00", "variable": "ws", "tier": "low", "percentile": 100.0, "z": 4.55, "wind_ms": 15.21, "value": 15.21, "lat": 18.25, "lon": 88.75}}, {"type": "Feature", "geometry": {"type": "Polygon", "coordinates": [[[88.875, 18.125], [89.125, 18.125], [89.125, 18.375], [88.875, 18.375], [88.875, 18.125]]]}, "properties": {"time": "2013-10-12T12:00:00", "variable": "ws", "tier": "low", "percentile": 100.0, "z": 3.94, "wind_ms": 13.87, "value": 13.87, "lat": 18.25, "lon": 89.0}}, {"type": "Feature", "geometry": {"type": "Polygon", "coordinates": [[[89.125, 18.125], [89.375, 18.125], [89.375, 18.375], [89.125, 18.375], [89.125, 18.125]]]}, "properties": {"time": "2013-10-12T12:00:00", "variable": "ws", "tier": "low", "percentile": 99.2, "z": 3.67, "wind_ms": 13.19, "value": 13.19, "lat": 18.25, "lon": 89.25}}, {"type": "Feature", "geometry": {"type": "Polygon", "coordinates": [[[82.875, 18.375], [83.125, 18.375], [83.125, 18.625], [82.875, 18.625], [82.875, 18.375]]]}, "properties": {"time": "2013-10-12T12:00:00", "variable": "ws", "tier": "low", "percentile": 100.0, "z": 7.72, "wind_ms": 8.95, "value": 8.95, "lat": 18.5, "lon": 83.0}}, {"type": "Feature", "geometry": {"type": "Polygon", "coordinates": [[[83.125, 18.375], [83.375, 18.375], [83.375, 18.625], [83.125, 18.625], [83.125, 18.375]]]}, "properties": {"time": "2013-10-12T12:00:00", "variable": "ws", "tier": "low", "percentile": 100.0, "z": 7.72, "wind_ms": 8.81, "value": 8.81, "lat": 18.5, "lon": 83.25}}, {"type": "Feature", "geometry": {"type": "Polygon", "coordinates": [[[83.375, 18.375], [83.625, 18.375], [83.625, 18.625], [83.375, 18.625], [83.375, 18.375]]]}, "properties": {"time": "2013-10-12T12:00:00", "variable": "ws", "tier": "low", "percentile": 100.0, "z": 8.79, "wind_ms": 9.9, "value": 9.9, "lat": 18.5, "lon": 83.5}}, {"type": "Feature", "geometry": {"type": "Polygon", "coordinates": [[[83.625, 18.375], [83.875, 18.375], [83.875, 18.625], [83.625, 18.625], [83.625, 18.375]]]}, "properties": {"time": "2013-10-12T12:00:00", "variable": "ws", "tier": "low", "percentile": 100.0, "z": 9.91, "wind_ms": 11.16, "value": 11.16, "lat": 18.5, "lon": 83.75}}, {"type": "Feature", "geometry": {"type": "Polygon", "coordinates": [[[83.875, 18.375], [84.125, 18.375], [84.125, 18.625], [83.875, 18.625], [83.875, 18.375]]]}, "properties": {"time": "2013-10-12T12:00:00", "variable": "ws", "tier": "low", "percentile": 100.0, "z": 11.22, "wind_ms": 12.86, "value": 12.86, "lat": 18.5, "lon": 84.0}}, {"type": "Feature", "geometry": {"type": "Polygon", "coordinates": [[[84.125, 18.375], [84.375, 18.375], [84.375, 18.625], [84.125, 18.625], [84.125, 18.375]]]}, "properties": {"time": "2013-10-12T12:00:00", "variable": "ws", "tier": "low", "percentile": 100.0, "z": 9.15, "wind_ms": 14.56, "value": 14.56, "lat": 18.5, "lon": 84.25}}, {"type": "Feature", "geometry": {"type": "Polygon", "coordinates": [[[84.375, 18.375], [84.625, 18.375], [84.625, 18.625], [84.375, 18.625], [84.375, 18.375]]]}, "properties": {"time": "2013-10-12T12:00:00", "variable": "ws", "tier": "moderate", "percentile": 100.0, "z": 7.47, "wind_ms": 18.47, "value": 18.47, "lat": 18.5, "lon": 84.5}}, {"type": "Feature", "geometry": {"type": "Polygon", "coordinates": [[[84.625, 18.375], [84.875, 18.375], [84.875, 18.625], [84.625, 18.625], [84.625, 18.375]]]}, "properties": {"time": "2013-10-12T12:00:00", "variable": "ws", "tier": "moderate", "percentile": 100.0, "z": 5.96, "wind_ms": 19.96, "value": 19.96, "lat": 18.5, "lon": 84.75}}, {"type": "Feature", "geometry": {"type": "Polygon", "coordinates": [[[84.875, 18.375], [85.125, 18.375], [85.125, 18.625], [84.875, 18.625], [84.875, 18.375]]]}, "properties": {"time": "2013-10-12T12:00:00", "variable": "ws", "tier": "moderate", "percentile": 100.0, "z": 6.28, "wind_ms": 20.52, "value": 20.52, "lat": 18.5, "lon": 85.0}}, {"type": "Feature", "geometry": {"type": "Polygon", "coordinates": [[[85.125, 18.375], [85.375, 18.375], [85.375, 18.625], [85.125, 18.625], [85.125, 18.375]]]}, "properties": {"time": "2013-10-12T12:00:00", "variable": "ws", "tier": "moderate", "percentile": 100.0, "z": 7.01, "wind_ms": 23.09, "value": 23.09, "lat": 18.5, "lon": 85.25}}, {"type": "Feature", "geometry": {"type": "Polygon", "coordinates": [[[85.375, 18.375], [85.625, 18.375], [85.625, 18.625], [85.375, 18.625], [85.375, 18.375]]]}, "properties": {"time": "2013-10-12T12:00:00", "variable": "ws", "tier": "severe", "percentile": 100.0, "z": 8.3, "wind_ms": 27.17, "value": 27.17, "lat": 18.5, "lon": 85.5}}, {"type": "Feature", "geometry": {"type": "Polygon", "coordinates": [[[85.625, 18.375], [85.875, 18.375], [85.875, 18.625], [85.625, 18.625], [85.625, 18.375]]]}, "properties": {"time": "2013-10-12T12:00:00", "variable": "ws", "tier": "severe", "percentile": 100.0, "z": 8.4, "wind_ms": 27.27, "value": 27.27, "lat": 18.5, "lon": 85.75}}, {"type": "Feature", "geometry": {"type": "Polygon", "coordinates": [[[85.875, 18.375], [86.125, 18.375], [86.125, 18.625], [85.875, 18.625], [85.875, 18.375]]]}, "properties": {"time": "2013-10-12T12:00:00", "variable": "ws", "tier": "severe", "percentile": 100.0, "z": 7.72, "wind_ms": 25.16, "value": 25.16, "lat": 18.5, "lon": 86.0}}, {"type": "Feature", "geometry": {"type": "Polygon", "coordinates": [[[86.125, 18.375], [86.375, 18.375], [86.375, 18.625], [86.125, 18.625], [86.125, 18.375]]]}, "properties": {"time": "2013-10-12T12:00:00", "variable": "ws", "tier": "moderate", "percentile": 100.0, "z": 7.45, "wind_ms": 24.09, "value": 24.09, "lat": 18.5, "lon": 86.25}}, {"type": "Feature", "geometry": {"type": "Polygon", "coordinates": [[[86.375, 18.375], [86.625, 18.375], [86.625, 18.625], [86.375, 18.625], [86.375, 18.375]]]}, "properties": {"time": "2013-10-12T12:00:00", "variable": "ws", "tier": "moderate", "percentile": 100.0, "z": 7.02, "wind_ms": 22.81, "value": 22.81, "lat": 18.5, "lon": 86.5}}, {"type": "Feature", "geometry": {"type": "Polygon", "coordinates": [[[86.625, 18.375], [86.875, 18.375], [86.875, 18.625], [86.625, 18.625], [86.625, 18.375]]]}, "properties": {"time": "2013-10-12T12:00:00", "variable": "ws", "tier": "moderate", "percentile": 100.0, "z": 6.52, "wind_ms": 21.3, "value": 21.3, "lat": 18.5, "lon": 86.75}}, {"type": "Feature", "geometry": {"type": "Polygon", "coordinates": [[[86.875, 18.375], [87.125, 18.375], [87.125, 18.625], [86.875, 18.625], [86.875, 18.375]]]}, "properties": {"time": "2013-10-12T12:00:00", "variable": "ws", "tier": "moderate", "percentile": 100.0, "z": 6.0, "wind_ms": 19.9, "value": 19.9, "lat": 18.5, "lon": 87.0}}, {"type": "Feature", "geometry": {"type": "Polygon", "coordinates": [[[87.125, 18.375], [87.375, 18.375], [87.375, 18.625], [87.125, 18.625], [87.125, 18.375]]]}, "properties": {"time": "2013-10-12T12:00:00", "variable": "ws", "tier": "moderate", "percentile": 100.0, "z": 5.86, "wind_ms": 19.4, "value": 19.4, "lat": 18.5, "lon": 87.25}}, {"type": "Feature", "geometry": {"type": "Polygon", "coordinates": [[[87.375, 18.375], [87.625, 18.375], [87.625, 18.625], [87.375, 18.625], [87.375, 18.375]]]}, "properties": {"time": "2013-10-12T12:00:00", "variable": "ws", "tier": "moderate", "percentile": 100.0, "z": 5.77, "wind_ms": 19.15, "value": 19.15, "lat": 18.5, "lon": 87.5}}, {"type": "Feature", "geometry": {"type": "Polygon", "coordinates": [[[87.625, 18.375], [87.875, 18.375], [87.875, 18.625], [87.625, 18.625], [87.625, 18.375]]]}, "properties": {"time": "2013-10-12T12:00:00", "variable": "ws", "tier": "moderate", "percentile": 100.0, "z": 5.58, "wind_ms": 18.42, "value": 18.42, "lat": 18.5, "lon": 87.75}}, {"type": "Feature", "geometry": {"type": "Polygon", "coordinates": [[[87.875, 18.375], [88.125, 18.375], [88.125, 18.625], [87.875, 18.625], [87.875, 18.375]]]}, "properties": {"time": "2013-10-12T12:00:00", "variable": "ws", "tier": "low", "percentile": 100.0, "z": 5.14, "wind_ms": 16.9, "value": 16.9, "lat": 18.5, "lon": 88.0}}, {"type": "Feature", "geometry": {"type": "Polygon", "coordinates": [[[88.125, 18.375], [88.375, 18.375], [88.375, 18.625], [88.125, 18.625], [88.125, 18.375]]]}, "properties": {"time": "2013-10-12T12:00:00", "variable": "ws", "tier": "low", "percentile": 100.0, "z": 5.3, "wind_ms": 16.97, "value": 16.97, "lat": 18.5, "lon": 88.25}}, {"type": "Feature", "geometry": {"type": "Polygon", "coordinates": [[[88.375, 18.375], [88.625, 18.375], [88.625, 18.625], [88.375, 18.625], [88.375, 18.375]]]}, "properties": {"time": "2013-10-12T12:00:00", "variable": "ws", "tier": "low", "percentile": 100.0, "z": 5.23, "wind_ms": 16.64, "value": 16.64, "lat": 18.5, "lon": 88.5}}, {"type": "Feature", "geometry": {"type": "Polygon", "coordinates": [[[88.625, 18.375], [88.875, 18.375], [88.875, 18.625], [88.625, 18.625], [88.625, 18.375]]]}, "properties": {"time": "2013-10-12T12:00:00", "variable": "ws", "tier": "low", "percentile": 100.0, "z": 4.63, "wind_ms": 15.27, "value": 15.27, "lat": 18.5, "lon": 88.75}}, {"type": "Feature", "geometry": {"type": "Polygon", "coordinates": [[[88.875, 18.375], [89.125, 18.375], [89.125, 18.625], [88.875, 18.625], [88.875, 18.375]]]}, "properties": {"time": "2013-10-12T12:00:00", "variable": "ws", "tier": "low", "percentile": 100.0, "z": 4.03, "wind_ms": 13.95, "value": 13.95, "lat": 18.5, "lon": 89.0}}, {"type": "Feature", "geometry": {"type": "Polygon", "coordinates": [[[89.125, 18.375], [89.375, 18.375], [89.375, 18.625], [89.125, 18.625], [89.125, 18.375]]]}, "properties": {"time": "2013-10-12T12:00:00", "variable": "ws", "tier": "low", "percentile": 100.0, "z": 3.79, "wind_ms": 13.45, "value": 13.45, "lat": 18.5, "lon": 89.25}}, {"type": "Feature", "geometry": {"type": "Polygon", "coordinates": [[[82.875, 18.625], [83.125, 18.625], [83.125, 18.875], [82.875, 18.875], [82.875, 18.625]]]}, "properties": {"time": "2013-10-12T12:00:00", "variable": "ws", "tier": "low", "percentile": 100.0, "z": 7.79, "wind_ms": 9.11, "value": 9.11, "lat": 18.75, "lon": 83.0}}, {"type": "Feature", "geometry": {"type": "Polygon", "coordinates": [[[83.125, 18.625], [83.375, 18.625], [83.375, 18.875], [83.125, 18.875], [83.125, 18.625]]]}, "properties": {"time": "2013-10-12T12:00:00", "variable": "ws", "tier": "low", "percentile": 100.0, "z": 8.42, "wind_ms": 9.52, "value": 9.52, "lat": 18.75, "lon": 83.25}}, {"type": "Feature", "geometry": {"type": "Polygon", "coordinates": [[[83.375, 18.625], [83.625, 18.625], [83.625, 18.875], [83.375, 18.875], [83.375, 18.625]]]}, "properties": {"time": "2013-10-12T12:00:00", "variable": "ws", "tier": "low", "percentile": 100.0, "z": 9.11, "wind_ms": 10.1, "value": 10.1, "lat": 18.75, "lon": 83.5}}, {"type": "Feature", "geometry": {"type": "Polygon", "coordinates": [[[83.625, 18.625], [83.875, 18.625], [83.875, 18.875], [83.625, 18.875], [83.625, 18.625]]]}, "properties": {"time": "2013-10-12T12:00:00", "variable": "ws", "tier": "low", "percentile": 100.0, "z": 10.25, "wind_ms": 11.26, "value": 11.26, "lat": 18.75, "lon": 83.75}}, {"type": "Feature", "geometry": {"type": "Polygon", "coordinates": [[[83.875, 18.625], [84.125, 18.625], [84.125, 18.875], [83.875, 18.875], [83.875, 18.625]]]}, "properties": {"time": "2013-10-12T12:00:00", "variable": "ws", "tier": "low", "percentile": 100.0, "z": 10.67, "wind_ms": 11.68, "value": 11.68, "lat": 18.75, "lon": 84.0}}, {"type": "Feature", "geometry": {"type": "Polygon", "coordinates": [[[84.125, 18.625], [84.375, 18.625], [84.375, 18.875], [84.125, 18.875], [84.125, 18.625]]]}, "properties": {"time": "2013-10-12T12:00:00", "variable": "ws", "tier": "low", "percentile": 100.0, "z": 11.34, "wind_ms": 12.8, "value": 12.8, "lat": 18.75, "lon": 84.25}}, {"type": "Feature", "geometry": {"type": "Polygon", "coordinates": [[[84.375, 18.625], [84.625, 18.625], [84.625, 18.875], [84.375, 18.875], [84.375, 18.625]]]}, "properties": {"time": "2013-10-12T12:00:00", "variable": "ws", "tier": "low", "percentile": 100.0, "z": 8.18, "wind_ms": 13.95, "value": 13.95, "lat": 18.75, "lon": 84.5}}, {"type": "Feature", "geometry": {"type": "Polygon", "coordinates": [[[84.625, 18.625], [84.875, 18.625], [84.875, 18.875], [84.625, 18.875], [84.625, 18.625]]]}, "properties": {"time": "2013-10-12T12:00:00", "variable": "ws", "tier": "low", "percentile": 99.2, "z": 5.52, "wind_ms": 14.89, "value": 14.89, "lat": 18.75, "lon": 84.75}}, {"type": "Feature", "geometry": {"type": "Polygon", "coordinates": [[[84.875, 18.625], [85.125, 18.625], [85.125, 18.875], [84.875, 18.875], [84.875, 18.625]]]}, "properties": {"time": "2013-10-12T12:00:00", "variable": "ws", "tier": "low", "percentile": 96.0, "z": 2.06, "wind_ms": 9.23, "value": 9.23, "lat": 18.75, "lon": 85.0}}, {"type": "Feature", "geometry": {"type": "Polygon", "coordinates": [[[85.125, 18.625], [85.375, 18.625], [85.375, 18.875], [85.125, 18.875], [85.125, 18.625]]]}, "properties": {"time": "2013-10-12T12:00:00", "variable": "ws", "tier": "low", "percentile": 97.6, "z": 3.04, "wind_ms": 11.92, "value": 11.92, "lat": 18.75, "lon": 85.25}}, {"type": "Feature", "geometry": {"type": "Polygon", "coordinates": [[[85.375, 18.625], [85.625, 18.625], [85.625, 18.875], [85.375, 18.875], [85.375, 18.625]]]}, "properties": {"time": "2013-10-12T12:00:00", "variable": "ws", "tier": "moderate", "percentile": 100.0, "z": 7.05, "wind_ms": 23.09, "value": 23.09, "lat": 18.75, "lon": 85.5}}, {"type": "Feature", "geometry": {"type": "Polygon", "coordinates": [[[85.625, 18.625], [85.875, 18.625], [85.875, 18.875], [85.625, 18.875], [85.625, 18.625]]]}, "properties": {"time": "2013-10-12T12:00:00", "variable": "ws", "tier": "severe", "percentile": 100.0, "z": 8.21, "wind_ms": 26.29, "value": 26.29, "lat": 18.75, "lon": 85.75}}, {"type": "Feature", "geometry": {"type": "Polygon", "coordinates": [[[85.875, 18.625], [86.125, 18.625], [86.125, 18.875], [85.875, 18.875], [85.875, 18.625]]]}, "properties": {"time": "2013-10-12T12:00:00", "variable": "ws", "tier": "severe", "percentile": 100.0, "z": 7.91, "wind_ms": 25.05, "value": 25.05, "lat": 18.75, "lon": 86.0}}, {"type": "Feature", "geometry": {"type": "Polygon", "coordinates": [[[86.125, 18.625], [86.375, 18.625], [86.375, 18.875], [86.125, 18.875], [86.125, 18.625]]]}, "properties": {"time": "2013-10-12T12:00:00", "variable": "ws", "tier": "moderate", "percentile": 100.0, "z": 7.72, "wind_ms": 24.3, "value": 24.3, "lat": 18.75, "lon": 86.25}}, {"type": "Feature", "geometry": {"type": "Polygon", "coordinates": [[[86.375, 18.625], [86.625, 18.625], [86.625, 18.875], [86.375, 18.875], [86.375, 18.625]]]}, "properties": {"time": "2013-10-12T12:00:00", "variable": "ws", "tier": "moderate", "percentile": 100.0, "z": 7.45, "wind_ms": 23.33, "value": 23.33, "lat": 18.75, "lon": 86.5}}, {"type": "Feature", "geometry": {"type": "Polygon", "coordinates": [[[86.625, 18.625], [86.875, 18.625], [86.875, 18.875], [86.625, 18.875], [86.625, 18.625]]]}, "properties": {"time": "2013-10-12T12:00:00", "variable": "ws", "tier": "moderate", "percentile": 100.0, "z": 6.78, "wind_ms": 21.59, "value": 21.59, "lat": 18.75, "lon": 86.75}}, {"type": "Feature", "geometry": {"type": "Polygon", "coordinates": [[[86.875, 18.625], [87.125, 18.625], [87.125, 18.875], [86.875, 18.875], [86.875, 18.625]]]}, "properties": {"time": "2013-10-12T12:00:00", "variable": "ws", "tier": "moderate", "percentile": 100.0, "z": 6.27, "wind_ms": 20.26, "value": 20.26, "lat": 18.75, "lon": 87.0}}, {"type": "Feature", "geometry": {"type": "Polygon", "coordinates": [[[87.125, 18.625], [87.375, 18.625], [87.375, 18.875], [87.125, 18.875], [87.125, 18.625]]]}, "properties": {"time": "2013-10-12T12:00:00", "variable": "ws", "tier": "moderate", "percentile": 100.0, "z": 6.11, "wind_ms": 19.86, "value": 19.86, "lat": 18.75, "lon": 87.25}}, {"type": "Feature", "geometry": {"type": "Polygon", "coordinates": [[[87.375, 18.625], [87.625, 18.625], [87.625, 18.875], [87.375, 18.875], [87.375, 18.625]]]}, "properties": {"time": "2013-10-12T12:00:00", "variable": "ws", "tier": "moderate", "percentile": 100.0, "z": 5.97, "wind_ms": 19.51, "value": 19.51, "lat": 18.75, "lon": 87.5}}, {"type": "Feature", "geometry": {"type": "Polygon", "coordinates": [[[87.625, 18.625], [87.875, 18.625], [87.875, 18.875], [87.625, 18.875], [87.625, 18.625]]]}, "properties": {"time": "2013-10-12T12:00:00", "variable": "ws", "tier": "moderate", "percentile": 100.0, "z": 5.34, "wind_ms": 17.88, "value": 17.88, "lat": 18.75, "lon": 87.75}}, {"type": "Feature", "geometry": {"type": "Polygon", "coordinates": [[[87.875, 18.625], [88.125, 18.625], [88.125, 18.875], [87.875, 18.875], [87.875, 18.625]]]}, "properties": {"time": "2013-10-12T12:00:00", "variable": "ws", "tier": "low", "percentile": 100.0, "z": 5.01, "wind_ms": 16.65, "value": 16.65, "lat": 18.75, "lon": 88.0}}, {"type": "Feature", "geometry": {"type": "Polygon", "coordinates": [[[88.125, 18.625], [88.375, 18.625], [88.375, 18.875], [88.125, 18.875], [88.125, 18.625]]]}, "properties": {"time": "2013-10-12T12:00:00", "variable": "ws", "tier": "low", "percentile": 100.0, "z": 5.31, "wind_ms": 16.89, "value": 16.89, "lat": 18.75, "lon": 88.25}}, {"type": "Feature", "geometry": {"type": "Polygon", "coordinates": [[[88.375, 18.625], [88.625, 18.625], [88.625, 18.875], [88.375, 18.875], [88.375, 18.625]]]}, "properties": {"time": "2013-10-12T12:00:00", "variable": "ws", "tier": "low", "percentile": 100.0, "z": 5.22, "wind_ms": 16.55, "value": 16.55, "lat": 18.75, "lon": 88.5}}, {"type": "Feature", "geometry": {"type": "Polygon", "coordinates": [[[88.625, 18.625], [88.875, 18.625], [88.875, 18.875], [88.625, 18.875], [88.625, 18.625]]]}, "properties": {"time": "2013-10-12T12:00:00", "variable": "ws", "tier": "low", "percentile": 100.0, "z": 4.68, "wind_ms": 15.28, "value": 15.28, "lat": 18.75, "lon": 88.75}}, {"type": "Feature", "geometry": {"type": "Polygon", "coordinates": [[[88.875, 18.625], [89.125, 18.625], [89.125, 18.875], [88.875, 18.875], [88.875, 18.625]]]}, "properties": {"time": "2013-10-12T12:00:00", "variable": "ws", "tier": "low", "percentile": 100.0, "z": 4.25, "wind_ms": 14.35, "value": 14.35, "lat": 18.75, "lon": 89.0}}, {"type": "Feature", "geometry": {"type": "Polygon", "coordinates": [[[89.125, 18.625], [89.375, 18.625], [89.375, 18.875], [89.125, 18.875], [89.125, 18.625]]]}, "properties": {"time": "2013-10-12T12:00:00", "variable": "ws", "tier": "low", "percentile": 100.0, "z": 4.04, "wind_ms": 13.9, "value": 13.9, "lat": 18.75, "lon": 89.25}}, {"type": "Feature", "geometry": {"type": "Polygon", "coordinates": [[[82.875, 18.875], [83.125, 18.875], [83.125, 19.125], [82.875, 19.125], [82.875, 18.875]]]}, "properties": {"time": "2013-10-12T12:00:00", "variable": "ws", "tier": "low", "percentile": 100.0, "z": 7.64, "wind_ms": 9.12, "value": 9.12, "lat": 19.0, "lon": 83.0}}, {"type": "Feature", "geometry": {"type": "Polygon", "coordinates": [[[83.125, 18.875], [83.375, 18.875], [83.375, 19.125], [83.125, 19.125], [83.125, 18.875]]]}, "properties": {"time": "2013-10-12T12:00:00", "variable": "ws", "tier": "low", "percentile": 100.0, "z": 8.53, "wind_ms": 9.71, "value": 9.71, "lat": 19.0, "lon": 83.25}}, {"type": "Feature", "geometry": {"type": "Polygon", "coordinates": [[[83.375, 18.875], [83.625, 18.875], [83.625, 19.125], [83.375, 19.125], [83.375, 18.875]]]}, "properties": {"time": "2013-10-12T12:00:00", "variable": "ws", "tier": "low", "percentile": 100.0, "z": 9.22, "wind_ms": 10.29, "value": 10.29, "lat": 19.0, "lon": 83.5}}, {"type": "Feature", "geometry": {"type": "Polygon", "coordinates": [[[83.625, 18.875], [83.875, 18.875], [83.875, 19.125], [83.625, 19.125], [83.625, 18.875]]]}, "properties": {"time": "2013-10-12T12:00:00", "variable": "ws", "tier": "low", "percentile": 100.0, "z": 10.49, "wind_ms": 11.52, "value": 11.52, "lat": 19.0, "lon": 83.75}}, {"type": "Feature", "geometry": {"type": "Polygon", "coordinates": [[[83.875, 18.875], [84.125, 18.875], [84.125, 19.125], [83.875, 19.125], [83.875, 18.875]]]}, "properties": {"time": "2013-10-12T12:00:00", "variable": "ws", "tier": "low", "percentile": 100.0, "z": 10.05, "wind_ms": 11.0, "value": 11.0, "lat": 19.0, "lon": 84.0}}, {"type": "Feature", "geometry": {"type": "Polygon", "coordinates": [[[84.125, 18.875], [84.375, 18.875], [84.375, 19.125], [84.125, 19.125], [84.125, 18.875]]]}, "properties": {"time": "2013-10-12T12:00:00", "variable": "ws", "tier": "low", "percentile": 100.0, "z": 9.78, "wind_ms": 10.87, "value": 10.87, "lat": 19.0, "lon": 84.25}}, {"type": "Feature", "geometry": {"type": "Polygon", "coordinates": [[[84.375, 18.875], [84.625, 18.875], [84.625, 19.125], [84.375, 19.125], [84.375, 18.875]]]}, "properties": {"time": "2013-10-12T12:00:00", "variable": "ws", "tier": "low", "percentile": 100.0, "z": 10.32, "wind_ms": 12.3, "value": 12.3, "lat": 19.0, "lon": 84.5}}, {"type": "Feature", "geometry": {"type": "Polygon", "coordinates": [[[84.625, 18.875], [84.875, 18.875], [84.875, 19.125], [84.625, 19.125], [84.625, 18.875]]]}, "properties": {"time": "2013-10-12T12:00:00", "variable": "ws", "tier": "low", "percentile": 99.2, "z": 6.47, "wind_ms": 12.78, "value": 12.78, "lat": 19.0, "lon": 84.75}}, {"type": "Feature", "geometry": {"type": "Polygon", "coordinates": [[[84.875, 18.875], [85.125, 18.875], [85.125, 19.125], [84.875, 19.125], [84.875, 18.875]]]}, "properties": {"time": "2013-10-12T12:00:00", "variable": "ws", "tier": "low", "percentile": 97.6, "z": 3.06, "wind_ms": 10.56, "value": 10.56, "lat": 19.0, "lon": 85.0}}, {"type": "Feature", "geometry": {"type": "Polygon", "coordinates": [[[85.125, 18.875], [85.375, 18.875], [85.375, 19.125], [85.125, 19.125], [85.125, 18.875]]]}, "properties": {"time": "2013-10-12T12:00:00", "variable": "ws", "tier": "low", "percentile": 96.8, "z": 2.87, "wind_ms": 11.22, "value": 11.22, "lat": 19.0, "lon": 85.25}}, {"type": "Feature", "geometry": {"type": "Polygon", "coordinates": [[[85.375, 18.875], [85.625, 18.875], [85.625, 19.125], [85.375, 19.125], [85.375, 18.875]]]}, "properties": {"time": "2013-10-12T12:00:00", "variable": "ws", "tier": "moderate", "percentile": 100.0, "z": 6.06, "wind_ms": 19.43, "value": 19.43, "lat": 19.0, "lon": 85.5}}, {"type": "Feature", "geometry": {"type": "Polygon", "coordinates": [[[85.625, 18.875], [85.875, 18.875], [85.875, 19.125], [85.625, 19.125], [85.625, 18.875]]]}, "properties": {"time": "2013-10-12T12:00:00", "variable": "ws", "tier": "moderate", "percentile": 100.0, "z": 7.59, "wind_ms": 23.83, "value": 23.83, "lat": 19.0, "lon": 85.75}}, {"type": "Feature", "geometry": {"type": "Polygon", "coordinates": [[[85.875, 18.875], [86.125, 18.875], [86.125, 19.125], [85.875, 19.125], [85.875, 18.875]]]}, "properties": {"time": "2013-10-12T12:00:00", "variable": "ws", "tier": "severe", "percentile": 100.0, "z": 8.42, "wind_ms": 25.89, "value": 25.89, "lat": 19.0, "lon": 86.0}}, {"type": "Feature", "geometry": {"type": "Polygon", "coordinates": [[[86.125, 18.875], [86.375, 18.875], [86.375, 19.125], [86.125, 19.125], [86.125, 18.875]]]}, "properties": {"time": "2013-10-12T12:00:00", "variable": "ws", "tier": "severe", "percentile": 100.0, "z": 8.26, "wind_ms": 25.31, "value": 25.31, "lat": 19.0, "lon": 86.25}}, {"type": "Feature", "geometry": {"type": "Polygon", "coordinates": [[[86.375, 18.875], [86.625, 18.875], [86.625, 19.125], [86.375, 19.125], [86.375, 18.875]]]}, "properties": {"time": "2013-10-12T12:00:00", "variable": "ws", "tier": "moderate", "percentile": 100.0, "z": 7.6, "wind_ms": 23.55, "value": 23.55, "lat": 19.0, "lon": 86.5}}, {"type": "Feature", "geometry": {"type": "Polygon", "coordinates": [[[86.625, 18.875], [86.875, 18.875], [86.875, 19.125], [86.625, 19.125], [86.625, 18.875]]]}, "properties": {"time": "2013-10-12T12:00:00", "variable": "ws", "tier": "moderate", "percentile": 100.0, "z": 6.93, "wind_ms": 21.67, "value": 21.67, "lat": 19.0, "lon": 86.75}}, {"type": "Feature", "geometry": {"type": "Polygon", "coordinates": [[[86.875, 18.875], [87.125, 18.875], [87.125, 19.125], [86.875, 19.125], [86.875, 18.875]]]}, "properties": {"time": "2013-10-12T12:00:00", "variable": "ws", "tier": "moderate", "percentile": 100.0, "z": 6.45, "wind_ms": 20.46, "value": 20.46, "lat": 19.0, "lon": 87.0}}, {"type": "Feature", "geometry": {"type": "Polygon", "coordinates": [[[87.125, 18.875], [87.375, 18.875], [87.375, 19.125], [87.125, 19.125], [87.125, 18.875]]]}, "properties": {"time": "2013-10-12T12:00:00", "variable": "ws", "tier": "moderate", "percentile": 100.0, "z": 6.29, "wind_ms": 20.2, "value": 20.2, "lat": 19.0, "lon": 87.25}}, {"type": "Feature", "geometry": {"type": "Polygon", "coordinates": [[[87.375, 18.875], [87.625, 18.875], [87.625, 19.125], [87.375, 19.125], [87.375, 18.875]]]}, "properties": {"time": "2013-10-12T12:00:00", "variable": "ws", "tier": "moderate", "percentile": 100.0, "z": 6.05, "wind_ms": 19.57, "value": 19.57, "lat": 19.0, "lon": 87.5}}, {"type": "Feature", "geometry": {"type": "Polygon", "coordinates": [[[87.625, 18.875], [87.875, 18.875], [87.875, 19.125], [87.625, 19.125], [87.625, 18.875]]]}, "properties": {"time": "2013-10-12T12:00:00", "variable": "ws", "tier": "moderate", "percentile": 100.0, "z": 5.26, "wind_ms": 17.41, "value": 17.41, "lat": 19.0, "lon": 87.75}}, {"type": "Feature", "geometry": {"type": "Polygon", "coordinates": [[[87.875, 18.875], [88.125, 18.875], [88.125, 19.125], [87.875, 19.125], [87.875, 18.875]]]}, "properties": {"time": "2013-10-12T12:00:00", "variable": "ws", "tier": "low", "percentile": 100.0, "z": 5.03, "wind_ms": 16.59, "value": 16.59, "lat": 19.0, "lon": 88.0}}, {"type": "Feature", "geometry": {"type": "Polygon", "coordinates": [[[88.125, 18.875], [88.375, 18.875], [88.375, 19.125], [88.125, 19.125], [88.125, 18.875]]]}, "properties": {"time": "2013-10-12T12:00:00", "variable": "ws", "tier": "low", "percentile": 100.0, "z": 5.29, "wind_ms": 16.97, "value": 16.97, "lat": 19.0, "lon": 88.25}}, {"type": "Feature", "geometry": {"type": "Polygon", "coordinates": [[[88.375, 18.875], [88.625, 18.875], [88.625, 19.125], [88.375, 19.125], [88.375, 18.875]]]}, "properties": {"time": "2013-10-12T12:00:00", "variable": "ws", "tier": "low", "percentile": 100.0, "z": 5.2, "wind_ms": 16.6, "value": 16.6, "lat": 19.0, "lon": 88.5}}, {"type": "Feature", "geometry": {"type": "Polygon", "coordinates": [[[88.625, 18.875], [88.875, 18.875], [88.875, 19.125], [88.625, 19.125], [88.625, 18.875]]]}, "properties": {"time": "2013-10-12T12:00:00", "variable": "ws", "tier": "low", "percentile": 100.0, "z": 4.84, "wind_ms": 15.73, "value": 15.73, "lat": 19.0, "lon": 88.75}}, {"type": "Feature", "geometry": {"type": "Polygon", "coordinates": [[[88.875, 18.875], [89.125, 18.875], [89.125, 19.125], [88.875, 19.125], [88.875, 18.875]]]}, "properties": {"time": "2013-10-12T12:00:00", "variable": "ws", "tier": "low", "percentile": 100.0, "z": 4.5, "wind_ms": 14.94, "value": 14.94, "lat": 19.0, "lon": 89.0}}, {"type": "Feature", "geometry": {"type": "Polygon", "coordinates": [[[89.125, 18.875], [89.375, 18.875], [89.375, 19.125], [89.125, 19.125], [89.125, 18.875]]]}, "properties": {"time": "2013-10-12T12:00:00", "variable": "ws", "tier": "low", "percentile": 100.0, "z": 4.24, "wind_ms": 14.28, "value": 14.28, "lat": 19.0, "lon": 89.25}}, {"type": "Feature", "geometry": {"type": "Polygon", "coordinates": [[[83.125, 19.125], [83.375, 19.125], [83.375, 19.375], [83.125, 19.375], [83.125, 19.125]]]}, "properties": {"time": "2013-10-12T12:00:00", "variable": "ws", "tier": "low", "percentile": 100.0, "z": 8.28, "wind_ms": 9.59, "value": 9.59, "lat": 19.25, "lon": 83.25}}, {"type": "Feature", "geometry": {"type": "Polygon", "coordinates": [[[83.375, 19.125], [83.625, 19.125], [83.625, 19.375], [83.375, 19.375], [83.375, 19.125]]]}, "properties": {"time": "2013-10-12T12:00:00", "variable": "ws", "tier": "low", "percentile": 100.0, "z": 9.33, "wind_ms": 10.48, "value": 10.48, "lat": 19.25, "lon": 83.5}}, {"type": "Feature", "geometry": {"type": "Polygon", "coordinates": [[[83.625, 19.125], [83.875, 19.125], [83.875, 19.375], [83.625, 19.375], [83.625, 19.125]]]}, "properties": {"time": "2013-10-12T12:00:00", "variable": "ws", "tier": "low", "percentile": 100.0, "z": 10.44, "wind_ms": 11.62, "value": 11.62, "lat": 19.25, "lon": 83.75}}, {"type": "Feature", "geometry": {"type": "Polygon", "coordinates": [[[83.875, 19.125], [84.125, 19.125], [84.125, 19.375], [83.875, 19.375], [83.875, 19.125]]]}, "properties": {"time": "2013-10-12T12:00:00", "variable": "ws", "tier": "low", "percentile": 100.0, "z": 10.43, "wind_ms": 11.48, "value": 11.48, "lat": 19.25, "lon": 84.0}}, {"type": "Feature", "geometry": {"type": "Polygon", "coordinates": [[[84.125, 19.125], [84.375, 19.125], [84.375, 19.375], [84.125, 19.375], [84.125, 19.125]]]}, "properties": {"time": "2013-10-12T12:00:00", "variable": "ws", "tier": "low", "percentile": 100.0, "z": 10.99, "wind_ms": 12.05, "value": 12.05, "lat": 19.25, "lon": 84.25}}, {"type": "Feature", "geometry": {"type": "Polygon", "coordinates": [[[84.375, 19.125], [84.625, 19.125], [84.625, 19.375], [84.375, 19.375], [84.375, 19.125]]]}, "properties": {"time": "2013-10-12T12:00:00", "variable": "ws", "tier": "low", "percentile": 100.0, "z": 12.19, "wind_ms": 13.34, "value": 13.34, "lat": 19.25, "lon": 84.5}}, {"type": "Feature", "geometry": {"type": "Polygon", "coordinates": [[[84.625, 19.125], [84.875, 19.125], [84.875, 19.375], [84.625, 19.375], [84.625, 19.125]]]}, "properties": {"time": "2013-10-12T12:00:00", "variable": "ws", "tier": "low", "percentile": 100.0, "z": 10.39, "wind_ms": 15.01, "value": 15.01, "lat": 19.25, "lon": 84.75}}, {"type": "Feature", "geometry": {"type": "Polygon", "coordinates": [[[84.875, 19.125], [85.125, 19.125], [85.125, 19.375], [84.875, 19.375], [84.875, 19.125]]]}, "properties": {"time": "2013-10-12T12:00:00", "variable": "ws", "tier": "moderate", "percentile": 100.0, "z": 7.35, "wind_ms": 17.88, "value": 17.88, "lat": 19.25, "lon": 85.0}}, {"type": "Feature", "geometry": {"type": "Polygon", "coordinates": [[[85.125, 19.125], [85.375, 19.125], [85.375, 19.375], [85.125, 19.375], [85.125, 19.125]]]}, "properties": {"time": "2013-10-12T12:00:00", "variable": "ws", "tier": "moderate", "percentile": 100.0, "z": 6.09, "wind_ms": 18.69, "value": 18.69, "lat": 19.25, "lon": 85.25}}, {"type": "Feature", "geometry": {"type": "Polygon", "coordinates": [[[85.375, 19.125], [85.625, 19.125], [85.625, 19.375], [85.375, 19.375], [85.375, 19.125]]]}, "properties": {"time": "2013-10-12T12:00:00", "variable": "ws", "tier": "moderate", "percentile": 100.0, "z": 6.79, "wind_ms": 20.72, "value": 20.72, "lat": 19.25, "lon": 85.5}}, {"type": "Feature", "geometry": {"type": "Polygon", "coordinates": [[[85.625, 19.125], [85.875, 19.125], [85.875, 19.375], [85.625, 19.375], [85.625, 19.125]]]}, "properties": {"time": "2013-10-12T12:00:00", "variable": "ws", "tier": "moderate", "percentile": 100.0, "z": 7.89, "wind_ms": 23.83, "value": 23.83, "lat": 19.25, "lon": 85.75}}, {"type": "Feature", "geometry": {"type": "Polygon", "coordinates": [[[85.875, 19.125], [86.125, 19.125], [86.125, 19.375], [85.875, 19.375], [85.875, 19.125]]]}, "properties": {"time": "2013-10-12T12:00:00", "variable": "ws", "tier": "severe", "percentile": 100.0, "z": 8.75, "wind_ms": 25.91, "value": 25.91, "lat": 19.25, "lon": 86.0}}, {"type": "Feature", "geometry": {"type": "Polygon", "coordinates": [[[86.125, 19.125], [86.375, 19.125], [86.375, 19.375], [86.125, 19.375], [86.125, 19.125]]]}, "properties": {"time": "2013-10-12T12:00:00", "variable": "ws", "tier": "severe", "percentile": 100.0, "z": 8.48, "wind_ms": 25.23, "value": 25.23, "lat": 19.25, "lon": 86.25}}, {"type": "Feature", "geometry": {"type": "Polygon", "coordinates": [[[86.375, 19.125], [86.625, 19.125], [86.625, 19.375], [86.375, 19.375], [86.375, 19.125]]]}, "properties": {"time": "2013-10-12T12:00:00", "variable": "ws", "tier": "moderate", "percentile": 100.0, "z": 7.68, "wind_ms": 23.4, "value": 23.4, "lat": 19.25, "lon": 86.5}}, {"type": "Feature", "geometry": {"type": "Polygon", "coordinates": [[[86.625, 19.125], [86.875, 19.125], [86.875, 19.375], [86.625, 19.375], [86.625, 19.125]]]}, "properties": {"time": "2013-10-12T12:00:00", "variable": "ws", "tier": "moderate", "percentile": 100.0, "z": 6.93, "wind_ms": 21.67, "value": 21.67, "lat": 19.25, "lon": 86.75}}, {"type": "Feature", "geometry": {"type": "Polygon", "coordinates": [[[86.875, 19.125], [87.125, 19.125], [87.125, 19.375], [86.875, 19.375], [86.875, 19.125]]]}, "properties": {"time": "2013-10-12T12:00:00", "variable": "ws", "tier": "moderate", "percentile": 100.0, "z": 6.48, "wind_ms": 20.43, "value": 20.43, "lat": 19.25, "lon": 87.0}}, {"type": "Feature", "geometry": {"type": "Polygon", "coordinates": [[[87.125, 19.125], [87.375, 19.125], [87.375, 19.375], [87.125, 19.375], [87.125, 19.125]]]}, "properties": {"time": "2013-10-12T12:00:00", "variable": "ws", "tier": "moderate", "percentile": 100.0, "z": 6.23, "wind_ms": 19.62, "value": 19.62, "lat": 19.25, "lon": 87.25}}, {"type": "Feature", "geometry": {"type": "Polygon", "coordinates": [[[87.375, 19.125], [87.625, 19.125], [87.625, 19.375], [87.375, 19.375], [87.375, 19.125]]]}, "properties": {"time": "2013-10-12T12:00:00", "variable": "ws", "tier": "moderate", "percentile": 100.0, "z": 5.81, "wind_ms": 18.56, "value": 18.56, "lat": 19.25, "lon": 87.5}}, {"type": "Feature", "geometry": {"type": "Polygon", "coordinates": [[[87.625, 19.125], [87.875, 19.125], [87.875, 19.375], [87.625, 19.375], [87.625, 19.125]]]}, "properties": {"time": "2013-10-12T12:00:00", "variable": "ws", "tier": "moderate", "percentile": 100.0, "z": 5.31, "wind_ms": 17.37, "value": 17.37, "lat": 19.25, "lon": 87.75}}, {"type": "Feature", "geometry": {"type": "Polygon", "coordinates": [[[87.875, 19.125], [88.125, 19.125], [88.125, 19.375], [87.875, 19.375], [87.875, 19.125]]]}, "properties": {"time": "2013-10-12T12:00:00", "variable": "ws", "tier": "moderate", "percentile": 100.0, "z": 5.28, "wind_ms": 17.28, "value": 17.28, "lat": 19.25, "lon": 88.0}}, {"type": "Feature", "geometry": {"type": "Polygon", "coordinates": [[[88.125, 19.125], [88.375, 19.125], [88.375, 19.375], [88.125, 19.375], [88.125, 19.125]]]}, "properties": {"time": "2013-10-12T12:00:00", "variable": "ws", "tier": "moderate", "percentile": 100.0, "z": 5.31, "wind_ms": 17.11, "value": 17.11, "lat": 19.25, "lon": 88.25}}, {"type": "Feature", "geometry": {"type": "Polygon", "coordinates": [[[88.375, 19.125], [88.625, 19.125], [88.625, 19.375], [88.375, 19.375], [88.375, 19.125]]]}, "properties": {"time": "2013-10-12T12:00:00", "variable": "ws", "tier": "low", "percentile": 100.0, "z": 5.1, "wind_ms": 16.52, "value": 16.52, "lat": 19.25, "lon": 88.5}}, {"type": "Feature", "geometry": {"type": "Polygon", "coordinates": [[[88.625, 19.125], [88.875, 19.125], [88.875, 19.375], [88.625, 19.375], [88.625, 19.125]]]}, "properties": {"time": "2013-10-12T12:00:00", "variable": "ws", "tier": "low", "percentile": 100.0, "z": 4.77, "wind_ms": 15.68, "value": 15.68, "lat": 19.25, "lon": 88.75}}, {"type": "Feature", "geometry": {"type": "Polygon", "coordinates": [[[88.875, 19.125], [89.125, 19.125], [89.125, 19.375], [88.875, 19.375], [88.875, 19.125]]]}, "properties": {"time": "2013-10-12T12:00:00", "variable": "ws", "tier": "low", "percentile": 100.0, "z": 4.44, "wind_ms": 14.83, "value": 14.83, "lat": 19.25, "lon": 89.0}}, {"type": "Feature", "geometry": {"type": "Polygon", "coordinates": [[[89.125, 19.125], [89.375, 19.125], [89.375, 19.375], [89.125, 19.375], [89.125, 19.125]]]}, "properties": {"time": "2013-10-12T12:00:00", "variable": "ws", "tier": "low", "percentile": 100.0, "z": 4.17, "wind_ms": 14.15, "value": 14.15, "lat": 19.25, "lon": 89.25}}, {"type": "Feature", "geometry": {"type": "Polygon", "coordinates": [[[83.375, 19.375], [83.625, 19.375], [83.625, 19.625], [83.375, 19.625], [83.375, 19.375]]]}, "properties": {"time": "2013-10-12T12:00:00", "variable": "ws", "tier": "low", "percentile": 100.0, "z": 8.51, "wind_ms": 9.64, "value": 9.64, "lat": 19.5, "lon": 83.5}}, {"type": "Feature", "geometry": {"type": "Polygon", "coordinates": [[[83.625, 19.375], [83.875, 19.375], [83.875, 19.625], [83.625, 19.625], [83.625, 19.375]]]}, "properties": {"time": "2013-10-12T12:00:00", "variable": "ws", "tier": "low", "percentile": 100.0, "z": 9.4, "wind_ms": 10.46, "value": 10.46, "lat": 19.5, "lon": 83.75}}, {"type": "Feature", "geometry": {"type": "Polygon", "coordinates": [[[83.875, 19.375], [84.125, 19.375], [84.125, 19.625], [83.875, 19.625], [83.875, 19.375]]]}, "properties": {"time": "2013-10-12T12:00:00", "variable": "ws", "tier": "low", "percentile": 100.0, "z": 10.01, "wind_ms": 11.08, "value": 11.08, "lat": 19.5, "lon": 84.0}}, {"type": "Feature", "geometry": {"type": "Polygon", "coordinates": [[[84.125, 19.375], [84.375, 19.375], [84.375, 19.625], [84.125, 19.625], [84.125, 19.375]]]}, "properties": {"time": "2013-10-12T12:00:00", "variable": "ws", "tier": "low", "percentile": 100.0, "z": 11.58, "wind_ms": 12.82, "value": 12.82, "lat": 19.5, "lon": 84.25}}, {"type": "Feature", "geometry": {"type": "Polygon", "coordinates": [[[84.375, 19.375], [84.625, 19.375], [84.625, 19.625], [84.375, 19.625], [84.375, 19.375]]]}, "properties": {"time": "2013-10-12T12:00:00", "variable": "ws", "tier": "low", "percentile": 100.0, "z": 13.01, "wind_ms": 14.19, "value": 14.19, "lat": 19.5, "lon": 84.5}}, {"type": "Feature", "geometry": {"type": "Polygon", "coordinates": [[[84.625, 19.375], [84.875, 19.375], [84.875, 19.625], [84.625, 19.625], [84.625, 19.375]]]}, "properties": {"time": "2013-10-12T12:00:00", "variable": "ws", "tier": "low", "percentile": 100.0, "z": 13.17, "wind_ms": 15.05, "value": 15.05, "lat": 19.5, "lon": 84.75}}, {"type": "Feature", "geometry": {"type": "Polygon", "coordinates": [[[84.875, 19.375], [85.125, 19.375], [85.125, 19.625], [84.875, 19.625], [84.875, 19.375]]]}, "properties": {"time": "2013-10-12T12:00:00", "variable": "ws", "tier": "moderate", "percentile": 100.0, "z": 11.79, "wind_ms": 18.21, "value": 18.21, "lat": 19.5, "lon": 85.0}}, {"type": "Feature", "geometry": {"type": "Polygon", "coordinates": [[[85.125, 19.375], [85.375, 19.375], [85.375, 19.625], [85.125, 19.625], [85.125, 19.375]]]}, "properties": {"time": "2013-10-12T12:00:00", "variable": "ws", "tier": "moderate", "percentile": 100.0, "z": 9.39, "wind_ms": 21.65, "value": 21.65, "lat": 19.5, "lon": 85.25}}, {"type": "Feature", "geometry": {"type": "Polygon", "coordinates": [[[85.375, 19.375], [85.625, 19.375], [85.625, 19.625], [85.375, 19.625], [85.375, 19.375]]]}, "properties": {"time": "2013-10-12T12:00:00", "variable": "ws", "tier": "moderate", "percentile": 100.0, "z": 8.5, "wind_ms": 24.43, "value": 24.43, "lat": 19.5, "lon": 85.5}}, {"type": "Feature", "geometry": {"type": "Polygon", "coordinates": [[[85.625, 19.375], [85.875, 19.375], [85.875, 19.625], [85.625, 19.625], [85.625, 19.375]]]}, "properties": {"time": "2013-10-12T12:00:00", "variable": "ws", "tier": "moderate", "percentile": 100.0, "z": 9.39, "wind_ms": 24.67, "value": 24.67, "lat": 19.5, "lon": 85.75}}, {"type": "Feature", "geometry": {"type": "Polygon", "coordinates": [[[85.875, 19.375], [86.125, 19.375], [86.125, 19.625], [85.875, 19.625], [85.875, 19.375]]]}, "properties": {"time": "2013-10-12T12:00:00", "variable": "ws", "tier": "severe", "percentile": 100.0, "z": 9.3, "wind_ms": 25.79, "value": 25.79, "lat": 19.5, "lon": 86.0}}, {"type": "Feature", "geometry": {"type": "Polygon", "coordinates": [[[86.125, 19.375], [86.375, 19.375], [86.375, 19.625], [86.125, 19.625], [86.125, 19.375]]]}, "properties": {"time": "2013-10-12T12:00:00", "variable": "ws", "tier": "moderate", "percentile": 100.0, "z": 8.4, "wind_ms": 24.51, "value": 24.51, "lat": 19.5, "lon": 86.25}}, {"type": "Feature", "geometry": {"type": "Polygon", "coordinates": [[[86.375, 19.375], [86.625, 19.375], [86.625, 19.625], [86.375, 19.625], [86.375, 19.375]]]}, "properties": {"time": "2013-10-12T12:00:00", "variable": "ws", "tier": "moderate", "percentile": 100.0, "z": 7.52, "wind_ms": 22.58, "value": 22.58, "lat": 19.5, "lon": 86.5}}, {"type": "Feature", "geometry": {"type": "Polygon", "coordinates": [[[86.625, 19.375], [86.875, 19.375], [86.875, 19.625], [86.625, 19.625], [86.625, 19.375]]]}, "properties": {"time": "2013-10-12T12:00:00", "variable": "ws", "tier": "moderate", "percentile": 100.0, "z": 6.95, "wind_ms": 21.31, "value": 21.31, "lat": 19.5, "lon": 86.75}}, {"type": "Feature", "geometry": {"type": "Polygon", "coordinates": [[[86.875, 19.375], [87.125, 19.375], [87.125, 19.625], [86.875, 19.625], [86.875, 19.375]]]}, "properties": {"time": "2013-10-12T12:00:00", "variable": "ws", "tier": "moderate", "percentile": 100.0, "z": 6.54, "wind_ms": 20.51, "value": 20.51, "lat": 19.5, "lon": 87.0}}, {"type": "Feature", "geometry": {"type": "Polygon", "coordinates": [[[87.125, 19.375], [87.375, 19.375], [87.375, 19.625], [87.125, 19.625], [87.125, 19.375]]]}, "properties": {"time": "2013-10-12T12:00:00", "variable": "ws", "tier": "moderate", "percentile": 100.0, "z": 6.13, "wind_ms": 19.43, "value": 19.43, "lat": 19.5, "lon": 87.25}}, {"type": "Feature", "geometry": {"type": "Polygon", "coordinates": [[[87.375, 19.375], [87.625, 19.375], [87.625, 19.625], [87.375, 19.625], [87.375, 19.375]]]}, "properties": {"time": "2013-10-12T12:00:00", "variable": "ws", "tier": "moderate", "percentile": 100.0, "z": 5.59, "wind_ms": 17.97, "value": 17.97, "lat": 19.5, "lon": 87.5}}, {"type": "Feature", "geometry": {"type": "Polygon", "coordinates": [[[87.625, 19.375], [87.875, 19.375], [87.875, 19.625], [87.625, 19.625], [87.625, 19.375]]]}, "properties": {"time": "2013-10-12T12:00:00", "variable": "ws", "tier": "moderate", "percentile": 100.0, "z": 5.48, "wind_ms": 17.44, "value": 17.44, "lat": 19.5, "lon": 87.75}}, {"type": "Feature", "geometry": {"type": "Polygon", "coordinates": [[[87.875, 19.375], [88.125, 19.375], [88.125, 19.625], [87.875, 19.625], [87.875, 19.375]]]}, "properties": {"time": "2013-10-12T12:00:00", "variable": "ws", "tier": "moderate", "percentile": 100.0, "z": 5.49, "wind_ms": 17.65, "value": 17.65, "lat": 19.5, "lon": 88.0}}, {"type": "Feature", "geometry": {"type": "Polygon", "coordinates": [[[88.125, 19.375], [88.375, 19.375], [88.375, 19.625], [88.125, 19.625], [88.125, 19.375]]]}, "properties": {"time": "2013-10-12T12:00:00", "variable": "ws", "tier": "low", "percentile": 100.0, "z": 5.22, "wind_ms": 16.9, "value": 16.9, "lat": 19.5, "lon": 88.25}}, {"type": "Feature", "geometry": {"type": "Polygon", "coordinates": [[[88.375, 19.375], [88.625, 19.375], [88.625, 19.625], [88.375, 19.625], [88.375, 19.375]]]}, "properties": {"time": "2013-10-12T12:00:00", "variable": "ws", "tier": "low", "percentile": 100.0, "z": 4.8, "wind_ms": 15.88, "value": 15.88, "lat": 19.5, "lon": 88.5}}, {"type": "Feature", "geometry": {"type": "Polygon", "coordinates": [[[88.625, 19.375], [88.875, 19.375], [88.875, 19.625], [88.625, 19.625], [88.625, 19.375]]]}, "properties": {"time": "2013-10-12T12:00:00", "variable": "ws", "tier": "low", "percentile": 100.0, "z": 4.43, "wind_ms": 15.01, "value": 15.01, "lat": 19.5, "lon": 88.75}}, {"type": "Feature", "geometry": {"type": "Polygon", "coordinates": [[[88.875, 19.375], [89.125, 19.375], [89.125, 19.625], [88.875, 19.625], [88.875, 19.375]]]}, "properties": {"time": "2013-10-12T12:00:00", "variable": "ws", "tier": "low", "percentile": 100.0, "z": 4.13, "wind_ms": 14.23, "value": 14.23, "lat": 19.5, "lon": 89.0}}, {"type": "Feature", "geometry": {"type": "Polygon", "coordinates": [[[89.125, 19.375], [89.375, 19.375], [89.375, 19.625], [89.125, 19.625], [89.125, 19.375]]]}, "properties": {"time": "2013-10-12T12:00:00", "variable": "ws", "tier": "low", "percentile": 100.0, "z": 3.89, "wind_ms": 13.59, "value": 13.59, "lat": 19.5, "lon": 89.25}}, {"type": "Feature", "geometry": {"type": "Polygon", "coordinates": [[[83.375, 19.625], [83.625, 19.625], [83.625, 19.875], [83.375, 19.875], [83.375, 19.625]]]}, "properties": {"time": "2013-10-12T12:00:00", "variable": "ws", "tier": "low", "percentile": 100.0, "z": 7.87, "wind_ms": 9.07, "value": 9.07, "lat": 19.75, "lon": 83.5}}, {"type": "Feature", "geometry": {"type": "Polygon", "coordinates": [[[83.625, 19.625], [83.875, 19.625], [83.875, 19.875], [83.625, 19.875], [83.625, 19.625]]]}, "properties": {"time": "2013-10-12T12:00:00", "variable": "ws", "tier": "low", "percentile": 100.0, "z": 8.91, "wind_ms": 9.98, "value": 9.98, "lat": 19.75, "lon": 83.75}}, {"type": "Feature", "geometry": {"type": "Polygon", "coordinates": [[[83.875, 19.625], [84.125, 19.625], [84.125, 19.875], [83.875, 19.875], [83.875, 19.625]]]}, "properties": {"time": "2013-10-12T12:00:00", "variable": "ws", "tier": "low", "percentile": 100.0, "z": 9.62, "wind_ms": 10.71, "value": 10.71, "lat": 19.75, "lon": 84.0}}, {"type": "Feature", "geometry": {"type": "Polygon", "coordinates": [[[84.125, 19.625], [84.375, 19.625], [84.375, 19.875], [84.125, 19.875], [84.125, 19.625]]]}, "properties": {"time": "2013-10-12T12:00:00", "variable": "ws", "tier": "low", "percentile": 100.0, "z": 11.0, "wind_ms": 12.17, "value": 12.17, "lat": 19.75, "lon": 84.25}}, {"type": "Feature", "geometry": {"type": "Polygon", "coordinates": [[[84.375, 19.625], [84.625, 19.625], [84.625, 19.875], [84.375, 19.875], [84.375, 19.625]]]}, "properties": {"time": "2013-10-12T12:00:00", "variable": "ws", "tier": "low", "percentile": 100.0, "z": 12.61, "wind_ms": 13.77, "value": 13.77, "lat": 19.75, "lon": 84.5}}, {"type": "Feature", "geometry": {"type": "Polygon", "coordinates": [[[84.625, 19.625], [84.875, 19.625], [84.875, 19.875], [84.625, 19.875], [84.625, 19.625]]]}, "properties": {"time": "2013-10-12T12:00:00", "variable": "ws", "tier": "low", "percentile": 100.0, "z": 13.26, "wind_ms": 14.46, "value": 14.46, "lat": 19.75, "lon": 84.75}}, {"type": "Feature", "geometry": {"type": "Polygon", "coordinates": [[[84.875, 19.625], [85.125, 19.625], [85.125, 19.875], [84.875, 19.875], [84.875, 19.625]]]}, "properties": {"time": "2013-10-12T12:00:00", "variable": "ws", "tier": "low", "percentile": 100.0, "z": 13.66, "wind_ms": 15.59, "value": 15.59, "lat": 19.75, "lon": 85.0}}, {"type": "Feature", "geometry": {"type": "Polygon", "coordinates": [[[85.125, 19.625], [85.375, 19.625], [85.375, 19.875], [85.125, 19.875], [85.125, 19.625]]]}, "properties": {"time": "2013-10-12T12:00:00", "variable": "ws", "tier": "moderate", "percentile": 100.0, "z": 12.1, "wind_ms": 18.89, "value": 18.89, "lat": 19.75, "lon": 85.25}}, {"type": "Feature", "geometry": {"type": "Polygon", "coordinates": [[[85.375, 19.625], [85.625, 19.625], [85.625, 19.875], [85.375, 19.875], [85.375, 19.625]]]}, "properties": {"time": "2013-10-12T12:00:00", "variable": "ws", "tier": "moderate", "percentile": 100.0, "z": 9.87, "wind_ms": 21.1, "value": 21.1, "lat": 19.75, "lon": 85.5}}, {"type": "Feature", "geometry": {"type": "Polygon", "coordinates": [[[85.625, 19.625], [85.875, 19.625], [85.875, 19.875], [85.625, 19.875], [85.625, 19.625]]]}, "properties": {"time": "2013-10-12T12:00:00", "variable": "ws", "tier": "moderate", "percentile": 100.0, "z": 11.33, "wind_ms": 20.3, "value": 20.3, "lat": 19.75, "lon": 85.75}}, {"type": "Feature", "geometry": {"type": "Polygon", "coordinates": [[[85.875, 19.625], [86.125, 19.625], [86.125, 19.875], [85.875, 19.875], [85.875, 19.625]]]}, "properties": {"time": "2013-10-12T12:00:00", "variable": "ws", "tier": "moderate", "percentile": 100.0, "z": 9.87, "wind_ms": 22.61, "value": 22.61, "lat": 19.75, "lon": 86.0}}, {"type": "Feature", "geometry": {"type": "Polygon", "coordinates": [[[86.125, 19.625], [86.375, 19.625], [86.375, 19.875], [86.125, 19.875], [86.125, 19.625]]]}, "properties": {"time": "2013-10-12T12:00:00", "variable": "ws", "tier": "moderate", "percentile": 100.0, "z": 8.59, "wind_ms": 22.17, "value": 22.17, "lat": 19.75, "lon": 86.25}}, {"type": "Feature", "geometry": {"type": "Polygon", "coordinates": [[[86.375, 19.625], [86.625, 19.625], [86.625, 19.875], [86.375, 19.875], [86.375, 19.625]]]}, "properties": {"time": "2013-10-12T12:00:00", "variable": "ws", "tier": "moderate", "percentile": 100.0, "z": 7.53, "wind_ms": 21.61, "value": 21.61, "lat": 19.75, "lon": 86.5}}, {"type": "Feature", "geometry": {"type": "Polygon", "coordinates": [[[86.625, 19.625], [86.875, 19.625], [86.875, 19.875], [86.625, 19.875], [86.625, 19.625]]]}, "properties": {"time": "2013-10-12T12:00:00", "variable": "ws", "tier": "moderate", "percentile": 100.0, "z": 6.88, "wind_ms": 20.59, "value": 20.59, "lat": 19.75, "lon": 86.75}}, {"type": "Feature", "geometry": {"type": "Polygon", "coordinates": [[[86.875, 19.625], [87.125, 19.625], [87.125, 19.875], [86.875, 19.875], [86.875, 19.625]]]}, "properties": {"time": "2013-10-12T12:00:00", "variable": "ws", "tier": "moderate", "percentile": 100.0, "z": 6.45, "wind_ms": 19.8, "value": 19.8, "lat": 19.75, "lon": 87.0}}, {"type": "Feature", "geometry": {"type": "Polygon", "coordinates": [[[87.125, 19.625], [87.375, 19.625], [87.375, 19.875], [87.125, 19.875], [87.125, 19.625]]]}, "properties": {"time": "2013-10-12T12:00:00", "variable": "ws", "tier": "moderate", "percentile": 100.0, "z": 5.93, "wind_ms": 18.5, "value": 18.5, "lat": 19.75, "lon": 87.25}}, {"type": "Feature", "geometry": {"type": "Polygon", "coordinates": [[[87.375, 19.625], [87.625, 19.625], [87.625, 19.875], [87.375, 19.875], [87.375, 19.625]]]}, "properties": {"time": "2013-10-12T12:00:00", "variable": "ws", "tier": "moderate", "percentile": 100.0, "z": 5.7, "wind_ms": 18.05, "value": 18.05, "lat": 19.75, "lon": 87.5}}, {"type": "Feature", "geometry": {"type": "Polygon", "coordinates": [[[87.625, 19.625], [87.875, 19.625], [87.875, 19.875], [87.625, 19.875], [87.625, 19.625]]]}, "properties": {"time": "2013-10-12T12:00:00", "variable": "ws", "tier": "moderate", "percentile": 100.0, "z": 5.74, "wind_ms": 17.75, "value": 17.75, "lat": 19.75, "lon": 87.75}}, {"type": "Feature", "geometry": {"type": "Polygon", "coordinates": [[[87.875, 19.625], [88.125, 19.625], [88.125, 19.875], [87.875, 19.875], [87.875, 19.625]]]}, "properties": {"time": "2013-10-12T12:00:00", "variable": "ws", "tier": "moderate", "percentile": 100.0, "z": 5.47, "wind_ms": 17.34, "value": 17.34, "lat": 19.75, "lon": 88.0}}, {"type": "Feature", "geometry": {"type": "Polygon", "coordinates": [[[88.125, 19.625], [88.375, 19.625], [88.375, 19.875], [88.125, 19.875], [88.125, 19.625]]]}, "properties": {"time": "2013-10-12T12:00:00", "variable": "ws", "tier": "low", "percentile": 100.0, "z": 4.99, "wind_ms": 16.22, "value": 16.22, "lat": 19.75, "lon": 88.25}}, {"type": "Feature", "geometry": {"type": "Polygon", "coordinates": [[[88.375, 19.625], [88.625, 19.625], [88.625, 19.875], [88.375, 19.875], [88.375, 19.625]]]}, "properties": {"time": "2013-10-12T12:00:00", "variable": "ws", "tier": "low", "percentile": 100.0, "z": 4.54, "wind_ms": 15.17, "value": 15.17, "lat": 19.75, "lon": 88.5}}, {"type": "Feature", "geometry": {"type": "Polygon", "coordinates": [[[88.625, 19.625], [88.875, 19.625], [88.875, 19.875], [88.625, 19.875], [88.625, 19.625]]]}, "properties": {"time": "2013-10-12T12:00:00", "variable": "ws", "tier": "low", "percentile": 100.0, "z": 4.21, "wind_ms": 14.39, "value": 14.39, "lat": 19.75, "lon": 88.75}}, {"type": "Feature", "geometry": {"type": "Polygon", "coordinates": [[[88.875, 19.625], [89.125, 19.625], [89.125, 19.875], [88.875, 19.875], [88.875, 19.625]]]}, "properties": {"time": "2013-10-12T12:00:00", "variable": "ws", "tier": "low", "percentile": 100.0, "z": 3.93, "wind_ms": 13.71, "value": 13.71, "lat": 19.75, "lon": 89.0}}, {"type": "Feature", "geometry": {"type": "Polygon", "coordinates": [[[89.125, 19.625], [89.375, 19.625], [89.375, 19.875], [89.125, 19.875], [89.125, 19.625]]]}, "properties": {"time": "2013-10-12T12:00:00", "variable": "ws", "tier": "low", "percentile": 99.2, "z": 3.67, "wind_ms": 13.11, "value": 13.11, "lat": 19.75, "lon": 89.25}}, {"type": "Feature", "geometry": {"type": "Polygon", "coordinates": [[[83.625, 19.875], [83.875, 19.875], [83.875, 20.125], [83.625, 20.125], [83.625, 19.875]]]}, "properties": {"time": "2013-10-12T12:00:00", "variable": "ws", "tier": "low", "percentile": 100.0, "z": 8.15, "wind_ms": 9.34, "value": 9.34, "lat": 20.0, "lon": 83.75}}, {"type": "Feature", "geometry": {"type": "Polygon", "coordinates": [[[83.875, 19.875], [84.125, 19.875], [84.125, 20.125], [83.875, 20.125], [83.875, 19.875]]]}, "properties": {"time": "2013-10-12T12:00:00", "variable": "ws", "tier": "low", "percentile": 100.0, "z": 8.96, "wind_ms": 10.24, "value": 10.24, "lat": 20.0, "lon": 84.0}}, {"type": "Feature", "geometry": {"type": "Polygon", "coordinates": [[[84.125, 19.875], [84.375, 19.875], [84.375, 20.125], [84.125, 20.125], [84.125, 19.875]]]}, "properties": {"time": "2013-10-12T12:00:00", "variable": "ws", "tier": "low", "percentile": 100.0, "z": 10.37, "wind_ms": 11.52, "value": 11.52, "lat": 20.0, "lon": 84.25}}, {"type": "Feature", "geometry": {"type": "Polygon", "coordinates": [[[84.375, 19.875], [84.625, 19.875], [84.625, 20.125], [84.375, 20.125], [84.375, 19.875]]]}, "properties": {"time": "2013-10-12T12:00:00", "variable": "ws", "tier": "low", "percentile": 100.0, "z": 11.34, "wind_ms": 12.49, "value": 12.49, "lat": 20.0, "lon": 84.5}}, {"type": "Feature", "geometry": {"type": "Polygon", "coordinates": [[[84.625, 19.875], [84.875, 19.875], [84.875, 20.125], [84.625, 20.125], [84.625, 19.875]]]}, "properties": {"time": "2013-10-12T12:00:00", "variable": "ws", "tier": "low", "percentile": 100.0, "z": 12.24, "wind_ms": 13.44, "value": 13.44, "lat": 20.0, "lon": 84.75}}, {"type": "Feature", "geometry": {"type": "Polygon", "coordinates": [[[84.875, 19.875], [85.125, 19.875], [85.125, 20.125], [84.875, 20.125], [84.875, 19.875]]]}, "properties": {"time": "2013-10-12T12:00:00", "variable": "ws", "tier": "low", "percentile": 100.0, "z": 12.78, "wind_ms": 13.99, "value": 13.99, "lat": 20.0, "lon": 85.0}}, {"type": "Feature", "geometry": {"type": "Polygon", "coordinates": [[[85.125, 19.875], [85.375, 19.875], [85.375, 20.125], [85.125, 20.125], [85.125, 19.875]]]}, "properties": {"time": "2013-10-12T12:00:00", "variable": "ws", "tier": "low", "percentile": 100.0, "z": 13.56, "wind_ms": 15.05, "value": 15.05, "lat": 20.0, "lon": 85.25}}, {"type": "Feature", "geometry": {"type": "Polygon", "coordinates": [[[85.375, 19.875], [85.625, 19.875], [85.625, 20.125], [85.375, 20.125], [85.375, 19.875]]]}, "properties": {"time": "2013-10-12T12:00:00", "variable": "ws", "tier": "low", "percentile": 100.0, "z": 12.23, "wind_ms": 16.11, "value": 16.11, "lat": 20.0, "lon": 85.5}}, {"type": "Feature", "geometry": {"type": "Polygon", "coordinates": [[[85.625, 19.875], [85.875, 19.875], [85.875, 20.125], [85.625, 20.125], [85.625, 19.875]]]}, "properties": {"time": "2013-10-12T12:00:00", "variable": "ws", "tier": "low", "percentile": 100.0, "z": 12.49, "wind_ms": 15.05, "value": 15.05, "lat": 20.0, "lon": 85.75}}, {"type": "Feature", "geometry": {"type": "Polygon", "coordinates": [[[85.875, 19.875], [86.125, 19.875], [86.125, 20.125], [85.875, 20.125], [85.875, 19.875]]]}, "properties": {"time": "2013-10-12T12:00:00", "variable": "ws", "tier": "low", "percentile": 100.0, "z": 10.8, "wind_ms": 15.71, "value": 15.71, "lat": 20.0, "lon": 86.0}}, {"type": "Feature", "geometry": {"type": "Polygon", "coordinates": [[[86.125, 19.875], [86.375, 19.875], [86.375, 20.125], [86.125, 20.125], [86.125, 19.875]]]}, "properties": {"time": "2013-10-12T12:00:00", "variable": "ws", "tier": "low", "percentile": 100.0, "z": 9.59, "wind_ms": 16.31, "value": 16.31, "lat": 20.0, "lon": 86.25}}, {"type": "Feature", "geometry": {"type": "Polygon", "coordinates": [[[86.375, 19.875], [86.625, 19.875], [86.625, 20.125], [86.375, 20.125], [86.375, 19.875]]]}, "properties": {"time": "2013-10-12T12:00:00", "variable": "ws", "tier": "low", "percentile": 100.0, "z": 7.95, "wind_ms": 16.59, "value": 16.59, "lat": 20.0, "lon": 86.5}}, {"type": "Feature", "geometry": {"type": "Polygon", "coordinates": [[[86.625, 19.875], [86.875, 19.875], [86.875, 20.125], [86.625, 20.125], [86.625, 19.875]]]}, "properties": {"time": "2013-10-12T12:00:00", "variable": "ws", "tier": "moderate", "percentile": 100.0, "z": 6.88, "wind_ms": 19.5, "value": 19.5, "lat": 20.0, "lon": 86.75}}, {"type": "Feature", "geometry": {"type": "Polygon", "coordinates": [[[86.875, 19.875], [87.125, 19.875], [87.125, 20.125], [86.875, 20.125], [86.875, 19.875]]]}, "properties": {"time": "2013-10-12T12:00:00", "variable": "ws", "tier": "moderate", "percentile": 100.0, "z": 6.31, "wind_ms": 19.26, "value": 19.26, "lat": 20.0, "lon": 87.0}}, {"type": "Feature", "geometry": {"type": "Polygon", "coordinates": [[[87.125, 19.875], [87.375, 19.875], [87.375, 20.125], [87.125, 20.125], [87.125, 19.875]]]}, "properties": {"time": "2013-10-12T12:00:00", "variable": "ws", "tier": "moderate", "percentile": 100.0, "z": 5.87, "wind_ms": 18.05, "value": 18.05, "lat": 20.0, "lon": 87.25}}, {"type": "Feature", "geometry": {"type": "Polygon", "coordinates": [[[87.375, 19.875], [87.625, 19.875], [87.625, 20.125], [87.375, 20.125], [87.375, 19.875]]]}, "properties": {"time": "2013-10-12T12:00:00", "variable": "ws", "tier": "moderate", "percentile": 100.0, "z": 5.68, "wind_ms": 17.67, "value": 17.67, "lat": 20.0, "lon": 87.5}}, {"type": "Feature", "geometry": {"type": "Polygon", "coordinates": [[[87.625, 19.875], [87.875, 19.875], [87.875, 20.125], [87.625, 20.125], [87.625, 19.875]]]}, "properties": {"time": "2013-10-12T12:00:00", "variable": "ws", "tier": "moderate", "percentile": 100.0, "z": 5.62, "wind_ms": 17.46, "value": 17.46, "lat": 20.0, "lon": 87.75}}, {"type": "Feature", "geometry": {"type": "Polygon", "coordinates": [[[87.875, 19.875], [88.125, 19.875], [88.125, 20.125], [87.875, 20.125], [87.875, 19.875]]]}, "properties": {"time": "2013-10-12T12:00:00", "variable": "ws", "tier": "low", "percentile": 100.0, "z": 5.08, "wind_ms": 16.18, "value": 16.18, "lat": 20.0, "lon": 88.0}}, {"type": "Feature", "geometry": {"type": "Polygon", "coordinates": [[[88.125, 19.875], [88.375, 19.875], [88.375, 20.125], [88.125, 20.125], [88.125, 19.875]]]}, "properties": {"time": "2013-10-12T12:00:00", "variable": "ws", "tier": "low", "percentile": 100.0, "z": 4.66, "wind_ms": 15.2, "value": 15.2, "lat": 20.0, "lon": 88.25}}, {"type": "Feature", "geometry": {"type": "Polygon", "coordinates": [[[88.375, 19.875], [88.625, 19.875], [88.625, 20.125], [88.375, 20.125], [88.375, 19.875]]]}, "properties": {"time": "2013-10-12T12:00:00", "variable": "ws", "tier": "low", "percentile": 100.0, "z": 4.38, "wind_ms": 14.72, "value": 14.72, "lat": 20.0, "lon": 88.5}}, {"type": "Feature", "geometry": {"type": "Polygon", "coordinates": [[[88.625, 19.875], [88.875, 19.875], [88.875, 20.125], [88.625, 20.125], [88.625, 19.875]]]}, "properties": {"time": "2013-10-12T12:00:00", "variable": "ws", "tier": "low", "percentile": 99.2, "z": 4.06, "wind_ms": 13.98, "value": 13.98, "lat": 20.0, "lon": 88.75}}, {"type": "Feature", "geometry": {"type": "Polygon", "coordinates": [[[88.875, 19.875], [89.125, 19.875], [89.125, 20.125], [88.875, 20.125], [88.875, 19.875]]]}, "properties": {"time": "2013-10-12T12:00:00", "variable": "ws", "tier": "low", "percentile": 99.2, "z": 3.82, "wind_ms": 13.43, "value": 13.43, "lat": 20.0, "lon": 89.0}}, {"type": "Feature", "geometry": {"type": "Polygon", "coordinates": [[[89.125, 19.875], [89.375, 19.875], [89.375, 20.125], [89.125, 20.125], [89.125, 19.875]]]}, "properties": {"time": "2013-10-12T12:00:00", "variable": "ws", "tier": "low", "percentile": 98.4, "z": 3.56, "wind_ms": 12.82, "value": 12.82, "lat": 20.0, "lon": 89.25}}, {"type": "Feature", "geometry": {"type": "Polygon", "coordinates": [[[83.875, 20.125], [84.125, 20.125], [84.125, 20.375], [83.875, 20.375], [83.875, 20.125]]]}, "properties": {"time": "2013-10-12T12:00:00", "variable": "ws", "tier": "low", "percentile": 100.0, "z": 8.23, "wind_ms": 9.54, "value": 9.54, "lat": 20.25, "lon": 84.0}}, {"type": "Feature", "geometry": {"type": "Polygon", "coordinates": [[[84.125, 20.125], [84.375, 20.125], [84.375, 20.375], [84.125, 20.375], [84.125, 20.125]]]}, "properties": {"time": "2013-10-12T12:00:00", "variable": "ws", "tier": "low", "percentile": 100.0, "z": 8.45, "wind_ms": 9.84, "value": 9.84, "lat": 20.25, "lon": 84.25}}, {"type": "Feature", "geometry": {"type": "Polygon", "coordinates": [[[84.375, 20.125], [84.625, 20.125], [84.625, 20.375], [84.375, 20.375], [84.375, 20.125]]]}, "properties": {"time": "2013-10-12T12:00:00", "variable": "ws", "tier": "low", "percentile": 100.0, "z": 9.77, "wind_ms": 10.97, "value": 10.97, "lat": 20.25, "lon": 84.5}}, {"type": "Feature", "geometry": {"type": "Polygon", "coordinates": [[[84.625, 20.125], [84.875, 20.125], [84.875, 20.375], [84.625, 20.375], [84.625, 20.125]]]}, "properties": {"time": "2013-10-12T12:00:00", "variable": "ws", "tier": "low", "percentile": 100.0, "z": 10.55, "wind_ms": 11.72, "value": 11.72, "lat": 20.25, "lon": 84.75}}, {"type": "Feature", "geometry": {"type": "Polygon", "coordinates": [[[84.875, 20.125], [85.125, 20.125], [85.125, 20.375], [84.875, 20.375], [84.875, 20.125]]]}, "properties": {"time": "2013-10-12T12:00:00", "variable": "ws", "tier": "low", "percentile": 100.0, "z": 11.47, "wind_ms": 12.7, "value": 12.7, "lat": 20.25, "lon": 85.0}}, {"type": "Feature", "geometry": {"type": "Polygon", "coordinates": [[[85.125, 20.125], [85.375, 20.125], [85.375, 20.375], [85.125, 20.375], [85.125, 20.125]]]}, "properties": {"time": "2013-10-12T12:00:00", "variable": "ws", "tier": "low", "percentile": 100.0, "z": 11.72, "wind_ms": 13.07, "value": 13.07, "lat": 20.25, "lon": 85.25}}, {"type": "Feature", "geometry": {"type": "Polygon", "coordinates": [[[85.375, 20.125], [85.625, 20.125], [85.625, 20.375], [85.375, 20.375], [85.375, 20.125]]]}, "properties": {"time": "2013-10-12T12:00:00", "variable": "ws", "tier": "low", "percentile": 100.0, "z": 11.57, "wind_ms": 13.05, "value": 13.05, "lat": 20.25, "lon": 85.5}}, {"type": "Feature", "geometry": {"type": "Polygon", "coordinates": [[[85.625, 20.125], [85.875, 20.125], [85.875, 20.375], [85.625, 20.375], [85.625, 20.125]]]}, "properties": {"time": "2013-10-12T12:00:00", "variable": "ws", "tier": "low", "percentile": 100.0, "z": 10.46, "wind_ms": 12.0, "value": 12.0, "lat": 20.25, "lon": 85.75}}, {"type": "Feature", "geometry": {"type": "Polygon", "coordinates": [[[85.875, 20.125], [86.125, 20.125], [86.125, 20.375], [85.875, 20.375], [85.875, 20.125]]]}, "properties": {"time": "2013-10-12T12:00:00", "variable": "ws", "tier": "low", "percentile": 100.0, "z": 9.73, "wind_ms": 11.31, "value": 11.31, "lat": 20.25, "lon": 86.0}}, {"type": "Feature", "geometry": {"type": "Polygon", "coordinates": [[[86.125, 20.125], [86.375, 20.125], [86.375, 20.375], [86.125, 20.375], [86.125, 20.125]]]}, "properties": {"time": "2013-10-12T12:00:00", "variable": "ws", "tier": "low", "percentile": 100.0, "z": 9.28, "wind_ms": 11.29, "value": 11.29, "lat": 20.25, "lon": 86.25}}, {"type": "Feature", "geometry": {"type": "Polygon", "coordinates": [[[86.375, 20.125], [86.625, 20.125], [86.625, 20.375], [86.375, 20.375], [86.375, 20.125]]]}, "properties": {"time": "2013-10-12T12:00:00", "variable": "ws", "tier": "low", "percentile": 100.0, "z": 8.71, "wind_ms": 12.51, "value": 12.51, "lat": 20.25, "lon": 86.5}}, {"type": "Feature", "geometry": {"type": "Polygon", "coordinates": [[[86.625, 20.125], [86.875, 20.125], [86.875, 20.375], [86.625, 20.375], [86.625, 20.125]]]}, "properties": {"time": "2013-10-12T12:00:00", "variable": "ws", "tier": "low", "percentile": 100.0, "z": 7.23, "wind_ms": 15.12, "value": 15.12, "lat": 20.25, "lon": 86.75}}, {"type": "Feature", "geometry": {"type": "Polygon", "coordinates": [[[86.875, 20.125], [87.125, 20.125], [87.125, 20.375], [86.875, 20.375], [86.875, 20.125]]]}, "properties": {"time": "2013-10-12T12:00:00", "variable": "ws", "tier": "moderate", "percentile": 100.0, "z": 6.25, "wind_ms": 17.98, "value": 17.98, "lat": 20.25, "lon": 87.0}}, {"type": "Feature", "geometry": {"type": "Polygon", "coordinates": [[[87.125, 20.125], [87.375, 20.125], [87.375, 20.375], [87.125, 20.375], [87.125, 20.125]]]}, "properties": {"time": "2013-10-12T12:00:00", "variable": "ws", "tier": "moderate", "percentile": 100.0, "z": 5.8, "wind_ms": 17.48, "value": 17.48, "lat": 20.25, "lon": 87.25}}, {"type": "Feature", "geometry": {"type": "Polygon", "coordinates": [[[87.375, 20.125], [87.625, 20.125], [87.625, 20.375], [87.375, 20.375], [87.375, 20.125]]]}, "properties": {"time": "2013-10-12T12:00:00", "variable": "ws", "tier": "low", "percentile": 100.0, "z": 5.52, "wind_ms": 16.94, "value": 16.94, "lat": 20.25, "lon": 87.5}}, {"type": "Feature", "geometry": {"type": "Polygon", "coordinates": [[[87.625, 20.125], [87.875, 20.125], [87.875, 20.375], [87.625, 20.375], [87.625, 20.125]]]}, "properties": {"time": "2013-10-12T12:00:00", "variable": "ws", "tier": "low", "percentile": 100.0, "z": 5.24, "wind_ms": 16.35, "value": 16.35, "lat": 20.25, "lon": 87.75}}, {"type": "Feature", "geometry": {"type": "Polygon", "coordinates": [[[87.875, 20.125], [88.125, 20.125], [88.125, 20.375], [87.875, 20.375], [87.875, 20.125]]]}, "properties": {"time": "2013-10-12T12:00:00", "variable": "ws", "tier": "low", "percentile": 100.0, "z": 4.73, "wind_ms": 15.17, "value": 15.17, "lat": 20.25, "lon": 88.0}}, {"type": "Feature", "geometry": {"type": "Polygon", "coordinates": [[[88.125, 20.125], [88.375, 20.125], [88.375, 20.375], [88.125, 20.375], [88.125, 20.125]]]}, "properties": {"time": "2013-10-12T12:00:00", "variable": "ws", "tier": "low", "percentile": 100.0, "z": 4.44, "wind_ms": 14.49, "value": 14.49, "lat": 20.25, "lon": 88.25}}, {"type": "Feature", "geometry": {"type": "Polygon", "coordinates": [[[88.375, 20.125], [88.625, 20.125], [88.625, 20.375], [88.375, 20.375], [88.375, 20.125]]]}, "properties": {"time": "2013-10-12T12:00:00", "variable": "ws", "tier": "low", "percentile": 99.2, "z": 4.17, "wind_ms": 14.03, "value": 14.03, "lat": 20.25, "lon": 88.5}}, {"type": "Feature", "geometry": {"type": "Polygon", "coordinates": [[[88.625, 20.125], [88.875, 20.125], [88.875, 20.375], [88.625, 20.375], [88.625, 20.125]]]}, "properties": {"time": "2013-10-12T12:00:00", "variable": "ws", "tier": "low", "percentile": 99.2, "z": 3.96, "wind_ms": 13.63, "value": 13.63, "lat": 20.25, "lon": 88.75}}, {"type": "Feature", "geometry": {"type": "Polygon", "coordinates": [[[88.875, 20.125], [89.125, 20.125], [89.125, 20.375], [88.875, 20.375], [88.875, 20.125]]]}, "properties": {"time": "2013-10-12T12:00:00", "variable": "ws", "tier": "low", "percentile": 99.2, "z": 3.73, "wind_ms": 13.08, "value": 13.08, "lat": 20.25, "lon": 89.0}}, {"type": "Feature", "geometry": {"type": "Polygon", "coordinates": [[[89.125, 20.125], [89.375, 20.125], [89.375, 20.375], [89.125, 20.375], [89.125, 20.125]]]}, "properties": {"time": "2013-10-12T12:00:00", "variable": "ws", "tier": "low", "percentile": 98.4, "z": 3.45, "wind_ms": 12.46, "value": 12.46, "lat": 20.25, "lon": 89.25}}, {"type": "Feature", "geometry": {"type": "Polygon", "coordinates": [[[84.625, 20.375], [84.875, 20.375], [84.875, 20.625], [84.625, 20.625], [84.625, 20.375]]]}, "properties": {"time": "2013-10-12T12:00:00", "variable": "ws", "tier": "low", "percentile": 100.0, "z": 8.42, "wind_ms": 9.57, "value": 9.57, "lat": 20.5, "lon": 84.75}}, {"type": "Feature", "geometry": {"type": "Polygon", "coordinates": [[[84.875, 20.375], [85.125, 20.375], [85.125, 20.625], [84.875, 20.625], [84.875, 20.375]]]}, "properties": {"time": "2013-10-12T12:00:00", "variable": "ws", "tier": "low", "percentile": 100.0, "z": 9.95, "wind_ms": 11.21, "value": 11.21, "lat": 20.5, "lon": 85.0}}, {"type": "Feature", "geometry": {"type": "Polygon", "coordinates": [[[85.125, 20.375], [85.375, 20.375], [85.375, 20.625], [85.125, 20.625], [85.125, 20.375]]]}, "properties": {"time": "2013-10-12T12:00:00", "variable": "ws", "tier": "low", "percentile": 100.0, "z": 10.43, "wind_ms": 11.74, "value": 11.74, "lat": 20.5, "lon": 85.25}}, {"type": "Feature", "geometry": {"type": "Polygon", "coordinates": [[[85.375, 20.375], [85.625, 20.375], [85.625, 20.625], [85.375, 20.625], [85.375, 20.375]]]}, "properties": {"time": "2013-10-12T12:00:00", "variable": "ws", "tier": "low", "percentile": 100.0, "z": 9.93, "wind_ms": 11.29, "value": 11.29, "lat": 20.5, "lon": 85.5}}, {"type": "Feature", "geometry": {"type": "Polygon", "coordinates": [[[85.625, 20.375], [85.875, 20.375], [85.875, 20.625], [85.625, 20.625], [85.625, 20.375]]]}, "properties": {"time": "2013-10-12T12:00:00", "variable": "ws", "tier": "low", "percentile": 100.0, "z": 9.17, "wind_ms": 10.65, "value": 10.65, "lat": 20.5, "lon": 85.75}}, {"type": "Feature", "geometry": {"type": "Polygon", "coordinates": [[[85.875, 20.375], [86.125, 20.375], [86.125, 20.625], [85.875, 20.625], [85.875, 20.375]]]}, "properties": {"time": "2013-10-12T12:00:00", "variable": "ws", "tier": "low", "percentile": 100.0, "z": 8.24, "wind_ms": 9.73, "value": 9.73, "lat": 20.5, "lon": 86.0}}, {"type": "Feature", "geometry": {"type": "Polygon", "coordinates": [[[86.125, 20.375], [86.375, 20.375], [86.375, 20.625], [86.125, 20.625], [86.125, 20.375]]]}, "properties": {"time": "2013-10-12T12:00:00", "variable": "ws", "tier": "low", "percentile": 100.0, "z": 8.02, "wind_ms": 9.58, "value": 9.58, "lat": 20.5, "lon": 86.25}}, {"type": "Feature", "geometry": {"type": "Polygon", "coordinates": [[[86.375, 20.375], [86.625, 20.375], [86.625, 20.625], [86.375, 20.625], [86.375, 20.375]]]}, "properties": {"time": "2013-10-12T12:00:00", "variable": "ws", "tier": "low", "percentile": 100.0, "z": 8.3, "wind_ms": 10.55, "value": 10.55, "lat": 20.5, "lon": 86.5}}, {"type": "Feature", "geometry": {"type": "Polygon", "coordinates": [[[86.625, 20.375], [86.875, 20.375], [86.875, 20.625], [86.625, 20.625], [86.625, 20.375]]]}, "properties": {"time": "2013-10-12T12:00:00", "variable": "ws", "tier": "low", "percentile": 100.0, "z": 7.77, "wind_ms": 11.39, "value": 11.39, "lat": 20.5, "lon": 86.75}}, {"type": "Feature", "geometry": {"type": "Polygon", "coordinates": [[[86.875, 20.375], [87.125, 20.375], [87.125, 20.625], [86.875, 20.625], [86.875, 20.375]]]}, "properties": {"time": "2013-10-12T12:00:00", "variable": "ws", "tier": "low", "percentile": 100.0, "z": 6.52, "wind_ms": 14.02, "value": 14.02, "lat": 20.5, "lon": 87.0}}, {"type": "Feature", "geometry": {"type": "Polygon", "coordinates": [[[87.125, 20.375], [87.375, 20.375], [87.375, 20.625], [87.125, 20.625], [87.125, 20.375]]]}, "properties": {"time": "2013-10-12T12:00:00", "variable": "ws", "tier": "low", "percentile": 100.0, "z": 5.73, "wind_ms": 16.73, "value": 16.73, "lat": 20.5, "lon": 87.25}}, {"type": "Feature", "geometry": {"type": "Polygon", "coordinates": [[[87.375, 20.375], [87.625, 20.375], [87.625, 20.625], [87.375, 20.625], [87.375, 20.375]]]}, "properties": {"time": "2013-10-12T12:00:00", "variable": "ws", "tier": "low", "percentile": 100.0, "z": 5.34, "wind_ms": 16.25, "value": 16.25, "lat": 20.5, "lon": 87.5}}, {"type": "Feature", "geometry": {"type": "Polygon", "coordinates": [[[87.625, 20.375], [87.875, 20.375], [87.875, 20.625], [87.625, 20.625], [87.625, 20.375]]]}, "properties": {"time": "2013-10-12T12:00:00", "variable": "ws", "tier": "low", "percentile": 100.0, "z": 4.86, "wind_ms": 15.16, "value": 15.16, "lat": 20.5, "lon": 87.75}}, {"type": "Feature", "geometry": {"type": "Polygon", "coordinates": [[[87.875, 20.375], [88.125, 20.375], [88.125, 20.625], [87.875, 20.625], [87.875, 20.375]]]}, "properties": {"time": "2013-10-12T12:00:00", "variable": "ws", "tier": "low", "percentile": 100.0, "z": 4.52, "wind_ms": 14.44, "value": 14.44, "lat": 20.5, "lon": 88.0}}, {"type": "Feature", "geometry": {"type": "Polygon", "coordinates": [[[88.125, 20.375], [88.375, 20.375], [88.375, 20.625], [88.125, 20.625], [88.125, 20.375]]]}, "properties": {"time": "2013-10-12T12:00:00", "variable": "ws", "tier": "low", "percentile": 99.2, "z": 4.29, "wind_ms": 13.89, "value": 13.89, "lat": 20.5, "lon": 88.25}}, {"type": "Feature", "geometry": {"type": "Polygon", "coordinates": [[[88.375, 20.375], [88.625, 20.375], [88.625, 20.625], [88.375, 20.625], [88.375, 20.375]]]}, "properties": {"time": "2013-10-12T12:00:00", "variable": "ws", "tier": "low", "percentile": 99.2, "z": 4.14, "wind_ms": 13.83, "value": 13.83, "lat": 20.5, "lon": 88.5}}, {"type": "Feature", "geometry": {"type": "Polygon", "coordinates": [[[88.625, 20.375], [88.875, 20.375], [88.875, 20.625], [88.625, 20.625], [88.625, 20.375]]]}, "properties": {"time": "2013-10-12T12:00:00", "variable": "ws", "tier": "low", "percentile": 99.2, "z": 3.93, "wind_ms": 13.39, "value": 13.39, "lat": 20.5, "lon": 88.75}}, {"type": "Feature", "geometry": {"type": "Polygon", "coordinates": [[[88.875, 20.375], [89.125, 20.375], [89.125, 20.625], [88.875, 20.625], [88.875, 20.375]]]}, "properties": {"time": "2013-10-12T12:00:00", "variable": "ws", "tier": "low", "percentile": 99.2, "z": 3.65, "wind_ms": 12.89, "value": 12.89, "lat": 20.5, "lon": 89.0}}, {"type": "Feature", "geometry": {"type": "Polygon", "coordinates": [[[89.125, 20.375], [89.375, 20.375], [89.375, 20.625], [89.125, 20.625], [89.125, 20.375]]]}, "properties": {"time": "2013-10-12T12:00:00", "variable": "ws", "tier": "low", "percentile": 98.4, "z": 3.39, "wind_ms": 12.27, "value": 12.27, "lat": 20.5, "lon": 89.25}}, {"type": "Feature", "geometry": {"type": "Polygon", "coordinates": [[[84.875, 20.625], [85.125, 20.625], [85.125, 20.875], [84.875, 20.875], [84.875, 20.625]]]}, "properties": {"time": "2013-10-12T12:00:00", "variable": "ws", "tier": "low", "percentile": 100.0, "z": 8.34, "wind_ms": 9.72, "value": 9.72, "lat": 20.75, "lon": 85.0}}, {"type": "Feature", "geometry": {"type": "Polygon", "coordinates": [[[85.125, 20.625], [85.375, 20.625], [85.375, 20.875], [85.125, 20.875], [85.125, 20.625]]]}, "properties": {"time": "2013-10-12T12:00:00", "variable": "ws", "tier": "low", "percentile": 100.0, "z": 8.76, "wind_ms": 10.1, "value": 10.1, "lat": 20.75, "lon": 85.25}}, {"type": "Feature", "geometry": {"type": "Polygon", "coordinates": [[[85.375, 20.625], [85.625, 20.625], [85.625, 20.875], [85.375, 20.875], [85.375, 20.625]]]}, "properties": {"time": "2013-10-12T12:00:00", "variable": "ws", "tier": "low", "percentile": 100.0, "z": 8.57, "wind_ms": 9.91, "value": 9.91, "lat": 20.75, "lon": 85.5}}, {"type": "Feature", "geometry": {"type": "Polygon", "coordinates": [[[85.625, 20.625], [85.875, 20.625], [85.875, 20.875], [85.625, 20.875], [85.625, 20.625]]]}, "properties": {"time": "2013-10-12T12:00:00", "variable": "ws", "tier": "low", "percentile": 100.0, "z": 8.25, "wind_ms": 9.74, "value": 9.74, "lat": 20.75, "lon": 85.75}}, {"type": "Feature", "geometry": {"type": "Polygon", "coordinates": [[[85.875, 20.625], [86.125, 20.625], [86.125, 20.875], [85.875, 20.875], [85.875, 20.625]]]}, "properties": {"time": "2013-10-12T12:00:00", "variable": "ws", "tier": "low", "percentile": 100.0, "z": 7.72, "wind_ms": 9.23, "value": 9.23, "lat": 20.75, "lon": 86.0}}, {"type": "Feature", "geometry": {"type": "Polygon", "coordinates": [[[86.125, 20.625], [86.375, 20.625], [86.375, 20.875], [86.125, 20.875], [86.125, 20.625]]]}, "properties": {"time": "2013-10-12T12:00:00", "variable": "ws", "tier": "low", "percentile": 100.0, "z": 7.64, "wind_ms": 9.21, "value": 9.21, "lat": 20.75, "lon": 86.25}}, {"type": "Feature", "geometry": {"type": "Polygon", "coordinates": [[[86.375, 20.625], [86.625, 20.625], [86.625, 20.875], [86.375, 20.875], [86.375, 20.625]]]}, "properties": {"time": "2013-10-12T12:00:00", "variable": "ws", "tier": "low", "percentile": 100.0, "z": 7.87, "wind_ms": 9.49, "value": 9.49, "lat": 20.75, "lon": 86.5}}, {"type": "Feature", "geometry": {"type": "Polygon", "coordinates": [[[86.625, 20.625], [86.875, 20.625], [86.875, 20.875], [86.625, 20.875], [86.625, 20.625]]]}, "properties": {"time": "2013-10-12T12:00:00", "variable": "ws", "tier": "low", "percentile": 100.0, "z": 8.03, "wind_ms": 10.15, "value": 10.15, "lat": 20.75, "lon": 86.75}}, {"type": "Feature", "geometry": {"type": "Polygon", "coordinates": [[[86.875, 20.625], [87.125, 20.625], [87.125, 20.875], [86.875, 20.875], [86.875, 20.625]]]}, "properties": {"time": "2013-10-12T12:00:00", "variable": "ws", "tier": "low", "percentile": 100.0, "z": 6.55, "wind_ms": 12.79, "value": 12.79, "lat": 20.75, "lon": 87.0}}, {"type": "Feature", "geometry": {"type": "Polygon", "coordinates": [[[87.125, 20.625], [87.375, 20.625], [87.375, 20.875], [87.125, 20.875], [87.125, 20.625]]]}, "properties": {"time": "2013-10-12T12:00:00", "variable": "ws", "tier": "low", "percentile": 100.0, "z": 5.68, "wind_ms": 15.55, "value": 15.55, "lat": 20.75, "lon": 87.25}}, {"type": "Feature", "geometry": {"type": "Polygon", "coordinates": [[[87.375, 20.625], [87.625, 20.625], [87.625, 20.875], [87.375, 20.875], [87.375, 20.625]]]}, "properties": {"time": "2013-10-12T12:00:00", "variable": "ws", "tier": "low", "percentile": 100.0, "z": 5.12, "wind_ms": 15.55, "value": 15.55, "lat": 20.75, "lon": 87.5}}, {"type": "Feature", "geometry": {"type": "Polygon", "coordinates": [[[87.625, 20.625], [87.875, 20.625], [87.875, 20.875], [87.625, 20.875], [87.625, 20.625]]]}, "properties": {"time": "2013-10-12T12:00:00", "variable": "ws", "tier": "low", "percentile": 99.2, "z": 4.67, "wind_ms": 14.46, "value": 14.46, "lat": 20.75, "lon": 87.75}}, {"type": "Feature", "geometry": {"type": "Polygon", "coordinates": [[[87.875, 20.625], [88.125, 20.625], [88.125, 20.875], [87.875, 20.875], [87.875, 20.625]]]}, "properties": {"time": "2013-10-12T12:00:00", "variable": "ws", "tier": "low", "percentile": 99.2, "z": 4.45, "wind_ms": 13.99, "value": 13.99, "lat": 20.75, "lon": 88.0}}, {"type": "Feature", "geometry": {"type": "Polygon", "coordinates": [[[88.125, 20.625], [88.375, 20.625], [88.375, 20.875], [88.125, 20.875], [88.125, 20.625]]]}, "properties": {"time": "2013-10-12T12:00:00", "variable": "ws", "tier": "low", "percentile": 99.2, "z": 4.3, "wind_ms": 13.7, "value": 13.7, "lat": 20.75, "lon": 88.25}}, {"type": "Feature", "geometry": {"type": "Polygon", "coordinates": [[[88.375, 20.625], [88.625, 20.625], [88.625, 20.875], [88.375, 20.875], [88.375, 20.625]]]}, "properties": {"time": "2013-10-12T12:00:00", "variable": "ws", "tier": "low", "percentile": 99.2, "z": 4.11, "wind_ms": 13.54, "value": 13.54, "lat": 20.75, "lon": 88.5}}, {"type": "Feature", "geometry": {"type": "Polygon", "coordinates": [[[88.625, 20.625], [88.875, 20.625], [88.875, 20.875], [88.625, 20.875], [88.625, 20.625]]]}, "properties": {"time": "2013-10-12T12:00:00", "variable": "ws", "tier": "low", "percentile": 99.2, "z": 3.88, "wind_ms": 13.29, "value": 13.29, "lat": 20.75, "lon": 88.75}}, {"type": "Feature", "geometry": {"type": "Polygon", "coordinates": [[[88.875, 20.625], [89.125, 20.625], [89.125, 20.875], [88.875, 20.875], [88.875, 20.625]]]}, "properties": {"time": "2013-10-12T12:00:00", "variable": "ws", "tier": "low", "percentile": 99.2, "z": 3.58, "wind_ms": 12.63, "value": 12.63, "lat": 20.75, "lon": 89.0}}, {"type": "Feature", "geometry": {"type": "Polygon", "coordinates": [[[89.125, 20.625], [89.375, 20.625], [89.375, 20.875], [89.125, 20.875], [89.125, 20.625]]]}, "properties": {"time": "2013-10-12T12:00:00", "variable": "ws", "tier": "low", "percentile": 98.4, "z": 3.4, "wind_ms": 12.24, "value": 12.24, "lat": 20.75, "lon": 89.25}}, {"type": "Feature", "geometry": {"type": "Polygon", "coordinates": [[[85.375, 20.875], [85.625, 20.875], [85.625, 21.125], [85.375, 21.125], [85.375, 20.875]]]}, "properties": {"time": "2013-10-12T12:00:00", "variable": "ws", "tier": "low", "percentile": 100.0, "z": 7.84, "wind_ms": 9.24, "value": 9.24, "lat": 21.0, "lon": 85.5}}, {"type": "Feature", "geometry": {"type": "Polygon", "coordinates": [[[85.625, 20.875], [85.875, 20.875], [85.875, 21.125], [85.625, 21.125], [85.625, 20.875]]]}, "properties": {"time": "2013-10-12T12:00:00", "variable": "ws", "tier": "low", "percentile": 100.0, "z": 7.94, "wind_ms": 9.44, "value": 9.44, "lat": 21.0, "lon": 85.75}}, {"type": "Feature", "geometry": {"type": "Polygon", "coordinates": [[[85.875, 20.875], [86.125, 20.875], [86.125, 21.125], [85.875, 21.125], [85.875, 20.875]]]}, "properties": {"time": "2013-10-12T12:00:00", "variable": "ws", "tier": "low", "percentile": 100.0, "z": 7.84, "wind_ms": 9.37, "value": 9.37, "lat": 21.0, "lon": 86.0}}, {"type": "Feature", "geometry": {"type": "Polygon", "coordinates": [[[86.125, 20.875], [86.375, 20.875], [86.375, 21.125], [86.125, 21.125], [86.125, 20.875]]]}, "properties": {"time": "2013-10-12T12:00:00", "variable": "ws", "tier": "low", "percentile": 100.0, "z": 7.8, "wind_ms": 9.41, "value": 9.41, "lat": 21.0, "lon": 86.25}}, {"type": "Feature", "geometry": {"type": "Polygon", "coordinates": [[[86.375, 20.875], [86.625, 20.875], [86.625, 21.125], [86.375, 21.125], [86.375, 20.875]]]}, "properties": {"time": "2013-10-12T12:00:00", "variable": "ws", "tier": "low", "percentile": 100.0, "z": 8.27, "wind_ms": 9.89, "value": 9.89, "lat": 21.0, "lon": 86.5}}, {"type": "Feature", "geometry": {"type": "Polygon", "coordinates": [[[86.625, 20.875], [86.875, 20.875], [86.875, 21.125], [86.625, 21.125], [86.625, 20.875]]]}, "properties": {"time": "2013-10-12T12:00:00", "variable": "ws", "tier": "low", "percentile": 100.0, "z": 7.61, "wind_ms": 10.61, "value": 10.61, "lat": 21.0, "lon": 86.75}}, {"type": "Feature", "geometry": {"type": "Polygon", "coordinates": [[[86.875, 20.875], [87.125, 20.875], [87.125, 21.125], [86.875, 21.125], [86.875, 20.875]]]}, "properties": {"time": "2013-10-12T12:00:00", "variable": "ws", "tier": "low", "percentile": 100.0, "z": 6.2, "wind_ms": 13.27, "value": 13.27, "lat": 21.0, "lon": 87.0}}, {"type": "Feature", "geometry": {"type": "Polygon", "coordinates": [[[87.125, 20.875], [87.375, 20.875], [87.375, 21.125], [87.125, 21.125], [87.125, 20.875]]]}, "properties": {"time": "2013-10-12T12:00:00", "variable": "ws", "tier": "low", "percentile": 100.0, "z": 5.37, "wind_ms": 14.96, "value": 14.96, "lat": 21.0, "lon": 87.25}}, {"type": "Feature", "geometry": {"type": "Polygon", "coordinates": [[[87.375, 20.875], [87.625, 20.875], [87.625, 21.125], [87.375, 21.125], [87.375, 20.875]]]}, "properties": {"time": "2013-10-12T12:00:00", "variable": "ws", "tier": "low", "percentile": 99.2, "z": 4.82, "wind_ms": 14.59, "value": 14.59, "lat": 21.0, "lon": 87.5}}, {"type": "Feature", "geometry": {"type": "Polygon", "coordinates": [[[87.625, 20.875], [87.875, 20.875], [87.875, 21.125], [87.625, 21.125], [87.625, 20.875]]]}, "properties": {"time": "2013-10-12T12:00:00", "variable": "ws", "tier": "low", "percentile": 99.2, "z": 4.55, "wind_ms": 13.95, "value": 13.95, "lat": 21.0, "lon": 87.75}}, {"type": "Feature", "geometry": {"type": "Polygon", "coordinates": [[[87.875, 20.875], [88.125, 20.875], [88.125, 21.125], [87.875, 21.125], [87.875, 20.875]]]}, "properties": {"time": "2013-10-12T12:00:00", "variable": "ws", "tier": "low", "percentile": 99.2, "z": 4.46, "wind_ms": 13.85, "value": 13.85, "lat": 21.0, "lon": 88.0}}, {"type": "Feature", "geometry": {"type": "Polygon", "coordinates": [[[88.125, 20.875], [88.375, 20.875], [88.375, 21.125], [88.125, 21.125], [88.125, 20.875]]]}, "properties": {"time": "2013-10-12T12:00:00", "variable": "ws", "tier": "low", "percentile": 99.2, "z": 4.34, "wind_ms": 13.68, "value": 13.68, "lat": 21.0, "lon": 88.25}}, {"type": "Feature", "geometry": {"type": "Polygon", "coordinates": [[[88.375, 20.875], [88.625, 20.875], [88.625, 21.125], [88.375, 21.125], [88.375, 20.875]]]}, "properties": {"time": "2013-10-12T12:00:00", "variable": "ws", "tier": "low", "percentile": 99.2, "z": 4.09, "wind_ms": 13.38, "value": 13.38, "lat": 21.0, "lon": 88.5}}, {"type": "Feature", "geometry": {"type": "Polygon", "coordinates": [[[88.625, 20.875], [88.875, 20.875], [88.875, 21.125], [88.625, 21.125], [88.625, 20.875]]]}, "properties": {"time": "2013-10-12T12:00:00", "variable": "ws", "tier": "low", "percentile": 99.2, "z": 3.78, "wind_ms": 12.74, "value": 12.74, "lat": 21.0, "lon": 88.75}}, {"type": "Feature", "geometry": {"type": "Polygon", "coordinates": [[[88.875, 20.875], [89.125, 20.875], [89.125, 21.125], [88.875, 21.125], [88.875, 20.875]]]}, "properties": {"time": "2013-10-12T12:00:00", "variable": "ws", "tier": "low", "percentile": 98.4, "z": 3.54, "wind_ms": 12.43, "value": 12.43, "lat": 21.0, "lon": 89.0}}, {"type": "Feature", "geometry": {"type": "Polygon", "coordinates": [[[89.125, 20.875], [89.375, 20.875], [89.375, 21.125], [89.125, 21.125], [89.125, 20.875]]]}, "properties": {"time": "2013-10-12T12:00:00", "variable": "ws", "tier": "low", "percentile": 98.4, "z": 3.41, "wind_ms": 12.25, "value": 12.25, "lat": 21.0, "lon": 89.25}}, {"type": "Feature", "geometry": {"type": "Polygon", "coordinates": [[[85.625, 21.125], [85.875, 21.125], [85.875, 21.375], [85.625, 21.375], [85.625, 21.125]]]}, "properties": {"time": "2013-10-12T12:00:00", "variable": "ws", "tier": "low", "percentile": 100.0, "z": 7.52, "wind_ms": 8.9, "value": 8.9, "lat": 21.25, "lon": 85.75}}, {"type": "Feature", "geometry": {"type": "Polygon", "coordinates": [[[85.875, 21.125], [86.125, 21.125], [86.125, 21.375], [85.875, 21.375], [85.875, 21.125]]]}, "properties": {"time": "2013-10-12T12:00:00", "variable": "ws", "tier": "low", "percentile": 100.0, "z": 7.62, "wind_ms": 9.01, "value": 9.01, "lat": 21.25, "lon": 86.0}}, {"type": "Feature", "geometry": {"type": "Polygon", "coordinates": [[[86.125, 21.125], [86.375, 21.125], [86.375, 21.375], [86.125, 21.375], [86.125, 21.125]]]}, "properties": {"time": "2013-10-12T12:00:00", "variable": "ws", "tier": "low", "percentile": 100.0, "z": 7.69, "wind_ms": 9.17, "value": 9.17, "lat": 21.25, "lon": 86.25}}, {"type": "Feature", "geometry": {"type": "Polygon", "coordinates": [[[86.375, 21.125], [86.625, 21.125], [86.625, 21.375], [86.375, 21.375], [86.375, 21.125]]]}, "properties": {"time": "2013-10-12T12:00:00", "variable": "ws", "tier": "low", "percentile": 100.0, "z": 7.34, "wind_ms": 8.9, "value": 8.9, "lat": 21.25, "lon": 86.5}}, {"type": "Feature", "geometry": {"type": "Polygon", "coordinates": [[[86.625, 21.125], [86.875, 21.125], [86.875, 21.375], [86.625, 21.375], [86.625, 21.125]]]}, "properties": {"time": "2013-10-12T12:00:00", "variable": "ws", "tier": "low", "percentile": 100.0, "z": 7.09, "wind_ms": 9.45, "value": 9.45, "lat": 21.25, "lon": 86.75}}, {"type": "Feature", "geometry": {"type": "Polygon", "coordinates": [[[86.875, 21.125], [87.125, 21.125], [87.125, 21.375], [86.875, 21.375], [86.875, 21.125]]]}, "properties": {"time": "2013-10-12T12:00:00", "variable": "ws", "tier": "low", "percentile": 100.0, "z": 5.48, "wind_ms": 12.39, "value": 12.39, "lat": 21.25, "lon": 87.0}}, {"type": "Feature", "geometry": {"type": "Polygon", "coordinates": [[[87.125, 21.125], [87.375, 21.125], [87.375, 21.375], [87.125, 21.375], [87.125, 21.125]]]}, "properties": {"time": "2013-10-12T12:00:00", "variable": "ws", "tier": "low", "percentile": 99.2, "z": 4.85, "wind_ms": 14.11, "value": 14.11, "lat": 21.25, "lon": 87.25}}, {"type": "Feature", "geometry": {"type": "Polygon", "coordinates": [[[87.375, 21.125], [87.625, 21.125], [87.625, 21.375], [87.375, 21.375], [87.375, 21.125]]]}, "properties": {"time": "2013-10-12T12:00:00", "variable": "ws", "tier": "low", "percentile": 99.2, "z": 4.57, "wind_ms": 13.97, "value": 13.97, "lat": 21.25, "lon": 87.5}}, {"type": "Feature", "geometry": {"type": "Polygon", "coordinates": [[[87.625, 21.125], [87.875, 21.125], [87.875, 21.375], [87.625, 21.375], [87.625, 21.125]]]}, "properties": {"time": "2013-10-12T12:00:00", "variable": "ws", "tier": "low", "percentile": 99.2, "z": 4.43, "wind_ms": 13.22, "value": 13.22, "lat": 21.25, "lon": 87.75}}, {"type": "Feature", "geometry": {"type": "Polygon", "coordinates": [[[87.875, 21.125], [88.125, 21.125], [88.125, 21.375], [87.875, 21.375], [87.875, 21.125]]]}, "properties": {"time": "2013-10-12T12:00:00", "variable": "ws", "tier": "low", "percentile": 99.2, "z": 4.33, "wind_ms": 13.54, "value": 13.54, "lat": 21.25, "lon": 88.0}}, {"type": "Feature", "geometry": {"type": "Polygon", "coordinates": [[[88.125, 21.125], [88.375, 21.125], [88.375, 21.375], [88.125, 21.375], [88.125, 21.125]]]}, "properties": {"time": "2013-10-12T12:00:00", "variable": "ws", "tier": "low", "percentile": 99.2, "z": 4.19, "wind_ms": 13.12, "value": 13.12, "lat": 21.25, "lon": 88.25}}, {"type": "Feature", "geometry": {"type": "Polygon", "coordinates": [[[88.375, 21.125], [88.625, 21.125], [88.625, 21.375], [88.375, 21.375], [88.375, 21.125]]]}, "properties": {"time": "2013-10-12T12:00:00", "variable": "ws", "tier": "low", "percentile": 99.2, "z": 3.96, "wind_ms": 12.78, "value": 12.78, "lat": 21.25, "lon": 88.5}}, {"type": "Feature", "geometry": {"type": "Polygon", "coordinates": [[[88.625, 21.125], [88.875, 21.125], [88.875, 21.375], [88.625, 21.375], [88.625, 21.125]]]}, "properties": {"time": "2013-10-12T12:00:00", "variable": "ws", "tier": "low", "percentile": 98.4, "z": 3.72, "wind_ms": 12.51, "value": 12.51, "lat": 21.25, "lon": 88.75}}, {"type": "Feature", "geometry": {"type": "Polygon", "coordinates": [[[88.875, 21.125], [89.125, 21.125], [89.125, 21.375], [88.875, 21.375], [88.875, 21.125]]]}, "properties": {"time": "2013-10-12T12:00:00", "variable": "ws", "tier": "low", "percentile": 98.4, "z": 3.54, "wind_ms": 12.4, "value": 12.4, "lat": 21.25, "lon": 89.0}}, {"type": "Feature", "geometry": {"type": "Polygon", "coordinates": [[[89.125, 21.125], [89.375, 21.125], [89.375, 21.375], [89.125, 21.375], [89.125, 21.125]]]}, "properties": {"time": "2013-10-12T12:00:00", "variable": "ws", "tier": "low", "percentile": 98.4, "z": 3.47, "wind_ms": 12.54, "value": 12.54, "lat": 21.25, "lon": 89.25}}], "properties": {"thresholds": {"low_z": 1.5, "low_ws": 8.7, "moderate_z": 2.0, "moderate_ws": 17.0, "severe_z": 3.0, "severe_ws": 25.0}, "note": "Tiers: z-score AND wind >= 8.7/17/25 m/s (IMD D/CS/SCS), only inside tracked-object boxes + 1 deg. Adjusted after observing results; not validated against impacts. Per-hour ERA5 reanalysis climatology; single member, not an ensemble EFI."}}