{"type": "FeatureCollection", "features": [{"type": "Feature", "geometry": {"type": "Polygon", "coordinates": [[[85.875, 16.625], [86.125, 16.625], [86.125, 16.875], [85.875, 16.875], [85.875, 16.625]]]}, "properties": {"time": "2020-05-20T06:00:00", "variable": "msl", "tier": "low", "percentile": 99.1, "z": 2.6, "wind_ms": 9.82, "value": 1000.18, "lat": 16.75, "lon": 86.0}}, {"type": "Feature", "geometry": {"type": "Polygon", "coordinates": [[[86.125, 16.625], [86.375, 16.625], [86.375, 16.875], [86.125, 16.875], [86.125, 16.625]]]}, "properties": {"time": "2020-05-20T06:00:00", "variable": "msl", "tier": "low", "percentile": 99.1, "z": 2.66, "wind_ms": 11.24, "value": 1000.13, "lat": 16.75, "lon": 86.25}}, {"type": "Feature", "geometry": {"type": "Polygon", "coordinates": [[[86.375, 16.625], [86.625, 16.625], [86.625, 16.875], [86.375, 16.875], [86.375, 16.625]]]}, "properties": {"time": "2020-05-20T06:00:00", "variable": "msl", "tier": "low", "percentile": 99.1, "z": 2.75, "wind_ms": 12.01, "value": 1000.01, "lat": 16.75, "lon": 86.5}}, {"type": "Feature", "geometry": {"type": "Polygon", "coordinates": [[[86.625, 16.625], [86.875, 16.625], [86.875, 16.875], [86.625, 16.875], [86.625, 16.625]]]}, "properties": {"time": "2020-05-20T06:00:00", "variable": "msl", "tier": "low", "percentile": 99.1, "z": 2.84, "wind_ms": 12.41, "value": 999.87, "lat": 16.75, "lon": 86.75}}, {"type": "Feature", "geometry": {"type": "Polygon", "coordinates": [[[86.875, 16.625], [87.125, 16.625], [87.125, 16.875], [86.875, 16.875], [86.875, 16.625]]]}, "properties": {"time": "2020-05-20T06:00:00", "variable": "msl", "tier": "low", "percentile": 99.1, "z": 2.91, "wind_ms": 12.74, "value": 999.8, "lat": 16.75, "lon": 87.0}}, {"type": "Feature", "geometry": {"type": "Polygon", "coordinates": [[[87.125, 16.625], [87.375, 16.625], [87.375, 16.875], [87.125, 16.875], [87.125, 16.625]]]}, "properties": {"time": "2020-05-20T06:00:00", "variable": "msl", "tier": "low", "percentile": 100.0, "z": 2.97, "wind_ms": 13.23, "value": 999.78, "lat": 16.75, "lon": 87.25}}, {"type": "Feature", "geometry": {"type": "Polygon", "coordinates": [[[87.375, 16.625], [87.625, 16.625], [87.625, 16.875], [87.375, 16.875], [87.375, 16.625]]]}, "properties": {"time": "2020-05-20T06:00:00", "variable": "msl", "tier": "low", "percentile": 100.0, "z": 3.01, "wind_ms": 13.64, "value": 999.81, "lat": 16.75, "lon": 87.5}}, {"type": "Feature", "geometry": {"type": "Polygon", "coordinates": [[[87.625, 16.625], [87.875, 16.625], [87.875, 16.875], [87.625, 16.875], [87.625, 16.625]]]}, "properties": {"time": "2020-05-20T06:00:00", "variable": "msl", "tier": "low", "percentile": 100.0, "z": 3.04, "wind_ms": 13.81, "value": 999.82, "lat": 16.75, "lon": 87.75}}, {"type": "Feature", "geometry": {"type": "Polygon", "coordinates": [[[87.875, 16.625], [88.125, 16.625], [88.125, 16.875], [87.875, 16.875], [87.875, 16.625]]]}, "properties": {"time": "2020-05-20T06:00:00", "variable": "msl", "tier": "low", "percentile": 100.0, "z": 3.06, "wind_ms": 13.82, "value": 999.85, "lat": 16.75, "lon": 88.0}}, {"type": "Feature", "geometry": {"type": "Polygon", "coordinates": [[[88.125, 16.625], [88.375, 16.625], [88.375, 16.875], [88.125, 16.875], [88.125, 16.625]]]}, "properties": {"time": "2020-05-20T06:00:00", "variable": "msl", "tier": "low", "percentile": 100.0, "z": 3.05, "wind_ms": 14.03, "value": 999.93, "lat": 16.75, "lon": 88.25}}, {"type": "Feature", "geometry": {"type": "Polygon", "coordinates": [[[88.375, 16.625], [88.625, 16.625], [88.625, 16.875], [88.375, 16.875], [88.375, 16.625]]]}, "properties": {"time": "2020-05-20T06:00:00", "variable": "msl", "tier": "low", "percentile": 100.0, "z": 3.01, "wind_ms": 13.95, "value": 1000.08, "lat": 16.75, "lon": 88.5}}, {"type": "Feature", "geometry": {"type": "Polygon", "coordinates": [[[88.625, 16.625], [88.875, 16.625], [88.875, 16.875], [88.625, 16.875], [88.625, 16.625]]]}, "properties": {"time": "2020-05-20T06:00:00", "variable": "msl", "tier": "low", "percentile": 99.1, "z": 2.92, "wind_ms": 13.88, "value": 1000.31, "lat": 16.75, "lon": 88.75}}, {"type": "Feature", "geometry": {"type": "Polygon", "coordinates": [[[88.875, 16.625], [89.125, 16.625], [89.125, 16.875], [88.875, 16.875], [88.875, 16.625]]]}, "properties": {"time": "2020-05-20T06:00:00", "variable": "msl", "tier": "low", "percentile": 98.3, "z": 2.82, "wind_ms": 13.89, "value": 1000.59, "lat": 16.75, "lon": 89.0}}, {"type": "Feature", "geometry": {"type": "Polygon", "coordinates": [[[89.125, 16.625], [89.375, 16.625], [89.375, 16.875], [89.125, 16.875], [89.125, 16.625]]]}, "properties": {"time": "2020-05-20T06:00:00", "variable": "msl", "tier": "low", "percentile": 98.3, "z": 2.71, "wind_ms": 13.88, "value": 1000.86, "lat": 16.75, "lon": 89.25}}, {"type": "Feature", "geometry": {"type": "Polygon", "coordinates": [[[89.375, 16.625], [89.625, 16.625], [89.625, 16.875], [89.375, 16.875], [89.375, 16.625]]]}, "properties": {"time": "2020-05-20T06:00:00", "variable": "msl", "tier": "low", "percentile": 98.3, "z": 2.63, "wind_ms": 13.47, "value": 1001.07, "lat": 16.75, "lon": 89.5}}, {"type": "Feature", "geometry": {"type": "Polygon", "coordinates": [[[89.625, 16.625], [89.875, 16.625], [89.875, 16.875], [89.625, 16.875], [89.625, 16.625]]]}, "properties": {"time": "2020-05-20T06:00:00", "variable": "msl", "tier": "low", "percentile": 98.3, "z": 2.56, "wind_ms": 13.23, "value": 1001.25, "lat": 16.75, "lon": 89.75}}, {"type": "Feature", "geometry": {"type": "Polygon", "coordinates": [[[89.875, 16.625], [90.125, 16.625], [90.125, 16.875], [89.875, 16.875], [89.875, 16.625]]]}, "properties": {"time": "2020-05-20T06:00:00", "variable": "msl", "tier": "low", "percentile": 98.3, "z": 2.46, "wind_ms": 13.25, "value": 1001.49, "lat": 16.75, "lon": 90.0}}, {"type": "Feature", "geometry": {"type": "Polygon", "coordinates": [[[90.125, 16.625], [90.375, 16.625], [90.375, 16.875], [90.125, 16.875], [90.125, 16.625]]]}, "properties": {"time": "2020-05-20T06:00:00", "variable": "msl", "tier": "low", "percentile": 98.3, "z": 2.38, "wind_ms": 13.25, "value": 1001.68, "lat": 16.75, "lon": 90.25}}, {"type": "Feature", "geometry": {"type": "Polygon", "coordinates": [[[90.375, 16.625], [90.625, 16.625], [90.625, 16.875], [90.375, 16.875], [90.375, 16.625]]]}, "properties": {"time": "2020-05-20T06:00:00", "variable": "msl", "tier": "low", "percentile": 98.3, "z": 2.3, "wind_ms": 13.23, "value": 1001.89, "lat": 16.75, "lon": 90.5}}, {"type": "Feature", "geometry": {"type": "Polygon", "coordinates": [[[90.625, 16.625], [90.875, 16.625], [90.875, 16.875], [90.625, 16.875], [90.625, 16.625]]]}, "properties": {"time": "2020-05-20T06:00:00", "variable": "msl", "tier": "low", "percentile": 98.3, "z": 2.22, "wind_ms": 12.87, "value": 1002.07, "lat": 16.75, "lon": 90.75}}, {"type": "Feature", "geometry": {"type": "Polygon", "coordinates": [[[90.875, 16.625], [91.125, 16.625], [91.125, 16.875], [90.875, 16.875], [90.875, 16.625]]]}, "properties": {"time": "2020-05-20T06:00:00", "variable": "msl", "tier": "low", "percentile": 98.3, "z": 2.14, "wind_ms": 12.4, "value": 1002.26, "lat": 16.75, "lon": 91.0}}, {"type": "Feature", "geometry": {"type": "Polygon", "coordinates": [[[91.125, 16.625], [91.375, 16.625], [91.375, 16.875], [91.125, 16.875], [91.125, 16.625]]]}, "properties": {"time": "2020-05-20T06:00:00", "variable": "msl", "tier": "low", "percentile": 98.3, "z": 2.07, "wind_ms": 12.08, "value": 1002.44, "lat": 16.75, "lon": 91.25}}, {"type": "Feature", "geometry": {"type": "Polygon", "coordinates": [[[91.375, 16.625], [91.625, 16.625], [91.625, 16.875], [91.375, 16.875], [91.375, 16.625]]]}, "properties": {"time": "2020-05-20T06:00:00", "variable": "msl", "tier": "low", "percentile": 97.4, "z": 2.0, "wind_ms": 11.81, "value": 1002.67, "lat": 16.75, "lon": 91.5}}, {"type": "Feature", "geometry": {"type": "Polygon", "coordinates": [[[91.625, 16.625], [91.875, 16.625], [91.875, 16.875], [91.625, 16.875], [91.625, 16.625]]]}, "properties": {"time": "2020-05-20T06:00:00", "variable": "msl", "tier": "low", "percentile": 97.4, "z": 1.92, "wind_ms": 11.36, "value": 1002.95, "lat": 16.75, "lon": 91.75}}, {"type": "Feature", "geometry": {"type": "Polygon", "coordinates": [[[91.875, 16.625], [92.125, 16.625], [92.125, 16.875], [91.875, 16.875], [91.875, 16.625]]]}, "properties": {"time": "2020-05-20T06:00:00", "variable": "msl", "tier": "low", "percentile": 97.4, "z": 1.86, "wind_ms": 11.1, "value": 1003.21, "lat": 16.75, "lon": 92.0}}, {"type": "Feature", "geometry": {"type": "Polygon", "coordinates": [[[85.625, 16.875], [85.875, 16.875], [85.875, 17.125], [85.625, 17.125], [85.625, 16.875]]]}, "properties": {"time": "2020-05-20T06:00:00", "variable": "msl", "tier": "low", "percentile": 99.1, "z": 2.82, "wind_ms": 9.32, "value": 999.33, "lat": 17.0, "lon": 85.75}}, {"type": "Feature", "geometry": {"type": "Polygon", "coordinates": [[[85.875, 16.875], [86.125, 16.875], [86.125, 17.125], [85.875, 17.125], [85.875, 16.875]]]}, "properties": {"time": "2020-05-20T06:00:00", "variable": "msl", "tier": "low", "percentile": 99.1, "z": 2.89, "wind_ms": 10.6, "value": 999.25, "lat": 17.0, "lon": 86.0}}, {"type": "Feature", "geometry": {"type": "Polygon", "coordinates": [[[86.125, 16.875], [86.375, 16.875], [86.375, 17.125], [86.125, 17.125], [86.125, 16.875]]]}, "properties": {"time": "2020-05-20T06:00:00", "variable": "msl", "tier": "low", "percentile": 99.1, "z": 2.96, "wind_ms": 11.73, "value": 999.14, "lat": 17.0, "lon": 86.25}}, {"type": "Feature", "geometry": {"type": "Polygon", "coordinates": [[[86.375, 16.875], [86.625, 16.875], [86.625, 17.125], [86.375, 17.125], [86.375, 16.875]]]}, "properties": {"time": "2020-05-20T06:00:00", "variable": "msl", "tier": "low", "percentile": 99.1, "z": 3.03, "wind_ms": 12.55, "value": 999.06, "lat": 17.0, "lon": 86.5}}, {"type": "Feature", "geometry": {"type": "Polygon", "coordinates": [[[86.625, 16.875], [86.875, 16.875], [86.875, 17.125], [86.625, 17.125], [86.625, 16.875]]]}, "properties": {"time": "2020-05-20T06:00:00", "variable": "msl", "tier": "low", "percentile": 99.1, "z": 3.09, "wind_ms": 13.05, "value": 999.01, "lat": 17.0, "lon": 86.75}}, {"type": "Feature", "geometry": {"type": "Polygon", "coordinates": [[[86.875, 16.875], [87.125, 16.875], [87.125, 17.125], [86.875, 17.125], [86.875, 16.875]]]}, "properties": {"time": "2020-05-20T06:00:00", "variable": "msl", "tier": "low", "percentile": 99.1, "z": 3.15, "wind_ms": 13.25, "value": 999.01, "lat": 17.0, "lon": 87.0}}, {"type": "Feature", "geometry": {"type": "Polygon", "coordinates": [[[87.125, 16.875], [87.375, 16.875], [87.375, 17.125], [87.125, 17.125], [87.125, 16.875]]]}, "properties": {"time": "2020-05-20T06:00:00", "variable": "msl", "tier": "low", "percentile": 100.0, "z": 3.19, "wind_ms": 13.27, "value": 999.05, "lat": 17.0, "lon": 87.25}}, {"type": "Feature", "geometry": {"type": "Polygon", "coordinates": [[[87.375, 16.875], [87.625, 16.875], [87.625, 17.125], [87.375, 17.125], [87.375, 16.875]]]}, "properties": {"time": "2020-05-20T06:00:00", "variable": "msl", "tier": "low", "percentile": 100.0, "z": 3.22, "wind_ms": 13.33, "value": 999.09, "lat": 17.0, "lon": 87.5}}, {"type": "Feature", "geometry": {"type": "Polygon", "coordinates": [[[87.625, 16.875], [87.875, 16.875], [87.875, 17.125], [87.625, 17.125], [87.625, 16.875]]]}, "properties": {"time": "2020-05-20T06:00:00", "variable": "msl", "tier": "low", "percentile": 100.0, "z": 3.25, "wind_ms": 13.42, "value": 999.15, "lat": 17.0, "lon": 87.75}}, {"type": "Feature", "geometry": {"type": "Polygon", "coordinates": [[[87.875, 16.875], [88.125, 16.875], [88.125, 17.125], [87.875, 17.125], [87.875, 16.875]]]}, "properties": {"time": "2020-05-20T06:00:00", "variable": "msl", "tier": "low", "percentile": 100.0, "z": 3.25, "wind_ms": 13.7, "value": 999.23, "lat": 17.0, "lon": 88.0}}, {"type": "Feature", "geometry": {"type": "Polygon", "coordinates": [[[88.125, 16.875], [88.375, 16.875], [88.375, 17.125], [88.125, 17.125], [88.125, 16.875]]]}, "properties": {"time": "2020-05-20T06:00:00", "variable": "msl", "tier": "low", "percentile": 100.0, "z": 3.24, "wind_ms": 14.06, "value": 999.35, "lat": 17.0, "lon": 88.25}}, {"type": "Feature", "geometry": {"type": "Polygon", "coordinates": [[[88.375, 16.875], [88.625, 16.875], [88.625, 17.125], [88.375, 17.125], [88.375, 16.875]]]}, "properties": {"time": "2020-05-20T06:00:00", "variable": "msl", "tier": "low", "percentile": 100.0, "z": 3.18, "wind_ms": 14.04, "value": 999.53, "lat": 17.0, "lon": 88.5}}, {"type": "Feature", "geometry": {"type": "Polygon", "coordinates": [[[88.625, 16.875], [88.875, 16.875], [88.875, 17.125], [88.625, 17.125], [88.625, 16.875]]]}, "properties": {"time": "2020-05-20T06:00:00", "variable": "msl", "tier": "low", "percentile": 99.1, "z": 3.1, "wind_ms": 13.95, "value": 999.73, "lat": 17.0, "lon": 88.75}}, {"type": "Feature", "geometry": {"type": "Polygon", "coordinates": [[[88.875, 16.875], [89.125, 16.875], [89.125, 17.125], [88.875, 17.125], [88.875, 16.875]]]}, "properties": {"time": "2020-05-20T06:00:00", "variable": "msl", "tier": "low", "percentile": 99.1, "z": 3.0, "wind_ms": 14.15, "value": 1000.0, "lat": 17.0, "lon": 89.0}}, {"type": "Feature", "geometry": {"type": "Polygon", "coordinates": [[[89.125, 16.875], [89.375, 16.875], [89.375, 17.125], [89.125, 17.125], [89.125, 16.875]]]}, "properties": {"time": "2020-05-20T06:00:00", "variable": "msl", "tier": "low", "percentile": 99.1, "z": 2.88, "wind_ms": 14.41, "value": 1000.31, "lat": 17.0, "lon": 89.25}}, {"type": "Feature", "geometry": {"type": "Polygon", "coordinates": [[[89.375, 16.875], [89.625, 16.875], [89.625, 17.125], [89.375, 17.125], [89.375, 16.875]]]}, "properties": {"time": "2020-05-20T06:00:00", "variable": "msl", "tier": "low", "percentile": 98.3, "z": 2.77, "wind_ms": 14.31, "value": 1000.61, "lat": 17.0, "lon": 89.5}}, {"type": "Feature", "geometry": {"type": "Polygon", "coordinates": [[[89.625, 16.875], [89.875, 16.875], [89.875, 17.125], [89.625, 17.125], [89.625, 16.875]]]}, "properties": {"time": "2020-05-20T06:00:00", "variable": "msl", "tier": "low", "percentile": 98.3, "z": 2.68, "wind_ms": 14.09, "value": 1000.86, "lat": 17.0, "lon": 89.75}}, {"type": "Feature", "geometry": {"type": "Polygon", "coordinates": [[[89.875, 16.875], [90.125, 16.875], [90.125, 17.125], [89.875, 17.125], [89.875, 16.875]]]}, "properties": {"time": "2020-05-20T06:00:00", "variable": "msl", "tier": "low", "percentile": 98.3, "z": 2.58, "wind_ms": 13.97, "value": 1001.08, "lat": 17.0, "lon": 90.0}}, {"type": "Feature", "geometry": {"type": "Polygon", "coordinates": [[[90.125, 16.875], [90.375, 16.875], [90.375, 17.125], [90.125, 17.125], [90.125, 16.875]]]}, "properties": {"time": "2020-05-20T06:00:00", "variable": "msl", "tier": "low", "percentile": 98.3, "z": 2.49, "wind_ms": 13.69, "value": 1001.27, "lat": 17.0, "lon": 90.25}}, {"type": "Feature", "geometry": {"type": "Polygon", "coordinates": [[[90.375, 16.875], [90.625, 16.875], [90.625, 17.125], [90.375, 17.125], [90.375, 16.875]]]}, "properties": {"time": "2020-05-20T06:00:00", "variable": "msl", "tier": "low", "percentile": 98.3, "z": 2.38, "wind_ms": 13.37, "value": 1001.48, "lat": 17.0, "lon": 90.5}}, {"type": "Feature", "geometry": {"type": "Polygon", "coordinates": [[[90.625, 16.875], [90.875, 16.875], [90.875, 17.125], [90.625, 17.125], [90.625, 16.875]]]}, "properties": {"time": "2020-05-20T06:00:00", "variable": "msl", "tier": "low", "percentile": 98.3, "z": 2.27, "wind_ms": 12.9, "value": 1001.72, "lat": 17.0, "lon": 90.75}}, {"type": "Feature", "geometry": {"type": "Polygon", "coordinates": [[[90.875, 16.875], [91.125, 16.875], [91.125, 17.125], [90.875, 17.125], [90.875, 16.875]]]}, "properties": {"time": "2020-05-20T06:00:00", "variable": "msl", "tier": "low", "percentile": 98.3, "z": 2.18, "wind_ms": 12.66, "value": 1001.95, "lat": 17.0, "lon": 91.0}}, {"type": "Feature", "geometry": {"type": "Polygon", "coordinates": [[[91.125, 16.875], [91.375, 16.875], [91.375, 17.125], [91.125, 17.125], [91.125, 16.875]]]}, "properties": {"time": "2020-05-20T06:00:00", "variable": "msl", "tier": "low", "percentile": 98.3, "z": 2.1, "wind_ms": 12.53, "value": 1002.18, "lat": 17.0, "lon": 91.25}}, {"type": "Feature", "geometry": {"type": "Polygon", "coordinates": [[[91.375, 16.875], [91.625, 16.875], [91.625, 17.125], [91.375, 17.125], [91.375, 16.875]]]}, "properties": {"time": "2020-05-20T06:00:00", "variable": "msl", "tier": "low", "percentile": 97.4, "z": 2.03, "wind_ms": 12.22, "value": 1002.42, "lat": 17.0, "lon": 91.5}}, {"type": "Feature", "geometry": {"type": "Polygon", "coordinates": [[[91.625, 16.875], [91.875, 16.875], [91.875, 17.125], [91.625, 17.125], [91.625, 16.875]]]}, "properties": {"time": "2020-05-20T06:00:00", "variable": "msl", "tier": "low", "percentile": 97.4, "z": 1.96, "wind_ms": 11.77, "value": 1002.65, "lat": 17.0, "lon": 91.75}}, {"type": "Feature", "geometry": {"type": "Polygon", "coordinates": [[[91.875, 16.875], [92.125, 16.875], [92.125, 17.125], [91.875, 17.125], [91.875, 16.875]]]}, "properties": {"time": "2020-05-20T06:00:00", "variable": "msl", "tier": "low", "percentile": 97.4, "z": 1.9, "wind_ms": 11.47, "value": 1002.88, "lat": 17.0, "lon": 92.0}}, {"type": "Feature", "geometry": {"type": "Polygon", "coordinates": [[[85.625, 17.125], [85.875, 17.125], [85.875, 17.375], [85.625, 17.375], [85.625, 17.125]]]}, "properties": {"time": "2020-05-20T06:00:00", "variable": "msl", "tier": "low", "percentile": 99.1, "z": 3.01, "wind_ms": 9.83, "value": 998.6, "lat": 17.25, "lon": 85.75}}, {"type": "Feature", "geometry": {"type": "Polygon", "coordinates": [[[85.875, 17.125], [86.125, 17.125], [86.125, 17.375], [85.875, 17.375], [85.875, 17.125]]]}, "properties": {"time": "2020-05-20T06:00:00", "variable": "msl", "tier": "low", "percentile": 99.1, "z": 3.09, "wind_ms": 10.97, "value": 998.52, "lat": 17.25, "lon": 86.0}}, {"type": "Feature", "geometry": {"type": "Polygon", "coordinates": [[[86.125, 17.125], [86.375, 17.125], [86.375, 17.375], [86.125, 17.375], [86.125, 17.125]]]}, "properties": {"time": "2020-05-20T06:00:00", "variable": "msl", "tier": "low", "percentile": 99.1, "z": 3.17, "wind_ms": 11.93, "value": 998.41, "lat": 17.25, "lon": 86.25}}, {"type": "Feature", "geometry": {"type": "Polygon", "coordinates": [[[86.375, 17.125], [86.625, 17.125], [86.625, 17.375], [86.375, 17.375], [86.375, 17.125]]]}, "properties": {"time": "2020-05-20T06:00:00", "variable": "msl", "tier": "low", "percentile": 99.1, "z": 3.24, "wind_ms": 12.75, "value": 998.35, "lat": 17.25, "lon": 86.5}}, {"type": "Feature", "geometry": {"type": "Polygon", "coordinates": [[[86.625, 17.125], [86.875, 17.125], [86.875, 17.375], [86.625, 17.375], [86.625, 17.125]]]}, "properties": {"time": "2020-05-20T06:00:00", "variable": "msl", "tier": "low", "percentile": 99.1, "z": 3.29, "wind_ms": 13.4, "value": 998.35, "lat": 17.25, "lon": 86.75}}, {"type": "Feature", "geometry": {"type": "Polygon", "coordinates": [[[86.875, 17.125], [87.125, 17.125], [87.125, 17.375], [86.875, 17.375], [86.875, 17.125]]]}, "properties": {"time": "2020-05-20T06:00:00", "variable": "msl", "tier": "low", "percentile": 100.0, "z": 3.33, "wind_ms": 13.82, "value": 998.37, "lat": 17.25, "lon": 87.0}}, {"type": "Feature", "geometry": {"type": "Polygon", "coordinates": [[[87.125, 17.125], [87.375, 17.125], [87.375, 17.375], [87.125, 17.375], [87.125, 17.125]]]}, "properties": {"time": "2020-05-20T06:00:00", "variable": "msl", "tier": "low", "percentile": 100.0, "z": 3.36, "wind_ms": 14.22, "value": 998.45, "lat": 17.25, "lon": 87.25}}, {"type": "Feature", "geometry": {"type": "Polygon", "coordinates": [[[87.375, 17.125], [87.625, 17.125], [87.625, 17.375], [87.375, 17.375], [87.375, 17.125]]]}, "properties": {"time": "2020-05-20T06:00:00", "variable": "msl", "tier": "low", "percentile": 100.0, "z": 3.38, "wind_ms": 14.52, "value": 998.53, "lat": 17.25, "lon": 87.5}}, {"type": "Feature", "geometry": {"type": "Polygon", "coordinates": [[[87.625, 17.125], [87.875, 17.125], [87.875, 17.375], [87.625, 17.375], [87.625, 17.125]]]}, "properties": {"time": "2020-05-20T06:00:00", "variable": "msl", "tier": "low", "percentile": 100.0, "z": 3.41, "wind_ms": 14.85, "value": 998.62, "lat": 17.25, "lon": 87.75}}, {"type": "Feature", "geometry": {"type": "Polygon", "coordinates": [[[87.875, 17.125], [88.125, 17.125], [88.125, 17.375], [87.875, 17.375], [87.875, 17.125]]]}, "properties": {"time": "2020-05-20T06:00:00", "variable": "msl", "tier": "low", "percentile": 100.0, "z": 3.43, "wind_ms": 15.16, "value": 998.65, "lat": 17.25, "lon": 88.0}}, {"type": "Feature", "geometry": {"type": "Polygon", "coordinates": [[[88.125, 17.125], [88.375, 17.125], [88.375, 17.375], [88.125, 17.375], [88.125, 17.125]]]}, "properties": {"time": "2020-05-20T06:00:00", "variable": "msl", "tier": "low", "percentile": 100.0, "z": 3.42, "wind_ms": 15.34, "value": 998.76, "lat": 17.25, "lon": 88.25}}, {"type": "Feature", "geometry": {"type": "Polygon", "coordinates": [[[88.375, 17.125], [88.625, 17.125], [88.625, 17.375], [88.375, 17.375], [88.375, 17.125]]]}, "properties": {"time": "2020-05-20T06:00:00", "variable": "msl", "tier": "low", "percentile": 100.0, "z": 3.38, "wind_ms": 15.31, "value": 998.9, "lat": 17.25, "lon": 88.5}}, {"type": "Feature", "geometry": {"type": "Polygon", "coordinates": [[[88.625, 17.125], [88.875, 17.125], [88.875, 17.375], [88.625, 17.375], [88.625, 17.125]]]}, "properties": {"time": "2020-05-20T06:00:00", "variable": "msl", "tier": "low", "percentile": 100.0, "z": 3.31, "wind_ms": 15.03, "value": 999.1, "lat": 17.25, "lon": 88.75}}, {"type": "Feature", "geometry": {"type": "Polygon", "coordinates": [[[88.875, 17.125], [89.125, 17.125], [89.125, 17.375], [88.875, 17.375], [88.875, 17.125]]]}, "properties": {"time": "2020-05-20T06:00:00", "variable": "msl", "tier": "low", "percentile": 99.1, "z": 3.2, "wind_ms": 14.95, "value": 999.38, "lat": 17.25, "lon": 89.0}}, {"type": "Feature", "geometry": {"type": "Polygon", "coordinates": [[[89.125, 17.125], [89.375, 17.125], [89.375, 17.375], [89.125, 17.375], [89.125, 17.125]]]}, "properties": {"time": "2020-05-20T06:00:00", "variable": "msl", "tier": "low", "percentile": 99.1, "z": 3.07, "wind_ms": 15.09, "value": 999.71, "lat": 17.25, "lon": 89.25}}, {"type": "Feature", "geometry": {"type": "Polygon", "coordinates": [[[89.375, 17.125], [89.625, 17.125], [89.625, 17.375], [89.375, 17.375], [89.375, 17.125]]]}, "properties": {"time": "2020-05-20T06:00:00", "variable": "msl", "tier": "low", "percentile": 99.1, "z": 2.93, "wind_ms": 15.13, "value": 1000.06, "lat": 17.25, "lon": 89.5}}, {"type": "Feature", "geometry": {"type": "Polygon", "coordinates": [[[89.625, 17.125], [89.875, 17.125], [89.875, 17.375], [89.625, 17.375], [89.625, 17.125]]]}, "properties": {"time": "2020-05-20T06:00:00", "variable": "msl", "tier": "low", "percentile": 98.3, "z": 2.81, "wind_ms": 14.92, "value": 1000.38, "lat": 17.25, "lon": 89.75}}, {"type": "Feature", "geometry": {"type": "Polygon", "coordinates": [[[89.875, 17.125], [90.125, 17.125], [90.125, 17.375], [89.875, 17.375], [89.875, 17.125]]]}, "properties": {"time": "2020-05-20T06:00:00", "variable": "msl", "tier": "low", "percentile": 98.3, "z": 2.7, "wind_ms": 14.69, "value": 1000.67, "lat": 17.25, "lon": 90.0}}, {"type": "Feature", "geometry": {"type": "Polygon", "coordinates": [[[90.125, 17.125], [90.375, 17.125], [90.375, 17.375], [90.125, 17.375], [90.125, 17.125]]]}, "properties": {"time": "2020-05-20T06:00:00", "variable": "msl", "tier": "low", "percentile": 98.3, "z": 2.59, "wind_ms": 14.35, "value": 1000.92, "lat": 17.25, "lon": 90.25}}, {"type": "Feature", "geometry": {"type": "Polygon", "coordinates": [[[90.375, 17.125], [90.625, 17.125], [90.625, 17.375], [90.375, 17.375], [90.375, 17.125]]]}, "properties": {"time": "2020-05-20T06:00:00", "variable": "msl", "tier": "low", "percentile": 98.3, "z": 2.46, "wind_ms": 13.88, "value": 1001.15, "lat": 17.25, "lon": 90.5}}, {"type": "Feature", "geometry": {"type": "Polygon", "coordinates": [[[90.625, 17.125], [90.875, 17.125], [90.875, 17.375], [90.625, 17.375], [90.625, 17.125]]]}, "properties": {"time": "2020-05-20T06:00:00", "variable": "msl", "tier": "low", "percentile": 98.3, "z": 2.33, "wind_ms": 13.19, "value": 1001.42, "lat": 17.25, "lon": 90.75}}, {"type": "Feature", "geometry": {"type": "Polygon", "coordinates": [[[90.875, 17.125], [91.125, 17.125], [91.125, 17.375], [90.875, 17.375], [90.875, 17.125]]]}, "properties": {"time": "2020-05-20T06:00:00", "variable": "msl", "tier": "low", "percentile": 98.3, "z": 2.22, "wind_ms": 12.95, "value": 1001.66, "lat": 17.25, "lon": 91.0}}, {"type": "Feature", "geometry": {"type": "Polygon", "coordinates": [[[91.125, 17.125], [91.375, 17.125], [91.375, 17.375], [91.125, 17.375], [91.125, 17.125]]]}, "properties": {"time": "2020-05-20T06:00:00", "variable": "msl", "tier": "low", "percentile": 97.4, "z": 2.14, "wind_ms": 12.92, "value": 1001.89, "lat": 17.25, "lon": 91.25}}, {"type": "Feature", "geometry": {"type": "Polygon", "coordinates": [[[91.375, 17.125], [91.625, 17.125], [91.625, 17.375], [91.375, 17.375], [91.375, 17.125]]]}, "properties": {"time": "2020-05-20T06:00:00", "variable": "msl", "tier": "low", "percentile": 97.4, "z": 2.07, "wind_ms": 12.72, "value": 1002.12, "lat": 17.25, "lon": 91.5}}, {"type": "Feature", "geometry": {"type": "Polygon", "coordinates": [[[91.625, 17.125], [91.875, 17.125], [91.875, 17.375], [91.625, 17.375], [91.625, 17.125]]]}, "properties": {"time": "2020-05-20T06:00:00", "variable": "msl", "tier": "low", "percentile": 97.4, "z": 2.0, "wind_ms": 12.38, "value": 1002.36, "lat": 17.25, "lon": 91.75}}, {"type": "Feature", "geometry": {"type": "Polygon", "coordinates": [[[91.875, 17.125], [92.125, 17.125], [92.125, 17.375], [91.875, 17.375], [91.875, 17.125]]]}, "properties": {"time": "2020-05-20T06:00:00", "variable": "msl", "tier": "low", "percentile": 97.4, "z": 1.93, "wind_ms": 11.77, "value": 1002.61, "lat": 17.25, "lon": 92.0}}, {"type": "Feature", "geometry": {"type": "Polygon", "coordinates": [[[85.375, 17.375], [85.625, 17.375], [85.625, 17.625], [85.375, 17.625], [85.375, 17.375]]]}, "properties": {"time": "2020-05-20T06:00:00", "variable": "msl", "tier": "low", "percentile": 99.1, "z": 3.08, "wind_ms": 10.17, "value": 998.06, "lat": 17.5, "lon": 85.5}}, {"type": "Feature", "geometry": {"type": "Polygon", "coordinates": [[[85.625, 17.375], [85.875, 17.375], [85.875, 17.625], [85.625, 17.625], [85.625, 17.375]]]}, "properties": {"time": "2020-05-20T06:00:00", "variable": "msl", "tier": "low", "percentile": 99.1, "z": 3.17, "wind_ms": 11.32, "value": 997.89, "lat": 17.5, "lon": 85.75}}, {"type": "Feature", "geometry": {"type": "Polygon", "coordinates": [[[85.875, 17.375], [86.125, 17.375], [86.125, 17.625], [85.875, 17.625], [85.875, 17.375]]]}, "properties": {"time": "2020-05-20T06:00:00", "variable": "msl", "tier": "low", "percentile": 99.1, "z": 3.27, "wind_ms": 11.51, "value": 997.79, "lat": 17.5, "lon": 86.0}}, {"type": "Feature", "geometry": {"type": "Polygon", "coordinates": [[[86.125, 17.375], [86.375, 17.375], [86.375, 17.625], [86.125, 17.625], [86.125, 17.375]]]}, "properties": {"time": "2020-05-20T06:00:00", "variable": "msl", "tier": "low", "percentile": 99.1, "z": 3.34, "wind_ms": 12.28, "value": 997.71, "lat": 17.5, "lon": 86.25}}, {"type": "Feature", "geometry": {"type": "Polygon", "coordinates": [[[86.375, 17.375], [86.625, 17.375], [86.625, 17.625], [86.375, 17.625], [86.375, 17.375]]]}, "properties": {"time": "2020-05-20T06:00:00", "variable": "msl", "tier": "low", "percentile": 99.1, "z": 3.4, "wind_ms": 13.08, "value": 997.71, "lat": 17.5, "lon": 86.5}}, {"type": "Feature", "geometry": {"type": "Polygon", "coordinates": [[[86.625, 17.375], [86.875, 17.375], [86.875, 17.625], [86.625, 17.625], [86.625, 17.375]]]}, "properties": {"time": "2020-05-20T06:00:00", "variable": "msl", "tier": "low", "percentile": 99.1, "z": 3.45, "wind_ms": 13.85, "value": 997.72, "lat": 17.5, "lon": 86.75}}, {"type": "Feature", "geometry": {"type": "Polygon", "coordinates": [[[86.875, 17.375], [87.125, 17.375], [87.125, 17.625], [86.875, 17.625], [86.875, 17.375]]]}, "properties": {"time": "2020-05-20T06:00:00", "variable": "msl", "tier": "low", "percentile": 100.0, "z": 3.5, "wind_ms": 14.43, "value": 997.73, "lat": 17.5, "lon": 87.0}}, {"type": "Feature", "geometry": {"type": "Polygon", "coordinates": [[[87.125, 17.375], [87.375, 17.375], [87.375, 17.625], [87.125, 17.625], [87.125, 17.375]]]}, "properties": {"time": "2020-05-20T06:00:00", "variable": "msl", "tier": "low", "percentile": 100.0, "z": 3.54, "wind_ms": 14.88, "value": 997.79, "lat": 17.5, "lon": 87.25}}, {"type": "Feature", "geometry": {"type": "Polygon", "coordinates": [[[87.375, 17.375], [87.625, 17.375], [87.625, 17.625], [87.375, 17.625], [87.375, 17.375]]]}, "properties": {"time": "2020-05-20T06:00:00", "variable": "msl", "tier": "low", "percentile": 100.0, "z": 3.58, "wind_ms": 15.35, "value": 997.84, "lat": 17.5, "lon": 87.5}}, {"type": "Feature", "geometry": {"type": "Polygon", "coordinates": [[[87.625, 17.375], [87.875, 17.375], [87.875, 17.625], [87.625, 17.625], [87.625, 17.375]]]}, "properties": {"time": "2020-05-20T06:00:00", "variable": "msl", "tier": "low", "percentile": 100.0, "z": 3.6, "wind_ms": 15.7, "value": 997.94, "lat": 17.5, "lon": 87.75}}, {"type": "Feature", "geometry": {"type": "Polygon", "coordinates": [[[87.875, 17.375], [88.125, 17.375], [88.125, 17.625], [87.875, 17.625], [87.875, 17.375]]]}, "properties": {"time": "2020-05-20T06:00:00", "variable": "msl", "tier": "low", "percentile": 100.0, "z": 3.61, "wind_ms": 16.05, "value": 998.03, "lat": 17.5, "lon": 88.0}}, {"type": "Feature", "geometry": {"type": "Polygon", "coordinates": [[[88.125, 17.375], [88.375, 17.375], [88.375, 17.625], [88.125, 17.625], [88.125, 17.375]]]}, "properties": {"time": "2020-05-20T06:00:00", "variable": "msl", "tier": "low", "percentile": 100.0, "z": 3.6, "wind_ms": 16.27, "value": 998.13, "lat": 17.5, "lon": 88.25}}, {"type": "Feature", "geometry": {"type": "Polygon", "coordinates": [[[88.375, 17.375], [88.625, 17.375], [88.625, 17.625], [88.375, 17.625], [88.375, 17.375]]]}, "properties": {"time": "2020-05-20T06:00:00", "variable": "msl", "tier": "low", "percentile": 100.0, "z": 3.57, "wind_ms": 16.25, "value": 998.27, "lat": 17.5, "lon": 88.5}}, {"type": "Feature", "geometry": {"type": "Polygon", "coordinates": [[[88.625, 17.375], [88.875, 17.375], [88.875, 17.625], [88.625, 17.625], [88.625, 17.375]]]}, "properties": {"time": "2020-05-20T06:00:00", "variable": "msl", "tier": "low", "percentile": 100.0, "z": 3.5, "wind_ms": 16.03, "value": 998.47, "lat": 17.5, "lon": 88.75}}, {"type": "Feature", "geometry": {"type": "Polygon", "coordinates": [[[88.875, 17.375], [89.125, 17.375], [89.125, 17.625], [88.875, 17.625], [88.875, 17.375]]]}, "properties": {"time": "2020-05-20T06:00:00", "variable": "msl", "tier": "low", "percentile": 100.0, "z": 3.39, "wind_ms": 15.83, "value": 998.76, "lat": 17.5, "lon": 89.0}}, {"type": "Feature", "geometry": {"type": "Polygon", "coordinates": [[[89.125, 17.375], [89.375, 17.375], [89.375, 17.625], [89.125, 17.625], [89.125, 17.375]]]}, "properties": {"time": "2020-05-20T06:00:00", "variable": "msl", "tier": "low", "percentile": 99.1, "z": 3.26, "wind_ms": 15.79, "value": 999.14, "lat": 17.5, "lon": 89.25}}, {"type": "Feature", "geometry": {"type": "Polygon", "coordinates": [[[89.375, 17.375], [89.625, 17.375], [89.625, 17.625], [89.375, 17.625], [89.375, 17.375]]]}, "properties": {"time": "2020-05-20T06:00:00", "variable": "msl", "tier": "low", "percentile": 99.1, "z": 3.1, "wind_ms": 15.78, "value": 999.52, "lat": 17.5, "lon": 89.5}}, {"type": "Feature", "geometry": {"type": "Polygon", "coordinates": [[[89.625, 17.375], [89.875, 17.375], [89.875, 17.625], [89.625, 17.625], [89.625, 17.375]]]}, "properties": {"time": "2020-05-20T06:00:00", "variable": "msl", "tier": "low", "percentile": 99.1, "z": 2.93, "wind_ms": 15.74, "value": 999.96, "lat": 17.5, "lon": 89.75}}, {"type": "Feature", "geometry": {"type": "Polygon", "coordinates": [[[89.875, 17.375], [90.125, 17.375], [90.125, 17.625], [89.875, 17.625], [89.875, 17.375]]]}, "properties": {"time": "2020-05-20T06:00:00", "variable": "msl", "tier": "low", "percentile": 98.3, "z": 2.8, "wind_ms": 15.58, "value": 1000.25, "lat": 17.5, "lon": 90.0}}, {"type": "Feature", "geometry": {"type": "Polygon", "coordinates": [[[90.125, 17.375], [90.375, 17.375], [90.375, 17.625], [90.125, 17.625], [90.125, 17.375]]]}, "properties": {"time": "2020-05-20T06:00:00", "variable": "msl", "tier": "low", "percentile": 98.3, "z": 2.68, "wind_ms": 15.16, "value": 1000.51, "lat": 17.5, "lon": 90.25}}, {"type": "Feature", "geometry": {"type": "Polygon", "coordinates": [[[90.375, 17.375], [90.625, 17.375], [90.625, 17.625], [90.375, 17.625], [90.375, 17.375]]]}, "properties": {"time": "2020-05-20T06:00:00", "variable": "msl", "tier": "low", "percentile": 98.3, "z": 2.54, "wind_ms": 14.49, "value": 1000.75, "lat": 17.5, "lon": 90.5}}, {"type": "Feature", "geometry": {"type": "Polygon", "coordinates": [[[90.625, 17.375], [90.875, 17.375], [90.875, 17.625], [90.625, 17.625], [90.625, 17.375]]]}, "properties": {"time": "2020-05-20T06:00:00", "variable": "msl", "tier": "low", "percentile": 98.3, "z": 2.41, "wind_ms": 13.71, "value": 1001.02, "lat": 17.5, "lon": 90.75}}, {"type": "Feature", "geometry": {"type": "Polygon", "coordinates": [[[90.875, 17.375], [91.125, 17.375], [91.125, 17.625], [90.875, 17.625], [90.875, 17.375]]]}, "properties": {"time": "2020-05-20T06:00:00", "variable": "msl", "tier": "low", "percentile": 97.4, "z": 2.29, "wind_ms": 13.28, "value": 1001.33, "lat": 17.5, "lon": 91.0}}, {"type": "Feature", "geometry": {"type": "Polygon", "coordinates": [[[91.125, 17.375], [91.375, 17.375], [91.375, 17.625], [91.125, 17.625], [91.125, 17.375]]]}, "properties": {"time": "2020-05-20T06:00:00", "variable": "msl", "tier": "low", "percentile": 97.4, "z": 2.2, "wind_ms": 13.18, "value": 1001.59, "lat": 17.5, "lon": 91.25}}, {"type": "Feature", "geometry": {"type": "Polygon", "coordinates": [[[91.375, 17.375], [91.625, 17.375], [91.625, 17.625], [91.375, 17.625], [91.375, 17.375]]]}, "properties": {"time": "2020-05-20T06:00:00", "variable": "msl", "tier": "low", "percentile": 97.4, "z": 2.11, "wind_ms": 12.98, "value": 1001.84, "lat": 17.5, "lon": 91.5}}, {"type": "Feature", "geometry": {"type": "Polygon", "coordinates": [[[91.625, 17.375], [91.875, 17.375], [91.875, 17.625], [91.625, 17.625], [91.625, 17.375]]]}, "properties": {"time": "2020-05-20T06:00:00", "variable": "msl", "tier": "low", "percentile": 97.4, "z": 2.04, "wind_ms": 12.62, "value": 1002.07, "lat": 17.5, "lon": 91.75}}, {"type": "Feature", "geometry": {"type": "Polygon", "coordinates": [[[91.875, 17.375], [92.125, 17.375], [92.125, 17.625], [91.875, 17.625], [91.875, 17.375]]]}, "properties": {"time": "2020-05-20T06:00:00", "variable": "msl", "tier": "low", "percentile": 97.4, "z": 1.94, "wind_ms": 11.98, "value": 1002.37, "lat": 17.5, "lon": 92.0}}, {"type": "Feature", "geometry": {"type": "Polygon", "coordinates": [[[85.375, 17.625], [85.625, 17.625], [85.625, 17.875], [85.375, 17.875], [85.375, 17.625]]]}, "properties": {"time": "2020-05-20T06:00:00", "variable": "msl", "tier": "low", "percentile": 99.1, "z": 3.19, "wind_ms": 11.19, "value": 997.47, "lat": 17.75, "lon": 85.5}}, {"type": "Feature", "geometry": {"type": "Polygon", "coordinates": [[[85.625, 17.625], [85.875, 17.625], [85.875, 17.875], [85.625, 17.875], [85.625, 17.625]]]}, "properties": {"time": "2020-05-20T06:00:00", "variable": "msl", "tier": "low", "percentile": 99.1, "z": 3.28, "wind_ms": 12.16, "value": 997.35, "lat": 17.75, "lon": 85.75}}, {"type": "Feature", "geometry": {"type": "Polygon", "coordinates": [[[85.875, 17.625], [86.125, 17.625], [86.125, 17.875], [85.875, 17.875], [85.875, 17.625]]]}, "properties": {"time": "2020-05-20T06:00:00", "variable": "msl", "tier": "low", "percentile": 99.1, "z": 3.36, "wind_ms": 12.45, "value": 997.29, "lat": 17.75, "lon": 86.0}}, {"type": "Feature", "geometry": {"type": "Polygon", "coordinates": [[[86.125, 17.625], [86.375, 17.625], [86.375, 17.875], [86.125, 17.875], [86.125, 17.625]]]}, "properties": {"time": "2020-05-20T06:00:00", "variable": "msl", "tier": "low", "percentile": 99.1, "z": 3.43, "wind_ms": 12.83, "value": 997.29, "lat": 17.75, "lon": 86.25}}, {"type": "Feature", "geometry": {"type": "Polygon", "coordinates": [[[86.375, 17.625], [86.625, 17.625], [86.625, 17.875], [86.375, 17.875], [86.375, 17.625]]]}, "properties": {"time": "2020-05-20T06:00:00", "variable": "msl", "tier": "low", "percentile": 99.1, "z": 3.48, "wind_ms": 13.65, "value": 997.28, "lat": 17.75, "lon": 86.5}}, {"type": "Feature", "geometry": {"type": "Polygon", "coordinates": [[[86.625, 17.625], [86.875, 17.625], [86.875, 17.875], [86.625, 17.875], [86.625, 17.625]]]}, "properties": {"time": "2020-05-20T06:00:00", "variable": "msl", "tier": "low", "percentile": 99.1, "z": 3.56, "wind_ms": 14.38, "value": 997.25, "lat": 17.75, "lon": 86.75}}, {"type": "Feature", "geometry": {"type": "Polygon", "coordinates": [[[86.875, 17.625], [87.125, 17.625], [87.125, 17.875], [86.875, 17.875], [86.875, 17.625]]]}, "properties": {"time": "2020-05-20T06:00:00", "variable": "msl", "tier": "low", "percentile": 100.0, "z": 3.61, "wind_ms": 14.99, "value": 997.25, "lat": 17.75, "lon": 87.0}}, {"type": "Feature", "geometry": {"type": "Polygon", "coordinates": [[[87.125, 17.625], [87.375, 17.625], [87.375, 17.875], [87.125, 17.875], [87.125, 17.625]]]}, "properties": {"time": "2020-05-20T06:00:00", "variable": "msl", "tier": "low", "percentile": 100.0, "z": 3.7, "wind_ms": 15.63, "value": 997.2, "lat": 17.75, "lon": 87.25}}, {"type": "Feature", "geometry": {"type": "Polygon", "coordinates": [[[87.375, 17.625], [87.625, 17.625], [87.625, 17.875], [87.375, 17.875], [87.375, 17.625]]]}, "properties": {"time": "2020-05-20T06:00:00", "variable": "msl", "tier": "low", "percentile": 100.0, "z": 3.76, "wind_ms": 16.14, "value": 997.2, "lat": 17.75, "lon": 87.5}}, {"type": "Feature", "geometry": {"type": "Polygon", "coordinates": [[[87.625, 17.625], [87.875, 17.625], [87.875, 17.875], [87.625, 17.875], [87.625, 17.625]]]}, "properties": {"time": "2020-05-20T06:00:00", "variable": "msl", "tier": "low", "percentile": 100.0, "z": 3.8, "wind_ms": 16.5, "value": 997.25, "lat": 17.75, "lon": 87.75}}, {"type": "Feature", "geometry": {"type": "Polygon", "coordinates": [[[87.875, 17.625], [88.125, 17.625], [88.125, 17.875], [87.875, 17.875], [87.875, 17.625]]]}, "properties": {"time": "2020-05-20T06:00:00", "variable": "msl", "tier": "low", "percentile": 100.0, "z": 3.82, "wind_ms": 16.8, "value": 997.33, "lat": 17.75, "lon": 88.0}}, {"type": "Feature", "geometry": {"type": "Polygon", "coordinates": [[[88.125, 17.625], [88.375, 17.625], [88.375, 17.875], [88.125, 17.875], [88.125, 17.625]]]}, "properties": {"time": "2020-05-20T06:00:00", "variable": "msl", "tier": "moderate", "percentile": 100.0, "z": 3.8, "wind_ms": 17.02, "value": 997.45, "lat": 17.75, "lon": 88.25}}, {"type": "Feature", "geometry": {"type": "Polygon", "coordinates": [[[88.375, 17.625], [88.625, 17.625], [88.625, 17.875], [88.375, 17.875], [88.375, 17.625]]]}, "properties": {"time": "2020-05-20T06:00:00", "variable": "msl", "tier": "moderate", "percentile": 100.0, "z": 3.76, "wind_ms": 17.08, "value": 997.63, "lat": 17.75, "lon": 88.5}}, {"type": "Feature", "geometry": {"type": "Polygon", "coordinates": [[[88.625, 17.625], [88.875, 17.625], [88.875, 17.875], [88.625, 17.875], [88.625, 17.625]]]}, "properties": {"time": "2020-05-20T06:00:00", "variable": "msl", "tier": "low", "percentile": 100.0, "z": 3.69, "wind_ms": 16.89, "value": 997.85, "lat": 17.75, "lon": 88.75}}, {"type": "Feature", "geometry": {"type": "Polygon", "coordinates": [[[88.875, 17.625], [89.125, 17.625], [89.125, 17.875], [88.875, 17.875], [88.875, 17.625]]]}, "properties": {"time": "2020-05-20T06:00:00", "variable": "msl", "tier": "low", "percentile": 100.0, "z": 3.59, "wind_ms": 16.57, "value": 998.15, "lat": 17.75, "lon": 89.0}}, {"type": "Feature", "geometry": {"type": "Polygon", "coordinates": [[[89.125, 17.625], [89.375, 17.625], [89.375, 17.875], [89.125, 17.875], [89.125, 17.625]]]}, "properties": {"time": "2020-05-20T06:00:00", "variable": "msl", "tier": "low", "percentile": 99.1, "z": 3.45, "wind_ms": 16.45, "value": 998.53, "lat": 17.75, "lon": 89.25}}, {"type": "Feature", "geometry": {"type": "Polygon", "coordinates": [[[89.375, 17.625], [89.625, 17.625], [89.625, 17.875], [89.375, 17.875], [89.375, 17.625]]]}, "properties": {"time": "2020-05-20T06:00:00", "variable": "msl", "tier": "low", "percentile": 99.1, "z": 3.28, "wind_ms": 16.41, "value": 998.95, "lat": 17.75, "lon": 89.5}}, {"type": "Feature", "geometry": {"type": "Polygon", "coordinates": [[[89.625, 17.625], [89.875, 17.625], [89.875, 17.875], [89.625, 17.875], [89.625, 17.625]]]}, "properties": {"time": "2020-05-20T06:00:00", "variable": "msl", "tier": "low", "percentile": 99.1, "z": 3.09, "wind_ms": 16.38, "value": 999.4, "lat": 17.75, "lon": 89.75}}, {"type": "Feature", "geometry": {"type": "Polygon", "coordinates": [[[89.875, 17.625], [90.125, 17.625], [90.125, 17.875], [89.875, 17.875], [89.875, 17.625]]]}, "properties": {"time": "2020-05-20T06:00:00", "variable": "msl", "tier": "low", "percentile": 99.1, "z": 2.92, "wind_ms": 16.31, "value": 999.82, "lat": 17.75, "lon": 90.0}}, {"type": "Feature", "geometry": {"type": "Polygon", "coordinates": [[[90.125, 17.625], [90.375, 17.625], [90.375, 17.875], [90.125, 17.875], [90.125, 17.625]]]}, "properties": {"time": "2020-05-20T06:00:00", "variable": "msl", "tier": "low", "percentile": 98.3, "z": 2.77, "wind_ms": 16.02, "value": 1000.16, "lat": 17.75, "lon": 90.25}}, {"type": "Feature", "geometry": {"type": "Polygon", "coordinates": [[[90.375, 17.625], [90.625, 17.625], [90.625, 17.875], [90.375, 17.875], [90.375, 17.625]]]}, "properties": {"time": "2020-05-20T06:00:00", "variable": "msl", "tier": "low", "percentile": 98.3, "z": 2.63, "wind_ms": 15.3, "value": 1000.41, "lat": 17.75, "lon": 90.5}}, {"type": "Feature", "geometry": {"type": "Polygon", "coordinates": [[[90.625, 17.625], [90.875, 17.625], [90.875, 17.875], [90.625, 17.875], [90.625, 17.625]]]}, "properties": {"time": "2020-05-20T06:00:00", "variable": "msl", "tier": "low", "percentile": 98.3, "z": 2.51, "wind_ms": 14.29, "value": 1000.68, "lat": 17.75, "lon": 90.75}}, {"type": "Feature", "geometry": {"type": "Polygon", "coordinates": [[[90.875, 17.625], [91.125, 17.625], [91.125, 17.875], [90.875, 17.875], [90.875, 17.625]]]}, "properties": {"time": "2020-05-20T06:00:00", "variable": "msl", "tier": "low", "percentile": 97.4, "z": 2.38, "wind_ms": 13.78, "value": 1000.98, "lat": 17.75, "lon": 91.0}}, {"type": "Feature", "geometry": {"type": "Polygon", "coordinates": [[[91.125, 17.625], [91.375, 17.625], [91.375, 17.875], [91.125, 17.875], [91.125, 17.625]]]}, "properties": {"time": "2020-05-20T06:00:00", "variable": "msl", "tier": "low", "percentile": 97.4, "z": 2.26, "wind_ms": 13.41, "value": 1001.29, "lat": 17.75, "lon": 91.25}}, {"type": "Feature", "geometry": {"type": "Polygon", "coordinates": [[[91.375, 17.625], [91.625, 17.625], [91.625, 17.875], [91.375, 17.875], [91.375, 17.625]]]}, "properties": {"time": "2020-05-20T06:00:00", "variable": "msl", "tier": "low", "percentile": 97.4, "z": 2.16, "wind_ms": 13.19, "value": 1001.55, "lat": 17.75, "lon": 91.5}}, {"type": "Feature", "geometry": {"type": "Polygon", "coordinates": [[[91.625, 17.625], [91.875, 17.625], [91.875, 17.875], [91.625, 17.875], [91.625, 17.625]]]}, "properties": {"time": "2020-05-20T06:00:00", "variable": "msl", "tier": "low", "percentile": 97.4, "z": 2.06, "wind_ms": 12.77, "value": 1001.81, "lat": 17.75, "lon": 91.75}}, {"type": "Feature", "geometry": {"type": "Polygon", "coordinates": [[[91.875, 17.625], [92.125, 17.625], [92.125, 17.875], [91.875, 17.875], [91.875, 17.625]]]}, "properties": {"time": "2020-05-20T06:00:00", "variable": "msl", "tier": "low", "percentile": 97.4, "z": 1.96, "wind_ms": 12.2, "value": 1002.13, "lat": 17.75, "lon": 92.0}}, {"type": "Feature", "geometry": {"type": "Polygon", "coordinates": [[[85.375, 17.875], [85.625, 17.875], [85.625, 18.125], [85.375, 18.125], [85.375, 17.875]]]}, "properties": {"time": "2020-05-20T06:00:00", "variable": "msl", "tier": "low", "percentile": 99.1, "z": 3.24, "wind_ms": 12.23, "value": 997.03, "lat": 18.0, "lon": 85.5}}, {"type": "Feature", "geometry": {"type": "Polygon", "coordinates": [[[85.625, 17.875], [85.875, 17.875], [85.875, 18.125], [85.625, 18.125], [85.625, 17.875]]]}, "properties": {"time": "2020-05-20T06:00:00", "variable": "msl", "tier": "low", "percentile": 99.1, "z": 3.32, "wind_ms": 12.87, "value": 996.94, "lat": 18.0, "lon": 85.75}}, {"type": "Feature", "geometry": {"type": "Polygon", "coordinates": [[[85.875, 17.875], [86.125, 17.875], [86.125, 18.125], [85.875, 18.125], [85.875, 17.875]]]}, "properties": {"time": "2020-05-20T06:00:00", "variable": "msl", "tier": "low", "percentile": 99.1, "z": 3.41, "wind_ms": 13.22, "value": 996.91, "lat": 18.0, "lon": 86.0}}, {"type": "Feature", "geometry": {"type": "Polygon", "coordinates": [[[86.125, 17.875], [86.375, 17.875], [86.375, 18.125], [86.125, 18.125], [86.125, 17.875]]]}, "properties": {"time": "2020-05-20T06:00:00", "variable": "msl", "tier": "low", "percentile": 99.1, "z": 3.48, "wind_ms": 13.61, "value": 996.9, "lat": 18.0, "lon": 86.25}}, {"type": "Feature", "geometry": {"type": "Polygon", "coordinates": [[[86.375, 17.875], [86.625, 17.875], [86.625, 18.125], [86.375, 18.125], [86.375, 17.875]]]}, "properties": {"time": "2020-05-20T06:00:00", "variable": "msl", "tier": "low", "percentile": 99.1, "z": 3.59, "wind_ms": 14.35, "value": 996.78, "lat": 18.0, "lon": 86.5}}, {"type": "Feature", "geometry": {"type": "Polygon", "coordinates": [[[86.625, 17.875], [86.875, 17.875], [86.875, 18.125], [86.625, 18.125], [86.625, 17.875]]]}, "properties": {"time": "2020-05-20T06:00:00", "variable": "msl", "tier": "low", "percentile": 99.1, "z": 3.67, "wind_ms": 15.07, "value": 996.75, "lat": 18.0, "lon": 86.75}}, {"type": "Feature", "geometry": {"type": "Polygon", "coordinates": [[[86.875, 17.875], [87.125, 17.875], [87.125, 18.125], [86.875, 18.125], [86.875, 17.875]]]}, "properties": {"time": "2020-05-20T06:00:00", "variable": "msl", "tier": "low", "percentile": 100.0, "z": 3.79, "wind_ms": 16.31, "value": 996.6, "lat": 18.0, "lon": 87.0}}, {"type": "Feature", "geometry": {"type": "Polygon", "coordinates": [[[87.125, 17.875], [87.375, 17.875], [87.375, 18.125], [87.125, 18.125], [87.125, 17.875]]]}, "properties": {"time": "2020-05-20T06:00:00", "variable": "msl", "tier": "moderate", "percentile": 100.0, "z": 3.89, "wind_ms": 17.01, "value": 996.51, "lat": 18.0, "lon": 87.25}}, {"type": "Feature", "geometry": {"type": "Polygon", "coordinates": [[[87.375, 17.875], [87.625, 17.875], [87.625, 18.125], [87.375, 18.125], [87.375, 17.875]]]}, "properties": {"time": "2020-05-20T06:00:00", "variable": "msl", "tier": "moderate", "percentile": 100.0, "z": 3.99, "wind_ms": 17.46, "value": 996.46, "lat": 18.0, "lon": 87.5}}, {"type": "Feature", "geometry": {"type": "Polygon", "coordinates": [[[87.625, 17.875], [87.875, 17.875], [87.875, 18.125], [87.625, 18.125], [87.625, 17.875]]]}, "properties": {"time": "2020-05-20T06:00:00", "variable": "msl", "tier": "moderate", "percentile": 100.0, "z": 4.04, "wind_ms": 17.69, "value": 996.48, "lat": 18.0, "lon": 87.75}}, {"type": "Feature", "geometry": {"type": "Polygon", "coordinates": [[[87.875, 17.875], [88.125, 17.875], [88.125, 18.125], [87.875, 18.125], [87.875, 17.875]]]}, "properties": {"time": "2020-05-20T06:00:00", "variable": "msl", "tier": "moderate", "percentile": 100.0, "z": 4.06, "wind_ms": 17.92, "value": 996.55, "lat": 18.0, "lon": 88.0}}, {"type": "Feature", "geometry": {"type": "Polygon", "coordinates": [[[88.125, 17.875], [88.375, 17.875], [88.375, 18.125], [88.125, 18.125], [88.125, 17.875]]]}, "properties": {"time": "2020-05-20T06:00:00", "variable": "msl", "tier": "moderate", "percentile": 100.0, "z": 4.04, "wind_ms": 18.28, "value": 996.68, "lat": 18.0, "lon": 88.25}}, {"type": "Feature", "geometry": {"type": "Polygon", "coordinates": [[[88.375, 17.875], [88.625, 17.875], [88.625, 18.125], [88.375, 18.125], [88.375, 17.875]]]}, "properties": {"time": "2020-05-20T06:00:00", "variable": "msl", "tier": "moderate", "percentile": 100.0, "z": 4.0, "wind_ms": 18.36, "value": 996.86, "lat": 18.0, "lon": 88.5}}, {"type": "Feature", "geometry": {"type": "Polygon", "coordinates": [[[88.625, 17.875], [88.875, 17.875], [88.875, 18.125], [88.625, 18.125], [88.625, 17.875]]]}, "properties": {"time": "2020-05-20T06:00:00", "variable": "msl", "tier": "moderate", "percentile": 100.0, "z": 3.91, "wind_ms": 18.14, "value": 997.17, "lat": 18.0, "lon": 88.75}}, {"type": "Feature", "geometry": {"type": "Polygon", "coordinates": [[[88.875, 17.875], [89.125, 17.875], [89.125, 18.125], [88.875, 18.125], [88.875, 17.875]]]}, "properties": {"time": "2020-05-20T06:00:00", "variable": "msl", "tier": "moderate", "percentile": 100.0, "z": 3.81, "wind_ms": 17.83, "value": 997.47, "lat": 18.0, "lon": 89.0}}, {"type": "Feature", "geometry": {"type": "Polygon", "coordinates": [[[89.125, 17.875], [89.375, 17.875], [89.375, 18.125], [89.125, 18.125], [89.125, 17.875]]]}, "properties": {"time": "2020-05-20T06:00:00", "variable": "msl", "tier": "moderate", "percentile": 100.0, "z": 3.65, "wind_ms": 17.17, "value": 997.95, "lat": 18.0, "lon": 89.25}}, {"type": "Feature", "geometry": {"type": "Polygon", "coordinates": [[[89.375, 17.875], [89.625, 17.875], [89.625, 18.125], [89.375, 18.125], [89.375, 17.875]]]}, "properties": {"time": "2020-05-20T06:00:00", "variable": "msl", "tier": "moderate", "percentile": 99.1, "z": 3.47, "wind_ms": 17.05, "value": 998.39, "lat": 18.0, "lon": 89.5}}, {"type": "Feature", "geometry": {"type": "Polygon", "coordinates": [[[89.625, 17.875], [89.875, 17.875], [89.875, 18.125], [89.625, 18.125], [89.625, 17.875]]]}, "properties": {"time": "2020-05-20T06:00:00", "variable": "msl", "tier": "low", "percentile": 99.1, "z": 3.26, "wind_ms": 16.93, "value": 998.88, "lat": 18.0, "lon": 89.75}}, {"type": "Feature", "geometry": {"type": "Polygon", "coordinates": [[[89.875, 17.875], [90.125, 17.875], [90.125, 18.125], [89.875, 18.125], [89.875, 17.875]]]}, "properties": {"time": "2020-05-20T06:00:00", "variable": "msl", "tier": "low", "percentile": 99.1, "z": 3.06, "wind_ms": 16.81, "value": 999.35, "lat": 18.0, "lon": 90.0}}, {"type": "Feature", "geometry": {"type": "Polygon", "coordinates": [[[90.125, 17.875], [90.375, 17.875], [90.375, 18.125], [90.125, 18.125], [90.125, 17.875]]]}, "properties": {"time": "2020-05-20T06:00:00", "variable": "msl", "tier": "low", "percentile": 99.1, "z": 2.89, "wind_ms": 16.61, "value": 999.74, "lat": 18.0, "lon": 90.25}}, {"type": "Feature", "geometry": {"type": "Polygon", "coordinates": [[[90.375, 17.875], [90.625, 17.875], [90.625, 18.125], [90.375, 18.125], [90.375, 17.875]]]}, "properties": {"time": "2020-05-20T06:00:00", "variable": "msl", "tier": "low", "percentile": 99.1, "z": 2.73, "wind_ms": 15.98, "value": 1000.05, "lat": 18.0, "lon": 90.5}}, {"type": "Feature", "geometry": {"type": "Polygon", "coordinates": [[[90.625, 17.875], [90.875, 17.875], [90.875, 18.125], [90.625, 18.125], [90.625, 17.875]]]}, "properties": {"time": "2020-05-20T06:00:00", "variable": "msl", "tier": "low", "percentile": 98.3, "z": 2.61, "wind_ms": 14.99, "value": 1000.34, "lat": 18.0, "lon": 90.75}}, {"type": "Feature", "geometry": {"type": "Polygon", "coordinates": [[[90.875, 17.875], [91.125, 17.875], [91.125, 18.125], [90.875, 18.125], [90.875, 17.875]]]}, "properties": {"time": "2020-05-20T06:00:00", "variable": "msl", "tier": "low", "percentile": 97.4, "z": 2.48, "wind_ms": 14.14, "value": 1000.63, "lat": 18.0, "lon": 91.0}}, {"type": "Feature", "geometry": {"type": "Polygon", "coordinates": [[[91.125, 17.875], [91.375, 17.875], [91.375, 18.125], [91.125, 18.125], [91.125, 17.875]]]}, "properties": {"time": "2020-05-20T06:00:00", "variable": "msl", "tier": "low", "percentile": 97.4, "z": 2.35, "wind_ms": 13.77, "value": 1000.94, "lat": 18.0, "lon": 91.25}}, {"type": "Feature", "geometry": {"type": "Polygon", "coordinates": [[[91.375, 17.875], [91.625, 17.875], [91.625, 18.125], [91.375, 18.125], [91.375, 17.875]]]}, "properties": {"time": "2020-05-20T06:00:00", "variable": "msl", "tier": "low", "percentile": 97.4, "z": 2.23, "wind_ms": 13.28, "value": 1001.26, "lat": 18.0, "lon": 91.5}}, {"type": "Feature", "geometry": {"type": "Polygon", "coordinates": [[[91.625, 17.875], [91.875, 17.875], [91.875, 18.125], [91.625, 18.125], [91.625, 17.875]]]}, "properties": {"time": "2020-05-20T06:00:00", "variable": "msl", "tier": "low", "percentile": 97.4, "z": 2.12, "wind_ms": 12.82, "value": 1001.53, "lat": 18.0, "lon": 91.75}}, {"type": "Feature", "geometry": {"type": "Polygon", "coordinates": [[[91.875, 17.875], [92.125, 17.875], [92.125, 18.125], [91.875, 18.125], [91.875, 17.875]]]}, "properties": {"time": "2020-05-20T06:00:00", "variable": "msl", "tier": "low", "percentile": 97.4, "z": 2.0, "wind_ms": 12.3, "value": 1001.88, "lat": 18.0, "lon": 92.0}}, {"type": "Feature", "geometry": {"type": "Polygon", "coordinates": [[[85.375, 18.125], [85.625, 18.125], [85.625, 18.375], [85.375, 18.375], [85.375, 18.125]]]}, "properties": {"time": "2020-05-20T06:00:00", "variable": "msl", "tier": "low", "percentile": 99.1, "z": 3.26, "wind_ms": 12.9, "value": 996.69, "lat": 18.25, "lon": 85.5}}, {"type": "Feature", "geometry": {"type": "Polygon", "coordinates": [[[85.625, 18.125], [85.875, 18.125], [85.875, 18.375], [85.625, 18.375], [85.625, 18.125]]]}, "properties": {"time": "2020-05-20T06:00:00", "variable": "msl", "tier": "low", "percentile": 99.1, "z": 3.35, "wind_ms": 13.16, "value": 996.62, "lat": 18.25, "lon": 85.75}}, {"type": "Feature", "geometry": {"type": "Polygon", "coordinates": [[[85.875, 18.125], [86.125, 18.125], [86.125, 18.375], [85.875, 18.375], [85.875, 18.125]]]}, "properties": {"time": "2020-05-20T06:00:00", "variable": "msl", "tier": "low", "percentile": 99.1, "z": 3.45, "wind_ms": 13.57, "value": 996.56, "lat": 18.25, "lon": 86.0}}, {"type": "Feature", "geometry": {"type": "Polygon", "coordinates": [[[86.125, 18.125], [86.375, 18.125], [86.375, 18.375], [86.125, 18.375], [86.125, 18.125]]]}, "properties": {"time": "2020-05-20T06:00:00", "variable": "msl", "tier": "low", "percentile": 99.1, "z": 3.59, "wind_ms": 14.29, "value": 996.41, "lat": 18.25, "lon": 86.25}}, {"type": "Feature", "geometry": {"type": "Polygon", "coordinates": [[[86.375, 18.125], [86.625, 18.125], [86.625, 18.375], [86.375, 18.375], [86.375, 18.125]]]}, "properties": {"time": "2020-05-20T06:00:00", "variable": "msl", "tier": "low", "percentile": 99.1, "z": 3.71, "wind_ms": 15.02, "value": 996.28, "lat": 18.25, "lon": 86.5}}, {"type": "Feature", "geometry": {"type": "Polygon", "coordinates": [[[86.625, 18.125], [86.875, 18.125], [86.875, 18.375], [86.625, 18.375], [86.625, 18.125]]]}, "properties": {"time": "2020-05-20T06:00:00", "variable": "msl", "tier": "low", "percentile": 99.1, "z": 3.88, "wind_ms": 16.55, "value": 996.02, "lat": 18.25, "lon": 86.75}}, {"type": "Feature", "geometry": {"type": "Polygon", "coordinates": [[[86.875, 18.125], [87.125, 18.125], [87.125, 18.375], [86.875, 18.375], [86.875, 18.125]]]}, "properties": {"time": "2020-05-20T06:00:00", "variable": "msl", "tier": "moderate", "percentile": 100.0, "z": 4.01, "wind_ms": 17.76, "value": 995.87, "lat": 18.25, "lon": 87.0}}, {"type": "Feature", "geometry": {"type": "Polygon", "coordinates": [[[87.125, 18.125], [87.375, 18.125], [87.375, 18.375], [87.125, 18.375], [87.125, 18.125]]]}, "properties": {"time": "2020-05-20T06:00:00", "variable": "msl", "tier": "moderate", "percentile": 100.0, "z": 4.16, "wind_ms": 18.55, "value": 995.66, "lat": 18.25, "lon": 87.25}}, {"type": "Feature", "geometry": {"type": "Polygon", "coordinates": [[[87.375, 18.125], [87.625, 18.125], [87.625, 18.375], [87.375, 18.375], [87.375, 18.125]]]}, "properties": {"time": "2020-05-20T06:00:00", "variable": "msl", "tier": "moderate", "percentile": 100.0, "z": 4.28, "wind_ms": 18.91, "value": 995.57, "lat": 18.25, "lon": 87.5}}, {"type": "Feature", "geometry": {"type": "Polygon", "coordinates": [[[87.625, 18.125], [87.875, 18.125], [87.875, 18.375], [87.625, 18.375], [87.625, 18.125]]]}, "properties": {"time": "2020-05-20T06:00:00", "variable": "msl", "tier": "moderate", "percentile": 100.0, "z": 4.35, "wind_ms": 19.03, "value": 995.54, "lat": 18.25, "lon": 87.75}}, {"type": "Feature", "geometry": {"type": "Polygon", "coordinates": [[[87.875, 18.125], [88.125, 18.125], [88.125, 18.375], [87.875, 18.375], [87.875, 18.125]]]}, "properties": {"time": "2020-05-20T06:00:00", "variable": "msl", "tier": "moderate", "percentile": 100.0, "z": 4.37, "wind_ms": 19.16, "value": 995.61, "lat": 18.25, "lon": 88.0}}, {"type": "Feature", "geometry": {"type": "Polygon", "coordinates": [[[88.125, 18.125], [88.375, 18.125], [88.375, 18.375], [88.125, 18.375], [88.125, 18.125]]]}, "properties": {"time": "2020-05-20T06:00:00", "variable": "msl", "tier": "moderate", "percentile": 100.0, "z": 4.36, "wind_ms": 19.53, "value": 995.75, "lat": 18.25, "lon": 88.25}}, {"type": "Feature", "geometry": {"type": "Polygon", "coordinates": [[[88.375, 18.125], [88.625, 18.125], [88.625, 18.375], [88.375, 18.375], [88.375, 18.125]]]}, "properties": {"time": "2020-05-20T06:00:00", "variable": "msl", "tier": "moderate", "percentile": 100.0, "z": 4.31, "wind_ms": 19.63, "value": 995.98, "lat": 18.25, "lon": 88.5}}, {"type": "Feature", "geometry": {"type": "Polygon", "coordinates": [[[88.625, 18.125], [88.875, 18.125], [88.875, 18.375], [88.625, 18.375], [88.625, 18.125]]]}, "properties": {"time": "2020-05-20T06:00:00", "variable": "msl", "tier": "moderate", "percentile": 100.0, "z": 4.22, "wind_ms": 19.43, "value": 996.28, "lat": 18.25, "lon": 88.75}}, {"type": "Feature", "geometry": {"type": "Polygon", "coordinates": [[[88.875, 18.125], [89.125, 18.125], [89.125, 18.375], [88.875, 18.375], [88.875, 18.125]]]}, "properties": {"time": "2020-05-20T06:00:00", "variable": "msl", "tier": "moderate", "percentile": 100.0, "z": 4.07, "wind_ms": 18.85, "value": 996.75, "lat": 18.25, "lon": 89.0}}, {"type": "Feature", "geometry": {"type": "Polygon", "coordinates": [[[89.125, 18.125], [89.375, 18.125], [89.375, 18.375], [89.125, 18.375], [89.125, 18.125]]]}, "properties": {"time": "2020-05-20T06:00:00", "variable": "msl", "tier": "moderate", "percentile": 100.0, "z": 3.91, "wind_ms": 18.23, "value": 997.23, "lat": 18.25, "lon": 89.25}}, {"type": "Feature", "geometry": {"type": "Polygon", "coordinates": [[[89.375, 18.125], [89.625, 18.125], [89.625, 18.375], [89.375, 18.375], [89.375, 18.125]]]}, "properties": {"time": "2020-05-20T06:00:00", "variable": "msl", "tier": "moderate", "percentile": 99.1, "z": 3.68, "wind_ms": 17.67, "value": 997.8, "lat": 18.25, "lon": 89.5}}, {"type": "Feature", "geometry": {"type": "Polygon", "coordinates": [[[89.625, 18.125], [89.875, 18.125], [89.875, 18.375], [89.625, 18.375], [89.625, 18.125]]]}, "properties": {"time": "2020-05-20T06:00:00", "variable": "msl", "tier": "moderate", "percentile": 99.1, "z": 3.46, "wind_ms": 17.48, "value": 998.32, "lat": 18.25, "lon": 89.75}}, {"type": "Feature", "geometry": {"type": "Polygon", "coordinates": [[[89.875, 18.125], [90.125, 18.125], [90.125, 18.375], [89.875, 18.375], [89.875, 18.125]]]}, "properties": {"time": "2020-05-20T06:00:00", "variable": "msl", "tier": "moderate", "percentile": 99.1, "z": 3.22, "wind_ms": 17.26, "value": 998.86, "lat": 18.25, "lon": 90.0}}, {"type": "Feature", "geometry": {"type": "Polygon", "coordinates": [[[90.125, 18.125], [90.375, 18.125], [90.375, 18.375], [90.125, 18.375], [90.125, 18.125]]]}, "properties": {"time": "2020-05-20T06:00:00", "variable": "msl", "tier": "moderate", "percentile": 99.1, "z": 3.02, "wind_ms": 17.01, "value": 999.34, "lat": 18.25, "lon": 90.25}}, {"type": "Feature", "geometry": {"type": "Polygon", "coordinates": [[[90.375, 18.125], [90.625, 18.125], [90.625, 18.375], [90.375, 18.375], [90.375, 18.125]]]}, "properties": {"time": "2020-05-20T06:00:00", "variable": "msl", "tier": "low", "percentile": 99.1, "z": 2.85, "wind_ms": 16.49, "value": 999.68, "lat": 18.25, "lon": 90.5}}, {"type": "Feature", "geometry": {"type": "Polygon", "coordinates": [[[90.625, 18.125], [90.875, 18.125], [90.875, 18.375], [90.625, 18.375], [90.625, 18.125]]]}, "properties": {"time": "2020-05-20T06:00:00", "variable": "msl", "tier": "low", "percentile": 99.1, "z": 2.71, "wind_ms": 15.71, "value": 1000.02, "lat": 18.25, "lon": 90.75}}, {"type": "Feature", "geometry": {"type": "Polygon", "coordinates": [[[90.875, 18.125], [91.125, 18.125], [91.125, 18.375], [90.875, 18.375], [90.875, 18.125]]]}, "properties": {"time": "2020-05-20T06:00:00", "variable": "msl", "tier": "low", "percentile": 98.3, "z": 2.58, "wind_ms": 14.87, "value": 1000.31, "lat": 18.25, "lon": 91.0}}, {"type": "Feature", "geometry": {"type": "Polygon", "coordinates": [[[91.125, 18.125], [91.375, 18.125], [91.375, 18.375], [91.125, 18.375], [91.125, 18.125]]]}, "properties": {"time": "2020-05-20T06:00:00", "variable": "msl", "tier": "low", "percentile": 97.4, "z": 2.45, "wind_ms": 14.06, "value": 1000.63, "lat": 18.25, "lon": 91.25}}, {"type": "Feature", "geometry": {"type": "Polygon", "coordinates": [[[91.375, 18.125], [91.625, 18.125], [91.625, 18.375], [91.375, 18.375], [91.375, 18.125]]]}, "properties": {"time": "2020-05-20T06:00:00", "variable": "msl", "tier": "low", "percentile": 97.4, "z": 2.32, "wind_ms": 13.58, "value": 1000.95, "lat": 18.25, "lon": 91.5}}, {"type": "Feature", "geometry": {"type": "Polygon", "coordinates": [[[91.625, 18.125], [91.875, 18.125], [91.875, 18.375], [91.625, 18.375], [91.625, 18.125]]]}, "properties": {"time": "2020-05-20T06:00:00", "variable": "msl", "tier": "low", "percentile": 97.4, "z": 2.19, "wind_ms": 12.89, "value": 1001.27, "lat": 18.25, "lon": 91.75}}, {"type": "Feature", "geometry": {"type": "Polygon", "coordinates": [[[91.875, 18.125], [92.125, 18.125], [92.125, 18.375], [91.875, 18.375], [91.875, 18.125]]]}, "properties": {"time": "2020-05-20T06:00:00", "variable": "msl", "tier": "low", "percentile": 97.4, "z": 2.06, "wind_ms": 12.4, "value": 1001.64, "lat": 18.25, "lon": 92.0}}, {"type": "Feature", "geometry": {"type": "Polygon", "coordinates": [[[85.375, 18.375], [85.625, 18.375], [85.625, 18.625], [85.375, 18.625], [85.375, 18.375]]]}, "properties": {"time": "2020-05-20T06:00:00", "variable": "msl", "tier": "low", "percentile": 99.1, "z": 3.29, "wind_ms": 12.53, "value": 996.39, "lat": 18.5, "lon": 85.5}}, {"type": "Feature", "geometry": {"type": "Polygon", "coordinates": [[[85.625, 18.375], [85.875, 18.375], [85.875, 18.625], [85.625, 18.625], [85.625, 18.375]]]}, "properties": {"time": "2020-05-20T06:00:00", "variable": "msl", "tier": "low", "percentile": 99.1, "z": 3.4, "wind_ms": 12.87, "value": 996.29, "lat": 18.5, "lon": 85.75}}, {"type": "Feature", "geometry": {"type": "Polygon", "coordinates": [[[85.875, 18.375], [86.125, 18.375], [86.125, 18.625], [85.875, 18.625], [85.875, 18.375]]]}, "properties": {"time": "2020-05-20T06:00:00", "variable": "msl", "tier": "low", "percentile": 99.1, "z": 3.56, "wind_ms": 13.73, "value": 996.07, "lat": 18.5, "lon": 86.0}}, {"type": "Feature", "geometry": {"type": "Polygon", "coordinates": [[[86.125, 18.375], [86.375, 18.375], [86.375, 18.625], [86.125, 18.625], [86.125, 18.375]]]}, "properties": {"time": "2020-05-20T06:00:00", "variable": "msl", "tier": "low", "percentile": 99.1, "z": 3.73, "wind_ms": 14.6, "value": 995.88, "lat": 18.5, "lon": 86.25}}, {"type": "Feature", "geometry": {"type": "Polygon", "coordinates": [[[86.375, 18.375], [86.625, 18.375], [86.625, 18.625], [86.375, 18.625], [86.375, 18.375]]]}, "properties": {"time": "2020-05-20T06:00:00", "variable": "msl", "tier": "low", "percentile": 99.1, "z": 3.92, "wind_ms": 16.0, "value": 995.56, "lat": 18.5, "lon": 86.5}}, {"type": "Feature", "geometry": {"type": "Polygon", "coordinates": [[[86.625, 18.375], [86.875, 18.375], [86.875, 18.625], [86.625, 18.625], [86.625, 18.375]]]}, "properties": {"time": "2020-05-20T06:00:00", "variable": "msl", "tier": "moderate", "percentile": 100.0, "z": 4.1, "wind_ms": 17.54, "value": 995.3, "lat": 18.5, "lon": 86.75}}, {"type": "Feature", "geometry": {"type": "Polygon", "coordinates": [[[86.875, 18.375], [87.125, 18.375], [87.125, 18.625], [86.875, 18.625], [86.875, 18.375]]]}, "properties": {"time": "2020-05-20T06:00:00", "variable": "msl", "tier": "moderate", "percentile": 100.0, "z": 4.31, "wind_ms": 19.04, "value": 994.93, "lat": 18.5, "lon": 87.0}}, {"type": "Feature", "geometry": {"type": "Polygon", "coordinates": [[[87.125, 18.375], [87.375, 18.375], [87.375, 18.625], [87.125, 18.625], [87.125, 18.375]]]}, "properties": {"time": "2020-05-20T06:00:00", "variable": "msl", "tier": "moderate", "percentile": 100.0, "z": 4.47, "wind_ms": 19.76, "value": 994.7, "lat": 18.5, "lon": 87.25}}, {"type": "Feature", "geometry": {"type": "Polygon", "coordinates": [[[87.375, 18.375], [87.625, 18.375], [87.625, 18.625], [87.375, 18.625], [87.375, 18.375]]]}, "properties": {"time": "2020-05-20T06:00:00", "variable": "msl", "tier": "moderate", "percentile": 100.0, "z": 4.64, "wind_ms": 19.99, "value": 994.46, "lat": 18.5, "lon": 87.5}}, {"type": "Feature", "geometry": {"type": "Polygon", "coordinates": [[[87.625, 18.375], [87.875, 18.375], [87.875, 18.625], [87.625, 18.625], [87.625, 18.375]]]}, "properties": {"time": "2020-05-20T06:00:00", "variable": "msl", "tier": "moderate", "percentile": 100.0, "z": 4.73, "wind_ms": 20.16, "value": 994.37, "lat": 18.5, "lon": 87.75}}, {"type": "Feature", "geometry": {"type": "Polygon", "coordinates": [[[87.875, 18.375], [88.125, 18.375], [88.125, 18.625], [87.875, 18.625], [87.875, 18.375]]]}, "properties": {"time": "2020-05-20T06:00:00", "variable": "msl", "tier": "moderate", "percentile": 100.0, "z": 4.78, "wind_ms": 20.26, "value": 994.44, "lat": 18.5, "lon": 88.0}}, {"type": "Feature", "geometry": {"type": "Polygon", "coordinates": [[[88.125, 18.375], [88.375, 18.375], [88.375, 18.625], [88.125, 18.625], [88.125, 18.375]]]}, "properties": {"time": "2020-05-20T06:00:00", "variable": "msl", "tier": "moderate", "percentile": 100.0, "z": 4.76, "wind_ms": 20.45, "value": 994.6, "lat": 18.5, "lon": 88.25}}, {"type": "Feature", "geometry": {"type": "Polygon", "coordinates": [[[88.375, 18.375], [88.625, 18.375], [88.625, 18.625], [88.375, 18.625], [88.375, 18.375]]]}, "properties": {"time": "2020-05-20T06:00:00", "variable": "msl", "tier": "moderate", "percentile": 100.0, "z": 4.71, "wind_ms": 20.52, "value": 994.85, "lat": 18.5, "lon": 88.5}}, {"type": "Feature", "geometry": {"type": "Polygon", "coordinates": [[[88.625, 18.375], [88.875, 18.375], [88.875, 18.625], [88.625, 18.625], [88.625, 18.375]]]}, "properties": {"time": "2020-05-20T06:00:00", "variable": "msl", "tier": "moderate", "percentile": 100.0, "z": 4.58, "wind_ms": 20.32, "value": 995.31, "lat": 18.5, "lon": 88.75}}, {"type": "Feature", "geometry": {"type": "Polygon", "coordinates": [[[88.875, 18.375], [89.125, 18.375], [89.125, 18.625], [88.875, 18.625], [88.875, 18.375]]]}, "properties": {"time": "2020-05-20T06:00:00", "variable": "msl", "tier": "moderate", "percentile": 100.0, "z": 4.43, "wind_ms": 19.78, "value": 995.78, "lat": 18.5, "lon": 89.0}}, {"type": "Feature", "geometry": {"type": "Polygon", "coordinates": [[[89.125, 18.375], [89.375, 18.375], [89.375, 18.625], [89.125, 18.625], [89.125, 18.375]]]}, "properties": {"time": "2020-05-20T06:00:00", "variable": "msl", "tier": "moderate", "percentile": 100.0, "z": 4.19, "wind_ms": 19.03, "value": 996.47, "lat": 18.5, "lon": 89.25}}, {"type": "Feature", "geometry": {"type": "Polygon", "coordinates": [[[89.375, 18.375], [89.625, 18.375], [89.625, 18.625], [89.375, 18.625], [89.375, 18.375]]]}, "properties": {"time": "2020-05-20T06:00:00", "variable": "msl", "tier": "moderate", "percentile": 100.0, "z": 3.95, "wind_ms": 18.44, "value": 997.07, "lat": 18.5, "lon": 89.5}}, {"type": "Feature", "geometry": {"type": "Polygon", "coordinates": [[[89.625, 18.375], [89.875, 18.375], [89.875, 18.625], [89.625, 18.625], [89.625, 18.375]]]}, "properties": {"time": "2020-05-20T06:00:00", "variable": "msl", "tier": "moderate", "percentile": 99.1, "z": 3.67, "wind_ms": 18.05, "value": 997.72, "lat": 18.5, "lon": 89.75}}, {"type": "Feature", "geometry": {"type": "Polygon", "coordinates": [[[89.875, 18.375], [90.125, 18.375], [90.125, 18.625], [89.875, 18.625], [89.875, 18.375]]]}, "properties": {"time": "2020-05-20T06:00:00", "variable": "msl", "tier": "moderate", "percentile": 99.1, "z": 3.41, "wind_ms": 17.8, "value": 998.32, "lat": 18.5, "lon": 90.0}}, {"type": "Feature", "geometry": {"type": "Polygon", "coordinates": [[[90.125, 18.375], [90.375, 18.375], [90.375, 18.625], [90.125, 18.625], [90.125, 18.375]]]}, "properties": {"time": "2020-05-20T06:00:00", "variable": "msl", "tier": "moderate", "percentile": 99.1, "z": 3.18, "wind_ms": 17.45, "value": 998.9, "lat": 18.5, "lon": 90.25}}, {"type": "Feature", "geometry": {"type": "Polygon", "coordinates": [[[90.375, 18.375], [90.625, 18.375], [90.625, 18.625], [90.375, 18.625], [90.375, 18.375]]]}, "properties": {"time": "2020-05-20T06:00:00", "variable": "msl", "tier": "moderate", "percentile": 99.1, "z": 2.96, "wind_ms": 17.04, "value": 999.36, "lat": 18.5, "lon": 90.5}}, {"type": "Feature", "geometry": {"type": "Polygon", "coordinates": [[[90.625, 18.375], [90.875, 18.375], [90.875, 18.625], [90.625, 18.625], [90.625, 18.375]]]}, "properties": {"time": "2020-05-20T06:00:00", "variable": "msl", "tier": "low", "percentile": 99.1, "z": 2.81, "wind_ms": 16.33, "value": 999.69, "lat": 18.5, "lon": 90.75}}, {"type": "Feature", "geometry": {"type": "Polygon", "coordinates": [[[90.875, 18.375], [91.125, 18.375], [91.125, 18.625], [90.875, 18.625], [90.875, 18.375]]]}, "properties": {"time": "2020-05-20T06:00:00", "variable": "msl", "tier": "low", "percentile": 98.3, "z": 2.69, "wind_ms": 15.46, "value": 1000.0, "lat": 18.5, "lon": 91.0}}, {"type": "Feature", "geometry": {"type": "Polygon", "coordinates": [[[91.125, 18.375], [91.375, 18.375], [91.375, 18.625], [91.125, 18.625], [91.125, 18.375]]]}, "properties": {"time": "2020-05-20T06:00:00", "variable": "msl", "tier": "low", "percentile": 98.3, "z": 2.56, "wind_ms": 14.66, "value": 1000.32, "lat": 18.5, "lon": 91.25}}, {"type": "Feature", "geometry": {"type": "Polygon", "coordinates": [[[91.375, 18.375], [91.625, 18.375], [91.625, 18.625], [91.375, 18.625], [91.375, 18.375]]]}, "properties": {"time": "2020-05-20T06:00:00", "variable": "msl", "tier": "low", "percentile": 97.4, "z": 2.43, "wind_ms": 13.75, "value": 1000.67, "lat": 18.5, "lon": 91.5}}, {"type": "Feature", "geometry": {"type": "Polygon", "coordinates": [[[91.625, 18.375], [91.875, 18.375], [91.875, 18.625], [91.625, 18.625], [91.625, 18.375]]]}, "properties": {"time": "2020-05-20T06:00:00", "variable": "msl", "tier": "low", "percentile": 97.4, "z": 2.3, "wind_ms": 13.03, "value": 1000.99, "lat": 18.5, "lon": 91.75}}, {"type": "Feature", "geometry": {"type": "Polygon", "coordinates": [[[91.875, 18.375], [92.125, 18.375], [92.125, 18.625], [91.875, 18.625], [91.875, 18.375]]]}, "properties": {"time": "2020-05-20T06:00:00", "variable": "msl", "tier": "low", "percentile": 97.4, "z": 2.14, "wind_ms": 12.5, "value": 1001.42, "lat": 18.5, "lon": 92.0}}, {"type": "Feature", "geometry": {"type": "Polygon", "coordinates": [[[85.375, 18.625], [85.625, 18.625], [85.625, 18.875], [85.375, 18.875], [85.375, 18.625]]]}, "properties": {"time": "2020-05-20T06:00:00", "variable": "msl", "tier": "low", "percentile": 99.1, "z": 3.34, "wind_ms": 11.2, "value": 996.1, "lat": 18.75, "lon": 85.5}}, {"type": "Feature", "geometry": {"type": "Polygon", "coordinates": [[[85.625, 18.625], [85.875, 18.625], [85.875, 18.875], [85.625, 18.875], [85.625, 18.625]]]}, "properties": {"time": "2020-05-20T06:00:00", "variable": "msl", "tier": "low", "percentile": 99.1, "z": 3.51, "wind_ms": 12.35, "value": 995.86, "lat": 18.75, "lon": 85.75}}, {"type": "Feature", "geometry": {"type": "Polygon", "coordinates": [[[85.875, 18.625], [86.125, 18.625], [86.125, 18.875], [85.875, 18.875], [85.875, 18.625]]]}, "properties": {"time": "2020-05-20T06:00:00", "variable": "msl", "tier": "low", "percentile": 99.1, "z": 3.7, "wind_ms": 13.64, "value": 995.55, "lat": 18.75, "lon": 86.0}}, {"type": "Feature", "geometry": {"type": "Polygon", "coordinates": [[[86.125, 18.625], [86.375, 18.625], [86.375, 18.875], [86.125, 18.875], [86.125, 18.625]]]}, "properties": {"time": "2020-05-20T06:00:00", "variable": "msl", "tier": "low", "percentile": 99.1, "z": 3.93, "wind_ms": 15.4, "value": 995.16, "lat": 18.75, "lon": 86.25}}, {"type": "Feature", "geometry": {"type": "Polygon", "coordinates": [[[86.375, 18.625], [86.625, 18.625], [86.625, 18.875], [86.375, 18.875], [86.375, 18.625]]]}, "properties": {"time": "2020-05-20T06:00:00", "variable": "msl", "tier": "low", "percentile": 99.1, "z": 4.15, "wind_ms": 16.75, "value": 994.83, "lat": 18.75, "lon": 86.5}}, {"type": "Feature", "geometry": {"type": "Polygon", "coordinates": [[[86.625, 18.625], [86.875, 18.625], [86.875, 18.875], [86.625, 18.875], [86.625, 18.625]]]}, "properties": {"time": "2020-05-20T06:00:00", "variable": "msl", "tier": "moderate", "percentile": 100.0, "z": 4.41, "wind_ms": 18.09, "value": 994.32, "lat": 18.75, "lon": 86.75}}, {"type": "Feature", "geometry": {"type": "Polygon", "coordinates": [[[86.875, 18.625], [87.125, 18.625], [87.125, 18.875], [86.875, 18.875], [86.875, 18.625]]]}, "properties": {"time": "2020-05-20T06:00:00", "variable": "msl", "tier": "moderate", "percentile": 100.0, "z": 4.64, "wind_ms": 19.62, "value": 993.89, "lat": 18.75, "lon": 87.0}}, {"type": "Feature", "geometry": {"type": "Polygon", "coordinates": [[[87.125, 18.625], [87.375, 18.625], [87.375, 18.875], [87.125, 18.875], [87.125, 18.625]]]}, "properties": {"time": "2020-05-20T06:00:00", "variable": "msl", "tier": "moderate", "percentile": 100.0, "z": 4.91, "wind_ms": 20.7, "value": 993.38, "lat": 18.75, "lon": 87.25}}, {"type": "Feature", "geometry": {"type": "Polygon", "coordinates": [[[87.375, 18.625], [87.625, 18.625], [87.625, 18.875], [87.375, 18.875], [87.375, 18.625]]]}, "properties": {"time": "2020-05-20T06:00:00", "variable": "msl", "tier": "moderate", "percentile": 100.0, "z": 5.11, "wind_ms": 20.86, "value": 993.08, "lat": 18.75, "lon": 87.5}}, {"type": "Feature", "geometry": {"type": "Polygon", "coordinates": [[[87.625, 18.625], [87.875, 18.625], [87.875, 18.875], [87.625, 18.875], [87.625, 18.625]]]}, "properties": {"time": "2020-05-20T06:00:00", "variable": "msl", "tier": "moderate", "percentile": 100.0, "z": 5.25, "wind_ms": 21.09, "value": 992.89, "lat": 18.75, "lon": 87.75}}, {"type": "Feature", "geometry": {"type": "Polygon", "coordinates": [[[87.875, 18.625], [88.125, 18.625], [88.125, 18.875], [87.875, 18.875], [87.875, 18.625]]]}, "properties": {"time": "2020-05-20T06:00:00", "variable": "msl", "tier": "moderate", "percentile": 100.0, "z": 5.3, "wind_ms": 21.31, "value": 992.94, "lat": 18.75, "lon": 88.0}}, {"type": "Feature", "geometry": {"type": "Polygon", "coordinates": [[[88.125, 18.625], [88.375, 18.625], [88.375, 18.875], [88.125, 18.875], [88.125, 18.625]]]}, "properties": {"time": "2020-05-20T06:00:00", "variable": "msl", "tier": "moderate", "percentile": 100.0, "z": 5.27, "wind_ms": 21.33, "value": 993.13, "lat": 18.75, "lon": 88.25}}, {"type": "Feature", "geometry": {"type": "Polygon", "coordinates": [[[88.375, 18.625], [88.625, 18.625], [88.625, 18.875], [88.375, 18.875], [88.375, 18.625]]]}, "properties": {"time": "2020-05-20T06:00:00", "variable": "msl", "tier": "moderate", "percentile": 100.0, "z": 5.17, "wind_ms": 21.08, "value": 993.58, "lat": 18.75, "lon": 88.5}}, {"type": "Feature", "geometry": {"type": "Polygon", "coordinates": [[[88.625, 18.625], [88.875, 18.625], [88.875, 18.875], [88.625, 18.875], [88.625, 18.625]]]}, "properties": {"time": "2020-05-20T06:00:00", "variable": "msl", "tier": "moderate", "percentile": 100.0, "z": 5.04, "wind_ms": 20.95, "value": 994.07, "lat": 18.75, "lon": 88.75}}, {"type": "Feature", "geometry": {"type": "Polygon", "coordinates": [[[88.875, 18.625], [89.125, 18.625], [89.125, 18.875], [88.875, 18.875], [88.875, 18.625]]]}, "properties": {"time": "2020-05-20T06:00:00", "variable": "msl", "tier": "moderate", "percentile": 100.0, "z": 4.82, "wind_ms": 20.58, "value": 994.75, "lat": 18.75, "lon": 89.0}}, {"type": "Feature", "geometry": {"type": "Polygon", "coordinates": [[[89.125, 18.625], [89.375, 18.625], [89.375, 18.875], [89.125, 18.875], [89.125, 18.625]]]}, "properties": {"time": "2020-05-20T06:00:00", "variable": "msl", "tier": "moderate", "percentile": 100.0, "z": 4.56, "wind_ms": 19.94, "value": 995.5, "lat": 18.75, "lon": 89.25}}, {"type": "Feature", "geometry": {"type": "Polygon", "coordinates": [[[89.375, 18.625], [89.625, 18.625], [89.625, 18.875], [89.375, 18.875], [89.375, 18.625]]]}, "properties": {"time": "2020-05-20T06:00:00", "variable": "msl", "tier": "moderate", "percentile": 100.0, "z": 4.23, "wind_ms": 19.13, "value": 996.33, "lat": 18.75, "lon": 89.5}}, {"type": "Feature", "geometry": {"type": "Polygon", "coordinates": [[[89.625, 18.625], [89.875, 18.625], [89.875, 18.875], [89.625, 18.875], [89.625, 18.625]]]}, "properties": {"time": "2020-05-20T06:00:00", "variable": "msl", "tier": "moderate", "percentile": 100.0, "z": 3.93, "wind_ms": 18.69, "value": 997.05, "lat": 18.75, "lon": 89.75}}, {"type": "Feature", "geometry": {"type": "Polygon", "coordinates": [[[89.875, 18.625], [90.125, 18.625], [90.125, 18.875], [89.875, 18.875], [89.875, 18.625]]]}, "properties": {"time": "2020-05-20T06:00:00", "variable": "msl", "tier": "moderate", "percentile": 99.1, "z": 3.63, "wind_ms": 18.36, "value": 997.74, "lat": 18.75, "lon": 90.0}}, {"type": "Feature", "geometry": {"type": "Polygon", "coordinates": [[[90.125, 18.625], [90.375, 18.625], [90.375, 18.875], [90.125, 18.875], [90.125, 18.625]]]}, "properties": {"time": "2020-05-20T06:00:00", "variable": "msl", "tier": "moderate", "percentile": 99.1, "z": 3.35, "wind_ms": 17.93, "value": 998.4, "lat": 18.75, "lon": 90.25}}, {"type": "Feature", "geometry": {"type": "Polygon", "coordinates": [[[90.375, 18.625], [90.625, 18.625], [90.625, 18.875], [90.375, 18.875], [90.375, 18.625]]]}, "properties": {"time": "2020-05-20T06:00:00", "variable": "msl", "tier": "moderate", "percentile": 99.1, "z": 3.11, "wind_ms": 17.52, "value": 998.93, "lat": 18.75, "lon": 90.5}}, {"type": "Feature", "geometry": {"type": "Polygon", "coordinates": [[[90.625, 18.625], [90.875, 18.625], [90.875, 18.875], [90.625, 18.875], [90.625, 18.625]]]}, "properties": {"time": "2020-05-20T06:00:00", "variable": "msl", "tier": "low", "percentile": 99.1, "z": 2.93, "wind_ms": 16.8, "value": 999.35, "lat": 18.75, "lon": 90.75}}, {"type": "Feature", "geometry": {"type": "Polygon", "coordinates": [[[90.875, 18.625], [91.125, 18.625], [91.125, 18.875], [90.875, 18.875], [90.875, 18.625]]]}, "properties": {"time": "2020-05-20T06:00:00", "variable": "msl", "tier": "low", "percentile": 98.3, "z": 2.81, "wind_ms": 15.96, "value": 999.67, "lat": 18.75, "lon": 91.0}}, {"type": "Feature", "geometry": {"type": "Polygon", "coordinates": [[[91.125, 18.625], [91.375, 18.625], [91.375, 18.875], [91.125, 18.875], [91.125, 18.625]]]}, "properties": {"time": "2020-05-20T06:00:00", "variable": "msl", "tier": "low", "percentile": 98.3, "z": 2.69, "wind_ms": 15.03, "value": 999.99, "lat": 18.75, "lon": 91.25}}, {"type": "Feature", "geometry": {"type": "Polygon", "coordinates": [[[91.375, 18.625], [91.625, 18.625], [91.625, 18.875], [91.375, 18.875], [91.375, 18.625]]]}, "properties": {"time": "2020-05-20T06:00:00", "variable": "msl", "tier": "low", "percentile": 98.3, "z": 2.56, "wind_ms": 14.09, "value": 1000.33, "lat": 18.75, "lon": 91.5}}, {"type": "Feature", "geometry": {"type": "Polygon", "coordinates": [[[91.625, 18.625], [91.875, 18.625], [91.875, 18.875], [91.625, 18.875], [91.625, 18.625]]]}, "properties": {"time": "2020-05-20T06:00:00", "variable": "msl", "tier": "low", "percentile": 98.3, "z": 2.42, "wind_ms": 13.19, "value": 1000.74, "lat": 18.75, "lon": 91.75}}, {"type": "Feature", "geometry": {"type": "Polygon", "coordinates": [[[91.875, 18.625], [92.125, 18.625], [92.125, 18.875], [91.875, 18.875], [91.875, 18.625]]]}, "properties": {"time": "2020-05-20T06:00:00", "variable": "msl", "tier": "low", "percentile": 97.4, "z": 2.25, "wind_ms": 12.57, "value": 1001.19, "lat": 18.75, "lon": 92.0}}, {"type": "Feature", "geometry": {"type": "Polygon", "coordinates": [[[85.375, 18.875], [85.625, 18.875], [85.625, 19.125], [85.375, 19.125], [85.375, 18.875]]]}, "properties": {"time": "2020-05-20T06:00:00", "variable": "msl", "tier": "low", "percentile": 99.1, "z": 3.39, "wind_ms": 9.49, "value": 995.92, "lat": 19.0, "lon": 85.5}}, {"type": "Feature", "geometry": {"type": "Polygon", "coordinates": [[[85.625, 18.875], [85.875, 18.875], [85.875, 19.125], [85.625, 19.125], [85.625, 18.875]]]}, "properties": {"time": "2020-05-20T06:00:00", "variable": "msl", "tier": "low", "percentile": 99.1, "z": 3.61, "wind_ms": 11.79, "value": 995.56, "lat": 19.0, "lon": 85.75}}, {"type": "Feature", "geometry": {"type": "Polygon", "coordinates": [[[85.875, 18.875], [86.125, 18.875], [86.125, 19.125], [85.875, 19.125], [85.875, 18.875]]]}, "properties": {"time": "2020-05-20T06:00:00", "variable": "msl", "tier": "low", "percentile": 99.1, "z": 3.87, "wind_ms": 14.09, "value": 995.04, "lat": 19.0, "lon": 86.0}}, {"type": "Feature", "geometry": {"type": "Polygon", "coordinates": [[[86.125, 18.875], [86.375, 18.875], [86.375, 19.125], [86.125, 19.125], [86.125, 18.875]]]}, "properties": {"time": "2020-05-20T06:00:00", "variable": "msl", "tier": "low", "percentile": 99.1, "z": 4.14, "wind_ms": 16.25, "value": 994.53, "lat": 19.0, "lon": 86.25}}, {"type": "Feature", "geometry": {"type": "Polygon", "coordinates": [[[86.375, 18.875], [86.625, 18.875], [86.625, 19.125], [86.375, 19.125], [86.375, 18.875]]]}, "properties": {"time": "2020-05-20T06:00:00", "variable": "msl", "tier": "moderate", "percentile": 100.0, "z": 4.45, "wind_ms": 17.81, "value": 993.94, "lat": 19.0, "lon": 86.5}}, {"type": "Feature", "geometry": {"type": "Polygon", "coordinates": [[[86.625, 18.875], [86.875, 18.875], [86.875, 19.125], [86.625, 19.125], [86.625, 18.875]]]}, "properties": {"time": "2020-05-20T06:00:00", "variable": "msl", "tier": "moderate", "percentile": 100.0, "z": 4.75, "wind_ms": 18.89, "value": 993.33, "lat": 19.0, "lon": 86.75}}, {"type": "Feature", "geometry": {"type": "Polygon", "coordinates": [[[86.875, 18.875], [87.125, 18.875], [87.125, 19.125], [86.875, 19.125], [86.875, 18.875]]]}, "properties": {"time": "2020-05-20T06:00:00", "variable": "msl", "tier": "moderate", "percentile": 100.0, "z": 5.11, "wind_ms": 20.08, "value": 992.56, "lat": 19.0, "lon": 87.0}}, {"type": "Feature", "geometry": {"type": "Polygon", "coordinates": [[[87.125, 18.875], [87.375, 18.875], [87.375, 19.125], [87.125, 19.125], [87.125, 18.875]]]}, "properties": {"time": "2020-05-20T06:00:00", "variable": "msl", "tier": "moderate", "percentile": 100.0, "z": 5.44, "wind_ms": 21.34, "value": 991.88, "lat": 19.0, "lon": 87.25}}, {"type": "Feature", "geometry": {"type": "Polygon", "coordinates": [[[87.375, 18.875], [87.625, 18.875], [87.625, 19.125], [87.375, 19.125], [87.375, 18.875]]]}, "properties": {"time": "2020-05-20T06:00:00", "variable": "msl", "tier": "moderate", "percentile": 100.0, "z": 5.75, "wind_ms": 21.88, "value": 991.25, "lat": 19.0, "lon": 87.5}}, {"type": "Feature", "geometry": {"type": "Polygon", "coordinates": [[[87.625, 18.875], [87.875, 18.875], [87.875, 19.125], [87.625, 19.125], [87.625, 18.875]]]}, "properties": {"time": "2020-05-20T06:00:00", "variable": "msl", "tier": "moderate", "percentile": 100.0, "z": 5.93, "wind_ms": 22.08, "value": 990.97, "lat": 19.0, "lon": 87.75}}, {"type": "Feature", "geometry": {"type": "Polygon", "coordinates": [[[87.875, 18.875], [88.125, 18.875], [88.125, 19.125], [87.875, 19.125], [87.875, 18.875]]]}, "properties": {"time": "2020-05-20T06:00:00", "variable": "msl", "tier": "moderate", "percentile": 100.0, "z": 5.96, "wind_ms": 22.36, "value": 991.08, "lat": 19.0, "lon": 88.0}}, {"type": "Feature", "geometry": {"type": "Polygon", "coordinates": [[[88.125, 18.875], [88.375, 18.875], [88.375, 19.125], [88.125, 19.125], [88.125, 18.875]]]}, "properties": {"time": "2020-05-20T06:00:00", "variable": "msl", "tier": "moderate", "percentile": 100.0, "z": 5.87, "wind_ms": 22.23, "value": 991.48, "lat": 19.0, "lon": 88.25}}, {"type": "Feature", "geometry": {"type": "Polygon", "coordinates": [[[88.375, 18.875], [88.625, 18.875], [88.625, 19.125], [88.375, 19.125], [88.375, 18.875]]]}, "properties": {"time": "2020-05-20T06:00:00", "variable": "msl", "tier": "moderate", "percentile": 100.0, "z": 5.74, "wind_ms": 21.83, "value": 992.05, "lat": 19.0, "lon": 88.5}}, {"type": "Feature", "geometry": {"type": "Polygon", "coordinates": [[[88.625, 18.875], [88.875, 18.875], [88.875, 19.125], [88.625, 19.125], [88.625, 18.875]]]}, "properties": {"time": "2020-05-20T06:00:00", "variable": "msl", "tier": "moderate", "percentile": 100.0, "z": 5.53, "wind_ms": 21.46, "value": 992.78, "lat": 19.0, "lon": 88.75}}, {"type": "Feature", "geometry": {"type": "Polygon", "coordinates": [[[88.875, 18.875], [89.125, 18.875], [89.125, 19.125], [88.875, 19.125], [88.875, 18.875]]]}, "properties": {"time": "2020-05-20T06:00:00", "variable": "msl", "tier": "moderate", "percentile": 100.0, "z": 5.28, "wind_ms": 21.2, "value": 993.53, "lat": 19.0, "lon": 89.0}}, {"type": "Feature", "geometry": {"type": "Polygon", "coordinates": [[[89.125, 18.875], [89.375, 18.875], [89.375, 19.125], [89.125, 19.125], [89.125, 18.875]]]}, "properties": {"time": "2020-05-20T06:00:00", "variable": "msl", "tier": "moderate", "percentile": 100.0, "z": 4.95, "wind_ms": 20.59, "value": 994.44, "lat": 19.0, "lon": 89.25}}, {"type": "Feature", "geometry": {"type": "Polygon", "coordinates": [[[89.375, 18.875], [89.625, 18.875], [89.625, 19.125], [89.375, 19.125], [89.375, 18.875]]]}, "properties": {"time": "2020-05-20T06:00:00", "variable": "msl", "tier": "moderate", "percentile": 100.0, "z": 4.59, "wind_ms": 19.77, "value": 995.33, "lat": 19.0, "lon": 89.5}}, {"type": "Feature", "geometry": {"type": "Polygon", "coordinates": [[[89.625, 18.875], [89.875, 18.875], [89.875, 19.125], [89.625, 19.125], [89.625, 18.875]]]}, "properties": {"time": "2020-05-20T06:00:00", "variable": "msl", "tier": "moderate", "percentile": 100.0, "z": 4.21, "wind_ms": 19.13, "value": 996.28, "lat": 19.0, "lon": 89.75}}, {"type": "Feature", "geometry": {"type": "Polygon", "coordinates": [[[89.875, 18.875], [90.125, 18.875], [90.125, 19.125], [89.875, 19.125], [89.875, 18.875]]]}, "properties": {"time": "2020-05-20T06:00:00", "variable": "msl", "tier": "moderate", "percentile": 99.1, "z": 3.86, "wind_ms": 18.77, "value": 997.13, "lat": 19.0, "lon": 90.0}}, {"type": "Feature", "geometry": {"type": "Polygon", "coordinates": [[[90.125, 18.875], [90.375, 18.875], [90.375, 19.125], [90.125, 19.125], [90.125, 18.875]]]}, "properties": {"time": "2020-05-20T06:00:00", "variable": "msl", "tier": "moderate", "percentile": 99.1, "z": 3.55, "wind_ms": 18.31, "value": 997.89, "lat": 19.0, "lon": 90.25}}, {"type": "Feature", "geometry": {"type": "Polygon", "coordinates": [[[90.375, 18.875], [90.625, 18.875], [90.625, 19.125], [90.375, 19.125], [90.375, 18.875]]]}, "properties": {"time": "2020-05-20T06:00:00", "variable": "msl", "tier": "moderate", "percentile": 99.1, "z": 3.27, "wind_ms": 17.73, "value": 998.58, "lat": 19.0, "lon": 90.5}}, {"type": "Feature", "geometry": {"type": "Polygon", "coordinates": [[[90.625, 18.875], [90.875, 18.875], [90.875, 19.125], [90.625, 19.125], [90.625, 18.875]]]}, "properties": {"time": "2020-05-20T06:00:00", "variable": "msl", "tier": "moderate", "percentile": 99.1, "z": 3.07, "wind_ms": 17.1, "value": 999.03, "lat": 19.0, "lon": 90.75}}, {"type": "Feature", "geometry": {"type": "Polygon", "coordinates": [[[90.875, 18.875], [91.125, 18.875], [91.125, 19.125], [90.875, 19.125], [90.875, 18.875]]]}, "properties": {"time": "2020-05-20T06:00:00", "variable": "msl", "tier": "low", "percentile": 99.1, "z": 2.93, "wind_ms": 16.37, "value": 999.38, "lat": 19.0, "lon": 91.0}}, {"type": "Feature", "geometry": {"type": "Polygon", "coordinates": [[[91.125, 18.875], [91.375, 18.875], [91.375, 19.125], [91.125, 19.125], [91.125, 18.875]]]}, "properties": {"time": "2020-05-20T06:00:00", "variable": "msl", "tier": "low", "percentile": 98.3, "z": 2.82, "wind_ms": 15.39, "value": 999.7, "lat": 19.0, "lon": 91.25}}, {"type": "Feature", "geometry": {"type": "Polygon", "coordinates": [[[91.375, 18.875], [91.625, 18.875], [91.625, 19.125], [91.375, 19.125], [91.375, 18.875]]]}, "properties": {"time": "2020-05-20T06:00:00", "variable": "msl", "tier": "low", "percentile": 98.3, "z": 2.7, "wind_ms": 14.31, "value": 1000.08, "lat": 19.0, "lon": 91.5}}, {"type": "Feature", "geometry": {"type": "Polygon", "coordinates": [[[91.625, 18.875], [91.875, 18.875], [91.875, 19.125], [91.625, 19.125], [91.625, 18.875]]]}, "properties": {"time": "2020-05-20T06:00:00", "variable": "msl", "tier": "low", "percentile": 98.3, "z": 2.55, "wind_ms": 13.48, "value": 1000.5, "lat": 19.0, "lon": 91.75}}, {"type": "Feature", "geometry": {"type": "Polygon", "coordinates": [[[91.875, 18.875], [92.125, 18.875], [92.125, 19.125], [91.875, 19.125], [91.875, 18.875]]]}, "properties": {"time": "2020-05-20T06:00:00", "variable": "msl", "tier": "low", "percentile": 98.3, "z": 2.37, "wind_ms": 12.81, "value": 1001.0, "lat": 19.0, "lon": 92.0}}, {"type": "Feature", "geometry": {"type": "Polygon", "coordinates": [[[85.375, 19.125], [85.625, 19.125], [85.625, 19.375], [85.375, 19.375], [85.375, 19.125]]]}, "properties": {"time": "2020-05-20T06:00:00", "variable": "msl", "tier": "low", "percentile": 99.1, "z": 3.51, "wind_ms": 9.09, "value": 995.68, "lat": 19.25, "lon": 85.5}}, {"type": "Feature", "geometry": {"type": "Polygon", "coordinates": [[[85.625, 19.125], [85.875, 19.125], [85.875, 19.375], [85.625, 19.375], [85.625, 19.125]]]}, "properties": {"time": "2020-05-20T06:00:00", "variable": "msl", "tier": "low", "percentile": 99.1, "z": 3.73, "wind_ms": 12.19, "value": 995.2, "lat": 19.25, "lon": 85.75}}, {"type": "Feature", "geometry": {"type": "Polygon", "coordinates": [[[85.875, 19.125], [86.125, 19.125], [86.125, 19.375], [85.875, 19.375], [85.875, 19.125]]]}, "properties": {"time": "2020-05-20T06:00:00", "variable": "msl", "tier": "low", "percentile": 99.1, "z": 4.01, "wind_ms": 14.5, "value": 994.62, "lat": 19.25, "lon": 86.0}}, {"type": "Feature", "geometry": {"type": "Polygon", "coordinates": [[[86.125, 19.125], [86.375, 19.125], [86.375, 19.375], [86.125, 19.375], [86.125, 19.125]]]}, "properties": {"time": "2020-05-20T06:00:00", "variable": "msl", "tier": "low", "percentile": 100.0, "z": 4.35, "wind_ms": 16.47, "value": 993.95, "lat": 19.25, "lon": 86.25}}, {"type": "Feature", "geometry": {"type": "Polygon", "coordinates": [[[86.375, 19.125], [86.625, 19.125], [86.625, 19.375], [86.375, 19.375], [86.375, 19.125]]]}, "properties": {"time": "2020-05-20T06:00:00", "variable": "msl", "tier": "moderate", "percentile": 100.0, "z": 4.73, "wind_ms": 17.97, "value": 993.15, "lat": 19.25, "lon": 86.5}}, {"type": "Feature", "geometry": {"type": "Polygon", "coordinates": [[[86.625, 19.125], [86.875, 19.125], [86.875, 19.375], [86.625, 19.375], [86.625, 19.125]]]}, "properties": {"time": "2020-05-20T06:00:00", "variable": "msl", "tier": "moderate", "percentile": 100.0, "z": 5.14, "wind_ms": 19.02, "value": 992.22, "lat": 19.25, "lon": 86.75}}, {"type": "Feature", "geometry": {"type": "Polygon", "coordinates": [[[86.875, 19.125], [87.125, 19.125], [87.125, 19.375], [86.875, 19.375], [86.875, 19.125]]]}, "properties": {"time": "2020-05-20T06:00:00", "variable": "msl", "tier": "moderate", "percentile": 100.0, "z": 5.61, "wind_ms": 20.14, "value": 991.15, "lat": 19.25, "lon": 87.0}}, {"type": "Feature", "geometry": {"type": "Polygon", "coordinates": [[[87.125, 19.125], [87.375, 19.125], [87.375, 19.375], [87.125, 19.375], [87.125, 19.125]]]}, "properties": {"time": "2020-05-20T06:00:00", "variable": "msl", "tier": "moderate", "percentile": 100.0, "z": 6.11, "wind_ms": 21.58, "value": 990.02, "lat": 19.25, "lon": 87.25}}, {"type": "Feature", "geometry": {"type": "Polygon", "coordinates": [[[87.375, 19.125], [87.625, 19.125], [87.625, 19.375], [87.375, 19.375], [87.375, 19.125]]]}, "properties": {"time": "2020-05-20T06:00:00", "variable": "msl", "tier": "moderate", "percentile": 100.0, "z": 6.54, "wind_ms": 22.48, "value": 989.1, "lat": 19.25, "lon": 87.5}}, {"type": "Feature", "geometry": {"type": "Polygon", "coordinates": [[[87.625, 19.125], [87.875, 19.125], [87.875, 19.375], [87.625, 19.375], [87.625, 19.125]]]}, "properties": {"time": "2020-05-20T06:00:00", "variable": "msl", "tier": "moderate", "percentile": 100.0, "z": 6.78, "wind_ms": 22.8, "value": 988.69, "lat": 19.25, "lon": 87.75}}, {"type": "Feature", "geometry": {"type": "Polygon", "coordinates": [[[87.875, 19.125], [88.125, 19.125], [88.125, 19.375], [87.875, 19.375], [87.875, 19.125]]]}, "properties": {"time": "2020-05-20T06:00:00", "variable": "msl", "tier": "moderate", "percentile": 100.0, "z": 6.79, "wind_ms": 23.03, "value": 988.85, "lat": 19.25, "lon": 88.0}}, {"type": "Feature", "geometry": {"type": "Polygon", "coordinates": [[[88.125, 19.125], [88.375, 19.125], [88.375, 19.375], [88.125, 19.375], [88.125, 19.125]]]}, "properties": {"time": "2020-05-20T06:00:00", "variable": "msl", "tier": "moderate", "percentile": 100.0, "z": 6.65, "wind_ms": 22.99, "value": 989.38, "lat": 19.25, "lon": 88.25}}, {"type": "Feature", "geometry": {"type": "Polygon", "coordinates": [[[88.375, 19.125], [88.625, 19.125], [88.625, 19.375], [88.375, 19.375], [88.375, 19.125]]]}, "properties": {"time": "2020-05-20T06:00:00", "variable": "msl", "tier": "moderate", "percentile": 100.0, "z": 6.4, "wind_ms": 22.6, "value": 990.22, "lat": 19.25, "lon": 88.5}}, {"type": "Feature", "geometry": {"type": "Polygon", "coordinates": [[[88.625, 19.125], [88.875, 19.125], [88.875, 19.375], [88.625, 19.375], [88.625, 19.125]]]}, "properties": {"time": "2020-05-20T06:00:00", "variable": "msl", "tier": "moderate", "percentile": 100.0, "z": 6.1, "wind_ms": 22.11, "value": 991.2, "lat": 19.25, "lon": 88.75}}, {"type": "Feature", "geometry": {"type": "Polygon", "coordinates": [[[88.875, 19.125], [89.125, 19.125], [89.125, 19.375], [88.875, 19.375], [88.875, 19.125]]]}, "properties": {"time": "2020-05-20T06:00:00", "variable": "msl", "tier": "moderate", "percentile": 100.0, "z": 5.77, "wind_ms": 21.8, "value": 992.25, "lat": 19.25, "lon": 89.0}}, {"type": "Feature", "geometry": {"type": "Polygon", "coordinates": [[[89.125, 19.125], [89.375, 19.125], [89.375, 19.375], [89.125, 19.375], [89.125, 19.125]]]}, "properties": {"time": "2020-05-20T06:00:00", "variable": "msl", "tier": "moderate", "percentile": 100.0, "z": 5.38, "wind_ms": 21.26, "value": 993.34, "lat": 19.25, "lon": 89.25}}, {"type": "Feature", "geometry": {"type": "Polygon", "coordinates": [[[89.375, 19.125], [89.625, 19.125], [89.625, 19.375], [89.375, 19.375], [89.375, 19.125]]]}, "properties": {"time": "2020-05-20T06:00:00", "variable": "msl", "tier": "moderate", "percentile": 100.0, "z": 4.94, "wind_ms": 20.26, "value": 994.48, "lat": 19.25, "lon": 89.5}}, {"type": "Feature", "geometry": {"type": "Polygon", "coordinates": [[[89.625, 19.125], [89.875, 19.125], [89.875, 19.375], [89.625, 19.375], [89.625, 19.125]]]}, "properties": {"time": "2020-05-20T06:00:00", "variable": "msl", "tier": "moderate", "percentile": 100.0, "z": 4.52, "wind_ms": 19.4, "value": 995.53, "lat": 19.25, "lon": 89.75}}, {"type": "Feature", "geometry": {"type": "Polygon", "coordinates": [[[89.875, 19.125], [90.125, 19.125], [90.125, 19.375], [89.875, 19.375], [89.875, 19.125]]]}, "properties": {"time": "2020-05-20T06:00:00", "variable": "msl", "tier": "moderate", "percentile": 100.0, "z": 4.12, "wind_ms": 19.06, "value": 996.44, "lat": 19.25, "lon": 90.0}}, {"type": "Feature", "geometry": {"type": "Polygon", "coordinates": [[[90.125, 19.125], [90.375, 19.125], [90.375, 19.375], [90.125, 19.375], [90.125, 19.125]]]}, "properties": {"time": "2020-05-20T06:00:00", "variable": "msl", "tier": "moderate", "percentile": 99.1, "z": 3.76, "wind_ms": 18.61, "value": 997.34, "lat": 19.25, "lon": 90.25}}, {"type": "Feature", "geometry": {"type": "Polygon", "coordinates": [[[90.375, 19.125], [90.625, 19.125], [90.625, 19.375], [90.375, 19.375], [90.375, 19.125]]]}, "properties": {"time": "2020-05-20T06:00:00", "variable": "msl", "tier": "moderate", "percentile": 99.1, "z": 3.44, "wind_ms": 18.03, "value": 998.12, "lat": 19.25, "lon": 90.5}}, {"type": "Feature", "geometry": {"type": "Polygon", "coordinates": [[[90.625, 19.125], [90.875, 19.125], [90.875, 19.375], [90.625, 19.375], [90.625, 19.125]]]}, "properties": {"time": "2020-05-20T06:00:00", "variable": "msl", "tier": "moderate", "percentile": 99.1, "z": 3.22, "wind_ms": 17.47, "value": 998.66, "lat": 19.25, "lon": 90.75}}, {"type": "Feature", "geometry": {"type": "Polygon", "coordinates": [[[90.875, 19.125], [91.125, 19.125], [91.125, 19.375], [90.875, 19.375], [90.875, 19.125]]]}, "properties": {"time": "2020-05-20T06:00:00", "variable": "msl", "tier": "low", "percentile": 99.1, "z": 3.07, "wind_ms": 16.68, "value": 999.05, "lat": 19.25, "lon": 91.0}}, {"type": "Feature", "geometry": {"type": "Polygon", "coordinates": [[[91.125, 19.125], [91.375, 19.125], [91.375, 19.375], [91.125, 19.375], [91.125, 19.125]]]}, "properties": {"time": "2020-05-20T06:00:00", "variable": "msl", "tier": "low", "percentile": 99.1, "z": 2.95, "wind_ms": 15.64, "value": 999.41, "lat": 19.25, "lon": 91.25}}, {"type": "Feature", "geometry": {"type": "Polygon", "coordinates": [[[91.375, 19.125], [91.625, 19.125], [91.625, 19.375], [91.375, 19.375], [91.375, 19.125]]]}, "properties": {"time": "2020-05-20T06:00:00", "variable": "msl", "tier": "low", "percentile": 98.3, "z": 2.83, "wind_ms": 14.61, "value": 999.79, "lat": 19.25, "lon": 91.5}}, {"type": "Feature", "geometry": {"type": "Polygon", "coordinates": [[[91.625, 19.125], [91.875, 19.125], [91.875, 19.375], [91.625, 19.375], [91.625, 19.125]]]}, "properties": {"time": "2020-05-20T06:00:00", "variable": "msl", "tier": "low", "percentile": 98.3, "z": 2.68, "wind_ms": 13.78, "value": 1000.25, "lat": 19.25, "lon": 91.75}}, {"type": "Feature", "geometry": {"type": "Polygon", "coordinates": [[[91.875, 19.125], [92.125, 19.125], [92.125, 19.375], [91.875, 19.375], [91.875, 19.125]]]}, "properties": {"time": "2020-05-20T06:00:00", "variable": "msl", "tier": "low", "percentile": 98.3, "z": 2.5, "wind_ms": 13.06, "value": 1000.81, "lat": 19.25, "lon": 92.0}}, {"type": "Feature", "geometry": {"type": "Polygon", "coordinates": [[[85.375, 19.375], [85.625, 19.375], [85.625, 19.625], [85.375, 19.625], [85.375, 19.375]]]}, "properties": {"time": "2020-05-20T06:00:00", "variable": "msl", "tier": "low", "percentile": 99.1, "z": 3.64, "wind_ms": 10.91, "value": 995.37, "lat": 19.5, "lon": 85.5}}, {"type": "Feature", "geometry": {"type": "Polygon", "coordinates": [[[85.625, 19.375], [85.875, 19.375], [85.875, 19.625], [85.625, 19.625], [85.625, 19.375]]]}, "properties": {"time": "2020-05-20T06:00:00", "variable": "msl", "tier": "low", "percentile": 99.1, "z": 3.91, "wind_ms": 12.38, "value": 994.85, "lat": 19.5, "lon": 85.75}}, {"type": "Feature", "geometry": {"type": "Polygon", "coordinates": [[[85.875, 19.375], [86.125, 19.375], [86.125, 19.625], [85.875, 19.625], [85.875, 19.375]]]}, "properties": {"time": "2020-05-20T06:00:00", "variable": "msl", "tier": "low", "percentile": 100.0, "z": 4.24, "wind_ms": 14.87, "value": 994.14, "lat": 19.5, "lon": 86.0}}, {"type": "Feature", "geometry": {"type": "Polygon", "coordinates": [[[86.125, 19.375], [86.375, 19.375], [86.375, 19.625], [86.125, 19.625], [86.125, 19.375]]]}, "properties": {"time": "2020-05-20T06:00:00", "variable": "msl", "tier": "low", "percentile": 100.0, "z": 4.64, "wind_ms": 16.92, "value": 993.26, "lat": 19.5, "lon": 86.25}}, {"type": "Feature", "geometry": {"type": "Polygon", "coordinates": [[[86.375, 19.375], [86.625, 19.375], [86.625, 19.625], [86.375, 19.625], [86.375, 19.375]]]}, "properties": {"time": "2020-05-20T06:00:00", "variable": "msl", "tier": "moderate", "percentile": 100.0, "z": 5.09, "wind_ms": 18.15, "value": 992.28, "lat": 19.5, "lon": 86.5}}, {"type": "Feature", "geometry": {"type": "Polygon", "coordinates": [[[86.625, 19.375], [86.875, 19.375], [86.875, 19.625], [86.625, 19.625], [86.625, 19.375]]]}, "properties": {"time": "2020-05-20T06:00:00", "variable": "msl", "tier": "moderate", "percentile": 100.0, "z": 5.63, "wind_ms": 19.29, "value": 991.03, "lat": 19.5, "lon": 86.75}}, {"type": "Feature", "geometry": {"type": "Polygon", "coordinates": [[[86.875, 19.375], [87.125, 19.375], [87.125, 19.625], [86.875, 19.625], [86.875, 19.375]]]}, "properties": {"time": "2020-05-20T06:00:00", "variable": "msl", "tier": "moderate", "percentile": 100.0, "z": 6.22, "wind_ms": 20.84, "value": 989.63, "lat": 19.5, "lon": 87.0}}, {"type": "Feature", "geometry": {"type": "Polygon", "coordinates": [[[87.125, 19.375], [87.375, 19.375], [87.375, 19.625], [87.125, 19.625], [87.125, 19.375]]]}, "properties": {"time": "2020-05-20T06:00:00", "variable": "msl", "tier": "moderate", "percentile": 100.0, "z": 6.93, "wind_ms": 22.53, "value": 987.9, "lat": 19.5, "lon": 87.25}}, {"type": "Feature", "geometry": {"type": "Polygon", "coordinates": [[[87.375, 19.375], [87.625, 19.375], [87.625, 19.625], [87.375, 19.625], [87.375, 19.375]]]}, "properties": {"time": "2020-05-20T06:00:00", "variable": "msl", "tier": "moderate", "percentile": 100.0, "z": 7.55, "wind_ms": 23.5, "value": 986.45, "lat": 19.5, "lon": 87.5}}, {"type": "Feature", "geometry": {"type": "Polygon", "coordinates": [[[87.625, 19.375], [87.875, 19.375], [87.875, 19.625], [87.625, 19.625], [87.625, 19.375]]]}, "properties": {"time": "2020-05-20T06:00:00", "variable": "msl", "tier": "moderate", "percentile": 100.0, "z": 7.97, "wind_ms": 23.89, "value": 985.51, "lat": 19.5, "lon": 87.75}}, {"type": "Feature", "geometry": {"type": "Polygon", "coordinates": [[[87.875, 19.375], [88.125, 19.375], [88.125, 19.625], [87.875, 19.625], [87.875, 19.375]]]}, "properties": {"time": "2020-05-20T06:00:00", "variable": "msl", "tier": "moderate", "percentile": 100.0, "z": 7.97, "wind_ms": 23.71, "value": 985.77, "lat": 19.5, "lon": 88.0}}, {"type": "Feature", "geometry": {"type": "Polygon", "coordinates": [[[88.125, 19.375], [88.375, 19.375], [88.375, 19.625], [88.125, 19.625], [88.125, 19.375]]]}, "properties": {"time": "2020-05-20T06:00:00", "variable": "msl", "tier": "moderate", "percentile": 100.0, "z": 7.68, "wind_ms": 23.28, "value": 986.71, "lat": 19.5, "lon": 88.25}}, {"type": "Feature", "geometry": {"type": "Polygon", "coordinates": [[[88.375, 19.375], [88.625, 19.375], [88.625, 19.625], [88.375, 19.625], [88.375, 19.375]]]}, "properties": {"time": "2020-05-20T06:00:00", "variable": "msl", "tier": "moderate", "percentile": 100.0, "z": 7.23, "wind_ms": 23.33, "value": 988.1, "lat": 19.5, "lon": 88.5}}, {"type": "Feature", "geometry": {"type": "Polygon", "coordinates": [[[88.625, 19.375], [88.875, 19.375], [88.875, 19.625], [88.625, 19.625], [88.625, 19.375]]]}, "properties": {"time": "2020-05-20T06:00:00", "variable": "msl", "tier": "moderate", "percentile": 100.0, "z": 6.8, "wind_ms": 22.97, "value": 989.44, "lat": 19.5, "lon": 88.75}}, {"type": "Feature", "geometry": {"type": "Polygon", "coordinates": [[[88.875, 19.375], [89.125, 19.375], [89.125, 19.625], [88.875, 19.625], [88.875, 19.375]]]}, "properties": {"time": "2020-05-20T06:00:00", "variable": "msl", "tier": "moderate", "percentile": 100.0, "z": 6.31, "wind_ms": 22.15, "value": 990.84, "lat": 19.5, "lon": 89.0}}, {"type": "Feature", "geometry": {"type": "Polygon", "coordinates": [[[89.125, 19.375], [89.375, 19.375], [89.375, 19.625], [89.125, 19.625], [89.125, 19.375]]]}, "properties": {"time": "2020-05-20T06:00:00", "variable": "msl", "tier": "moderate", "percentile": 100.0, "z": 5.83, "wind_ms": 21.32, "value": 992.13, "lat": 19.5, "lon": 89.25}}, {"type": "Feature", "geometry": {"type": "Polygon", "coordinates": [[[89.375, 19.375], [89.625, 19.375], [89.625, 19.625], [89.375, 19.625], [89.375, 19.375]]]}, "properties": {"time": "2020-05-20T06:00:00", "variable": "msl", "tier": "moderate", "percentile": 100.0, "z": 5.3, "wind_ms": 20.24, "value": 993.51, "lat": 19.5, "lon": 89.5}}, {"type": "Feature", "geometry": {"type": "Polygon", "coordinates": [[[89.625, 19.375], [89.875, 19.375], [89.875, 19.625], [89.625, 19.625], [89.625, 19.375]]]}, "properties": {"time": "2020-05-20T06:00:00", "variable": "msl", "tier": "moderate", "percentile": 100.0, "z": 4.82, "wind_ms": 19.44, "value": 994.73, "lat": 19.5, "lon": 89.75}}, {"type": "Feature", "geometry": {"type": "Polygon", "coordinates": [[[89.875, 19.375], [90.125, 19.375], [90.125, 19.625], [89.875, 19.625], [89.875, 19.375]]]}, "properties": {"time": "2020-05-20T06:00:00", "variable": "msl", "tier": "moderate", "percentile": 100.0, "z": 4.38, "wind_ms": 19.27, "value": 995.82, "lat": 19.5, "lon": 90.0}}, {"type": "Feature", "geometry": {"type": "Polygon", "coordinates": [[[90.125, 19.375], [90.375, 19.375], [90.375, 19.625], [90.125, 19.625], [90.125, 19.375]]]}, "properties": {"time": "2020-05-20T06:00:00", "variable": "msl", "tier": "moderate", "percentile": 100.0, "z": 3.97, "wind_ms": 18.8, "value": 996.84, "lat": 19.5, "lon": 90.25}}, {"type": "Feature", "geometry": {"type": "Polygon", "coordinates": [[[90.375, 19.375], [90.625, 19.375], [90.625, 19.625], [90.375, 19.625], [90.375, 19.375]]]}, "properties": {"time": "2020-05-20T06:00:00", "variable": "msl", "tier": "moderate", "percentile": 99.1, "z": 3.63, "wind_ms": 18.35, "value": 997.67, "lat": 19.5, "lon": 90.5}}, {"type": "Feature", "geometry": {"type": "Polygon", "coordinates": [[[90.625, 19.375], [90.875, 19.375], [90.875, 19.625], [90.625, 19.625], [90.625, 19.375]]]}, "properties": {"time": "2020-05-20T06:00:00", "variable": "msl", "tier": "moderate", "percentile": 99.1, "z": 3.37, "wind_ms": 17.69, "value": 998.33, "lat": 19.5, "lon": 90.75}}, {"type": "Feature", "geometry": {"type": "Polygon", "coordinates": [[[90.875, 19.375], [91.125, 19.375], [91.125, 19.625], [90.875, 19.625], [90.875, 19.375]]]}, "properties": {"time": "2020-05-20T06:00:00", "variable": "msl", "tier": "low", "percentile": 99.1, "z": 3.2, "wind_ms": 16.78, "value": 998.76, "lat": 19.5, "lon": 91.0}}, {"type": "Feature", "geometry": {"type": "Polygon", "coordinates": [[[91.125, 19.375], [91.375, 19.375], [91.375, 19.625], [91.125, 19.625], [91.125, 19.375]]]}, "properties": {"time": "2020-05-20T06:00:00", "variable": "msl", "tier": "low", "percentile": 99.1, "z": 3.07, "wind_ms": 15.83, "value": 999.16, "lat": 19.5, "lon": 91.25}}, {"type": "Feature", "geometry": {"type": "Polygon", "coordinates": [[[91.375, 19.375], [91.625, 19.375], [91.625, 19.625], [91.375, 19.625], [91.375, 19.375]]]}, "properties": {"time": "2020-05-20T06:00:00", "variable": "msl", "tier": "low", "percentile": 99.1, "z": 2.94, "wind_ms": 14.92, "value": 999.59, "lat": 19.5, "lon": 91.5}}, {"type": "Feature", "geometry": {"type": "Polygon", "coordinates": [[[91.625, 19.375], [91.875, 19.375], [91.875, 19.625], [91.625, 19.625], [91.625, 19.375]]]}, "properties": {"time": "2020-05-20T06:00:00", "variable": "msl", "tier": "low", "percentile": 98.3, "z": 2.79, "wind_ms": 13.97, "value": 1000.09, "lat": 19.5, "lon": 91.75}}, {"type": "Feature", "geometry": {"type": "Polygon", "coordinates": [[[91.875, 19.375], [92.125, 19.375], [92.125, 19.625], [91.875, 19.625], [91.875, 19.375]]]}, "properties": {"time": "2020-05-20T06:00:00", "variable": "msl", "tier": "low", "percentile": 98.3, "z": 2.6, "wind_ms": 13.46, "value": 1000.67, "lat": 19.5, "lon": 92.0}}, {"type": "Feature", "geometry": {"type": "Polygon", "coordinates": [[[85.375, 19.625], [85.625, 19.625], [85.625, 19.875], [85.375, 19.875], [85.375, 19.625]]]}, "properties": {"time": "2020-05-20T06:00:00", "variable": "msl", "tier": "low", "percentile": 99.1, "z": 3.83, "wind_ms": 10.85, "value": 994.93, "lat": 19.75, "lon": 85.5}}, {"type": "Feature", "geometry": {"type": "Polygon", "coordinates": [[[85.625, 19.625], [85.875, 19.625], [85.875, 19.875], [85.625, 19.875], [85.625, 19.625]]]}, "properties": {"time": "2020-05-20T06:00:00", "variable": "msl", "tier": "low", "percentile": 100.0, "z": 4.14, "wind_ms": 10.79, "value": 994.25, "lat": 19.75, "lon": 85.75}}, {"type": "Feature", "geometry": {"type": "Polygon", "coordinates": [[[85.875, 19.625], [86.125, 19.625], [86.125, 19.875], [85.875, 19.875], [85.875, 19.625]]]}, "properties": {"time": "2020-05-20T06:00:00", "variable": "msl", "tier": "low", "percentile": 100.0, "z": 4.59, "wind_ms": 13.27, "value": 993.26, "lat": 19.75, "lon": 86.0}}, {"type": "Feature", "geometry": {"type": "Polygon", "coordinates": [[[86.125, 19.625], [86.375, 19.625], [86.375, 19.875], [86.125, 19.875], [86.125, 19.625]]]}, "properties": {"time": "2020-05-20T06:00:00", "variable": "msl", "tier": "low", "percentile": 100.0, "z": 5.05, "wind_ms": 15.72, "value": 992.23, "lat": 19.75, "lon": 86.25}}, {"type": "Feature", "geometry": {"type": "Polygon", "coordinates": [[[86.375, 19.625], [86.625, 19.625], [86.625, 19.875], [86.375, 19.875], [86.375, 19.625]]]}, "properties": {"time": "2020-05-20T06:00:00", "variable": "msl", "tier": "moderate", "percentile": 100.0, "z": 5.63, "wind_ms": 17.71, "value": 990.86, "lat": 19.75, "lon": 86.5}}, {"type": "Feature", "geometry": {"type": "Polygon", "coordinates": [[[86.625, 19.625], [86.875, 19.625], [86.875, 19.875], [86.625, 19.875], [86.625, 19.625]]]}, "properties": {"time": "2020-05-20T06:00:00", "variable": "msl", "tier": "moderate", "percentile": 100.0, "z": 6.24, "wind_ms": 19.1, "value": 989.44, "lat": 19.75, "lon": 86.75}}, {"type": "Feature", "geometry": {"type": "Polygon", "coordinates": [[[86.875, 19.625], [87.125, 19.625], [87.125, 19.875], [86.875, 19.875], [86.875, 19.625]]]}, "properties": {"time": "2020-05-20T06:00:00", "variable": "msl", "tier": "moderate", "percentile": 100.0, "z": 7.02, "wind_ms": 20.99, "value": 987.55, "lat": 19.75, "lon": 87.0}}, {"type": "Feature", "geometry": {"type": "Polygon", "coordinates": [[[87.125, 19.625], [87.375, 19.625], [87.375, 19.875], [87.125, 19.875], [87.125, 19.625]]]}, "properties": {"time": "2020-05-20T06:00:00", "variable": "msl", "tier": "moderate", "percentile": 100.0, "z": 7.81, "wind_ms": 22.79, "value": 985.61, "lat": 19.75, "lon": 87.25}}, {"type": "Feature", "geometry": {"type": "Polygon", "coordinates": [[[87.375, 19.625], [87.625, 19.625], [87.625, 19.875], [87.375, 19.875], [87.375, 19.625]]]}, "properties": {"time": "2020-05-20T06:00:00", "variable": "msl", "tier": "severe", "percentile": 100.0, "z": 8.78, "wind_ms": 25.11, "value": 983.25, "lat": 19.75, "lon": 87.5}}, {"type": "Feature", "geometry": {"type": "Polygon", "coordinates": [[[87.625, 19.625], [87.875, 19.625], [87.875, 19.875], [87.625, 19.875], [87.625, 19.625]]]}, "properties": {"time": "2020-05-20T06:00:00", "variable": "msl", "tier": "severe", "percentile": 100.0, "z": 9.45, "wind_ms": 25.74, "value": 981.73, "lat": 19.75, "lon": 87.75}}, {"type": "Feature", "geometry": {"type": "Polygon", "coordinates": [[[87.875, 19.625], [88.125, 19.625], [88.125, 19.875], [87.875, 19.875], [87.875, 19.625]]]}, "properties": {"time": "2020-05-20T06:00:00", "variable": "msl", "tier": "severe", "percentile": 100.0, "z": 9.47, "wind_ms": 25.15, "value": 981.89, "lat": 19.75, "lon": 88.0}}, {"type": "Feature", "geometry": {"type": "Polygon", "coordinates": [[[88.125, 19.625], [88.375, 19.625], [88.375, 19.875], [88.125, 19.875], [88.125, 19.625]]]}, "properties": {"time": "2020-05-20T06:00:00", "variable": "msl", "tier": "moderate", "percentile": 100.0, "z": 8.94, "wind_ms": 23.75, "value": 983.48, "lat": 19.75, "lon": 88.25}}, {"type": "Feature", "geometry": {"type": "Polygon", "coordinates": [[[88.375, 19.625], [88.625, 19.625], [88.625, 19.875], [88.375, 19.875], [88.375, 19.625]]]}, "properties": {"time": "2020-05-20T06:00:00", "variable": "msl", "tier": "moderate", "percentile": 100.0, "z": 8.32, "wind_ms": 23.8, "value": 985.31, "lat": 19.75, "lon": 88.5}}, {"type": "Feature", "geometry": {"type": "Polygon", "coordinates": [[[88.625, 19.625], [88.875, 19.625], [88.875, 19.875], [88.625, 19.875], [88.625, 19.625]]]}, "properties": {"time": "2020-05-20T06:00:00", "variable": "msl", "tier": "moderate", "percentile": 100.0, "z": 7.52, "wind_ms": 23.45, "value": 987.59, "lat": 19.75, "lon": 88.75}}, {"type": "Feature", "geometry": {"type": "Polygon", "coordinates": [[[88.875, 19.625], [89.125, 19.625], [89.125, 19.875], [88.875, 19.875], [88.875, 19.625]]]}, "properties": {"time": "2020-05-20T06:00:00", "variable": "msl", "tier": "moderate", "percentile": 100.0, "z": 6.91, "wind_ms": 22.67, "value": 989.31, "lat": 19.75, "lon": 89.0}}, {"type": "Feature", "geometry": {"type": "Polygon", "coordinates": [[[89.125, 19.625], [89.375, 19.625], [89.375, 19.875], [89.125, 19.875], [89.125, 19.625]]]}, "properties": {"time": "2020-05-20T06:00:00", "variable": "msl", "tier": "moderate", "percentile": 100.0, "z": 6.25, "wind_ms": 21.27, "value": 991.09, "lat": 19.75, "lon": 89.25}}, {"type": "Feature", "geometry": {"type": "Polygon", "coordinates": [[[89.375, 19.625], [89.625, 19.625], [89.625, 19.875], [89.375, 19.875], [89.375, 19.625]]]}, "properties": {"time": "2020-05-20T06:00:00", "variable": "msl", "tier": "moderate", "percentile": 100.0, "z": 5.68, "wind_ms": 20.28, "value": 992.57, "lat": 19.75, "lon": 89.5}}, {"type": "Feature", "geometry": {"type": "Polygon", "coordinates": [[[89.625, 19.625], [89.875, 19.625], [89.875, 19.875], [89.625, 19.875], [89.625, 19.625]]]}, "properties": {"time": "2020-05-20T06:00:00", "variable": "msl", "tier": "moderate", "percentile": 100.0, "z": 5.11, "wind_ms": 19.77, "value": 993.99, "lat": 19.75, "lon": 89.75}}, {"type": "Feature", "geometry": {"type": "Polygon", "coordinates": [[[89.875, 19.625], [90.125, 19.625], [90.125, 19.875], [89.875, 19.875], [89.875, 19.625]]]}, "properties": {"time": "2020-05-20T06:00:00", "variable": "msl", "tier": "moderate", "percentile": 100.0, "z": 4.62, "wind_ms": 19.64, "value": 995.22, "lat": 19.75, "lon": 90.0}}, {"type": "Feature", "geometry": {"type": "Polygon", "coordinates": [[[90.125, 19.625], [90.375, 19.625], [90.375, 19.875], [90.125, 19.875], [90.125, 19.625]]]}, "properties": {"time": "2020-05-20T06:00:00", "variable": "msl", "tier": "moderate", "percentile": 100.0, "z": 4.19, "wind_ms": 19.17, "value": 996.29, "lat": 19.75, "lon": 90.25}}, {"type": "Feature", "geometry": {"type": "Polygon", "coordinates": [[[90.375, 19.625], [90.625, 19.625], [90.625, 19.875], [90.375, 19.875], [90.375, 19.625]]]}, "properties": {"time": "2020-05-20T06:00:00", "variable": "msl", "tier": "moderate", "percentile": 100.0, "z": 3.82, "wind_ms": 18.58, "value": 997.21, "lat": 19.75, "lon": 90.5}}, {"type": "Feature", "geometry": {"type": "Polygon", "coordinates": [[[90.625, 19.625], [90.875, 19.625], [90.875, 19.875], [90.625, 19.875], [90.625, 19.625]]]}, "properties": {"time": "2020-05-20T06:00:00", "variable": "msl", "tier": "moderate", "percentile": 99.1, "z": 3.54, "wind_ms": 17.86, "value": 997.91, "lat": 19.75, "lon": 90.75}}, {"type": "Feature", "geometry": {"type": "Polygon", "coordinates": [[[90.875, 19.625], [91.125, 19.625], [91.125, 19.875], [90.875, 19.875], [90.875, 19.625]]]}, "properties": {"time": "2020-05-20T06:00:00", "variable": "msl", "tier": "low", "percentile": 99.1, "z": 3.34, "wind_ms": 16.94, "value": 998.42, "lat": 19.75, "lon": 91.0}}, {"type": "Feature", "geometry": {"type": "Polygon", "coordinates": [[[91.125, 19.625], [91.375, 19.625], [91.375, 19.875], [91.125, 19.875], [91.125, 19.625]]]}, "properties": {"time": "2020-05-20T06:00:00", "variable": "msl", "tier": "low", "percentile": 99.1, "z": 3.2, "wind_ms": 16.02, "value": 998.86, "lat": 19.75, "lon": 91.25}}, {"type": "Feature", "geometry": {"type": "Polygon", "coordinates": [[[91.375, 19.625], [91.625, 19.625], [91.625, 19.875], [91.375, 19.875], [91.375, 19.625]]]}, "properties": {"time": "2020-05-20T06:00:00", "variable": "msl", "tier": "low", "percentile": 99.1, "z": 3.05, "wind_ms": 15.07, "value": 999.35, "lat": 19.75, "lon": 91.5}}, {"type": "Feature", "geometry": {"type": "Polygon", "coordinates": [[[91.625, 19.625], [91.875, 19.625], [91.875, 19.875], [91.625, 19.875], [91.625, 19.625]]]}, "properties": {"time": "2020-05-20T06:00:00", "variable": "msl", "tier": "low", "percentile": 99.1, "z": 2.9, "wind_ms": 14.2, "value": 999.84, "lat": 19.75, "lon": 91.75}}, {"type": "Feature", "geometry": {"type": "Polygon", "coordinates": [[[91.875, 19.625], [92.125, 19.625], [92.125, 19.875], [91.875, 19.875], [91.875, 19.625]]]}, "properties": {"time": "2020-05-20T06:00:00", "variable": "msl", "tier": "low", "percentile": 98.3, "z": 2.69, "wind_ms": 13.79, "value": 1000.49, "lat": 19.75, "lon": 92.0}}, {"type": "Feature", "geometry": {"type": "Polygon", "coordinates": [[[85.375, 19.875], [85.625, 19.875], [85.625, 20.125], [85.375, 20.125], [85.375, 19.875]]]}, "properties": {"time": "2020-05-20T06:00:00", "variable": "msl", "tier": "low", "percentile": 100.0, "z": 3.91, "wind_ms": 9.64, "value": 994.69, "lat": 20.0, "lon": 85.5}}, {"type": "Feature", "geometry": {"type": "Polygon", "coordinates": [[[85.625, 19.875], [85.875, 19.875], [85.875, 20.125], [85.625, 20.125], [85.625, 19.875]]]}, "properties": {"time": "2020-05-20T06:00:00", "variable": "msl", "tier": "low", "percentile": 100.0, "z": 4.33, "wind_ms": 9.63, "value": 993.66, "lat": 20.0, "lon": 85.75}}, {"type": "Feature", "geometry": {"type": "Polygon", "coordinates": [[[85.875, 19.875], [86.125, 19.875], [86.125, 20.125], [85.875, 20.125], [85.875, 19.875]]]}, "properties": {"time": "2020-05-20T06:00:00", "variable": "msl", "tier": "low", "percentile": 100.0, "z": 4.83, "wind_ms": 10.99, "value": 992.56, "lat": 20.0, "lon": 86.0}}, {"type": "Feature", "geometry": {"type": "Polygon", "coordinates": [[[86.125, 19.875], [86.375, 19.875], [86.375, 20.125], [86.125, 20.125], [86.125, 19.875]]]}, "properties": {"time": "2020-05-20T06:00:00", "variable": "msl", "tier": "low", "percentile": 100.0, "z": 5.51, "wind_ms": 11.88, "value": 991.03, "lat": 20.0, "lon": 86.25}}, {"type": "Feature", "geometry": {"type": "Polygon", "coordinates": [[[86.375, 19.875], [86.625, 19.875], [86.625, 20.125], [86.375, 20.125], [86.375, 19.875]]]}, "properties": {"time": "2020-05-20T06:00:00", "variable": "msl", "tier": "low", "percentile": 100.0, "z": 6.16, "wind_ms": 14.47, "value": 989.53, "lat": 20.0, "lon": 86.5}}, {"type": "Feature", "geometry": {"type": "Polygon", "coordinates": [[[86.625, 19.875], [86.875, 19.875], [86.875, 20.125], [86.625, 20.125], [86.625, 19.875]]]}, "properties": {"time": "2020-05-20T06:00:00", "variable": "msl", "tier": "moderate", "percentile": 100.0, "z": 7.09, "wind_ms": 19.11, "value": 987.3, "lat": 20.0, "lon": 86.75}}, {"type": "Feature", "geometry": {"type": "Polygon", "coordinates": [[[86.875, 19.875], [87.125, 19.875], [87.125, 20.125], [86.875, 20.125], [86.875, 19.875]]]}, "properties": {"time": "2020-05-20T06:00:00", "variable": "msl", "tier": "moderate", "percentile": 100.0, "z": 7.95, "wind_ms": 21.55, "value": 985.22, "lat": 20.0, "lon": 87.0}}, {"type": "Feature", "geometry": {"type": "Polygon", "coordinates": [[[87.125, 19.875], [87.375, 19.875], [87.375, 20.125], [87.125, 20.125], [87.125, 19.875]]]}, "properties": {"time": "2020-05-20T06:00:00", "variable": "msl", "tier": "moderate", "percentile": 100.0, "z": 9.19, "wind_ms": 23.94, "value": 982.12, "lat": 20.0, "lon": 87.25}}, {"type": "Feature", "geometry": {"type": "Polygon", "coordinates": [[[87.375, 19.875], [87.625, 19.875], [87.625, 20.125], [87.375, 20.125], [87.375, 19.875]]]}, "properties": {"time": "2020-05-20T06:00:00", "variable": "msl", "tier": "severe", "percentile": 100.0, "z": 10.36, "wind_ms": 26.21, "value": 979.25, "lat": 20.0, "lon": 87.5}}, {"type": "Feature", "geometry": {"type": "Polygon", "coordinates": [[[87.625, 19.875], [87.875, 19.875], [87.875, 20.125], [87.625, 20.125], [87.625, 19.875]]]}, "properties": {"time": "2020-05-20T06:00:00", "variable": "msl", "tier": "severe", "percentile": 100.0, "z": 11.32, "wind_ms": 27.1, "value": 976.96, "lat": 20.0, "lon": 87.75}}, {"type": "Feature", "geometry": {"type": "Polygon", "coordinates": [[[87.875, 19.875], [88.125, 19.875], [88.125, 20.125], [87.875, 20.125], [87.875, 19.875]]]}, "properties": {"time": "2020-05-20T06:00:00", "variable": "msl", "tier": "severe", "percentile": 100.0, "z": 11.31, "wind_ms": 26.41, "value": 977.22, "lat": 20.0, "lon": 88.0}}, {"type": "Feature", "geometry": {"type": "Polygon", "coordinates": [[[88.125, 19.875], [88.375, 19.875], [88.375, 20.125], [88.125, 20.125], [88.125, 19.875]]]}, "properties": {"time": "2020-05-20T06:00:00", "variable": "msl", "tier": "moderate", "percentile": 100.0, "z": 10.55, "wind_ms": 24.77, "value": 979.4, "lat": 20.0, "lon": 88.25}}, {"type": "Feature", "geometry": {"type": "Polygon", "coordinates": [[[88.375, 19.875], [88.625, 19.875], [88.625, 20.125], [88.375, 20.125], [88.375, 19.875]]]}, "properties": {"time": "2020-05-20T06:00:00", "variable": "msl", "tier": "moderate", "percentile": 100.0, "z": 9.28, "wind_ms": 23.36, "value": 982.91, "lat": 20.0, "lon": 88.5}}, {"type": "Feature", "geometry": {"type": "Polygon", "coordinates": [[[88.625, 19.875], [88.875, 19.875], [88.875, 20.125], [88.625, 20.125], [88.625, 19.875]]]}, "properties": {"time": "2020-05-20T06:00:00", "variable": "msl", "tier": "moderate", "percentile": 100.0, "z": 8.4, "wind_ms": 23.66, "value": 985.37, "lat": 20.0, "lon": 88.75}}, {"type": "Feature", "geometry": {"type": "Polygon", "coordinates": [[[88.875, 19.875], [89.125, 19.875], [89.125, 20.125], [88.875, 20.125], [88.875, 19.875]]]}, "properties": {"time": "2020-05-20T06:00:00", "variable": "msl", "tier": "moderate", "percentile": 100.0, "z": 7.42, "wind_ms": 22.66, "value": 987.99, "lat": 20.0, "lon": 89.0}}, {"type": "Feature", "geometry": {"type": "Polygon", "coordinates": [[[89.125, 19.875], [89.375, 19.875], [89.375, 20.125], [89.125, 20.125], [89.125, 19.875]]]}, "properties": {"time": "2020-05-20T06:00:00", "variable": "msl", "tier": "moderate", "percentile": 100.0, "z": 6.72, "wind_ms": 21.56, "value": 989.86, "lat": 20.0, "lon": 89.25}}, {"type": "Feature", "geometry": {"type": "Polygon", "coordinates": [[[89.375, 19.875], [89.625, 19.875], [89.625, 20.125], [89.375, 20.125], [89.375, 19.875]]]}, "properties": {"time": "2020-05-20T06:00:00", "variable": "msl", "tier": "moderate", "percentile": 100.0, "z": 6.0, "wind_ms": 20.55, "value": 991.69, "lat": 20.0, "lon": 89.5}}, {"type": "Feature", "geometry": {"type": "Polygon", "coordinates": [[[89.625, 19.875], [89.875, 19.875], [89.875, 20.125], [89.625, 20.125], [89.625, 19.875]]]}, "properties": {"time": "2020-05-20T06:00:00", "variable": "msl", "tier": "moderate", "percentile": 100.0, "z": 5.4, "wind_ms": 20.34, "value": 993.23, "lat": 20.0, "lon": 89.75}}, {"type": "Feature", "geometry": {"type": "Polygon", "coordinates": [[[89.875, 19.875], [90.125, 19.875], [90.125, 20.125], [89.875, 20.125], [89.875, 19.875]]]}, "properties": {"time": "2020-05-20T06:00:00", "variable": "msl", "tier": "moderate", "percentile": 100.0, "z": 4.85, "wind_ms": 19.99, "value": 994.61, "lat": 20.0, "lon": 90.0}}, {"type": "Feature", "geometry": {"type": "Polygon", "coordinates": [[[90.125, 19.875], [90.375, 19.875], [90.375, 20.125], [90.125, 20.125], [90.125, 19.875]]]}, "properties": {"time": "2020-05-20T06:00:00", "variable": "msl", "tier": "moderate", "percentile": 100.0, "z": 4.38, "wind_ms": 19.61, "value": 995.8, "lat": 20.0, "lon": 90.25}}, {"type": "Feature", "geometry": {"type": "Polygon", "coordinates": [[[90.375, 19.875], [90.625, 19.875], [90.625, 20.125], [90.375, 20.125], [90.375, 19.875]]]}, "properties": {"time": "2020-05-20T06:00:00", "variable": "msl", "tier": "moderate", "percentile": 100.0, "z": 4.0, "wind_ms": 18.93, "value": 996.77, "lat": 20.0, "lon": 90.5}}, {"type": "Feature", "geometry": {"type": "Polygon", "coordinates": [[[90.625, 19.875], [90.875, 19.875], [90.875, 20.125], [90.625, 20.125], [90.625, 19.875]]]}, "properties": {"time": "2020-05-20T06:00:00", "variable": "msl", "tier": "moderate", "percentile": 99.1, "z": 3.69, "wind_ms": 18.16, "value": 997.56, "lat": 20.0, "lon": 90.75}}, {"type": "Feature", "geometry": {"type": "Polygon", "coordinates": [[[90.875, 19.875], [91.125, 19.875], [91.125, 20.125], [90.875, 20.125], [90.875, 19.875]]]}, "properties": {"time": "2020-05-20T06:00:00", "variable": "msl", "tier": "moderate", "percentile": 99.1, "z": 3.49, "wind_ms": 17.24, "value": 998.09, "lat": 20.0, "lon": 91.0}}, {"type": "Feature", "geometry": {"type": "Polygon", "coordinates": [[[91.125, 19.875], [91.375, 19.875], [91.375, 20.125], [91.125, 20.125], [91.125, 19.875]]]}, "properties": {"time": "2020-05-20T06:00:00", "variable": "msl", "tier": "low", "percentile": 99.1, "z": 3.3, "wind_ms": 16.08, "value": 998.63, "lat": 20.0, "lon": 91.25}}, {"type": "Feature", "geometry": {"type": "Polygon", "coordinates": [[[91.375, 19.875], [91.625, 19.875], [91.625, 20.125], [91.375, 20.125], [91.375, 19.875]]]}, "properties": {"time": "2020-05-20T06:00:00", "variable": "msl", "tier": "low", "percentile": 99.1, "z": 3.15, "wind_ms": 15.11, "value": 999.14, "lat": 20.0, "lon": 91.5}}, {"type": "Feature", "geometry": {"type": "Polygon", "coordinates": [[[91.625, 19.875], [91.875, 19.875], [91.875, 20.125], [91.625, 20.125], [91.625, 19.875]]]}, "properties": {"time": "2020-05-20T06:00:00", "variable": "msl", "tier": "low", "percentile": 99.1, "z": 2.98, "wind_ms": 14.43, "value": 999.71, "lat": 20.0, "lon": 91.75}}, {"type": "Feature", "geometry": {"type": "Polygon", "coordinates": [[[91.875, 19.875], [92.125, 19.875], [92.125, 20.125], [91.875, 20.125], [91.875, 19.875]]]}, "properties": {"time": "2020-05-20T06:00:00", "variable": "msl", "tier": "low", "percentile": 98.3, "z": 2.77, "wind_ms": 13.85, "value": 1000.37, "lat": 20.0, "lon": 92.0}}, {"type": "Feature", "geometry": {"type": "Polygon", "coordinates": [[[85.375, 20.125], [85.625, 20.125], [85.625, 20.375], [85.375, 20.375], [85.375, 20.125]]]}, "properties": {"time": "2020-05-20T06:00:00", "variable": "msl", "tier": "low", "percentile": 100.0, "z": 4.0, "wind_ms": 9.04, "value": 994.48, "lat": 20.25, "lon": 85.5}}, {"type": "Feature", "geometry": {"type": "Polygon", "coordinates": [[[85.625, 20.125], [85.875, 20.125], [85.875, 20.375], [85.625, 20.375], [85.625, 20.125]]]}, "properties": {"time": "2020-05-20T06:00:00", "variable": "msl", "tier": "low", "percentile": 100.0, "z": 4.51, "wind_ms": 9.39, "value": 993.24, "lat": 20.25, "lon": 85.75}}, {"type": "Feature", "geometry": {"type": "Polygon", "coordinates": [[[85.875, 20.125], [86.125, 20.125], [86.125, 20.375], [85.875, 20.375], [85.875, 20.125]]]}, "properties": {"time": "2020-05-20T06:00:00", "variable": "msl", "tier": "low", "percentile": 100.0, "z": 5.09, "wind_ms": 9.66, "value": 991.82, "lat": 20.25, "lon": 86.0}}, {"type": "Feature", "geometry": {"type": "Polygon", "coordinates": [[[86.125, 20.125], [86.375, 20.125], [86.375, 20.375], [86.125, 20.375], [86.125, 20.125]]]}, "properties": {"time": "2020-05-20T06:00:00", "variable": "msl", "tier": "low", "percentile": 100.0, "z": 5.79, "wind_ms": 10.3, "value": 990.22, "lat": 20.25, "lon": 86.25}}, {"type": "Feature", "geometry": {"type": "Polygon", "coordinates": [[[86.375, 20.125], [86.625, 20.125], [86.625, 20.375], [86.375, 20.375], [86.375, 20.125]]]}, "properties": {"time": "2020-05-20T06:00:00", "variable": "msl", "tier": "low", "percentile": 100.0, "z": 6.7, "wind_ms": 12.25, "value": 988.09, "lat": 20.25, "lon": 86.5}}, {"type": "Feature", "geometry": {"type": "Polygon", "coordinates": [[[86.625, 20.125], [86.875, 20.125], [86.875, 20.375], [86.625, 20.375], [86.625, 20.125]]]}, "properties": {"time": "2020-05-20T06:00:00", "variable": "msl", "tier": "low", "percentile": 100.0, "z": 7.65, "wind_ms": 16.87, "value": 985.86, "lat": 20.25, "lon": 86.75}}, {"type": "Feature", "geometry": {"type": "Polygon", "coordinates": [[[86.875, 20.125], [87.125, 20.125], [87.125, 20.375], [86.875, 20.375], [86.875, 20.125]]]}, "properties": {"time": "2020-05-20T06:00:00", "variable": "msl", "tier": "moderate", "percentile": 100.0, "z": 9.19, "wind_ms": 22.12, "value": 982.16, "lat": 20.25, "lon": 87.0}}, {"type": "Feature", "geometry": {"type": "Polygon", "coordinates": [[[87.125, 20.125], [87.375, 20.125], [87.375, 20.375], [87.125, 20.375], [87.125, 20.125]]]}, "properties": {"time": "2020-05-20T06:00:00", "variable": "msl", "tier": "moderate", "percentile": 100.0, "z": 10.59, "wind_ms": 24.38, "value": 978.7, "lat": 20.25, "lon": 87.25}}, {"type": "Feature", "geometry": {"type": "Polygon", "coordinates": [[[87.375, 20.125], [87.625, 20.125], [87.625, 20.375], [87.375, 20.375], [87.375, 20.125]]]}, "properties": {"time": "2020-05-20T06:00:00", "variable": "msl", "tier": "moderate", "percentile": 100.0, "z": 12.35, "wind_ms": 23.55, "value": 974.3, "lat": 20.25, "lon": 87.5}}, {"type": "Feature", "geometry": {"type": "Polygon", "coordinates": [[[87.625, 20.125], [87.875, 20.125], [87.875, 20.375], [87.625, 20.375], [87.625, 20.125]]]}, "properties": {"time": "2020-05-20T06:00:00", "variable": "msl", "tier": "moderate", "percentile": 100.0, "z": 13.47, "wind_ms": 23.36, "value": 971.57, "lat": 20.25, "lon": 87.75}}, {"type": "Feature", "geometry": {"type": "Polygon", "coordinates": [[[87.875, 20.125], [88.125, 20.125], [88.125, 20.375], [87.875, 20.375], [87.875, 20.125]]]}, "properties": {"time": "2020-05-20T06:00:00", "variable": "msl", "tier": "moderate", "percentile": 100.0, "z": 13.25, "wind_ms": 23.39, "value": 972.36, "lat": 20.25, "lon": 88.0}}, {"type": "Feature", "geometry": {"type": "Polygon", "coordinates": [[[88.125, 20.125], [88.375, 20.125], [88.375, 20.375], [88.125, 20.375], [88.125, 20.125]]]}, "properties": {"time": "2020-05-20T06:00:00", "variable": "msl", "tier": "moderate", "percentile": 100.0, "z": 11.9, "wind_ms": 22.91, "value": 975.98, "lat": 20.25, "lon": 88.25}}, {"type": "Feature", "geometry": {"type": "Polygon", "coordinates": [[[88.375, 20.125], [88.625, 20.125], [88.625, 20.375], [88.375, 20.375], [88.375, 20.125]]]}, "properties": {"time": "2020-05-20T06:00:00", "variable": "msl", "tier": "moderate", "percentile": 100.0, "z": 10.51, "wind_ms": 23.55, "value": 979.78, "lat": 20.25, "lon": 88.5}}, {"type": "Feature", "geometry": {"type": "Polygon", "coordinates": [[[88.625, 20.125], [88.875, 20.125], [88.875, 20.375], [88.625, 20.375], [88.625, 20.125]]]}, "properties": {"time": "2020-05-20T06:00:00", "variable": "msl", "tier": "moderate", "percentile": 100.0, "z": 8.95, "wind_ms": 23.58, "value": 983.92, "lat": 20.25, "lon": 88.75}}, {"type": "Feature", "geometry": {"type": "Polygon", "coordinates": [[[88.875, 20.125], [89.125, 20.125], [89.125, 20.375], [88.875, 20.375], [88.875, 20.125]]]}, "properties": {"time": "2020-05-20T06:00:00", "variable": "msl", "tier": "moderate", "percentile": 100.0, "z": 7.97, "wind_ms": 23.15, "value": 986.54, "lat": 20.25, "lon": 89.0}}, {"type": "Feature", "geometry": {"type": "Polygon", "coordinates": [[[89.125, 20.125], [89.375, 20.125], [89.375, 20.375], [89.125, 20.375], [89.125, 20.125]]]}, "properties": {"time": "2020-05-20T06:00:00", "variable": "msl", "tier": "moderate", "percentile": 100.0, "z": 7.04, "wind_ms": 21.83, "value": 988.98, "lat": 20.25, "lon": 89.25}}, {"type": "Feature", "geometry": {"type": "Polygon", "coordinates": [[[89.375, 20.125], [89.625, 20.125], [89.625, 20.375], [89.375, 20.375], [89.375, 20.125]]]}, "properties": {"time": "2020-05-20T06:00:00", "variable": "msl", "tier": "moderate", "percentile": 100.0, "z": 6.31, "wind_ms": 21.06, "value": 990.86, "lat": 20.25, "lon": 89.5}}, {"type": "Feature", "geometry": {"type": "Polygon", "coordinates": [[[89.625, 20.125], [89.875, 20.125], [89.875, 20.375], [89.625, 20.375], [89.625, 20.125]]]}, "properties": {"time": "2020-05-20T06:00:00", "variable": "msl", "tier": "moderate", "percentile": 100.0, "z": 5.63, "wind_ms": 20.96, "value": 992.62, "lat": 20.25, "lon": 89.75}}, {"type": "Feature", "geometry": {"type": "Polygon", "coordinates": [[[89.875, 20.125], [90.125, 20.125], [90.125, 20.375], [89.875, 20.375], [89.875, 20.125]]]}, "properties": {"time": "2020-05-20T06:00:00", "variable": "msl", "tier": "moderate", "percentile": 100.0, "z": 5.03, "wind_ms": 20.49, "value": 994.08, "lat": 20.25, "lon": 90.0}}, {"type": "Feature", "geometry": {"type": "Polygon", "coordinates": [[[90.125, 20.125], [90.375, 20.125], [90.375, 20.375], [90.125, 20.375], [90.125, 20.125]]]}, "properties": {"time": "2020-05-20T06:00:00", "variable": "msl", "tier": "moderate", "percentile": 100.0, "z": 4.54, "wind_ms": 20.05, "value": 995.36, "lat": 20.25, "lon": 90.25}}, {"type": "Feature", "geometry": {"type": "Polygon", "coordinates": [[[90.375, 20.125], [90.625, 20.125], [90.625, 20.375], [90.375, 20.375], [90.375, 20.125]]]}, "properties": {"time": "2020-05-20T06:00:00", "variable": "msl", "tier": "moderate", "percentile": 100.0, "z": 4.13, "wind_ms": 19.15, "value": 996.4, "lat": 20.25, "lon": 90.5}}, {"type": "Feature", "geometry": {"type": "Polygon", "coordinates": [[[90.625, 20.125], [90.875, 20.125], [90.875, 20.375], [90.625, 20.375], [90.625, 20.125]]]}, "properties": {"time": "2020-05-20T06:00:00", "variable": "msl", "tier": "moderate", "percentile": 100.0, "z": 3.83, "wind_ms": 18.33, "value": 997.19, "lat": 20.25, "lon": 90.75}}, {"type": "Feature", "geometry": {"type": "Polygon", "coordinates": [[[90.875, 20.125], [91.125, 20.125], [91.125, 20.375], [90.875, 20.375], [90.875, 20.125]]]}, "properties": {"time": "2020-05-20T06:00:00", "variable": "msl", "tier": "moderate", "percentile": 99.1, "z": 3.59, "wind_ms": 17.37, "value": 997.84, "lat": 20.25, "lon": 91.0}}, {"type": "Feature", "geometry": {"type": "Polygon", "coordinates": [[[91.125, 20.125], [91.375, 20.125], [91.375, 20.375], [91.125, 20.375], [91.125, 20.125]]]}, "properties": {"time": "2020-05-20T06:00:00", "variable": "msl", "tier": "low", "percentile": 99.1, "z": 3.41, "wind_ms": 16.3, "value": 998.37, "lat": 20.25, "lon": 91.25}}, {"type": "Feature", "geometry": {"type": "Polygon", "coordinates": [[[91.375, 20.125], [91.625, 20.125], [91.625, 20.375], [91.375, 20.375], [91.375, 20.125]]]}, "properties": {"time": "2020-05-20T06:00:00", "variable": "msl", "tier": "low", "percentile": 98.3, "z": 3.22, "wind_ms": 15.32, "value": 998.94, "lat": 20.25, "lon": 91.5}}, {"type": "Feature", "geometry": {"type": "Polygon", "coordinates": [[[91.625, 20.125], [91.875, 20.125], [91.875, 20.375], [91.625, 20.375], [91.625, 20.125]]]}, "properties": {"time": "2020-05-20T06:00:00", "variable": "msl", "tier": "low", "percentile": 98.3, "z": 3.04, "wind_ms": 14.64, "value": 999.54, "lat": 20.25, "lon": 91.75}}, {"type": "Feature", "geometry": {"type": "Polygon", "coordinates": [[[91.875, 20.125], [92.125, 20.125], [92.125, 20.375], [91.875, 20.375], [91.875, 20.125]]]}, "properties": {"time": "2020-05-20T06:00:00", "variable": "msl", "tier": "low", "percentile": 98.3, "z": 2.81, "wind_ms": 13.9, "value": 1000.29, "lat": 20.25, "lon": 92.0}}, {"type": "Feature", "geometry": {"type": "Polygon", "coordinates": [[[85.375, 20.375], [85.625, 20.375], [85.625, 20.625], [85.375, 20.625], [85.375, 20.375]]]}, "properties": {"time": "2020-05-20T06:00:00", "variable": "msl", "tier": "low", "percentile": 100.0, "z": 4.11, "wind_ms": 8.85, "value": 994.33, "lat": 20.5, "lon": 85.5}}, {"type": "Feature", "geometry": {"type": "Polygon", "coordinates": [[[85.625, 20.375], [85.875, 20.375], [85.875, 20.625], [85.625, 20.625], [85.625, 20.375]]]}, "properties": {"time": "2020-05-20T06:00:00", "variable": "msl", "tier": "low", "percentile": 100.0, "z": 4.71, "wind_ms": 9.25, "value": 992.87, "lat": 20.5, "lon": 85.75}}, {"type": "Feature", "geometry": {"type": "Polygon", "coordinates": [[[85.875, 20.375], [86.125, 20.375], [86.125, 20.625], [85.875, 20.625], [85.875, 20.375]]]}, "properties": {"time": "2020-05-20T06:00:00", "variable": "msl", "tier": "low", "percentile": 100.0, "z": 5.32, "wind_ms": 9.43, "value": 991.36, "lat": 20.5, "lon": 86.0}}, {"type": "Feature", "geometry": {"type": "Polygon", "coordinates": [[[86.125, 20.375], [86.375, 20.375], [86.375, 20.625], [86.125, 20.625], [86.125, 20.375]]]}, "properties": {"time": "2020-05-20T06:00:00", "variable": "msl", "tier": "low", "percentile": 100.0, "z": 6.04, "wind_ms": 10.25, "value": 989.55, "lat": 20.5, "lon": 86.25}}, {"type": "Feature", "geometry": {"type": "Polygon", "coordinates": [[[86.375, 20.375], [86.625, 20.375], [86.625, 20.625], [86.375, 20.625], [86.375, 20.375]]]}, "properties": {"time": "2020-05-20T06:00:00", "variable": "msl", "tier": "low", "percentile": 100.0, "z": 6.97, "wind_ms": 12.25, "value": 987.42, "lat": 20.5, "lon": 86.5}}, {"type": "Feature", "geometry": {"type": "Polygon", "coordinates": [[[86.625, 20.375], [86.875, 20.375], [86.875, 20.625], [86.625, 20.625], [86.625, 20.375]]]}, "properties": {"time": "2020-05-20T06:00:00", "variable": "msl", "tier": "low", "percentile": 100.0, "z": 8.17, "wind_ms": 15.47, "value": 984.59, "lat": 20.5, "lon": 86.75}}, {"type": "Feature", "geometry": {"type": "Polygon", "coordinates": [[[86.875, 20.375], [87.125, 20.375], [87.125, 20.625], [86.875, 20.625], [86.875, 20.375]]]}, "properties": {"time": "2020-05-20T06:00:00", "variable": "msl", "tier": "moderate", "percentile": 100.0, "z": 9.74, "wind_ms": 20.65, "value": 980.9, "lat": 20.5, "lon": 87.0}}, {"type": "Feature", "geometry": {"type": "Polygon", "coordinates": [[[87.125, 20.375], [87.375, 20.375], [87.375, 20.625], [87.125, 20.625], [87.125, 20.375]]]}, "properties": {"time": "2020-05-20T06:00:00", "variable": "msl", "tier": "moderate", "percentile": 100.0, "z": 11.89, "wind_ms": 21.75, "value": 975.63, "lat": 20.5, "lon": 87.25}}, {"type": "Feature", "geometry": {"type": "Polygon", "coordinates": [[[87.375, 20.375], [87.625, 20.375], [87.625, 20.625], [87.375, 20.625], [87.375, 20.375]]]}, "properties": {"time": "2020-05-20T06:00:00", "variable": "msl", "tier": "low", "percentile": 100.0, "z": 13.91, "wind_ms": 16.21, "value": 970.57, "lat": 20.5, "lon": 87.5}}, {"type": "Feature", "geometry": {"type": "Polygon", "coordinates": [[[87.625, 20.375], [87.875, 20.375], [87.875, 20.625], [87.625, 20.625], [87.625, 20.375]]]}, "properties": {"time": "2020-05-20T06:00:00", "variable": "msl", "tier": "low", "percentile": 100.0, "z": 15.16, "wind_ms": 11.25, "value": 967.48, "lat": 20.5, "lon": 87.75}}, {"type": "Feature", "geometry": {"type": "Polygon", "coordinates": [[[87.875, 20.375], [88.125, 20.375], [88.125, 20.625], [87.875, 20.625], [87.875, 20.375]]]}, "properties": {"time": "2020-05-20T06:00:00", "variable": "msl", "tier": "low", "percentile": 100.0, "z": 14.57, "wind_ms": 16.45, "value": 969.12, "lat": 20.5, "lon": 88.0}}, {"type": "Feature", "geometry": {"type": "Polygon", "coordinates": [[[88.125, 20.375], [88.375, 20.375], [88.375, 20.625], [88.125, 20.625], [88.125, 20.375]]]}, "properties": {"time": "2020-05-20T06:00:00", "variable": "msl", "tier": "moderate", "percentile": 100.0, "z": 13.01, "wind_ms": 21.15, "value": 973.26, "lat": 20.5, "lon": 88.25}}, {"type": "Feature", "geometry": {"type": "Polygon", "coordinates": [[[88.375, 20.375], [88.625, 20.375], [88.625, 20.625], [88.375, 20.625], [88.375, 20.375]]]}, "properties": {"time": "2020-05-20T06:00:00", "variable": "msl", "tier": "moderate", "percentile": 100.0, "z": 11.07, "wind_ms": 23.15, "value": 978.35, "lat": 20.5, "lon": 88.5}}, {"type": "Feature", "geometry": {"type": "Polygon", "coordinates": [[[88.625, 20.375], [88.875, 20.375], [88.875, 20.625], [88.625, 20.625], [88.625, 20.375]]]}, "properties": {"time": "2020-05-20T06:00:00", "variable": "msl", "tier": "moderate", "percentile": 100.0, "z": 9.51, "wind_ms": 23.97, "value": 982.48, "lat": 20.5, "lon": 88.75}}, {"type": "Feature", "geometry": {"type": "Polygon", "coordinates": [[[88.875, 20.375], [89.125, 20.375], [89.125, 20.625], [88.875, 20.625], [88.875, 20.375]]]}, "properties": {"time": "2020-05-20T06:00:00", "variable": "msl", "tier": "moderate", "percentile": 100.0, "z": 8.25, "wind_ms": 23.32, "value": 985.76, "lat": 20.5, "lon": 89.0}}, {"type": "Feature", "geometry": {"type": "Polygon", "coordinates": [[[89.125, 20.375], [89.375, 20.375], [89.375, 20.625], [89.125, 20.625], [89.125, 20.375]]]}, "properties": {"time": "2020-05-20T06:00:00", "variable": "msl", "tier": "moderate", "percentile": 100.0, "z": 7.33, "wind_ms": 22.09, "value": 988.2, "lat": 20.5, "lon": 89.25}}, {"type": "Feature", "geometry": {"type": "Polygon", "coordinates": [[[89.375, 20.375], [89.625, 20.375], [89.625, 20.625], [89.375, 20.625], [89.375, 20.375]]]}, "properties": {"time": "2020-05-20T06:00:00", "variable": "msl", "tier": "moderate", "percentile": 100.0, "z": 6.52, "wind_ms": 21.56, "value": 990.29, "lat": 20.5, "lon": 89.5}}, {"type": "Feature", "geometry": {"type": "Polygon", "coordinates": [[[89.625, 20.375], [89.875, 20.375], [89.875, 20.625], [89.625, 20.625], [89.625, 20.375]]]}, "properties": {"time": "2020-05-20T06:00:00", "variable": "msl", "tier": "moderate", "percentile": 100.0, "z": 5.8, "wind_ms": 21.41, "value": 992.12, "lat": 20.5, "lon": 89.75}}, {"type": "Feature", "geometry": {"type": "Polygon", "coordinates": [[[89.875, 20.375], [90.125, 20.375], [90.125, 20.625], [89.875, 20.625], [89.875, 20.375]]]}, "properties": {"time": "2020-05-20T06:00:00", "variable": "msl", "tier": "moderate", "percentile": 100.0, "z": 5.15, "wind_ms": 20.81, "value": 993.7, "lat": 20.5, "lon": 90.0}}, {"type": "Feature", "geometry": {"type": "Polygon", "coordinates": [[[90.125, 20.375], [90.375, 20.375], [90.375, 20.625], [90.125, 20.625], [90.125, 20.375]]]}, "properties": {"time": "2020-05-20T06:00:00", "variable": "msl", "tier": "moderate", "percentile": 100.0, "z": 4.63, "wind_ms": 20.36, "value": 995.04, "lat": 20.5, "lon": 90.25}}, {"type": "Feature", "geometry": {"type": "Polygon", "coordinates": [[[90.375, 20.375], [90.625, 20.375], [90.625, 20.625], [90.375, 20.625], [90.375, 20.375]]]}, "properties": {"time": "2020-05-20T06:00:00", "variable": "msl", "tier": "moderate", "percentile": 100.0, "z": 4.22, "wind_ms": 19.39, "value": 996.08, "lat": 20.5, "lon": 90.5}}, {"type": "Feature", "geometry": {"type": "Polygon", "coordinates": [[[90.625, 20.375], [90.875, 20.375], [90.875, 20.625], [90.625, 20.625], [90.625, 20.375]]]}, "properties": {"time": "2020-05-20T06:00:00", "variable": "msl", "tier": "moderate", "percentile": 100.0, "z": 3.91, "wind_ms": 18.35, "value": 996.91, "lat": 20.5, "lon": 90.75}}, {"type": "Feature", "geometry": {"type": "Polygon", "coordinates": [[[90.875, 20.375], [91.125, 20.375], [91.125, 20.625], [90.875, 20.625], [90.875, 20.375]]]}, "properties": {"time": "2020-05-20T06:00:00", "variable": "msl", "tier": "moderate", "percentile": 99.1, "z": 3.68, "wind_ms": 17.42, "value": 997.55, "lat": 20.5, "lon": 91.0}}, {"type": "Feature", "geometry": {"type": "Polygon", "coordinates": [[[91.125, 20.375], [91.375, 20.375], [91.375, 20.625], [91.125, 20.625], [91.125, 20.375]]]}, "properties": {"time": "2020-05-20T06:00:00", "variable": "msl", "tier": "low", "percentile": 99.1, "z": 3.47, "wind_ms": 16.47, "value": 998.18, "lat": 20.5, "lon": 91.25}}, {"type": "Feature", "geometry": {"type": "Polygon", "coordinates": [[[91.375, 20.375], [91.625, 20.375], [91.625, 20.625], [91.375, 20.625], [91.375, 20.375]]]}, "properties": {"time": "2020-05-20T06:00:00", "variable": "msl", "tier": "low", "percentile": 98.3, "z": 3.29, "wind_ms": 15.61, "value": 998.75, "lat": 20.5, "lon": 91.5}}, {"type": "Feature", "geometry": {"type": "Polygon", "coordinates": [[[91.625, 20.375], [91.875, 20.375], [91.875, 20.625], [91.625, 20.625], [91.625, 20.375]]]}, "properties": {"time": "2020-05-20T06:00:00", "variable": "msl", "tier": "low", "percentile": 98.3, "z": 3.07, "wind_ms": 14.79, "value": 999.44, "lat": 20.5, "lon": 91.75}}, {"type": "Feature", "geometry": {"type": "Polygon", "coordinates": [[[91.875, 20.375], [92.125, 20.375], [92.125, 20.625], [91.875, 20.625], [91.875, 20.375]]]}, "properties": {"time": "2020-05-20T06:00:00", "variable": "msl", "tier": "low", "percentile": 98.3, "z": 2.83, "wind_ms": 14.23, "value": 1000.21, "lat": 20.5, "lon": 92.0}}, {"type": "Feature", "geometry": {"type": "Polygon", "coordinates": [[[85.625, 20.625], [85.875, 20.625], [85.875, 20.875], [85.625, 20.875], [85.625, 20.625]]]}, "properties": {"time": "2020-05-20T06:00:00", "variable": "msl", "tier": "low", "percentile": 100.0, "z": 4.88, "wind_ms": 8.93, "value": 992.63, "lat": 20.75, "lon": 85.75}}, {"type": "Feature", "geometry": {"type": "Polygon", "coordinates": [[[85.875, 20.625], [86.125, 20.625], [86.125, 20.875], [85.875, 20.875], [85.875, 20.625]]]}, "properties": {"time": "2020-05-20T06:00:00", "variable": "msl", "tier": "low", "percentile": 100.0, "z": 5.53, "wind_ms": 9.55, "value": 991.0, "lat": 20.75, "lon": 86.0}}, {"type": "Feature", "geometry": {"type": "Polygon", "coordinates": [[[86.125, 20.625], [86.375, 20.625], [86.375, 20.875], [86.125, 20.875], [86.125, 20.625]]]}, "properties": {"time": "2020-05-20T06:00:00", "variable": "msl", "tier": "low", "percentile": 100.0, "z": 6.2, "wind_ms": 10.41, "value": 989.27, "lat": 20.75, "lon": 86.25}}, {"type": "Feature", "geometry": {"type": "Polygon", "coordinates": [[[86.375, 20.625], [86.625, 20.625], [86.625, 20.875], [86.375, 20.875], [86.375, 20.625]]]}, "properties": {"time": "2020-05-20T06:00:00", "variable": "msl", "tier": "low", "percentile": 100.0, "z": 6.96, "wind_ms": 11.95, "value": 987.4, "lat": 20.75, "lon": 86.5}}, {"type": "Feature", "geometry": {"type": "Polygon", "coordinates": [[[86.625, 20.625], [86.875, 20.625], [86.875, 20.875], [86.625, 20.875], [86.625, 20.625]]]}, "properties": {"time": "2020-05-20T06:00:00", "variable": "msl", "tier": "low", "percentile": 100.0, "z": 8.12, "wind_ms": 15.8, "value": 984.72, "lat": 20.75, "lon": 86.75}}, {"type": "Feature", "geometry": {"type": "Polygon", "coordinates": [[[86.875, 20.625], [87.125, 20.625], [87.125, 20.875], [86.875, 20.875], [86.875, 20.625]]]}, "properties": {"time": "2020-05-20T06:00:00", "variable": "msl", "tier": "moderate", "percentile": 100.0, "z": 9.85, "wind_ms": 21.19, "value": 980.82, "lat": 20.75, "lon": 87.0}}, {"type": "Feature", "geometry": {"type": "Polygon", "coordinates": [[[87.125, 20.625], [87.375, 20.625], [87.375, 20.875], [87.125, 20.875], [87.125, 20.625]]]}, "properties": {"time": "2020-05-20T06:00:00", "variable": "msl", "tier": "moderate", "percentile": 100.0, "z": 12.01, "wind_ms": 21.69, "value": 975.65, "lat": 20.75, "lon": 87.25}}, {"type": "Feature", "geometry": {"type": "Polygon", "coordinates": [[[87.375, 20.625], [87.625, 20.625], [87.625, 20.875], [87.375, 20.875], [87.375, 20.625]]]}, "properties": {"time": "2020-05-20T06:00:00", "variable": "msl", "tier": "low", "percentile": 100.0, "z": 14.22, "wind_ms": 12.59, "value": 970.11, "lat": 20.75, "lon": 87.5}}, {"type": "Feature", "geometry": {"type": "Polygon", "coordinates": [[[87.875, 20.625], [88.125, 20.625], [88.125, 20.875], [87.875, 20.875], [87.875, 20.625]]]}, "properties": {"time": "2020-05-20T06:00:00", "variable": "msl", "tier": "moderate", "percentile": 100.0, "z": 14.84, "wind_ms": 17.3, "value": 968.64, "lat": 20.75, "lon": 88.0}}, {"type": "Feature", "geometry": {"type": "Polygon", "coordinates": [[[88.125, 20.625], [88.375, 20.625], [88.375, 20.875], [88.125, 20.875], [88.125, 20.625]]]}, "properties": {"time": "2020-05-20T06:00:00", "variable": "msl", "tier": "moderate", "percentile": 100.0, "z": 13.16, "wind_ms": 22.77, "value": 973.0, "lat": 20.75, "lon": 88.25}}, {"type": "Feature", "geometry": {"type": "Polygon", "coordinates": [[[88.375, 20.625], [88.625, 20.625], [88.625, 20.875], [88.375, 20.875], [88.375, 20.625]]]}, "properties": {"time": "2020-05-20T06:00:00", "variable": "msl", "tier": "moderate", "percentile": 100.0, "z": 11.25, "wind_ms": 24.29, "value": 977.94, "lat": 20.75, "lon": 88.5}}, {"type": "Feature", "geometry": {"type": "Polygon", "coordinates": [[[88.625, 20.625], [88.875, 20.625], [88.875, 20.875], [88.625, 20.875], [88.625, 20.625]]]}, "properties": {"time": "2020-05-20T06:00:00", "variable": "msl", "tier": "moderate", "percentile": 100.0, "z": 9.58, "wind_ms": 23.81, "value": 982.29, "lat": 20.75, "lon": 88.75}}, {"type": "Feature", "geometry": {"type": "Polygon", "coordinates": [[[88.875, 20.625], [89.125, 20.625], [89.125, 20.875], [88.875, 20.875], [88.875, 20.625]]]}, "properties": {"time": "2020-05-20T06:00:00", "variable": "msl", "tier": "moderate", "percentile": 100.0, "z": 8.4, "wind_ms": 22.76, "value": 985.39, "lat": 20.75, "lon": 89.0}}, {"type": "Feature", "geometry": {"type": "Polygon", "coordinates": [[[89.125, 20.625], [89.375, 20.625], [89.375, 20.875], [89.125, 20.875], [89.125, 20.625]]]}, "properties": {"time": "2020-05-20T06:00:00", "variable": "msl", "tier": "moderate", "percentile": 100.0, "z": 7.45, "wind_ms": 22.2, "value": 987.84, "lat": 20.75, "lon": 89.25}}, {"type": "Feature", "geometry": {"type": "Polygon", "coordinates": [[[89.375, 20.625], [89.625, 20.625], [89.625, 20.875], [89.375, 20.875], [89.375, 20.625]]]}, "properties": {"time": "2020-05-20T06:00:00", "variable": "msl", "tier": "moderate", "percentile": 100.0, "z": 6.61, "wind_ms": 22.01, "value": 989.95, "lat": 20.75, "lon": 89.5}}, {"type": "Feature", "geometry": {"type": "Polygon", "coordinates": [[[89.625, 20.625], [89.875, 20.625], [89.875, 20.875], [89.625, 20.875], [89.625, 20.625]]]}, "properties": {"time": "2020-05-20T06:00:00", "variable": "msl", "tier": "moderate", "percentile": 100.0, "z": 5.86, "wind_ms": 21.55, "value": 991.84, "lat": 20.75, "lon": 89.75}}, {"type": "Feature", "geometry": {"type": "Polygon", "coordinates": [[[89.875, 20.625], [90.125, 20.625], [90.125, 20.875], [89.875, 20.875], [89.875, 20.625]]]}, "properties": {"time": "2020-05-20T06:00:00", "variable": "msl", "tier": "moderate", "percentile": 100.0, "z": 5.2, "wind_ms": 20.91, "value": 993.46, "lat": 20.75, "lon": 90.0}}, {"type": "Feature", "geometry": {"type": "Polygon", "coordinates": [[[90.125, 20.625], [90.375, 20.625], [90.375, 20.875], [90.125, 20.875], [90.125, 20.625]]]}, "properties": {"time": "2020-05-20T06:00:00", "variable": "msl", "tier": "moderate", "percentile": 100.0, "z": 4.66, "wind_ms": 20.5, "value": 994.82, "lat": 20.75, "lon": 90.25}}, {"type": "Feature", "geometry": {"type": "Polygon", "coordinates": [[[90.375, 20.625], [90.625, 20.625], [90.625, 20.875], [90.375, 20.875], [90.375, 20.625]]]}, "properties": {"time": "2020-05-20T06:00:00", "variable": "msl", "tier": "moderate", "percentile": 100.0, "z": 4.25, "wind_ms": 19.61, "value": 995.86, "lat": 20.75, "lon": 90.5}}, {"type": "Feature", "geometry": {"type": "Polygon", "coordinates": [[[90.625, 20.625], [90.875, 20.625], [90.875, 20.875], [90.625, 20.875], [90.625, 20.625]]]}, "properties": {"time": "2020-05-20T06:00:00", "variable": "msl", "tier": "moderate", "percentile": 99.1, "z": 3.95, "wind_ms": 18.37, "value": 996.69, "lat": 20.75, "lon": 90.75}}, {"type": "Feature", "geometry": {"type": "Polygon", "coordinates": [[[90.875, 20.625], [91.125, 20.625], [91.125, 20.875], [90.875, 20.875], [90.875, 20.625]]]}, "properties": {"time": "2020-05-20T06:00:00", "variable": "msl", "tier": "moderate", "percentile": 99.1, "z": 3.7, "wind_ms": 17.26, "value": 997.38, "lat": 20.75, "lon": 91.0}}, {"type": "Feature", "geometry": {"type": "Polygon", "coordinates": [[[91.125, 20.625], [91.375, 20.625], [91.375, 20.875], [91.125, 20.875], [91.125, 20.625]]]}, "properties": {"time": "2020-05-20T06:00:00", "variable": "msl", "tier": "low", "percentile": 99.1, "z": 3.5, "wind_ms": 16.42, "value": 998.0, "lat": 20.75, "lon": 91.25}}, {"type": "Feature", "geometry": {"type": "Polygon", "coordinates": [[[91.375, 20.625], [91.625, 20.625], [91.625, 20.875], [91.375, 20.875], [91.375, 20.625]]]}, "properties": {"time": "2020-05-20T06:00:00", "variable": "msl", "tier": "low", "percentile": 99.1, "z": 3.29, "wind_ms": 15.56, "value": 998.67, "lat": 20.75, "lon": 91.5}}, {"type": "Feature", "geometry": {"type": "Polygon", "coordinates": [[[91.625, 20.625], [91.875, 20.625], [91.875, 20.875], [91.625, 20.875], [91.625, 20.625]]]}, "properties": {"time": "2020-05-20T06:00:00", "variable": "msl", "tier": "low", "percentile": 98.3, "z": 3.06, "wind_ms": 14.84, "value": 999.43, "lat": 20.75, "lon": 91.75}}, {"type": "Feature", "geometry": {"type": "Polygon", "coordinates": [[[91.875, 20.625], [92.125, 20.625], [92.125, 20.875], [91.875, 20.875], [91.875, 20.625]]]}, "properties": {"time": "2020-05-20T06:00:00", "variable": "msl", "tier": "low", "percentile": 98.3, "z": 2.81, "wind_ms": 13.99, "value": 1000.23, "lat": 20.75, "lon": 92.0}}, {"type": "Feature", "geometry": {"type": "Polygon", "coordinates": [[[85.625, 20.875], [85.875, 20.875], [85.875, 21.125], [85.625, 21.125], [85.625, 20.875]]]}, "properties": {"time": "2020-05-20T06:00:00", "variable": "msl", "tier": "low", "percentile": 100.0, "z": 5.01, "wind_ms": 9.1, "value": 992.61, "lat": 21.0, "lon": 85.75}}, {"type": "Feature", "geometry": {"type": "Polygon", "coordinates": [[[85.875, 20.875], [86.125, 20.875], [86.125, 21.125], [85.875, 21.125], [85.875, 20.875]]]}, "properties": {"time": "2020-05-20T06:00:00", "variable": "msl", "tier": "low", "percentile": 100.0, "z": 5.62, "wind_ms": 10.07, "value": 990.92, "lat": 21.0, "lon": 86.0}}, {"type": "Feature", "geometry": {"type": "Polygon", "coordinates": [[[86.125, 20.875], [86.375, 20.875], [86.375, 21.125], [86.125, 21.125], [86.125, 20.875]]]}, "properties": {"time": "2020-05-20T06:00:00", "variable": "msl", "tier": "low", "percentile": 100.0, "z": 6.23, "wind_ms": 10.56, "value": 989.3, "lat": 21.0, "lon": 86.25}}, {"type": "Feature", "geometry": {"type": "Polygon", "coordinates": [[[86.375, 20.875], [86.625, 20.875], [86.625, 21.125], [86.375, 21.125], [86.375, 20.875]]]}, "properties": {"time": "2020-05-20T06:00:00", "variable": "msl", "tier": "low", "percentile": 100.0, "z": 6.87, "wind_ms": 12.06, "value": 987.7, "lat": 21.0, "lon": 86.5}}, {"type": "Feature", "geometry": {"type": "Polygon", "coordinates": [[[86.625, 20.875], [86.875, 20.875], [86.875, 21.125], [86.625, 21.125], [86.625, 20.875]]]}, "properties": {"time": "2020-05-20T06:00:00", "variable": "msl", "tier": "low", "percentile": 100.0, "z": 7.9, "wind_ms": 16.73, "value": 985.36, "lat": 21.0, "lon": 86.75}}, {"type": "Feature", "geometry": {"type": "Polygon", "coordinates": [[[86.875, 20.875], [87.125, 20.875], [87.125, 21.125], [86.875, 21.125], [86.875, 20.875]]]}, "properties": {"time": "2020-05-20T06:00:00", "variable": "msl", "tier": "moderate", "percentile": 100.0, "z": 9.56, "wind_ms": 22.62, "value": 981.69, "lat": 21.0, "lon": 87.0}}, {"type": "Feature", "geometry": {"type": "Polygon", "coordinates": [[[87.125, 20.875], [87.375, 20.875], [87.375, 21.125], [87.125, 21.125], [87.125, 20.875]]]}, "properties": {"time": "2020-05-20T06:00:00", "variable": "msl", "tier": "moderate", "percentile": 100.0, "z": 11.17, "wind_ms": 21.95, "value": 977.95, "lat": 21.0, "lon": 87.25}}, {"type": "Feature", "geometry": {"type": "Polygon", "coordinates": [[[87.375, 20.875], [87.625, 20.875], [87.625, 21.125], [87.375, 21.125], [87.375, 20.875]]]}, "properties": {"time": "2020-05-20T06:00:00", "variable": "msl", "tier": "moderate", "percentile": 100.0, "z": 13.0, "wind_ms": 17.86, "value": 973.45, "lat": 21.0, "lon": 87.5}}, {"type": "Feature", "geometry": {"type": "Polygon", "coordinates": [[[87.625, 20.875], [87.875, 20.875], [87.875, 21.125], [87.625, 21.125], [87.625, 20.875]]]}, "properties": {"time": "2020-05-20T06:00:00", "variable": "msl", "tier": "moderate", "percentile": 100.0, "z": 14.05, "wind_ms": 19.89, "value": 970.8, "lat": 21.0, "lon": 87.75}}, {"type": "Feature", "geometry": {"type": "Polygon", "coordinates": [[[87.875, 20.875], [88.125, 20.875], [88.125, 21.125], [87.875, 21.125], [87.875, 20.875]]]}, "properties": {"time": "2020-05-20T06:00:00", "variable": "msl", "tier": "moderate", "percentile": 100.0, "z": 13.81, "wind_ms": 23.25, "value": 971.42, "lat": 21.0, "lon": 88.0}}, {"type": "Feature", "geometry": {"type": "Polygon", "coordinates": [[[88.125, 20.875], [88.375, 20.875], [88.375, 21.125], [88.125, 21.125], [88.125, 20.875]]]}, "properties": {"time": "2020-05-20T06:00:00", "variable": "msl", "tier": "severe", "percentile": 100.0, "z": 12.31, "wind_ms": 25.58, "value": 975.25, "lat": 21.0, "lon": 88.25}}, {"type": "Feature", "geometry": {"type": "Polygon", "coordinates": [[[88.375, 20.875], [88.625, 20.875], [88.625, 21.125], [88.375, 21.125], [88.375, 20.875]]]}, "properties": {"time": "2020-05-20T06:00:00", "variable": "msl", "tier": "moderate", "percentile": 100.0, "z": 10.82, "wind_ms": 24.87, "value": 979.07, "lat": 21.0, "lon": 88.5}}, {"type": "Feature", "geometry": {"type": "Polygon", "coordinates": [[[88.625, 20.875], [88.875, 20.875], [88.875, 21.125], [88.625, 21.125], [88.625, 20.875]]]}, "properties": {"time": "2020-05-20T06:00:00", "variable": "msl", "tier": "moderate", "percentile": 100.0, "z": 9.35, "wind_ms": 23.24, "value": 982.87, "lat": 21.0, "lon": 88.75}}, {"type": "Feature", "geometry": {"type": "Polygon", "coordinates": [[[88.875, 20.875], [89.125, 20.875], [89.125, 21.125], [88.875, 21.125], [88.875, 20.875]]]}, "properties": {"time": "2020-05-20T06:00:00", "variable": "msl", "tier": "moderate", "percentile": 100.0, "z": 8.3, "wind_ms": 22.45, "value": 985.56, "lat": 21.0, "lon": 89.0}}, {"type": "Feature", "geometry": {"type": "Polygon", "coordinates": [[[89.125, 20.875], [89.375, 20.875], [89.375, 21.125], [89.125, 21.125], [89.125, 20.875]]]}, "properties": {"time": "2020-05-20T06:00:00", "variable": "msl", "tier": "moderate", "percentile": 100.0, "z": 7.35, "wind_ms": 21.81, "value": 987.98, "lat": 21.0, "lon": 89.25}}, {"type": "Feature", "geometry": {"type": "Polygon", "coordinates": [[[89.375, 20.875], [89.625, 20.875], [89.625, 21.125], [89.375, 21.125], [89.375, 20.875]]]}, "properties": {"time": "2020-05-20T06:00:00", "variable": "msl", "tier": "moderate", "percentile": 100.0, "z": 6.53, "wind_ms": 21.52, "value": 990.02, "lat": 21.0, "lon": 89.5}}, {"type": "Feature", "geometry": {"type": "Polygon", "coordinates": [[[89.625, 20.875], [89.875, 20.875], [89.875, 21.125], [89.625, 21.125], [89.625, 20.875]]]}, "properties": {"time": "2020-05-20T06:00:00", "variable": "msl", "tier": "moderate", "percentile": 100.0, "z": 5.81, "wind_ms": 21.28, "value": 991.8, "lat": 21.0, "lon": 89.75}}, {"type": "Feature", "geometry": {"type": "Polygon", "coordinates": [[[89.875, 20.875], [90.125, 20.875], [90.125, 21.125], [89.875, 21.125], [89.875, 20.875]]]}, "properties": {"time": "2020-05-20T06:00:00", "variable": "msl", "tier": "moderate", "percentile": 100.0, "z": 5.16, "wind_ms": 20.75, "value": 993.39, "lat": 21.0, "lon": 90.0}}, {"type": "Feature", "geometry": {"type": "Polygon", "coordinates": [[[90.125, 20.875], [90.375, 20.875], [90.375, 21.125], [90.125, 21.125], [90.125, 20.875]]]}, "properties": {"time": "2020-05-20T06:00:00", "variable": "msl", "tier": "moderate", "percentile": 100.0, "z": 4.63, "wind_ms": 20.23, "value": 994.68, "lat": 21.0, "lon": 90.25}}, {"type": "Feature", "geometry": {"type": "Polygon", "coordinates": [[[90.375, 20.875], [90.625, 20.875], [90.625, 21.125], [90.375, 21.125], [90.375, 20.875]]]}, "properties": {"time": "2020-05-20T06:00:00", "variable": "msl", "tier": "moderate", "percentile": 99.1, "z": 4.22, "wind_ms": 19.21, "value": 995.73, "lat": 21.0, "lon": 90.5}}, {"type": "Feature", "geometry": {"type": "Polygon", "coordinates": [[[90.625, 20.875], [90.875, 20.875], [90.875, 21.125], [90.625, 21.125], [90.625, 20.875]]]}, "properties": {"time": "2020-05-20T06:00:00", "variable": "msl", "tier": "moderate", "percentile": 99.1, "z": 3.91, "wind_ms": 18.11, "value": 996.54, "lat": 21.0, "lon": 90.75}}, {"type": "Feature", "geometry": {"type": "Polygon", "coordinates": [[[90.875, 20.875], [91.125, 20.875], [91.125, 21.125], [90.875, 21.125], [90.875, 20.875]]]}, "properties": {"time": "2020-05-20T06:00:00", "variable": "msl", "tier": "low", "percentile": 99.1, "z": 3.66, "wind_ms": 17.0, "value": 997.25, "lat": 21.0, "lon": 91.0}}, {"type": "Feature", "geometry": {"type": "Polygon", "coordinates": [[[91.125, 20.875], [91.375, 20.875], [91.375, 21.125], [91.125, 21.125], [91.125, 20.875]]]}, "properties": {"time": "2020-05-20T06:00:00", "variable": "msl", "tier": "low", "percentile": 99.1, "z": 3.46, "wind_ms": 16.23, "value": 997.87, "lat": 21.0, "lon": 91.25}}, {"type": "Feature", "geometry": {"type": "Polygon", "coordinates": [[[91.375, 20.875], [91.625, 20.875], [91.625, 21.125], [91.375, 21.125], [91.375, 20.875]]]}, "properties": {"time": "2020-05-20T06:00:00", "variable": "msl", "tier": "low", "percentile": 99.1, "z": 3.25, "wind_ms": 15.51, "value": 998.62, "lat": 21.0, "lon": 91.5}}, {"type": "Feature", "geometry": {"type": "Polygon", "coordinates": [[[91.625, 20.875], [91.875, 20.875], [91.875, 21.125], [91.625, 21.125], [91.625, 20.875]]]}, "properties": {"time": "2020-05-20T06:00:00", "variable": "msl", "tier": "low", "percentile": 98.3, "z": 3.01, "wind_ms": 15.29, "value": 999.45, "lat": 21.0, "lon": 91.75}}, {"type": "Feature", "geometry": {"type": "Polygon", "coordinates": [[[91.875, 20.875], [92.125, 20.875], [92.125, 21.125], [91.875, 21.125], [91.875, 20.875]]]}, "properties": {"time": "2020-05-20T06:00:00", "variable": "msl", "tier": "low", "percentile": 98.3, "z": 2.75, "wind_ms": 12.44, "value": 1000.32, "lat": 21.0, "lon": 92.0}}, {"type": "Feature", "geometry": {"type": "Polygon", "coordinates": [[[85.625, 21.125], [85.875, 21.125], [85.875, 21.375], [85.625, 21.375], [85.625, 21.125]]]}, "properties": {"time": "2020-05-20T06:00:00", "variable": "msl", "tier": "low", "percentile": 100.0, "z": 4.9, "wind_ms": 9.58, "value": 993.52, "lat": 21.25, "lon": 85.75}}, {"type": "Feature", "geometry": {"type": "Polygon", "coordinates": [[[85.875, 21.125], [86.125, 21.125], [86.125, 21.375], [85.875, 21.375], [85.875, 21.125]]]}, "properties": {"time": "2020-05-20T06:00:00", "variable": "msl", "tier": "low", "percentile": 100.0, "z": 5.45, "wind_ms": 10.75, "value": 991.83, "lat": 21.25, "lon": 86.0}}, {"type": "Feature", "geometry": {"type": "Polygon", "coordinates": [[[86.125, 21.125], [86.375, 21.125], [86.375, 21.375], [86.125, 21.375], [86.125, 21.125]]]}, "properties": {"time": "2020-05-20T06:00:00", "variable": "msl", "tier": "low", "percentile": 100.0, "z": 6.16, "wind_ms": 10.69, "value": 989.79, "lat": 21.25, "lon": 86.25}}, {"type": "Feature", "geometry": {"type": "Polygon", "coordinates": [[[86.375, 21.125], [86.625, 21.125], [86.625, 21.375], [86.375, 21.375], [86.375, 21.125]]]}, "properties": {"time": "2020-05-20T06:00:00", "variable": "msl", "tier": "low", "percentile": 100.0, "z": 6.76, "wind_ms": 11.36, "value": 988.23, "lat": 21.25, "lon": 86.5}}, {"type": "Feature", "geometry": {"type": "Polygon", "coordinates": [[[86.625, 21.125], [86.875, 21.125], [86.875, 21.375], [86.625, 21.375], [86.625, 21.125]]]}, "properties": {"time": "2020-05-20T06:00:00", "variable": "msl", "tier": "low", "percentile": 100.0, "z": 7.57, "wind_ms": 15.52, "value": 986.46, "lat": 21.25, "lon": 86.75}}, {"type": "Feature", "geometry": {"type": "Polygon", "coordinates": [[[86.875, 21.125], [87.125, 21.125], [87.125, 21.375], [86.875, 21.375], [86.875, 21.125]]]}, "properties": {"time": "2020-05-20T06:00:00", "variable": "msl", "tier": "moderate", "percentile": 100.0, "z": 8.62, "wind_ms": 20.02, "value": 984.18, "lat": 21.25, "lon": 87.0}}, {"type": "Feature", "geometry": {"type": "Polygon", "coordinates": [[[87.125, 21.125], [87.375, 21.125], [87.375, 21.375], [87.125, 21.375], [87.125, 21.125]]]}, "properties": {"time": "2020-05-20T06:00:00", "variable": "msl", "tier": "moderate", "percentile": 100.0, "z": 9.9, "wind_ms": 20.83, "value": 981.21, "lat": 21.25, "lon": 87.25}}, {"type": "Feature", "geometry": {"type": "Polygon", "coordinates": [[[87.375, 21.125], [87.625, 21.125], [87.625, 21.375], [87.375, 21.375], [87.375, 21.125]]]}, "properties": {"time": "2020-05-20T06:00:00", "variable": "msl", "tier": "moderate", "percentile": 100.0, "z": 10.96, "wind_ms": 21.46, "value": 978.6, "lat": 21.25, "lon": 87.5}}, {"type": "Feature", "geometry": {"type": "Polygon", "coordinates": [[[87.625, 21.125], [87.875, 21.125], [87.875, 21.375], [87.625, 21.375], [87.625, 21.125]]]}, "properties": {"time": "2020-05-20T06:00:00", "variable": "msl", "tier": "moderate", "percentile": 100.0, "z": 11.79, "wind_ms": 23.14, "value": 976.55, "lat": 21.25, "lon": 87.75}}, {"type": "Feature", "geometry": {"type": "Polygon", "coordinates": [[[87.875, 21.125], [88.125, 21.125], [88.125, 21.375], [87.875, 21.375], [87.875, 21.125]]]}, "properties": {"time": "2020-05-20T06:00:00", "variable": "msl", "tier": "severe", "percentile": 100.0, "z": 11.87, "wind_ms": 25.24, "value": 976.37, "lat": 21.25, "lon": 88.0}}, {"type": "Feature", "geometry": {"type": "Polygon", "coordinates": [[[88.125, 21.125], [88.375, 21.125], [88.375, 21.375], [88.125, 21.375], [88.125, 21.125]]]}, "properties": {"time": "2020-05-20T06:00:00", "variable": "msl", "tier": "severe", "percentile": 100.0, "z": 11.0, "wind_ms": 25.18, "value": 978.58, "lat": 21.25, "lon": 88.25}}, {"type": "Feature", "geometry": {"type": "Polygon", "coordinates": [[[88.375, 21.125], [88.625, 21.125], [88.625, 21.375], [88.375, 21.375], [88.375, 21.125]]]}, "properties": {"time": "2020-05-20T06:00:00", "variable": "msl", "tier": "moderate", "percentile": 100.0, "z": 9.83, "wind_ms": 23.51, "value": 981.58, "lat": 21.25, "lon": 88.5}}, {"type": "Feature", "geometry": {"type": "Polygon", "coordinates": [[[88.625, 21.125], [88.875, 21.125], [88.875, 21.375], [88.625, 21.375], [88.625, 21.125]]]}, "properties": {"time": "2020-05-20T06:00:00", "variable": "msl", "tier": "moderate", "percentile": 100.0, "z": 8.85, "wind_ms": 22.87, "value": 984.07, "lat": 21.25, "lon": 88.75}}, {"type": "Feature", "geometry": {"type": "Polygon", "coordinates": [[[88.875, 21.125], [89.125, 21.125], [89.125, 21.375], [88.875, 21.375], [88.875, 21.125]]]}, "properties": {"time": "2020-05-20T06:00:00", "variable": "msl", "tier": "moderate", "percentile": 100.0, "z": 7.9, "wind_ms": 22.21, "value": 986.5, "lat": 21.25, "lon": 89.0}}, {"type": "Feature", "geometry": {"type": "Polygon", "coordinates": [[[89.125, 21.125], [89.375, 21.125], [89.375, 21.375], [89.125, 21.375], [89.125, 21.125]]]}, "properties": {"time": "2020-05-20T06:00:00", "variable": "msl", "tier": "moderate", "percentile": 100.0, "z": 7.06, "wind_ms": 21.29, "value": 988.59, "lat": 21.25, "lon": 89.25}}, {"type": "Feature", "geometry": {"type": "Polygon", "coordinates": [[[89.375, 21.125], [89.625, 21.125], [89.625, 21.375], [89.375, 21.375], [89.375, 21.125]]]}, "properties": {"time": "2020-05-20T06:00:00", "variable": "msl", "tier": "moderate", "percentile": 100.0, "z": 6.29, "wind_ms": 19.85, "value": 990.47, "lat": 21.25, "lon": 89.5}}, {"type": "Feature", "geometry": {"type": "Polygon", "coordinates": [[[89.625, 21.125], [89.875, 21.125], [89.875, 21.375], [89.625, 21.375], [89.625, 21.125]]]}, "properties": {"time": "2020-05-20T06:00:00", "variable": "msl", "tier": "moderate", "percentile": 100.0, "z": 5.62, "wind_ms": 19.91, "value": 992.06, "lat": 21.25, "lon": 89.75}}, {"type": "Feature", "geometry": {"type": "Polygon", "coordinates": [[[89.875, 21.125], [90.125, 21.125], [90.125, 21.375], [89.875, 21.375], [89.875, 21.125]]]}, "properties": {"time": "2020-05-20T06:00:00", "variable": "msl", "tier": "moderate", "percentile": 100.0, "z": 5.01, "wind_ms": 20.18, "value": 993.48, "lat": 21.25, "lon": 90.0}}, {"type": "Feature", "geometry": {"type": "Polygon", "coordinates": [[[90.125, 21.125], [90.375, 21.125], [90.375, 21.375], [90.125, 21.375], [90.125, 21.125]]]}, "properties": {"time": "2020-05-20T06:00:00", "variable": "msl", "tier": "moderate", "percentile": 99.1, "z": 4.48, "wind_ms": 19.46, "value": 994.76, "lat": 21.25, "lon": 90.25}}, {"type": "Feature", "geometry": {"type": "Polygon", "coordinates": [[[90.375, 21.125], [90.625, 21.125], [90.625, 21.375], [90.375, 21.375], [90.375, 21.125]]]}, "properties": {"time": "2020-05-20T06:00:00", "variable": "msl", "tier": "moderate", "percentile": 99.1, "z": 4.08, "wind_ms": 18.34, "value": 995.74, "lat": 21.25, "lon": 90.5}}, {"type": "Feature", "geometry": {"type": "Polygon", "coordinates": [[[90.625, 21.125], [90.875, 21.125], [90.875, 21.375], [90.625, 21.375], [90.625, 21.125]]]}, "properties": {"time": "2020-05-20T06:00:00", "variable": "msl", "tier": "moderate", "percentile": 99.1, "z": 3.8, "wind_ms": 17.34, "value": 996.52, "lat": 21.25, "lon": 90.75}}, {"type": "Feature", "geometry": {"type": "Polygon", "coordinates": [[[90.875, 21.125], [91.125, 21.125], [91.125, 21.375], [90.875, 21.375], [90.875, 21.125]]]}, "properties": {"time": "2020-05-20T06:00:00", "variable": "msl", "tier": "low", "percentile": 99.1, "z": 3.55, "wind_ms": 16.62, "value": 997.24, "lat": 21.25, "lon": 91.0}}, {"type": "Feature", "geometry": {"type": "Polygon", "coordinates": [[[91.125, 21.125], [91.375, 21.125], [91.375, 21.375], [91.125, 21.375], [91.125, 21.125]]]}, "properties": {"time": "2020-05-20T06:00:00", "variable": "msl", "tier": "low", "percentile": 99.1, "z": 3.36, "wind_ms": 15.87, "value": 997.95, "lat": 21.25, "lon": 91.25}}, {"type": "Feature", "geometry": {"type": "Polygon", "coordinates": [[[91.375, 21.125], [91.625, 21.125], [91.625, 21.375], [91.375, 21.375], [91.375, 21.125]]]}, "properties": {"time": "2020-05-20T06:00:00", "variable": "msl", "tier": "low", "percentile": 99.1, "z": 3.13, "wind_ms": 15.62, "value": 998.72, "lat": 21.25, "lon": 91.5}}, {"type": "Feature", "geometry": {"type": "Polygon", "coordinates": [[[91.625, 21.125], [91.875, 21.125], [91.875, 21.375], [91.625, 21.375], [91.625, 21.125]]]}, "properties": {"time": "2020-05-20T06:00:00", "variable": "msl", "tier": "low", "percentile": 99.1, "z": 2.91, "wind_ms": 14.34, "value": 999.54, "lat": 21.25, "lon": 91.75}}, {"type": "Feature", "geometry": {"type": "Polygon", "coordinates": [[[91.875, 21.125], [92.125, 21.125], [92.125, 21.375], [91.875, 21.375], [91.875, 21.125]]]}, "properties": {"time": "2020-05-20T06:00:00", "variable": "msl", "tier": "low", "percentile": 98.3, "z": 2.66, "wind_ms": 10.53, "value": 1000.4, "lat": 21.25, "lon": 92.0}}, {"type": "Feature", "geometry": {"type": "Polygon", "coordinates": [[[85.625, 21.375], [85.875, 21.375], [85.875, 21.625], [85.625, 21.625], [85.625, 21.375]]]}, "properties": {"time": "2020-05-20T06:00:00", "variable": "msl", "tier": "low", "percentile": 100.0, "z": 4.4, "wind_ms": 9.97, "value": 995.23, "lat": 21.5, "lon": 85.75}}, {"type": "Feature", "geometry": {"type": "Polygon", "coordinates": [[[85.875, 21.375], [86.125, 21.375], [86.125, 21.625], [85.875, 21.625], [85.875, 21.375]]]}, "properties": {"time": "2020-05-20T06:00:00", "variable": "msl", "tier": "low", "percentile": 100.0, "z": 5.04, "wind_ms": 11.01, "value": 993.42, "lat": 21.5, "lon": 86.0}}, {"type": "Feature", "geometry": {"type": "Polygon", "coordinates": [[[86.125, 21.375], [86.375, 21.375], [86.375, 21.625], [86.125, 21.625], [86.125, 21.375]]]}, "properties": {"time": "2020-05-20T06:00:00", "variable": "msl", "tier": "low", "percentile": 100.0, "z": 5.96, "wind_ms": 10.94, "value": 991.26, "lat": 21.5, "lon": 86.25}}, {"type": "Feature", "geometry": {"type": "Polygon", "coordinates": [[[86.375, 21.375], [86.625, 21.375], [86.625, 21.625], [86.375, 21.625], [86.375, 21.375]]]}, "properties": {"time": "2020-05-20T06:00:00", "variable": "msl", "tier": "low", "percentile": 100.0, "z": 6.47, "wind_ms": 11.17, "value": 989.5, "lat": 21.5, "lon": 86.5}}, {"type": "Feature", "geometry": {"type": "Polygon", "coordinates": [[[86.625, 21.375], [86.875, 21.375], [86.875, 21.625], [86.625, 21.625], [86.625, 21.375]]]}, "properties": {"time": "2020-05-20T06:00:00", "variable": "msl", "tier": "low", "percentile": 100.0, "z": 6.92, "wind_ms": 13.52, "value": 988.09, "lat": 21.5, "lon": 86.75}}, {"type": "Feature", "geometry": {"type": "Polygon", "coordinates": [[[86.875, 21.375], [87.125, 21.375], [87.125, 21.625], [86.875, 21.625], [86.875, 21.375]]]}, "properties": {"time": "2020-05-20T06:00:00", "variable": "msl", "tier": "moderate", "percentile": 100.0, "z": 7.7, "wind_ms": 17.16, "value": 986.41, "lat": 21.5, "lon": 87.0}}, {"type": "Feature", "geometry": {"type": "Polygon", "coordinates": [[[87.125, 21.375], [87.375, 21.375], [87.375, 21.625], [87.125, 21.625], [87.125, 21.375]]]}, "properties": {"time": "2020-05-20T06:00:00", "variable": "msl", "tier": "moderate", "percentile": 100.0, "z": 8.55, "wind_ms": 18.44, "value": 984.56, "lat": 21.5, "lon": 87.25}}, {"type": "Feature", "geometry": {"type": "Polygon", "coordinates": [[[87.375, 21.375], [87.625, 21.375], [87.625, 21.625], [87.375, 21.625], [87.375, 21.375]]]}, "properties": {"time": "2020-05-20T06:00:00", "variable": "msl", "tier": "moderate", "percentile": 100.0, "z": 9.27, "wind_ms": 18.77, "value": 982.82, "lat": 21.5, "lon": 87.5}}, {"type": "Feature", "geometry": {"type": "Polygon", "coordinates": [[[87.625, 21.375], [87.875, 21.375], [87.875, 21.625], [87.625, 21.625], [87.625, 21.375]]]}, "properties": {"time": "2020-05-20T06:00:00", "variable": "msl", "tier": "moderate", "percentile": 100.0, "z": 9.76, "wind_ms": 20.84, "value": 981.59, "lat": 21.5, "lon": 87.75}}, {"type": "Feature", "geometry": {"type": "Polygon", "coordinates": [[[87.875, 21.375], [88.125, 21.375], [88.125, 21.625], [87.875, 21.625], [87.875, 21.375]]]}, "properties": {"time": "2020-05-20T06:00:00", "variable": "msl", "tier": "moderate", "percentile": 100.0, "z": 9.92, "wind_ms": 24.05, "value": 981.19, "lat": 21.5, "lon": 88.0}}, {"type": "Feature", "geometry": {"type": "Polygon", "coordinates": [[[88.125, 21.375], [88.375, 21.375], [88.375, 21.625], [88.125, 21.625], [88.125, 21.375]]]}, "properties": {"time": "2020-05-20T06:00:00", "variable": "msl", "tier": "moderate", "percentile": 100.0, "z": 9.46, "wind_ms": 23.29, "value": 982.37, "lat": 21.5, "lon": 88.25}}, {"type": "Feature", "geometry": {"type": "Polygon", "coordinates": [[[88.375, 21.375], [88.625, 21.375], [88.625, 21.625], [88.375, 21.625], [88.375, 21.375]]]}, "properties": {"time": "2020-05-20T06:00:00", "variable": "msl", "tier": "moderate", "percentile": 100.0, "z": 8.81, "wind_ms": 23.61, "value": 984.08, "lat": 21.5, "lon": 88.5}}, {"type": "Feature", "geometry": {"type": "Polygon", "coordinates": [[[88.625, 21.375], [88.875, 21.375], [88.875, 21.625], [88.625, 21.625], [88.625, 21.375]]]}, "properties": {"time": "2020-05-20T06:00:00", "variable": "msl", "tier": "moderate", "percentile": 100.0, "z": 8.08, "wind_ms": 22.89, "value": 985.92, "lat": 21.5, "lon": 88.75}}, {"type": "Feature", "geometry": {"type": "Polygon", "coordinates": [[[88.875, 21.375], [89.125, 21.375], [89.125, 21.625], [88.875, 21.625], [88.875, 21.375]]]}, "properties": {"time": "2020-05-20T06:00:00", "variable": "msl", "tier": "moderate", "percentile": 100.0, "z": 7.34, "wind_ms": 21.29, "value": 987.78, "lat": 21.5, "lon": 89.0}}, {"type": "Feature", "geometry": {"type": "Polygon", "coordinates": [[[89.125, 21.375], [89.375, 21.375], [89.375, 21.625], [89.125, 21.625], [89.125, 21.375]]]}, "properties": {"time": "2020-05-20T06:00:00", "variable": "msl", "tier": "moderate", "percentile": 100.0, "z": 6.61, "wind_ms": 20.0, "value": 989.59, "lat": 21.5, "lon": 89.25}}, {"type": "Feature", "geometry": {"type": "Polygon", "coordinates": [[[89.375, 21.375], [89.625, 21.375], [89.625, 21.625], [89.375, 21.625], [89.375, 21.375]]]}, "properties": {"time": "2020-05-20T06:00:00", "variable": "msl", "tier": "moderate", "percentile": 100.0, "z": 5.97, "wind_ms": 20.21, "value": 991.15, "lat": 21.5, "lon": 89.5}}, {"type": "Feature", "geometry": {"type": "Polygon", "coordinates": [[[89.625, 21.375], [89.875, 21.375], [89.875, 21.625], [89.625, 21.625], [89.625, 21.375]]]}, "properties": {"time": "2020-05-20T06:00:00", "variable": "msl", "tier": "moderate", "percentile": 100.0, "z": 5.36, "wind_ms": 20.03, "value": 992.55, "lat": 21.5, "lon": 89.75}}, {"type": "Feature", "geometry": {"type": "Polygon", "coordinates": [[[89.875, 21.375], [90.125, 21.375], [90.125, 21.625], [89.875, 21.625], [89.875, 21.375]]]}, "properties": {"time": "2020-05-20T06:00:00", "variable": "msl", "tier": "moderate", "percentile": 99.1, "z": 4.79, "wind_ms": 19.59, "value": 993.82, "lat": 21.5, "lon": 90.0}}, {"type": "Feature", "geometry": {"type": "Polygon", "coordinates": [[[90.125, 21.375], [90.375, 21.375], [90.375, 21.625], [90.125, 21.625], [90.125, 21.375]]]}, "properties": {"time": "2020-05-20T06:00:00", "variable": "msl", "tier": "moderate", "percentile": 99.1, "z": 4.28, "wind_ms": 18.57, "value": 994.95, "lat": 21.5, "lon": 90.25}}, {"type": "Feature", "geometry": {"type": "Polygon", "coordinates": [[[90.375, 21.375], [90.625, 21.375], [90.625, 21.625], [90.375, 21.625], [90.375, 21.375]]]}, "properties": {"time": "2020-05-20T06:00:00", "variable": "msl", "tier": "moderate", "percentile": 99.1, "z": 3.89, "wind_ms": 17.51, "value": 995.85, "lat": 21.5, "lon": 90.5}}, {"type": "Feature", "geometry": {"type": "Polygon", "coordinates": [[[90.625, 21.375], [90.875, 21.375], [90.875, 21.625], [90.625, 21.625], [90.625, 21.375]]]}, "properties": {"time": "2020-05-20T06:00:00", "variable": "msl", "tier": "low", "percentile": 99.1, "z": 3.61, "wind_ms": 16.83, "value": 996.55, "lat": 21.5, "lon": 90.75}}, {"type": "Feature", "geometry": {"type": "Polygon", "coordinates": [[[90.875, 21.375], [91.125, 21.375], [91.125, 21.625], [90.875, 21.625], [90.875, 21.375]]]}, "properties": {"time": "2020-05-20T06:00:00", "variable": "msl", "tier": "low", "percentile": 99.1, "z": 3.38, "wind_ms": 16.47, "value": 997.23, "lat": 21.5, "lon": 91.0}}, {"type": "Feature", "geometry": {"type": "Polygon", "coordinates": [[[91.125, 21.375], [91.375, 21.375], [91.375, 21.625], [91.125, 21.625], [91.125, 21.375]]]}, "properties": {"time": "2020-05-20T06:00:00", "variable": "msl", "tier": "low", "percentile": 99.1, "z": 3.18, "wind_ms": 15.91, "value": 997.95, "lat": 21.5, "lon": 91.25}}, {"type": "Feature", "geometry": {"type": "Polygon", "coordinates": [[[91.375, 21.375], [91.625, 21.375], [91.625, 21.625], [91.375, 21.625], [91.375, 21.375]]]}, "properties": {"time": "2020-05-20T06:00:00", "variable": "msl", "tier": "low", "percentile": 99.1, "z": 2.97, "wind_ms": 15.86, "value": 998.87, "lat": 21.5, "lon": 91.5}}, {"type": "Feature", "geometry": {"type": "Polygon", "coordinates": [[[91.625, 21.375], [91.875, 21.375], [91.875, 21.625], [91.625, 21.625], [91.625, 21.375]]]}, "properties": {"time": "2020-05-20T06:00:00", "variable": "msl", "tier": "low", "percentile": 99.1, "z": 2.8, "wind_ms": 14.25, "value": 999.59, "lat": 21.5, "lon": 91.75}}, {"type": "Feature", "geometry": {"type": "Polygon", "coordinates": [[[91.875, 21.375], [92.125, 21.375], [92.125, 21.625], [91.875, 21.625], [91.875, 21.375]]]}, "properties": {"time": "2020-05-20T06:00:00", "variable": "msl", "tier": "low", "percentile": 98.3, "z": 2.6, "wind_ms": 10.58, "value": 1000.3, "lat": 21.5, "lon": 92.0}}, {"type": "Feature", "geometry": {"type": "Polygon", "coordinates": [[[85.625, 21.625], [85.875, 21.625], [85.875, 21.875], [85.625, 21.875], [85.625, 21.625]]]}, "properties": {"time": "2020-05-20T06:00:00", "variable": "msl", "tier": "low", "percentile": 100.0, "z": 3.96, "wind_ms": 9.51, "value": 996.1, "lat": 21.75, "lon": 85.75}}, {"type": "Feature", "geometry": {"type": "Polygon", "coordinates": [[[85.875, 21.625], [86.125, 21.625], [86.125, 21.875], [85.875, 21.875], [85.875, 21.625]]]}, "properties": {"time": "2020-05-20T06:00:00", "variable": "msl", "tier": "low", "percentile": 100.0, "z": 4.45, "wind_ms": 9.53, "value": 995.24, "lat": 21.75, "lon": 86.0}}, {"type": "Feature", "geometry": {"type": "Polygon", "coordinates": [[[86.375, 21.625], [86.625, 21.625], [86.625, 21.875], [86.375, 21.875], [86.375, 21.625]]]}, "properties": {"time": "2020-05-20T06:00:00", "variable": "msl", "tier": "low", "percentile": 100.0, "z": 5.44, "wind_ms": 9.56, "value": 992.8, "lat": 21.75, "lon": 86.5}}, {"type": "Feature", "geometry": {"type": "Polygon", "coordinates": [[[86.625, 21.625], [86.875, 21.625], [86.875, 21.875], [86.625, 21.875], [86.625, 21.625]]]}, "properties": {"time": "2020-05-20T06:00:00", "variable": "msl", "tier": "low", "percentile": 100.0, "z": 5.9, "wind_ms": 11.64, "value": 990.65, "lat": 21.75, "lon": 86.75}}, {"type": "Feature", "geometry": {"type": "Polygon", "coordinates": [[[86.875, 21.625], [87.125, 21.625], [87.125, 21.875], [86.875, 21.875], [86.875, 21.625]]]}, "properties": {"time": "2020-05-20T06:00:00", "variable": "msl", "tier": "low", "percentile": 100.0, "z": 6.66, "wind_ms": 13.43, "value": 988.79, "lat": 21.75, "lon": 87.0}}, {"type": "Feature", "geometry": {"type": "Polygon", "coordinates": [[[87.125, 21.625], [87.375, 21.625], [87.375, 21.875], [87.125, 21.875], [87.125, 21.625]]]}, "properties": {"time": "2020-05-20T06:00:00", "variable": "msl", "tier": "low", "percentile": 100.0, "z": 7.41, "wind_ms": 13.05, "value": 987.1, "lat": 21.75, "lon": 87.25}}, {"type": "Feature", "geometry": {"type": "Polygon", "coordinates": [[[87.375, 21.625], [87.625, 21.625], [87.625, 21.875], [87.375, 21.875], [87.375, 21.625]]]}, "properties": {"time": "2020-05-20T06:00:00", "variable": "msl", "tier": "low", "percentile": 100.0, "z": 8.0, "wind_ms": 12.49, "value": 985.78, "lat": 21.75, "lon": 87.5}}, {"type": "Feature", "geometry": {"type": "Polygon", "coordinates": [[[87.625, 21.625], [87.875, 21.625], [87.875, 21.875], [87.625, 21.875], [87.625, 21.625]]]}, "properties": {"time": "2020-05-20T06:00:00", "variable": "msl", "tier": "low", "percentile": 100.0, "z": 8.27, "wind_ms": 14.4, "value": 985.25, "lat": 21.75, "lon": 87.75}}, {"type": "Feature", "geometry": {"type": "Polygon", "coordinates": [[[87.875, 21.625], [88.125, 21.625], [88.125, 21.875], [87.875, 21.875], [87.875, 21.625]]]}, "properties": {"time": "2020-05-20T06:00:00", "variable": "msl", "tier": "moderate", "percentile": 100.0, "z": 8.38, "wind_ms": 17.5, "value": 985.06, "lat": 21.75, "lon": 88.0}}, {"type": "Feature", "geometry": {"type": "Polygon", "coordinates": [[[88.125, 21.625], [88.375, 21.625], [88.375, 21.875], [88.125, 21.875], [88.125, 21.625]]]}, "properties": {"time": "2020-05-20T06:00:00", "variable": "msl", "tier": "low", "percentile": 100.0, "z": 8.14, "wind_ms": 16.57, "value": 985.63, "lat": 21.75, "lon": 88.25}}, {"type": "Feature", "geometry": {"type": "Polygon", "coordinates": [[[88.375, 21.625], [88.625, 21.625], [88.625, 21.875], [88.375, 21.875], [88.375, 21.625]]]}, "properties": {"time": "2020-05-20T06:00:00", "variable": "msl", "tier": "moderate", "percentile": 100.0, "z": 7.8, "wind_ms": 18.66, "value": 986.52, "lat": 21.75, "lon": 88.5}}, {"type": "Feature", "geometry": {"type": "Polygon", "coordinates": [[[88.625, 21.625], [88.875, 21.625], [88.875, 21.875], [88.625, 21.875], [88.625, 21.625]]]}, "properties": {"time": "2020-05-20T06:00:00", "variable": "msl", "tier": "moderate", "percentile": 100.0, "z": 7.27, "wind_ms": 17.6, "value": 987.86, "lat": 21.75, "lon": 88.75}}, {"type": "Feature", "geometry": {"type": "Polygon", "coordinates": [[[88.875, 21.625], [89.125, 21.625], [89.125, 21.875], [88.875, 21.875], [88.875, 21.625]]]}, "properties": {"time": "2020-05-20T06:00:00", "variable": "msl", "tier": "low", "percentile": 100.0, "z": 6.75, "wind_ms": 15.69, "value": 989.24, "lat": 21.75, "lon": 89.0}}, {"type": "Feature", "geometry": {"type": "Polygon", "coordinates": [[[89.125, 21.625], [89.375, 21.625], [89.375, 21.875], [89.125, 21.875], [89.125, 21.625]]]}, "properties": {"time": "2020-05-20T06:00:00", "variable": "msl", "tier": "low", "percentile": 100.0, "z": 6.15, "wind_ms": 15.81, "value": 990.76, "lat": 21.75, "lon": 89.25}}, {"type": "Feature", "geometry": {"type": "Polygon", "coordinates": [[[89.375, 21.625], [89.625, 21.625], [89.625, 21.875], [89.375, 21.875], [89.375, 21.625]]]}, "properties": {"time": "2020-05-20T06:00:00", "variable": "msl", "tier": "moderate", "percentile": 100.0, "z": 5.6, "wind_ms": 19.44, "value": 992.05, "lat": 21.75, "lon": 89.5}}, {"type": "Feature", "geometry": {"type": "Polygon", "coordinates": [[[89.625, 21.625], [89.875, 21.625], [89.875, 21.875], [89.625, 21.875], [89.625, 21.625]]]}, "properties": {"time": "2020-05-20T06:00:00", "variable": "msl", "tier": "moderate", "percentile": 100.0, "z": 5.03, "wind_ms": 19.31, "value": 993.27, "lat": 21.75, "lon": 89.75}}, {"type": "Feature", "geometry": {"type": "Polygon", "coordinates": [[[89.875, 21.625], [90.125, 21.625], [90.125, 21.875], [89.875, 21.875], [89.875, 21.625]]]}, "properties": {"time": "2020-05-20T06:00:00", "variable": "msl", "tier": "moderate", "percentile": 99.1, "z": 4.49, "wind_ms": 18.54, "value": 994.4, "lat": 21.75, "lon": 90.0}}, {"type": "Feature", "geometry": {"type": "Polygon", "coordinates": [[[90.125, 21.625], [90.375, 21.625], [90.375, 21.875], [90.125, 21.875], [90.125, 21.625]]]}, "properties": {"time": "2020-05-20T06:00:00", "variable": "msl", "tier": "moderate", "percentile": 99.1, "z": 4.03, "wind_ms": 17.73, "value": 995.34, "lat": 21.75, "lon": 90.25}}, {"type": "Feature", "geometry": {"type": "Polygon", "coordinates": [[[90.375, 21.625], [90.625, 21.625], [90.625, 21.875], [90.375, 21.875], [90.375, 21.625]]]}, "properties": {"time": "2020-05-20T06:00:00", "variable": "msl", "tier": "low", "percentile": 99.1, "z": 3.66, "wind_ms": 16.83, "value": 996.14, "lat": 21.75, "lon": 90.5}}, {"type": "Feature", "geometry": {"type": "Polygon", "coordinates": [[[90.625, 21.625], [90.875, 21.625], [90.875, 21.875], [90.625, 21.875], [90.625, 21.625]]]}, "properties": {"time": "2020-05-20T06:00:00", "variable": "msl", "tier": "low", "percentile": 99.1, "z": 3.37, "wind_ms": 16.36, "value": 996.84, "lat": 21.75, "lon": 90.75}}, {"type": "Feature", "geometry": {"type": "Polygon", "coordinates": [[[90.875, 21.625], [91.125, 21.625], [91.125, 21.875], [90.875, 21.875], [90.875, 21.625]]]}, "properties": {"time": "2020-05-20T06:00:00", "variable": "msl", "tier": "low", "percentile": 99.1, "z": 3.15, "wind_ms": 16.5, "value": 997.6, "lat": 21.75, "lon": 91.0}}, {"type": "Feature", "geometry": {"type": "Polygon", "coordinates": [[[91.125, 21.625], [91.375, 21.625], [91.375, 21.875], [91.125, 21.875], [91.125, 21.625]]]}, "properties": {"time": "2020-05-20T06:00:00", "variable": "msl", "tier": "low", "percentile": 99.1, "z": 2.96, "wind_ms": 15.96, "value": 998.31, "lat": 21.75, "lon": 91.25}}, {"type": "Feature", "geometry": {"type": "Polygon", "coordinates": [[[91.375, 21.625], [91.625, 21.625], [91.625, 21.875], [91.375, 21.875], [91.375, 21.625]]]}, "properties": {"time": "2020-05-20T06:00:00", "variable": "msl", "tier": "low", "percentile": 99.1, "z": 2.81, "wind_ms": 15.69, "value": 999.11, "lat": 21.75, "lon": 91.5}}, {"type": "Feature", "geometry": {"type": "Polygon", "coordinates": [[[91.625, 21.625], [91.875, 21.625], [91.875, 21.875], [91.625, 21.875], [91.625, 21.625]]]}, "properties": {"time": "2020-05-20T06:00:00", "variable": "msl", "tier": "low", "percentile": 99.1, "z": 2.7, "wind_ms": 14.03, "value": 999.65, "lat": 21.75, "lon": 91.75}}, {"type": "Feature", "geometry": {"type": "Polygon", "coordinates": [[[91.875, 21.625], [92.125, 21.625], [92.125, 21.875], [91.875, 21.875], [91.875, 21.625]]]}, "properties": {"time": "2020-05-20T06:00:00", "variable": "msl", "tier": "low", "percentile": 98.3, "z": 2.58, "wind_ms": 10.35, "value": 1000.21, "lat": 21.75, "lon": 92.0}}, {"type": "Feature", "geometry": {"type": "Polygon", "coordinates": [[[86.625, 21.875], [86.875, 21.875], [86.875, 22.125], [86.625, 22.125], [86.625, 21.875]]]}, "properties": {"time": "2020-05-20T06:00:00", "variable": "msl", "tier": "low", "percentile": 100.0, "z": 5.06, "wind_ms": 10.22, "value": 992.31, "lat": 22.0, "lon": 86.75}}, {"type": "Feature", "geometry": {"type": "Polygon", "coordinates": [[[86.875, 21.875], [87.125, 21.875], [87.125, 22.125], [86.875, 22.125], [86.875, 21.875]]]}, "properties": {"time": "2020-05-20T06:00:00", "variable": "msl", "tier": "low", "percentile": 100.0, "z": 5.68, "wind_ms": 11.23, "value": 990.92, "lat": 22.0, "lon": 87.0}}, {"type": "Feature", "geometry": {"type": "Polygon", "coordinates": [[[87.125, 21.875], [87.375, 21.875], [87.375, 22.125], [87.125, 22.125], [87.125, 21.875]]]}, "properties": {"time": "2020-05-20T06:00:00", "variable": "msl", "tier": "low", "percentile": 100.0, "z": 6.38, "wind_ms": 11.2, "value": 989.41, "lat": 22.0, "lon": 87.25}}, {"type": "Feature", "geometry": {"type": "Polygon", "coordinates": [[[87.375, 21.875], [87.625, 21.875], [87.625, 22.125], [87.375, 22.125], [87.375, 21.875]]]}, "properties": {"time": "2020-05-20T06:00:00", "variable": "msl", "tier": "low", "percentile": 100.0, "z": 6.89, "wind_ms": 10.65, "value": 988.32, "lat": 22.0, "lon": 87.5}}, {"type": "Feature", "geometry": {"type": "Polygon", "coordinates": [[[87.625, 21.875], [87.875, 21.875], [87.875, 22.125], [87.625, 22.125], [87.625, 21.875]]]}, "properties": {"time": "2020-05-20T06:00:00", "variable": "msl", "tier": "low", "percentile": 100.0, "z": 7.18, "wind_ms": 11.22, "value": 987.73, "lat": 22.0, "lon": 87.75}}, {"type": "Feature", "geometry": {"type": "Polygon", "coordinates": [[[87.875, 21.875], [88.125, 21.875], [88.125, 22.125], [87.875, 22.125], [87.875, 21.875]]]}, "properties": {"time": "2020-05-20T06:00:00", "variable": "msl", "tier": "low", "percentile": 100.0, "z": 7.23, "wind_ms": 12.17, "value": 987.69, "lat": 22.0, "lon": 88.0}}, {"type": "Feature", "geometry": {"type": "Polygon", "coordinates": [[[88.125, 21.875], [88.375, 21.875], [88.375, 22.125], [88.125, 22.125], [88.125, 21.875]]]}, "properties": {"time": "2020-05-20T06:00:00", "variable": "msl", "tier": "low", "percentile": 100.0, "z": 7.05, "wind_ms": 11.54, "value": 988.13, "lat": 22.0, "lon": 88.25}}, {"type": "Feature", "geometry": {"type": "Polygon", "coordinates": [[[88.375, 21.875], [88.625, 21.875], [88.625, 22.125], [88.375, 22.125], [88.375, 21.875]]]}, "properties": {"time": "2020-05-20T06:00:00", "variable": "msl", "tier": "low", "percentile": 100.0, "z": 6.79, "wind_ms": 12.87, "value": 988.85, "lat": 22.0, "lon": 88.5}}, {"type": "Feature", "geometry": {"type": "Polygon", "coordinates": [[[88.625, 21.875], [88.875, 21.875], [88.875, 22.125], [88.625, 22.125], [88.625, 21.875]]]}, "properties": {"time": "2020-05-20T06:00:00", "variable": "msl", "tier": "low", "percentile": 100.0, "z": 6.52, "wind_ms": 13.59, "value": 989.58, "lat": 22.0, "lon": 88.75}}, {"type": "Feature", "geometry": {"type": "Polygon", "coordinates": [[[88.875, 21.875], [89.125, 21.875], [89.125, 22.125], [88.875, 22.125], [88.875, 21.875]]]}, "properties": {"time": "2020-05-20T06:00:00", "variable": "msl", "tier": "low", "percentile": 100.0, "z": 6.08, "wind_ms": 12.67, "value": 990.72, "lat": 22.0, "lon": 89.0}}, {"type": "Feature", "geometry": {"type": "Polygon", "coordinates": [[[89.125, 21.875], [89.375, 21.875], [89.375, 22.125], [89.125, 22.125], [89.125, 21.875]]]}, "properties": {"time": "2020-05-20T06:00:00", "variable": "msl", "tier": "low", "percentile": 100.0, "z": 5.68, "wind_ms": 13.01, "value": 991.76, "lat": 22.0, "lon": 89.25}}, {"type": "Feature", "geometry": {"type": "Polygon", "coordinates": [[[89.375, 21.875], [89.625, 21.875], [89.625, 22.125], [89.375, 22.125], [89.375, 21.875]]]}, "properties": {"time": "2020-05-20T06:00:00", "variable": "msl", "tier": "low", "percentile": 100.0, "z": 5.22, "wind_ms": 14.04, "value": 992.87, "lat": 22.0, "lon": 89.5}}, {"type": "Feature", "geometry": {"type": "Polygon", "coordinates": [[[89.625, 21.875], [89.875, 21.875], [89.875, 22.125], [89.625, 22.125], [89.625, 21.875]]]}, "properties": {"time": "2020-05-20T06:00:00", "variable": "msl", "tier": "low", "percentile": 100.0, "z": 4.73, "wind_ms": 12.66, "value": 993.95, "lat": 22.0, "lon": 89.75}}, {"type": "Feature", "geometry": {"type": "Polygon", "coordinates": [[[89.875, 21.875], [90.125, 21.875], [90.125, 22.125], [89.875, 22.125], [89.875, 21.875]]]}, "properties": {"time": "2020-05-20T06:00:00", "variable": "msl", "tier": "low", "percentile": 99.1, "z": 4.28, "wind_ms": 13.1, "value": 994.86, "lat": 22.0, "lon": 90.0}}, {"type": "Feature", "geometry": {"type": "Polygon", "coordinates": [[[90.125, 21.875], [90.375, 21.875], [90.375, 22.125], [90.125, 22.125], [90.125, 21.875]]]}, "properties": {"time": "2020-05-20T06:00:00", "variable": "msl", "tier": "low", "percentile": 99.1, "z": 3.84, "wind_ms": 12.9, "value": 995.74, "lat": 22.0, "lon": 90.25}}, {"type": "Feature", "geometry": {"type": "Polygon", "coordinates": [[[90.375, 21.875], [90.625, 21.875], [90.625, 22.125], [90.375, 22.125], [90.375, 21.875]]]}, "properties": {"time": "2020-05-20T06:00:00", "variable": "msl", "tier": "low", "percentile": 99.1, "z": 3.48, "wind_ms": 13.56, "value": 996.47, "lat": 22.0, "lon": 90.5}}, {"type": "Feature", "geometry": {"type": "Polygon", "coordinates": [[[90.625, 21.875], [90.875, 21.875], [90.875, 22.125], [90.625, 22.125], [90.625, 21.875]]]}, "properties": {"time": "2020-05-20T06:00:00", "variable": "msl", "tier": "low", "percentile": 99.1, "z": 3.2, "wind_ms": 13.99, "value": 997.18, "lat": 22.0, "lon": 90.75}}, {"type": "Feature", "geometry": {"type": "Polygon", "coordinates": [[[90.875, 21.875], [91.125, 21.875], [91.125, 22.125], [90.875, 22.125], [90.875, 21.875]]]}, "properties": {"time": "2020-05-20T06:00:00", "variable": "msl", "tier": "low", "percentile": 99.1, "z": 2.99, "wind_ms": 16.33, "value": 997.87, "lat": 22.0, "lon": 91.0}}, {"type": "Feature", "geometry": {"type": "Polygon", "coordinates": [[[91.125, 21.875], [91.375, 21.875], [91.375, 22.125], [91.125, 22.125], [91.125, 21.875]]]}, "properties": {"time": "2020-05-20T06:00:00", "variable": "msl", "tier": "low", "percentile": 99.1, "z": 2.81, "wind_ms": 15.84, "value": 998.53, "lat": 22.0, "lon": 91.25}}, {"type": "Feature", "geometry": {"type": "Polygon", "coordinates": [[[91.375, 21.875], [91.625, 21.875], [91.625, 22.125], [91.375, 22.125], [91.375, 21.875]]]}, "properties": {"time": "2020-05-20T06:00:00", "variable": "msl", "tier": "low", "percentile": 99.1, "z": 2.7, "wind_ms": 15.17, "value": 999.24, "lat": 22.0, "lon": 91.5}}, {"type": "Feature", "geometry": {"type": "Polygon", "coordinates": [[[91.625, 21.875], [91.875, 21.875], [91.875, 22.125], [91.625, 22.125], [91.625, 21.875]]]}, "properties": {"time": "2020-05-20T06:00:00", "variable": "msl", "tier": "low", "percentile": 99.1, "z": 2.65, "wind_ms": 12.74, "value": 999.62, "lat": 22.0, "lon": 91.75}}, {"type": "Feature", "geometry": {"type": "Polygon", "coordinates": [[[91.875, 21.875], [92.125, 21.875], [92.125, 22.125], [91.875, 22.125], [91.875, 21.875]]]}, "properties": {"time": "2020-05-20T06:00:00", "variable": "msl", "tier": "low", "percentile": 98.3, "z": 2.55, "wind_ms": 9.02, "value": 1000.13, "lat": 22.0, "lon": 92.0}}, {"type": "Feature", "geometry": {"type": "Polygon", "coordinates": [[[86.625, 22.125], [86.875, 22.125], [86.875, 22.375], [86.625, 22.375], [86.625, 22.125]]]}, "properties": {"time": "2020-05-20T06:00:00", "variable": "msl", "tier": "low", "percentile": 100.0, "z": 4.51, "wind_ms": 9.53, "value": 993.56, "lat": 22.25, "lon": 86.75}}, {"type": "Feature", "geometry": {"type": "Polygon", "coordinates": [[[86.875, 22.125], [87.125, 22.125], [87.125, 22.375], [86.875, 22.375], [86.875, 22.125]]]}, "properties": {"time": "2020-05-20T06:00:00", "variable": "msl", "tier": "low", "percentile": 100.0, "z": 5.04, "wind_ms": 10.53, "value": 992.35, "lat": 22.25, "lon": 87.0}}, {"type": "Feature", "geometry": {"type": "Polygon", "coordinates": [[[87.125, 22.125], [87.375, 22.125], [87.375, 22.375], [87.125, 22.375], [87.125, 22.125]]]}, "properties": {"time": "2020-05-20T06:00:00", "variable": "msl", "tier": "low", "percentile": 100.0, "z": 5.43, "wind_ms": 10.57, "value": 991.54, "lat": 22.25, "lon": 87.25}}, {"type": "Feature", "geometry": {"type": "Polygon", "coordinates": [[[87.375, 22.125], [87.625, 22.125], [87.625, 22.375], [87.375, 22.375], [87.375, 22.125]]]}, "properties": {"time": "2020-05-20T06:00:00", "variable": "msl", "tier": "low", "percentile": 100.0, "z": 5.9, "wind_ms": 10.21, "value": 990.56, "lat": 22.25, "lon": 87.5}}, {"type": "Feature", "geometry": {"type": "Polygon", "coordinates": [[[87.625, 22.125], [87.875, 22.125], [87.875, 22.375], [87.625, 22.375], [87.625, 22.125]]]}, "properties": {"time": "2020-05-20T06:00:00", "variable": "msl", "tier": "low", "percentile": 100.0, "z": 6.21, "wind_ms": 10.18, "value": 989.89, "lat": 22.25, "lon": 87.75}}, {"type": "Feature", "geometry": {"type": "Polygon", "coordinates": [[[87.875, 22.125], [88.125, 22.125], [88.125, 22.375], [87.875, 22.375], [87.875, 22.125]]]}, "properties": {"time": "2020-05-20T06:00:00", "variable": "msl", "tier": "low", "percentile": 100.0, "z": 6.33, "wind_ms": 10.35, "value": 989.73, "lat": 22.25, "lon": 88.0}}, {"type": "Feature", "geometry": {"type": "Polygon", "coordinates": [[[88.125, 22.125], [88.375, 22.125], [88.375, 22.375], [88.125, 22.375], [88.125, 22.125]]]}, "properties": {"time": "2020-05-20T06:00:00", "variable": "msl", "tier": "low", "percentile": 100.0, "z": 6.21, "wind_ms": 9.48, "value": 990.03, "lat": 22.25, "lon": 88.25}}, {"type": "Feature", "geometry": {"type": "Polygon", "coordinates": [[[88.375, 22.125], [88.625, 22.125], [88.625, 22.375], [88.375, 22.375], [88.375, 22.125]]]}, "properties": {"time": "2020-05-20T06:00:00", "variable": "msl", "tier": "low", "percentile": 100.0, "z": 6.05, "wind_ms": 9.99, "value": 990.5, "lat": 22.25, "lon": 88.5}}, {"type": "Feature", "geometry": {"type": "Polygon", "coordinates": [[[88.625, 22.125], [88.875, 22.125], [88.875, 22.375], [88.625, 22.375], [88.625, 22.125]]]}, "properties": {"time": "2020-05-20T06:00:00", "variable": "msl", "tier": "low", "percentile": 100.0, "z": 5.81, "wind_ms": 10.72, "value": 991.19, "lat": 22.25, "lon": 88.75}}, {"type": "Feature", "geometry": {"type": "Polygon", "coordinates": [[[88.875, 22.125], [89.125, 22.125], [89.125, 22.375], [88.875, 22.375], [88.875, 22.125]]]}, "properties": {"time": "2020-05-20T06:00:00", "variable": "msl", "tier": "low", "percentile": 100.0, "z": 5.58, "wind_ms": 11.19, "value": 991.86, "lat": 22.25, "lon": 89.0}}, {"type": "Feature", "geometry": {"type": "Polygon", "coordinates": [[[89.125, 22.125], [89.375, 22.125], [89.375, 22.375], [89.125, 22.375], [89.125, 22.125]]]}, "properties": {"time": "2020-05-20T06:00:00", "variable": "msl", "tier": "low", "percentile": 100.0, "z": 5.23, "wind_ms": 11.19, "value": 992.8, "lat": 22.25, "lon": 89.25}}, {"type": "Feature", "geometry": {"type": "Polygon", "coordinates": [[[89.375, 22.125], [89.625, 22.125], [89.625, 22.375], [89.375, 22.375], [89.375, 22.125]]]}, "properties": {"time": "2020-05-20T06:00:00", "variable": "msl", "tier": "low", "percentile": 100.0, "z": 4.92, "wind_ms": 10.74, "value": 993.5, "lat": 22.25, "lon": 89.5}}, {"type": "Feature", "geometry": {"type": "Polygon", "coordinates": [[[89.625, 22.125], [89.875, 22.125], [89.875, 22.375], [89.625, 22.375], [89.625, 22.125]]]}, "properties": {"time": "2020-05-20T06:00:00", "variable": "msl", "tier": "low", "percentile": 100.0, "z": 4.53, "wind_ms": 10.34, "value": 994.35, "lat": 22.25, "lon": 89.75}}, {"type": "Feature", "geometry": {"type": "Polygon", "coordinates": [[[89.875, 22.125], [90.125, 22.125], [90.125, 22.375], [89.875, 22.375], [89.875, 22.125]]]}, "properties": {"time": "2020-05-20T06:00:00", "variable": "msl", "tier": "low", "percentile": 99.1, "z": 4.11, "wind_ms": 10.89, "value": 995.17, "lat": 22.25, "lon": 90.0}}, {"type": "Feature", "geometry": {"type": "Polygon", "coordinates": [[[90.125, 22.125], [90.375, 22.125], [90.375, 22.375], [90.125, 22.375], [90.125, 22.125]]]}, "properties": {"time": "2020-05-20T06:00:00", "variable": "msl", "tier": "low", "percentile": 99.1, "z": 3.74, "wind_ms": 10.99, "value": 995.95, "lat": 22.25, "lon": 90.25}}, {"type": "Feature", "geometry": {"type": "Polygon", "coordinates": [[[90.375, 22.125], [90.625, 22.125], [90.625, 22.375], [90.375, 22.375], [90.375, 22.125]]]}, "properties": {"time": "2020-05-20T06:00:00", "variable": "msl", "tier": "low", "percentile": 99.1, "z": 3.39, "wind_ms": 11.65, "value": 996.71, "lat": 22.25, "lon": 90.5}}, {"type": "Feature", "geometry": {"type": "Polygon", "coordinates": [[[90.625, 22.125], [90.875, 22.125], [90.875, 22.375], [90.625, 22.375], [90.625, 22.125]]]}, "properties": {"time": "2020-05-20T06:00:00", "variable": "msl", "tier": "low", "percentile": 99.1, "z": 3.12, "wind_ms": 13.57, "value": 997.52, "lat": 22.25, "lon": 90.75}}, {"type": "Feature", "geometry": {"type": "Polygon", "coordinates": [[[90.875, 22.125], [91.125, 22.125], [91.125, 22.375], [90.875, 22.375], [90.875, 22.125]]]}, "properties": {"time": "2020-05-20T06:00:00", "variable": "msl", "tier": "low", "percentile": 99.1, "z": 2.92, "wind_ms": 15.94, "value": 998.22, "lat": 22.25, "lon": 91.0}}, {"type": "Feature", "geometry": {"type": "Polygon", "coordinates": [[[91.125, 22.125], [91.375, 22.125], [91.375, 22.375], [91.125, 22.375], [91.125, 22.125]]]}, "properties": {"time": "2020-05-20T06:00:00", "variable": "msl", "tier": "low", "percentile": 99.1, "z": 2.77, "wind_ms": 15.72, "value": 998.79, "lat": 22.25, "lon": 91.25}}, {"type": "Feature", "geometry": {"type": "Polygon", "coordinates": [[[91.375, 22.125], [91.625, 22.125], [91.625, 22.375], [91.375, 22.375], [91.375, 22.125]]]}, "properties": {"time": "2020-05-20T06:00:00", "variable": "msl", "tier": "low", "percentile": 99.1, "z": 2.68, "wind_ms": 13.97, "value": 999.31, "lat": 22.25, "lon": 91.5}}, {"type": "Feature", "geometry": {"type": "Polygon", "coordinates": [[[91.625, 22.125], [91.875, 22.125], [91.875, 22.375], [91.625, 22.375], [91.625, 22.125]]]}, "properties": {"time": "2020-05-20T06:00:00", "variable": "msl", "tier": "low", "percentile": 99.1, "z": 2.6, "wind_ms": 10.76, "value": 999.72, "lat": 22.25, "lon": 91.75}}, {"type": "Feature", "geometry": {"type": "Polygon", "coordinates": [[[86.625, 22.375], [86.875, 22.375], [86.875, 22.625], [86.625, 22.625], [86.625, 22.375]]]}, "properties": {"time": "2020-05-20T06:00:00", "variable": "msl", "tier": "low", "percentile": 100.0, "z": 4.1, "wind_ms": 9.67, "value": 994.47, "lat": 22.5, "lon": 86.75}}, {"type": "Feature", "geometry": {"type": "Polygon", "coordinates": [[[86.875, 22.375], [87.125, 22.375], [87.125, 22.625], [86.875, 22.625], [86.875, 22.375]]]}, "properties": {"time": "2020-05-20T06:00:00", "variable": "msl", "tier": "low", "percentile": 100.0, "z": 4.44, "wind_ms": 10.22, "value": 993.68, "lat": 22.5, "lon": 87.0}}, {"type": "Feature", "geometry": {"type": "Polygon", "coordinates": [[[87.125, 22.375], [87.375, 22.375], [87.375, 22.625], [87.125, 22.625], [87.125, 22.375]]]}, "properties": {"time": "2020-05-20T06:00:00", "variable": "msl", "tier": "low", "percentile": 100.0, "z": 4.83, "wind_ms": 10.3, "value": 992.89, "lat": 22.5, "lon": 87.25}}, {"type": "Feature", "geometry": {"type": "Polygon", "coordinates": [[[87.375, 22.375], [87.625, 22.375], [87.625, 22.625], [87.375, 22.625], [87.375, 22.375]]]}, "properties": {"time": "2020-05-20T06:00:00", "variable": "msl", "tier": "low", "percentile": 100.0, "z": 5.09, "wind_ms": 9.79, "value": 992.36, "lat": 22.5, "lon": 87.5}}, {"type": "Feature", "geometry": {"type": "Polygon", "coordinates": [[[87.625, 22.375], [87.875, 22.375], [87.875, 22.625], [87.625, 22.625], [87.625, 22.375]]]}, "properties": {"time": "2020-05-20T06:00:00", "variable": "msl", "tier": "low", "percentile": 100.0, "z": 5.36, "wind_ms": 9.61, "value": 991.78, "lat": 22.5, "lon": 87.75}}, {"type": "Feature", "geometry": {"type": "Polygon", "coordinates": [[[87.875, 22.375], [88.125, 22.375], [88.125, 22.625], [87.875, 22.625], [87.875, 22.375]]]}, "properties": {"time": "2020-05-20T06:00:00", "variable": "msl", "tier": "low", "percentile": 100.0, "z": 5.52, "wind_ms": 9.56, "value": 991.55, "lat": 22.5, "lon": 88.0}}, {"type": "Feature", "geometry": {"type": "Polygon", "coordinates": [[[89.125, 22.375], [89.375, 22.375], [89.375, 22.625], [89.125, 22.625], [89.125, 22.375]]]}, "properties": {"time": "2020-05-20T06:00:00", "variable": "msl", "tier": "low", "percentile": 100.0, "z": 4.91, "wind_ms": 8.99, "value": 993.45, "lat": 22.5, "lon": 89.25}}, {"type": "Feature", "geometry": {"type": "Polygon", "coordinates": [[[89.375, 22.375], [89.625, 22.375], [89.625, 22.625], [89.375, 22.625], [89.375, 22.375]]]}, "properties": {"time": "2020-05-20T06:00:00", "variable": "msl", "tier": "low", "percentile": 100.0, "z": 4.66, "wind_ms": 9.3, "value": 994.08, "lat": 22.5, "lon": 89.5}}, {"type": "Feature", "geometry": {"type": "Polygon", "coordinates": [[[89.625, 22.375], [89.875, 22.375], [89.875, 22.625], [89.625, 22.625], [89.625, 22.375]]]}, "properties": {"time": "2020-05-20T06:00:00", "variable": "msl", "tier": "low", "percentile": 100.0, "z": 4.33, "wind_ms": 10.31, "value": 994.8, "lat": 22.5, "lon": 89.75}}, {"type": "Feature", "geometry": {"type": "Polygon", "coordinates": [[[89.875, 22.375], [90.125, 22.375], [90.125, 22.625], [89.875, 22.625], [89.875, 22.375]]]}, "properties": {"time": "2020-05-20T06:00:00", "variable": "msl", "tier": "low", "percentile": 99.1, "z": 3.97, "wind_ms": 10.84, "value": 995.57, "lat": 22.5, "lon": 90.0}}, {"type": "Feature", "geometry": {"type": "Polygon", "coordinates": [[[90.125, 22.375], [90.375, 22.375], [90.375, 22.625], [90.125, 22.625], [90.125, 22.375]]]}, "properties": {"time": "2020-05-20T06:00:00", "variable": "msl", "tier": "low", "percentile": 99.1, "z": 3.62, "wind_ms": 10.98, "value": 996.33, "lat": 22.5, "lon": 90.25}}, {"type": "Feature", "geometry": {"type": "Polygon", "coordinates": [[[90.375, 22.375], [90.625, 22.375], [90.625, 22.625], [90.375, 22.625], [90.375, 22.375]]]}, "properties": {"time": "2020-05-20T06:00:00", "variable": "msl", "tier": "low", "percentile": 99.1, "z": 3.37, "wind_ms": 11.22, "value": 996.97, "lat": 22.5, "lon": 90.5}}, {"type": "Feature", "geometry": {"type": "Polygon", "coordinates": [[[90.625, 22.375], [90.875, 22.375], [90.875, 22.625], [90.625, 22.625], [90.625, 22.375]]]}, "properties": {"time": "2020-05-20T06:00:00", "variable": "msl", "tier": "low", "percentile": 99.1, "z": 3.11, "wind_ms": 12.99, "value": 997.74, "lat": 22.5, "lon": 90.75}}, {"type": "Feature", "geometry": {"type": "Polygon", "coordinates": [[[90.875, 22.375], [91.125, 22.375], [91.125, 22.625], [90.875, 22.625], [90.875, 22.375]]]}, "properties": {"time": "2020-05-20T06:00:00", "variable": "msl", "tier": "low", "percentile": 99.1, "z": 2.95, "wind_ms": 13.79, "value": 998.34, "lat": 22.5, "lon": 91.0}}, {"type": "Feature", "geometry": {"type": "Polygon", "coordinates": [[[91.125, 22.375], [91.375, 22.375], [91.375, 22.625], [91.125, 22.625], [91.125, 22.375]]]}, "properties": {"time": "2020-05-20T06:00:00", "variable": "msl", "tier": "low", "percentile": 99.1, "z": 2.8, "wind_ms": 13.86, "value": 998.91, "lat": 22.5, "lon": 91.25}}, {"type": "Feature", "geometry": {"type": "Polygon", "coordinates": [[[91.375, 22.375], [91.625, 22.375], [91.625, 22.625], [91.375, 22.625], [91.375, 22.375]]]}, "properties": {"time": "2020-05-20T06:00:00", "variable": "msl", "tier": "low", "percentile": 99.1, "z": 2.7, "wind_ms": 12.2, "value": 999.39, "lat": 22.5, "lon": 91.5}}, {"type": "Feature", "geometry": {"type": "Polygon", "coordinates": [[[86.625, 22.625], [86.875, 22.625], [86.875, 22.875], [86.625, 22.875], [86.625, 22.625]]]}, "properties": {"time": "2020-05-20T06:00:00", "variable": "msl", "tier": "low", "percentile": 100.0, "z": 3.64, "wind_ms": 9.78, "value": 995.66, "lat": 22.75, "lon": 86.75}}, {"type": "Feature", "geometry": {"type": "Polygon", "coordinates": [[[86.875, 22.625], [87.125, 22.625], [87.125, 22.875], [86.875, 22.875], [86.875, 22.625]]]}, "properties": {"time": "2020-05-20T06:00:00", "variable": "msl", "tier": "low", "percentile": 100.0, "z": 3.98, "wind_ms": 10.38, "value": 994.83, "lat": 22.75, "lon": 87.0}}, {"type": "Feature", "geometry": {"type": "Polygon", "coordinates": [[[87.125, 22.625], [87.375, 22.625], [87.375, 22.875], [87.125, 22.875], [87.125, 22.625]]]}, "properties": {"time": "2020-05-20T06:00:00", "variable": "msl", "tier": "low", "percentile": 100.0, "z": 4.31, "wind_ms": 10.48, "value": 994.07, "lat": 22.75, "lon": 87.25}}, {"type": "Feature", "geometry": {"type": "Polygon", "coordinates": [[[87.375, 22.625], [87.625, 22.625], [87.625, 22.875], [87.375, 22.875], [87.375, 22.625]]]}, "properties": {"time": "2020-05-20T06:00:00", "variable": "msl", "tier": "low", "percentile": 100.0, "z": 4.56, "wind_ms": 9.77, "value": 993.6, "lat": 22.75, "lon": 87.5}}, {"type": "Feature", "geometry": {"type": "Polygon", "coordinates": [[[87.625, 22.625], [87.875, 22.625], [87.875, 22.875], [87.625, 22.875], [87.625, 22.625]]]}, "properties": {"time": "2020-05-20T06:00:00", "variable": "msl", "tier": "low", "percentile": 100.0, "z": 4.7, "wind_ms": 9.1, "value": 993.32, "lat": 22.75, "lon": 87.75}}, {"type": "Feature", "geometry": {"type": "Polygon", "coordinates": [[[87.875, 22.625], [88.125, 22.625], [88.125, 22.875], [87.875, 22.875], [87.875, 22.625]]]}, "properties": {"time": "2020-05-20T06:00:00", "variable": "msl", "tier": "low", "percentile": 100.0, "z": 4.82, "wind_ms": 8.81, "value": 993.17, "lat": 22.75, "lon": 88.0}}, {"type": "Feature", "geometry": {"type": "Polygon", "coordinates": [[[89.625, 22.625], [89.875, 22.625], [89.875, 22.875], [89.625, 22.875], [89.625, 22.625]]]}, "properties": {"time": "2020-05-20T06:00:00", "variable": "msl", "tier": "low", "percentile": 100.0, "z": 4.1, "wind_ms": 10.01, "value": 995.35, "lat": 22.75, "lon": 89.75}}, {"type": "Feature", "geometry": {"type": "Polygon", "coordinates": [[[89.875, 22.625], [90.125, 22.625], [90.125, 22.875], [89.875, 22.875], [89.875, 22.625]]]}, "properties": {"time": "2020-05-20T06:00:00", "variable": "msl", "tier": "low", "percentile": 99.1, "z": 3.78, "wind_ms": 10.15, "value": 996.07, "lat": 22.75, "lon": 90.0}}, {"type": "Feature", "geometry": {"type": "Polygon", "coordinates": [[[90.125, 22.625], [90.375, 22.625], [90.375, 22.875], [90.125, 22.875], [90.125, 22.625]]]}, "properties": {"time": "2020-05-20T06:00:00", "variable": "msl", "tier": "low", "percentile": 99.1, "z": 3.5, "wind_ms": 10.49, "value": 996.74, "lat": 22.75, "lon": 90.25}}, {"type": "Feature", "geometry": {"type": "Polygon", "coordinates": [[[90.375, 22.625], [90.625, 22.625], [90.625, 22.875], [90.375, 22.875], [90.375, 22.625]]]}, "properties": {"time": "2020-05-20T06:00:00", "variable": "msl", "tier": "low", "percentile": 99.1, "z": 3.29, "wind_ms": 10.74, "value": 997.36, "lat": 22.75, "lon": 90.5}}, {"type": "Feature", "geometry": {"type": "Polygon", "coordinates": [[[90.625, 22.625], [90.875, 22.625], [90.875, 22.875], [90.625, 22.875], [90.625, 22.625]]]}, "properties": {"time": "2020-05-20T06:00:00", "variable": "msl", "tier": "low", "percentile": 99.1, "z": 3.11, "wind_ms": 10.89, "value": 997.88, "lat": 22.75, "lon": 90.75}}, {"type": "Feature", "geometry": {"type": "Polygon", "coordinates": [[[90.875, 22.625], [91.125, 22.625], [91.125, 22.875], [90.875, 22.875], [90.875, 22.625]]]}, "properties": {"time": "2020-05-20T06:00:00", "variable": "msl", "tier": "low", "percentile": 99.1, "z": 2.96, "wind_ms": 11.09, "value": 998.42, "lat": 22.75, "lon": 91.0}}, {"type": "Feature", "geometry": {"type": "Polygon", "coordinates": [[[91.125, 22.625], [91.375, 22.625], [91.375, 22.875], [91.125, 22.875], [91.125, 22.625]]]}, "properties": {"time": "2020-05-20T06:00:00", "variable": "msl", "tier": "low", "percentile": 99.1, "z": 2.81, "wind_ms": 11.13, "value": 998.99, "lat": 22.75, "lon": 91.25}}, {"type": "Feature", "geometry": {"type": "Polygon", "coordinates": [[[91.375, 22.625], [91.625, 22.625], [91.625, 22.875], [91.375, 22.875], [91.375, 22.625]]]}, "properties": {"time": "2020-05-20T06:00:00", "variable": "msl", "tier": "low", "percentile": 98.3, "z": 2.69, "wind_ms": 9.49, "value": 999.5, "lat": 22.75, "lon": 91.5}}], "properties": {"thresholds": {"low_z": 1.5, "low_ws": 8.7, "moderate_z": 2.0, "moderate_ws": 17.0, "severe_z": 3.0, "severe_ws": 25.0}, "note": "Tiers: z-score AND wind >= 8.7/17/25 m/s (IMD D/CS/SCS), only inside tracked-object boxes + 1 deg. Adjusted after observing results; not validated against impacts. Per-hour ERA5 reanalysis climatology; single member, not an ensemble EFI."}}