{"type": "FeatureCollection", "features": [{"type": "Feature", "geometry": {"type": "Polygon", "coordinates": [[[86.125, 16.625], [86.375, 16.625], [86.375, 16.875], [86.125, 16.875], [86.125, 16.625]]]}, "properties": {"time": "2020-05-20T06:00:00", "variable": "ws", "tier": "low", "percentile": 96.5, "z": 1.97, "wind_ms": 11.24, "value": 11.24, "lat": 16.75, "lon": 86.25}}, {"type": "Feature", "geometry": {"type": "Polygon", "coordinates": [[[86.375, 16.625], [86.625, 16.625], [86.625, 16.875], [86.375, 16.875], [86.375, 16.625]]]}, "properties": {"time": "2020-05-20T06:00:00", "variable": "ws", "tier": "low", "percentile": 98.3, "z": 2.31, "wind_ms": 12.01, "value": 12.01, "lat": 16.75, "lon": 86.5}}, {"type": "Feature", "geometry": {"type": "Polygon", "coordinates": [[[86.625, 16.625], [86.875, 16.625], [86.875, 16.875], [86.625, 16.875], [86.625, 16.625]]]}, "properties": {"time": "2020-05-20T06:00:00", "variable": "ws", "tier": "low", "percentile": 99.1, "z": 2.45, "wind_ms": 12.41, "value": 12.41, "lat": 16.75, "lon": 86.75}}, {"type": "Feature", "geometry": {"type": "Polygon", "coordinates": [[[86.875, 16.625], [87.125, 16.625], [87.125, 16.875], [86.875, 16.875], [86.875, 16.625]]]}, "properties": {"time": "2020-05-20T06:00:00", "variable": "ws", "tier": "low", "percentile": 99.1, "z": 2.56, "wind_ms": 12.74, "value": 12.74, "lat": 16.75, "lon": 87.0}}, {"type": "Feature", "geometry": {"type": "Polygon", "coordinates": [[[87.125, 16.625], [87.375, 16.625], [87.375, 16.875], [87.125, 16.875], [87.125, 16.625]]]}, "properties": {"time": "2020-05-20T06:00:00", "variable": "ws", "tier": "low", "percentile": 99.1, "z": 2.74, "wind_ms": 13.23, "value": 13.23, "lat": 16.75, "lon": 87.25}}, {"type": "Feature", "geometry": {"type": "Polygon", "coordinates": [[[87.375, 16.625], [87.625, 16.625], [87.625, 16.875], [87.375, 16.875], [87.375, 16.625]]]}, "properties": {"time": "2020-05-20T06:00:00", "variable": "ws", "tier": "low", "percentile": 99.1, "z": 2.85, "wind_ms": 13.64, "value": 13.64, "lat": 16.75, "lon": 87.5}}, {"type": "Feature", "geometry": {"type": "Polygon", "coordinates": [[[87.625, 16.625], [87.875, 16.625], [87.875, 16.875], [87.625, 16.875], [87.625, 16.625]]]}, "properties": {"time": "2020-05-20T06:00:00", "variable": "ws", "tier": "low", "percentile": 99.1, "z": 2.89, "wind_ms": 13.81, "value": 13.81, "lat": 16.75, "lon": 87.75}}, {"type": "Feature", "geometry": {"type": "Polygon", "coordinates": [[[87.875, 16.625], [88.125, 16.625], [88.125, 16.875], [87.875, 16.875], [87.875, 16.625]]]}, "properties": {"time": "2020-05-20T06:00:00", "variable": "ws", "tier": "low", "percentile": 99.1, "z": 2.91, "wind_ms": 13.82, "value": 13.82, "lat": 16.75, "lon": 88.0}}, {"type": "Feature", "geometry": {"type": "Polygon", "coordinates": [[[88.125, 16.625], [88.375, 16.625], [88.375, 16.875], [88.125, 16.875], [88.125, 16.625]]]}, "properties": {"time": "2020-05-20T06:00:00", "variable": "ws", "tier": "low", "percentile": 99.1, "z": 3.03, "wind_ms": 14.03, "value": 14.03, "lat": 16.75, "lon": 88.25}}, {"type": "Feature", "geometry": {"type": "Polygon", "coordinates": [[[88.375, 16.625], [88.625, 16.625], [88.625, 16.875], [88.375, 16.875], [88.375, 16.625]]]}, "properties": {"time": "2020-05-20T06:00:00", "variable": "ws", "tier": "low", "percentile": 99.1, "z": 3.09, "wind_ms": 13.95, "value": 13.95, "lat": 16.75, "lon": 88.5}}, {"type": "Feature", "geometry": {"type": "Polygon", "coordinates": [[[88.625, 16.625], [88.875, 16.625], [88.875, 16.875], [88.625, 16.875], [88.625, 16.625]]]}, "properties": {"time": "2020-05-20T06:00:00", "variable": "ws", "tier": "low", "percentile": 100.0, "z": 3.1, "wind_ms": 13.88, "value": 13.88, "lat": 16.75, "lon": 88.75}}, {"type": "Feature", "geometry": {"type": "Polygon", "coordinates": [[[88.875, 16.625], [89.125, 16.625], [89.125, 16.875], [88.875, 16.875], [88.875, 16.625]]]}, "properties": {"time": "2020-05-20T06:00:00", "variable": "ws", "tier": "low", "percentile": 100.0, "z": 3.1, "wind_ms": 13.89, "value": 13.89, "lat": 16.75, "lon": 89.0}}, {"type": "Feature", "geometry": {"type": "Polygon", "coordinates": [[[89.125, 16.625], [89.375, 16.625], [89.375, 16.875], [89.125, 16.875], [89.125, 16.625]]]}, "properties": {"time": "2020-05-20T06:00:00", "variable": "ws", "tier": "low", "percentile": 100.0, "z": 3.07, "wind_ms": 13.88, "value": 13.88, "lat": 16.75, "lon": 89.25}}, {"type": "Feature", "geometry": {"type": "Polygon", "coordinates": [[[89.375, 16.625], [89.625, 16.625], [89.625, 16.875], [89.375, 16.875], [89.375, 16.625]]]}, "properties": {"time": "2020-05-20T06:00:00", "variable": "ws", "tier": "low", "percentile": 99.1, "z": 2.89, "wind_ms": 13.47, "value": 13.47, "lat": 16.75, "lon": 89.5}}, {"type": "Feature", "geometry": {"type": "Polygon", "coordinates": [[[89.625, 16.625], [89.875, 16.625], [89.875, 16.875], [89.625, 16.875], [89.625, 16.625]]]}, "properties": {"time": "2020-05-20T06:00:00", "variable": "ws", "tier": "low", "percentile": 98.3, "z": 2.77, "wind_ms": 13.23, "value": 13.23, "lat": 16.75, "lon": 89.75}}, {"type": "Feature", "geometry": {"type": "Polygon", "coordinates": [[[89.875, 16.625], [90.125, 16.625], [90.125, 16.875], [89.875, 16.875], [89.875, 16.625]]]}, "properties": {"time": "2020-05-20T06:00:00", "variable": "ws", "tier": "low", "percentile": 99.1, "z": 2.79, "wind_ms": 13.25, "value": 13.25, "lat": 16.75, "lon": 90.0}}, {"type": "Feature", "geometry": {"type": "Polygon", "coordinates": [[[90.125, 16.625], [90.375, 16.625], [90.375, 16.875], [90.125, 16.875], [90.125, 16.625]]]}, "properties": {"time": "2020-05-20T06:00:00", "variable": "ws", "tier": "low", "percentile": 99.1, "z": 2.82, "wind_ms": 13.25, "value": 13.25, "lat": 16.75, "lon": 90.25}}, {"type": "Feature", "geometry": {"type": "Polygon", "coordinates": [[[90.375, 16.625], [90.625, 16.625], [90.625, 16.875], [90.375, 16.875], [90.375, 16.625]]]}, "properties": {"time": "2020-05-20T06:00:00", "variable": "ws", "tier": "low", "percentile": 99.1, "z": 2.85, "wind_ms": 13.23, "value": 13.23, "lat": 16.75, "lon": 90.5}}, {"type": "Feature", "geometry": {"type": "Polygon", "coordinates": [[[90.625, 16.625], [90.875, 16.625], [90.875, 16.875], [90.625, 16.875], [90.625, 16.625]]]}, "properties": {"time": "2020-05-20T06:00:00", "variable": "ws", "tier": "low", "percentile": 98.3, "z": 2.76, "wind_ms": 12.87, "value": 12.87, "lat": 16.75, "lon": 90.75}}, {"type": "Feature", "geometry": {"type": "Polygon", "coordinates": [[[90.875, 16.625], [91.125, 16.625], [91.125, 16.875], [90.875, 16.875], [90.875, 16.625]]]}, "properties": {"time": "2020-05-20T06:00:00", "variable": "ws", "tier": "low", "percentile": 97.4, "z": 2.62, "wind_ms": 12.4, "value": 12.4, "lat": 16.75, "lon": 91.0}}, {"type": "Feature", "geometry": {"type": "Polygon", "coordinates": [[[91.125, 16.625], [91.375, 16.625], [91.375, 16.875], [91.125, 16.875], [91.125, 16.625]]]}, "properties": {"time": "2020-05-20T06:00:00", "variable": "ws", "tier": "low", "percentile": 96.5, "z": 2.51, "wind_ms": 12.08, "value": 12.08, "lat": 16.75, "lon": 91.25}}, {"type": "Feature", "geometry": {"type": "Polygon", "coordinates": [[[91.375, 16.625], [91.625, 16.625], [91.625, 16.875], [91.375, 16.875], [91.375, 16.625]]]}, "properties": {"time": "2020-05-20T06:00:00", "variable": "ws", "tier": "low", "percentile": 96.5, "z": 2.43, "wind_ms": 11.81, "value": 11.81, "lat": 16.75, "lon": 91.5}}, {"type": "Feature", "geometry": {"type": "Polygon", "coordinates": [[[91.625, 16.625], [91.875, 16.625], [91.875, 16.875], [91.625, 16.875], [91.625, 16.625]]]}, "properties": {"time": "2020-05-20T06:00:00", "variable": "ws", "tier": "low", "percentile": 96.5, "z": 2.29, "wind_ms": 11.36, "value": 11.36, "lat": 16.75, "lon": 91.75}}, {"type": "Feature", "geometry": {"type": "Polygon", "coordinates": [[[91.875, 16.625], [92.125, 16.625], [92.125, 16.875], [91.875, 16.875], [91.875, 16.625]]]}, "properties": {"time": "2020-05-20T06:00:00", "variable": "ws", "tier": "low", "percentile": 95.7, "z": 2.2, "wind_ms": 11.1, "value": 11.1, "lat": 16.75, "lon": 92.0}}, {"type": "Feature", "geometry": {"type": "Polygon", "coordinates": [[[85.875, 16.875], [86.125, 16.875], [86.125, 17.125], [85.875, 17.125], [85.875, 16.875]]]}, "properties": {"time": "2020-05-20T06:00:00", "variable": "ws", "tier": "low", "percentile": 93.9, "z": 1.68, "wind_ms": 10.6, "value": 10.6, "lat": 17.0, "lon": 86.0}}, {"type": "Feature", "geometry": {"type": "Polygon", "coordinates": [[[86.125, 16.875], [86.375, 16.875], [86.375, 17.125], [86.125, 17.125], [86.125, 16.875]]]}, "properties": {"time": "2020-05-20T06:00:00", "variable": "ws", "tier": "low", "percentile": 98.3, "z": 2.16, "wind_ms": 11.73, "value": 11.73, "lat": 17.0, "lon": 86.25}}, {"type": "Feature", "geometry": {"type": "Polygon", "coordinates": [[[86.375, 16.875], [86.625, 16.875], [86.625, 17.125], [86.375, 17.125], [86.375, 16.875]]]}, "properties": {"time": "2020-05-20T06:00:00", "variable": "ws", "tier": "low", "percentile": 99.1, "z": 2.53, "wind_ms": 12.55, "value": 12.55, "lat": 17.0, "lon": 86.5}}, {"type": "Feature", "geometry": {"type": "Polygon", "coordinates": [[[86.625, 16.875], [86.875, 16.875], [86.875, 17.125], [86.625, 17.125], [86.625, 16.875]]]}, "properties": {"time": "2020-05-20T06:00:00", "variable": "ws", "tier": "low", "percentile": 99.1, "z": 2.75, "wind_ms": 13.05, "value": 13.05, "lat": 17.0, "lon": 86.75}}, {"type": "Feature", "geometry": {"type": "Polygon", "coordinates": [[[86.875, 16.875], [87.125, 16.875], [87.125, 17.125], [86.875, 17.125], [86.875, 16.875]]]}, "properties": {"time": "2020-05-20T06:00:00", "variable": "ws", "tier": "low", "percentile": 99.1, "z": 2.83, "wind_ms": 13.25, "value": 13.25, "lat": 17.0, "lon": 87.0}}, {"type": "Feature", "geometry": {"type": "Polygon", "coordinates": [[[87.125, 16.875], [87.375, 16.875], [87.375, 17.125], [87.125, 17.125], [87.125, 16.875]]]}, "properties": {"time": "2020-05-20T06:00:00", "variable": "ws", "tier": "low", "percentile": 99.1, "z": 2.83, "wind_ms": 13.27, "value": 13.27, "lat": 17.0, "lon": 87.25}}, {"type": "Feature", "geometry": {"type": "Polygon", "coordinates": [[[87.375, 16.875], [87.625, 16.875], [87.625, 17.125], [87.375, 17.125], [87.375, 16.875]]]}, "properties": {"time": "2020-05-20T06:00:00", "variable": "ws", "tier": "low", "percentile": 99.1, "z": 2.81, "wind_ms": 13.33, "value": 13.33, "lat": 17.0, "lon": 87.5}}, {"type": "Feature", "geometry": {"type": "Polygon", "coordinates": [[[87.625, 16.875], [87.875, 16.875], [87.875, 17.125], [87.625, 17.125], [87.625, 16.875]]]}, "properties": {"time": "2020-05-20T06:00:00", "variable": "ws", "tier": "low", "percentile": 99.1, "z": 2.82, "wind_ms": 13.42, "value": 13.42, "lat": 17.0, "lon": 87.75}}, {"type": "Feature", "geometry": {"type": "Polygon", "coordinates": [[[87.875, 16.875], [88.125, 16.875], [88.125, 17.125], [87.875, 17.125], [87.875, 16.875]]]}, "properties": {"time": "2020-05-20T06:00:00", "variable": "ws", "tier": "low", "percentile": 99.1, "z": 2.97, "wind_ms": 13.7, "value": 13.7, "lat": 17.0, "lon": 88.0}}, {"type": "Feature", "geometry": {"type": "Polygon", "coordinates": [[[88.125, 16.875], [88.375, 16.875], [88.375, 17.125], [88.125, 17.125], [88.125, 16.875]]]}, "properties": {"time": "2020-05-20T06:00:00", "variable": "ws", "tier": "low", "percentile": 99.1, "z": 3.15, "wind_ms": 14.06, "value": 14.06, "lat": 17.0, "lon": 88.25}}, {"type": "Feature", "geometry": {"type": "Polygon", "coordinates": [[[88.375, 16.875], [88.625, 16.875], [88.625, 17.125], [88.375, 17.125], [88.375, 16.875]]]}, "properties": {"time": "2020-05-20T06:00:00", "variable": "ws", "tier": "low", "percentile": 99.1, "z": 3.24, "wind_ms": 14.04, "value": 14.04, "lat": 17.0, "lon": 88.5}}, {"type": "Feature", "geometry": {"type": "Polygon", "coordinates": [[[88.625, 16.875], [88.875, 16.875], [88.875, 17.125], [88.625, 17.125], [88.625, 16.875]]]}, "properties": {"time": "2020-05-20T06:00:00", "variable": "ws", "tier": "low", "percentile": 100.0, "z": 3.27, "wind_ms": 13.95, "value": 13.95, "lat": 17.0, "lon": 88.75}}, {"type": "Feature", "geometry": {"type": "Polygon", "coordinates": [[[88.875, 16.875], [89.125, 16.875], [89.125, 17.125], [88.875, 17.125], [88.875, 16.875]]]}, "properties": {"time": "2020-05-20T06:00:00", "variable": "ws", "tier": "low", "percentile": 100.0, "z": 3.35, "wind_ms": 14.15, "value": 14.15, "lat": 17.0, "lon": 89.0}}, {"type": "Feature", "geometry": {"type": "Polygon", "coordinates": [[[89.125, 16.875], [89.375, 16.875], [89.375, 17.125], [89.125, 17.125], [89.125, 16.875]]]}, "properties": {"time": "2020-05-20T06:00:00", "variable": "ws", "tier": "low", "percentile": 100.0, "z": 3.39, "wind_ms": 14.41, "value": 14.41, "lat": 17.0, "lon": 89.25}}, {"type": "Feature", "geometry": {"type": "Polygon", "coordinates": [[[89.375, 16.875], [89.625, 16.875], [89.625, 17.125], [89.375, 17.125], [89.375, 16.875]]]}, "properties": {"time": "2020-05-20T06:00:00", "variable": "ws", "tier": "low", "percentile": 100.0, "z": 3.27, "wind_ms": 14.31, "value": 14.31, "lat": 17.0, "lon": 89.5}}, {"type": "Feature", "geometry": {"type": "Polygon", "coordinates": [[[89.625, 16.875], [89.875, 16.875], [89.875, 17.125], [89.625, 17.125], [89.625, 16.875]]]}, "properties": {"time": "2020-05-20T06:00:00", "variable": "ws", "tier": "low", "percentile": 99.1, "z": 3.14, "wind_ms": 14.09, "value": 14.09, "lat": 17.0, "lon": 89.75}}, {"type": "Feature", "geometry": {"type": "Polygon", "coordinates": [[[89.875, 16.875], [90.125, 16.875], [90.125, 17.125], [89.875, 17.125], [89.875, 16.875]]]}, "properties": {"time": "2020-05-20T06:00:00", "variable": "ws", "tier": "low", "percentile": 99.1, "z": 3.11, "wind_ms": 13.97, "value": 13.97, "lat": 17.0, "lon": 90.0}}, {"type": "Feature", "geometry": {"type": "Polygon", "coordinates": [[[90.125, 16.875], [90.375, 16.875], [90.375, 17.125], [90.125, 17.125], [90.125, 16.875]]]}, "properties": {"time": "2020-05-20T06:00:00", "variable": "ws", "tier": "low", "percentile": 99.1, "z": 3.04, "wind_ms": 13.69, "value": 13.69, "lat": 17.0, "lon": 90.25}}, {"type": "Feature", "geometry": {"type": "Polygon", "coordinates": [[[90.375, 16.875], [90.625, 16.875], [90.625, 17.125], [90.375, 17.125], [90.375, 16.875]]]}, "properties": {"time": "2020-05-20T06:00:00", "variable": "ws", "tier": "low", "percentile": 99.1, "z": 2.97, "wind_ms": 13.37, "value": 13.37, "lat": 17.0, "lon": 90.5}}, {"type": "Feature", "geometry": {"type": "Polygon", "coordinates": [[[90.625, 16.875], [90.875, 16.875], [90.875, 17.125], [90.625, 17.125], [90.625, 16.875]]]}, "properties": {"time": "2020-05-20T06:00:00", "variable": "ws", "tier": "low", "percentile": 99.1, "z": 2.86, "wind_ms": 12.9, "value": 12.9, "lat": 17.0, "lon": 90.75}}, {"type": "Feature", "geometry": {"type": "Polygon", "coordinates": [[[90.875, 16.875], [91.125, 16.875], [91.125, 17.125], [90.875, 17.125], [90.875, 16.875]]]}, "properties": {"time": "2020-05-20T06:00:00", "variable": "ws", "tier": "low", "percentile": 98.3, "z": 2.81, "wind_ms": 12.66, "value": 12.66, "lat": 17.0, "lon": 91.0}}, {"type": "Feature", "geometry": {"type": "Polygon", "coordinates": [[[91.125, 16.875], [91.375, 16.875], [91.375, 17.125], [91.125, 17.125], [91.125, 16.875]]]}, "properties": {"time": "2020-05-20T06:00:00", "variable": "ws", "tier": "low", "percentile": 97.4, "z": 2.8, "wind_ms": 12.53, "value": 12.53, "lat": 17.0, "lon": 91.25}}, {"type": "Feature", "geometry": {"type": "Polygon", "coordinates": [[[91.375, 16.875], [91.625, 16.875], [91.625, 17.125], [91.375, 17.125], [91.375, 16.875]]]}, "properties": {"time": "2020-05-20T06:00:00", "variable": "ws", "tier": "low", "percentile": 96.5, "z": 2.71, "wind_ms": 12.22, "value": 12.22, "lat": 17.0, "lon": 91.5}}, {"type": "Feature", "geometry": {"type": "Polygon", "coordinates": [[[91.625, 16.875], [91.875, 16.875], [91.875, 17.125], [91.625, 17.125], [91.625, 16.875]]]}, "properties": {"time": "2020-05-20T06:00:00", "variable": "ws", "tier": "low", "percentile": 96.5, "z": 2.54, "wind_ms": 11.77, "value": 11.77, "lat": 17.0, "lon": 91.75}}, {"type": "Feature", "geometry": {"type": "Polygon", "coordinates": [[[91.875, 16.875], [92.125, 16.875], [92.125, 17.125], [91.875, 17.125], [91.875, 16.875]]]}, "properties": {"time": "2020-05-20T06:00:00", "variable": "ws", "tier": "low", "percentile": 96.5, "z": 2.42, "wind_ms": 11.47, "value": 11.47, "lat": 17.0, "lon": 92.0}}, {"type": "Feature", "geometry": {"type": "Polygon", "coordinates": [[[85.875, 17.125], [86.125, 17.125], [86.125, 17.375], [85.875, 17.375], [85.875, 17.125]]]}, "properties": {"time": "2020-05-20T06:00:00", "variable": "ws", "tier": "low", "percentile": 97.4, "z": 1.8, "wind_ms": 10.97, "value": 10.97, "lat": 17.25, "lon": 86.0}}, {"type": "Feature", "geometry": {"type": "Polygon", "coordinates": [[[86.125, 17.125], [86.375, 17.125], [86.375, 17.375], [86.125, 17.375], [86.125, 17.125]]]}, "properties": {"time": "2020-05-20T06:00:00", "variable": "ws", "tier": "low", "percentile": 99.1, "z": 2.22, "wind_ms": 11.93, "value": 11.93, "lat": 17.25, "lon": 86.25}}, {"type": "Feature", "geometry": {"type": "Polygon", "coordinates": [[[86.375, 17.125], [86.625, 17.125], [86.625, 17.375], [86.375, 17.375], [86.375, 17.125]]]}, "properties": {"time": "2020-05-20T06:00:00", "variable": "ws", "tier": "low", "percentile": 99.1, "z": 2.59, "wind_ms": 12.75, "value": 12.75, "lat": 17.25, "lon": 86.5}}, {"type": "Feature", "geometry": {"type": "Polygon", "coordinates": [[[86.625, 17.125], [86.875, 17.125], [86.875, 17.375], [86.625, 17.375], [86.625, 17.125]]]}, "properties": {"time": "2020-05-20T06:00:00", "variable": "ws", "tier": "low", "percentile": 99.1, "z": 2.87, "wind_ms": 13.4, "value": 13.4, "lat": 17.25, "lon": 86.75}}, {"type": "Feature", "geometry": {"type": "Polygon", "coordinates": [[[86.875, 17.125], [87.125, 17.125], [87.125, 17.375], [86.875, 17.375], [86.875, 17.125]]]}, "properties": {"time": "2020-05-20T06:00:00", "variable": "ws", "tier": "low", "percentile": 99.1, "z": 3.06, "wind_ms": 13.82, "value": 13.82, "lat": 17.25, "lon": 87.0}}, {"type": "Feature", "geometry": {"type": "Polygon", "coordinates": [[[87.125, 17.125], [87.375, 17.125], [87.375, 17.375], [87.125, 17.375], [87.125, 17.125]]]}, "properties": {"time": "2020-05-20T06:00:00", "variable": "ws", "tier": "low", "percentile": 99.1, "z": 3.27, "wind_ms": 14.22, "value": 14.22, "lat": 17.25, "lon": 87.25}}, {"type": "Feature", "geometry": {"type": "Polygon", "coordinates": [[[87.375, 17.125], [87.625, 17.125], [87.625, 17.375], [87.375, 17.375], [87.375, 17.125]]]}, "properties": {"time": "2020-05-20T06:00:00", "variable": "ws", "tier": "low", "percentile": 99.1, "z": 3.38, "wind_ms": 14.52, "value": 14.52, "lat": 17.25, "lon": 87.5}}, {"type": "Feature", "geometry": {"type": "Polygon", "coordinates": [[[87.625, 17.125], [87.875, 17.125], [87.875, 17.375], [87.625, 17.375], [87.625, 17.125]]]}, "properties": {"time": "2020-05-20T06:00:00", "variable": "ws", "tier": "low", "percentile": 99.1, "z": 3.52, "wind_ms": 14.85, "value": 14.85, "lat": 17.25, "lon": 87.75}}, {"type": "Feature", "geometry": {"type": "Polygon", "coordinates": [[[87.875, 17.125], [88.125, 17.125], [88.125, 17.375], [87.875, 17.375], [87.875, 17.125]]]}, "properties": {"time": "2020-05-20T06:00:00", "variable": "ws", "tier": "low", "percentile": 99.1, "z": 3.69, "wind_ms": 15.16, "value": 15.16, "lat": 17.25, "lon": 88.0}}, {"type": "Feature", "geometry": {"type": "Polygon", "coordinates": [[[88.125, 17.125], [88.375, 17.125], [88.375, 17.375], [88.125, 17.375], [88.125, 17.125]]]}, "properties": {"time": "2020-05-20T06:00:00", "variable": "ws", "tier": "low", "percentile": 100.0, "z": 3.85, "wind_ms": 15.34, "value": 15.34, "lat": 17.25, "lon": 88.25}}, {"type": "Feature", "geometry": {"type": "Polygon", "coordinates": [[[88.375, 17.125], [88.625, 17.125], [88.625, 17.375], [88.375, 17.375], [88.375, 17.125]]]}, "properties": {"time": "2020-05-20T06:00:00", "variable": "ws", "tier": "low", "percentile": 100.0, "z": 3.9, "wind_ms": 15.31, "value": 15.31, "lat": 17.25, "lon": 88.5}}, {"type": "Feature", "geometry": {"type": "Polygon", "coordinates": [[[88.625, 17.125], [88.875, 17.125], [88.875, 17.375], [88.625, 17.375], [88.625, 17.125]]]}, "properties": {"time": "2020-05-20T06:00:00", "variable": "ws", "tier": "low", "percentile": 100.0, "z": 3.86, "wind_ms": 15.03, "value": 15.03, "lat": 17.25, "lon": 88.75}}, {"type": "Feature", "geometry": {"type": "Polygon", "coordinates": [[[88.875, 17.125], [89.125, 17.125], [89.125, 17.375], [88.875, 17.375], [88.875, 17.125]]]}, "properties": {"time": "2020-05-20T06:00:00", "variable": "ws", "tier": "low", "percentile": 100.0, "z": 3.86, "wind_ms": 14.95, "value": 14.95, "lat": 17.25, "lon": 89.0}}, {"type": "Feature", "geometry": {"type": "Polygon", "coordinates": [[[89.125, 17.125], [89.375, 17.125], [89.375, 17.375], [89.125, 17.375], [89.125, 17.125]]]}, "properties": {"time": "2020-05-20T06:00:00", "variable": "ws", "tier": "low", "percentile": 100.0, "z": 3.83, "wind_ms": 15.09, "value": 15.09, "lat": 17.25, "lon": 89.25}}, {"type": "Feature", "geometry": {"type": "Polygon", "coordinates": [[[89.375, 17.125], [89.625, 17.125], [89.625, 17.375], [89.375, 17.375], [89.375, 17.125]]]}, "properties": {"time": "2020-05-20T06:00:00", "variable": "ws", "tier": "low", "percentile": 100.0, "z": 3.69, "wind_ms": 15.13, "value": 15.13, "lat": 17.25, "lon": 89.5}}, {"type": "Feature", "geometry": {"type": "Polygon", "coordinates": [[[89.625, 17.125], [89.875, 17.125], [89.875, 17.375], [89.625, 17.375], [89.625, 17.125]]]}, "properties": {"time": "2020-05-20T06:00:00", "variable": "ws", "tier": "low", "percentile": 100.0, "z": 3.53, "wind_ms": 14.92, "value": 14.92, "lat": 17.25, "lon": 89.75}}, {"type": "Feature", "geometry": {"type": "Polygon", "coordinates": [[[89.875, 17.125], [90.125, 17.125], [90.125, 17.375], [89.875, 17.375], [89.875, 17.125]]]}, "properties": {"time": "2020-05-20T06:00:00", "variable": "ws", "tier": "low", "percentile": 99.1, "z": 3.48, "wind_ms": 14.69, "value": 14.69, "lat": 17.25, "lon": 90.0}}, {"type": "Feature", "geometry": {"type": "Polygon", "coordinates": [[[90.125, 17.125], [90.375, 17.125], [90.375, 17.375], [90.125, 17.375], [90.125, 17.125]]]}, "properties": {"time": "2020-05-20T06:00:00", "variable": "ws", "tier": "low", "percentile": 99.1, "z": 3.4, "wind_ms": 14.35, "value": 14.35, "lat": 17.25, "lon": 90.25}}, {"type": "Feature", "geometry": {"type": "Polygon", "coordinates": [[[90.375, 17.125], [90.625, 17.125], [90.625, 17.375], [90.375, 17.375], [90.375, 17.125]]]}, "properties": {"time": "2020-05-20T06:00:00", "variable": "ws", "tier": "low", "percentile": 99.1, "z": 3.26, "wind_ms": 13.88, "value": 13.88, "lat": 17.25, "lon": 90.5}}, {"type": "Feature", "geometry": {"type": "Polygon", "coordinates": [[[90.625, 17.125], [90.875, 17.125], [90.875, 17.375], [90.625, 17.375], [90.625, 17.125]]]}, "properties": {"time": "2020-05-20T06:00:00", "variable": "ws", "tier": "low", "percentile": 99.1, "z": 3.13, "wind_ms": 13.19, "value": 13.19, "lat": 17.25, "lon": 90.75}}, {"type": "Feature", "geometry": {"type": "Polygon", "coordinates": [[[90.875, 17.125], [91.125, 17.125], [91.125, 17.375], [90.875, 17.375], [90.875, 17.125]]]}, "properties": {"time": "2020-05-20T06:00:00", "variable": "ws", "tier": "low", "percentile": 99.1, "z": 3.13, "wind_ms": 12.95, "value": 12.95, "lat": 17.25, "lon": 91.0}}, {"type": "Feature", "geometry": {"type": "Polygon", "coordinates": [[[91.125, 17.125], [91.375, 17.125], [91.375, 17.375], [91.125, 17.375], [91.125, 17.125]]]}, "properties": {"time": "2020-05-20T06:00:00", "variable": "ws", "tier": "low", "percentile": 98.3, "z": 3.2, "wind_ms": 12.92, "value": 12.92, "lat": 17.25, "lon": 91.25}}, {"type": "Feature", "geometry": {"type": "Polygon", "coordinates": [[[91.375, 17.125], [91.625, 17.125], [91.625, 17.375], [91.375, 17.375], [91.375, 17.125]]]}, "properties": {"time": "2020-05-20T06:00:00", "variable": "ws", "tier": "low", "percentile": 98.3, "z": 3.12, "wind_ms": 12.72, "value": 12.72, "lat": 17.25, "lon": 91.5}}, {"type": "Feature", "geometry": {"type": "Polygon", "coordinates": [[[91.625, 17.125], [91.875, 17.125], [91.875, 17.375], [91.625, 17.375], [91.625, 17.125]]]}, "properties": {"time": "2020-05-20T06:00:00", "variable": "ws", "tier": "low", "percentile": 97.4, "z": 2.93, "wind_ms": 12.38, "value": 12.38, "lat": 17.25, "lon": 91.75}}, {"type": "Feature", "geometry": {"type": "Polygon", "coordinates": [[[91.875, 17.125], [92.125, 17.125], [92.125, 17.375], [91.875, 17.375], [91.875, 17.125]]]}, "properties": {"time": "2020-05-20T06:00:00", "variable": "ws", "tier": "low", "percentile": 97.4, "z": 2.68, "wind_ms": 11.77, "value": 11.77, "lat": 17.25, "lon": 92.0}}, {"type": "Feature", "geometry": {"type": "Polygon", "coordinates": [[[85.625, 17.375], [85.875, 17.375], [85.875, 17.625], [85.625, 17.625], [85.625, 17.375]]]}, "properties": {"time": "2020-05-20T06:00:00", "variable": "ws", "tier": "low", "percentile": 98.3, "z": 1.94, "wind_ms": 11.32, "value": 11.32, "lat": 17.5, "lon": 85.75}}, {"type": "Feature", "geometry": {"type": "Polygon", "coordinates": [[[85.875, 17.375], [86.125, 17.375], [86.125, 17.625], [85.875, 17.625], [85.875, 17.375]]]}, "properties": {"time": "2020-05-20T06:00:00", "variable": "ws", "tier": "low", "percentile": 98.3, "z": 2.0, "wind_ms": 11.51, "value": 11.51, "lat": 17.5, "lon": 86.0}}, {"type": "Feature", "geometry": {"type": "Polygon", "coordinates": [[[86.125, 17.375], [86.375, 17.375], [86.375, 17.625], [86.125, 17.625], [86.125, 17.375]]]}, "properties": {"time": "2020-05-20T06:00:00", "variable": "ws", "tier": "low", "percentile": 99.1, "z": 2.35, "wind_ms": 12.28, "value": 12.28, "lat": 17.5, "lon": 86.25}}, {"type": "Feature", "geometry": {"type": "Polygon", "coordinates": [[[86.375, 17.375], [86.625, 17.375], [86.625, 17.625], [86.375, 17.625], [86.375, 17.375]]]}, "properties": {"time": "2020-05-20T06:00:00", "variable": "ws", "tier": "low", "percentile": 99.1, "z": 2.74, "wind_ms": 13.08, "value": 13.08, "lat": 17.5, "lon": 86.5}}, {"type": "Feature", "geometry": {"type": "Polygon", "coordinates": [[[86.625, 17.375], [86.875, 17.375], [86.875, 17.625], [86.625, 17.625], [86.625, 17.375]]]}, "properties": {"time": "2020-05-20T06:00:00", "variable": "ws", "tier": "low", "percentile": 99.1, "z": 3.08, "wind_ms": 13.85, "value": 13.85, "lat": 17.5, "lon": 86.75}}, {"type": "Feature", "geometry": {"type": "Polygon", "coordinates": [[[86.875, 17.375], [87.125, 17.375], [87.125, 17.625], [86.875, 17.625], [86.875, 17.375]]]}, "properties": {"time": "2020-05-20T06:00:00", "variable": "ws", "tier": "low", "percentile": 99.1, "z": 3.36, "wind_ms": 14.43, "value": 14.43, "lat": 17.5, "lon": 87.0}}, {"type": "Feature", "geometry": {"type": "Polygon", "coordinates": [[[87.125, 17.375], [87.375, 17.375], [87.375, 17.625], [87.125, 17.625], [87.125, 17.375]]]}, "properties": {"time": "2020-05-20T06:00:00", "variable": "ws", "tier": "low", "percentile": 99.1, "z": 3.61, "wind_ms": 14.88, "value": 14.88, "lat": 17.5, "lon": 87.25}}, {"type": "Feature", "geometry": {"type": "Polygon", "coordinates": [[[87.375, 17.375], [87.625, 17.375], [87.625, 17.625], [87.375, 17.625], [87.375, 17.375]]]}, "properties": {"time": "2020-05-20T06:00:00", "variable": "ws", "tier": "low", "percentile": 99.1, "z": 3.86, "wind_ms": 15.35, "value": 15.35, "lat": 17.5, "lon": 87.5}}, {"type": "Feature", "geometry": {"type": "Polygon", "coordinates": [[[87.625, 17.375], [87.875, 17.375], [87.875, 17.625], [87.625, 17.625], [87.625, 17.375]]]}, "properties": {"time": "2020-05-20T06:00:00", "variable": "ws", "tier": "low", "percentile": 100.0, "z": 4.04, "wind_ms": 15.7, "value": 15.7, "lat": 17.5, "lon": 87.75}}, {"type": "Feature", "geometry": {"type": "Polygon", "coordinates": [[[87.875, 17.375], [88.125, 17.375], [88.125, 17.625], [87.875, 17.625], [87.875, 17.375]]]}, "properties": {"time": "2020-05-20T06:00:00", "variable": "ws", "tier": "low", "percentile": 100.0, "z": 4.23, "wind_ms": 16.05, "value": 16.05, "lat": 17.5, "lon": 88.0}}, {"type": "Feature", "geometry": {"type": "Polygon", "coordinates": [[[88.125, 17.375], [88.375, 17.375], [88.375, 17.625], [88.125, 17.625], [88.125, 17.375]]]}, "properties": {"time": "2020-05-20T06:00:00", "variable": "ws", "tier": "low", "percentile": 100.0, "z": 4.43, "wind_ms": 16.27, "value": 16.27, "lat": 17.5, "lon": 88.25}}, {"type": "Feature", "geometry": {"type": "Polygon", "coordinates": [[[88.375, 17.375], [88.625, 17.375], [88.625, 17.625], [88.375, 17.625], [88.375, 17.375]]]}, "properties": {"time": "2020-05-20T06:00:00", "variable": "ws", "tier": "low", "percentile": 100.0, "z": 4.49, "wind_ms": 16.25, "value": 16.25, "lat": 17.5, "lon": 88.5}}, {"type": "Feature", "geometry": {"type": "Polygon", "coordinates": [[[88.625, 17.375], [88.875, 17.375], [88.875, 17.625], [88.625, 17.625], [88.625, 17.375]]]}, "properties": {"time": "2020-05-20T06:00:00", "variable": "ws", "tier": "low", "percentile": 100.0, "z": 4.44, "wind_ms": 16.03, "value": 16.03, "lat": 17.5, "lon": 88.75}}, {"type": "Feature", "geometry": {"type": "Polygon", "coordinates": [[[88.875, 17.375], [89.125, 17.375], [89.125, 17.625], [88.875, 17.625], [88.875, 17.375]]]}, "properties": {"time": "2020-05-20T06:00:00", "variable": "ws", "tier": "low", "percentile": 100.0, "z": 4.35, "wind_ms": 15.83, "value": 15.83, "lat": 17.5, "lon": 89.0}}, {"type": "Feature", "geometry": {"type": "Polygon", "coordinates": [[[89.125, 17.375], [89.375, 17.375], [89.375, 17.625], [89.125, 17.625], [89.125, 17.375]]]}, "properties": {"time": "2020-05-20T06:00:00", "variable": "ws", "tier": "low", "percentile": 100.0, "z": 4.24, "wind_ms": 15.79, "value": 15.79, "lat": 17.5, "lon": 89.25}}, {"type": "Feature", "geometry": {"type": "Polygon", "coordinates": [[[89.375, 17.375], [89.625, 17.375], [89.625, 17.625], [89.375, 17.625], [89.375, 17.375]]]}, "properties": {"time": "2020-05-20T06:00:00", "variable": "ws", "tier": "low", "percentile": 100.0, "z": 4.06, "wind_ms": 15.78, "value": 15.78, "lat": 17.5, "lon": 89.5}}, {"type": "Feature", "geometry": {"type": "Polygon", "coordinates": [[[89.625, 17.375], [89.875, 17.375], [89.875, 17.625], [89.625, 17.625], [89.625, 17.375]]]}, "properties": {"time": "2020-05-20T06:00:00", "variable": "ws", "tier": "low", "percentile": 100.0, "z": 3.95, "wind_ms": 15.74, "value": 15.74, "lat": 17.5, "lon": 89.75}}, {"type": "Feature", "geometry": {"type": "Polygon", "coordinates": [[[89.875, 17.375], [90.125, 17.375], [90.125, 17.625], [89.875, 17.625], [89.875, 17.375]]]}, "properties": {"time": "2020-05-20T06:00:00", "variable": "ws", "tier": "low", "percentile": 100.0, "z": 3.93, "wind_ms": 15.58, "value": 15.58, "lat": 17.5, "lon": 90.0}}, {"type": "Feature", "geometry": {"type": "Polygon", "coordinates": [[[90.125, 17.375], [90.375, 17.375], [90.375, 17.625], [90.125, 17.625], [90.125, 17.375]]]}, "properties": {"time": "2020-05-20T06:00:00", "variable": "ws", "tier": "low", "percentile": 99.1, "z": 3.87, "wind_ms": 15.16, "value": 15.16, "lat": 17.5, "lon": 90.25}}, {"type": "Feature", "geometry": {"type": "Polygon", "coordinates": [[[90.375, 17.375], [90.625, 17.375], [90.625, 17.625], [90.375, 17.625], [90.375, 17.375]]]}, "properties": {"time": "2020-05-20T06:00:00", "variable": "ws", "tier": "low", "percentile": 100.0, "z": 3.68, "wind_ms": 14.49, "value": 14.49, "lat": 17.5, "lon": 90.5}}, {"type": "Feature", "geometry": {"type": "Polygon", "coordinates": [[[90.625, 17.375], [90.875, 17.375], [90.875, 17.625], [90.625, 17.625], [90.625, 17.375]]]}, "properties": {"time": "2020-05-20T06:00:00", "variable": "ws", "tier": "low", "percentile": 100.0, "z": 3.52, "wind_ms": 13.71, "value": 13.71, "lat": 17.5, "lon": 90.75}}, {"type": "Feature", "geometry": {"type": "Polygon", "coordinates": [[[90.875, 17.375], [91.125, 17.375], [91.125, 17.625], [90.875, 17.625], [90.875, 17.375]]]}, "properties": {"time": "2020-05-20T06:00:00", "variable": "ws", "tier": "low", "percentile": 99.1, "z": 3.43, "wind_ms": 13.28, "value": 13.28, "lat": 17.5, "lon": 91.0}}, {"type": "Feature", "geometry": {"type": "Polygon", "coordinates": [[[91.125, 17.375], [91.375, 17.375], [91.375, 17.625], [91.125, 17.625], [91.125, 17.375]]]}, "properties": {"time": "2020-05-20T06:00:00", "variable": "ws", "tier": "low", "percentile": 99.1, "z": 3.41, "wind_ms": 13.18, "value": 13.18, "lat": 17.5, "lon": 91.25}}, {"type": "Feature", "geometry": {"type": "Polygon", "coordinates": [[[91.375, 17.375], [91.625, 17.375], [91.625, 17.625], [91.375, 17.625], [91.375, 17.375]]]}, "properties": {"time": "2020-05-20T06:00:00", "variable": "ws", "tier": "low", "percentile": 99.1, "z": 3.32, "wind_ms": 12.98, "value": 12.98, "lat": 17.5, "lon": 91.5}}, {"type": "Feature", "geometry": {"type": "Polygon", "coordinates": [[[91.625, 17.375], [91.875, 17.375], [91.875, 17.625], [91.625, 17.625], [91.625, 17.375]]]}, "properties": {"time": "2020-05-20T06:00:00", "variable": "ws", "tier": "low", "percentile": 98.3, "z": 3.14, "wind_ms": 12.62, "value": 12.62, "lat": 17.5, "lon": 91.75}}, {"type": "Feature", "geometry": {"type": "Polygon", "coordinates": [[[91.875, 17.375], [92.125, 17.375], [92.125, 17.625], [91.875, 17.625], [91.875, 17.375]]]}, "properties": {"time": "2020-05-20T06:00:00", "variable": "ws", "tier": "low", "percentile": 97.4, "z": 2.87, "wind_ms": 11.98, "value": 11.98, "lat": 17.5, "lon": 92.0}}, {"type": "Feature", "geometry": {"type": "Polygon", "coordinates": [[[85.375, 17.625], [85.625, 17.625], [85.625, 17.875], [85.375, 17.875], [85.375, 17.625]]]}, "properties": {"time": "2020-05-20T06:00:00", "variable": "ws", "tier": "low", "percentile": 99.1, "z": 1.89, "wind_ms": 11.19, "value": 11.19, "lat": 17.75, "lon": 85.5}}, {"type": "Feature", "geometry": {"type": "Polygon", "coordinates": [[[85.625, 17.625], [85.875, 17.625], [85.875, 17.875], [85.625, 17.875], [85.625, 17.625]]]}, "properties": {"time": "2020-05-20T06:00:00", "variable": "ws", "tier": "low", "percentile": 99.1, "z": 2.26, "wind_ms": 12.16, "value": 12.16, "lat": 17.75, "lon": 85.75}}, {"type": "Feature", "geometry": {"type": "Polygon", "coordinates": [[[85.875, 17.625], [86.125, 17.625], [86.125, 17.875], [85.875, 17.875], [85.875, 17.625]]]}, "properties": {"time": "2020-05-20T06:00:00", "variable": "ws", "tier": "low", "percentile": 99.1, "z": 2.38, "wind_ms": 12.45, "value": 12.45, "lat": 17.75, "lon": 86.0}}, {"type": "Feature", "geometry": {"type": "Polygon", "coordinates": [[[86.125, 17.625], [86.375, 17.625], [86.375, 17.875], [86.125, 17.875], [86.125, 17.625]]]}, "properties": {"time": "2020-05-20T06:00:00", "variable": "ws", "tier": "low", "percentile": 99.1, "z": 2.53, "wind_ms": 12.83, "value": 12.83, "lat": 17.75, "lon": 86.25}}, {"type": "Feature", "geometry": {"type": "Polygon", "coordinates": [[[86.375, 17.625], [86.625, 17.625], [86.625, 17.875], [86.375, 17.875], [86.375, 17.625]]]}, "properties": {"time": "2020-05-20T06:00:00", "variable": "ws", "tier": "low", "percentile": 99.1, "z": 2.93, "wind_ms": 13.65, "value": 13.65, "lat": 17.75, "lon": 86.5}}, {"type": "Feature", "geometry": {"type": "Polygon", "coordinates": [[[86.625, 17.625], [86.875, 17.625], [86.875, 17.875], [86.625, 17.875], [86.625, 17.625]]]}, "properties": {"time": "2020-05-20T06:00:00", "variable": "ws", "tier": "low", "percentile": 99.1, "z": 3.31, "wind_ms": 14.38, "value": 14.38, "lat": 17.75, "lon": 86.75}}, {"type": "Feature", "geometry": {"type": "Polygon", "coordinates": [[[86.875, 17.625], [87.125, 17.625], [87.125, 17.875], [86.875, 17.875], [86.875, 17.625]]]}, "properties": {"time": "2020-05-20T06:00:00", "variable": "ws", "tier": "low", "percentile": 99.1, "z": 3.63, "wind_ms": 14.99, "value": 14.99, "lat": 17.75, "lon": 87.0}}, {"type": "Feature", "geometry": {"type": "Polygon", "coordinates": [[[87.125, 17.625], [87.375, 17.625], [87.375, 17.875], [87.125, 17.875], [87.125, 17.625]]]}, "properties": {"time": "2020-05-20T06:00:00", "variable": "ws", "tier": "low", "percentile": 99.1, "z": 4.07, "wind_ms": 15.63, "value": 15.63, "lat": 17.75, "lon": 87.25}}, {"type": "Feature", "geometry": {"type": "Polygon", "coordinates": [[[87.375, 17.625], [87.625, 17.625], [87.625, 17.875], [87.375, 17.875], [87.375, 17.625]]]}, "properties": {"time": "2020-05-20T06:00:00", "variable": "ws", "tier": "low", "percentile": 100.0, "z": 4.36, "wind_ms": 16.14, "value": 16.14, "lat": 17.75, "lon": 87.5}}, {"type": "Feature", "geometry": {"type": "Polygon", "coordinates": [[[87.625, 17.625], [87.875, 17.625], [87.875, 17.875], [87.625, 17.875], [87.625, 17.625]]]}, "properties": {"time": "2020-05-20T06:00:00", "variable": "ws", "tier": "low", "percentile": 100.0, "z": 4.57, "wind_ms": 16.5, "value": 16.5, "lat": 17.75, "lon": 87.75}}, {"type": "Feature", "geometry": {"type": "Polygon", "coordinates": [[[87.875, 17.625], [88.125, 17.625], [88.125, 17.875], [87.875, 17.875], [87.875, 17.625]]]}, "properties": {"time": "2020-05-20T06:00:00", "variable": "ws", "tier": "low", "percentile": 100.0, "z": 4.8, "wind_ms": 16.8, "value": 16.8, "lat": 17.75, "lon": 88.0}}, {"type": "Feature", "geometry": {"type": "Polygon", "coordinates": [[[88.125, 17.625], [88.375, 17.625], [88.375, 17.875], [88.125, 17.875], [88.125, 17.625]]]}, "properties": {"time": "2020-05-20T06:00:00", "variable": "ws", "tier": "moderate", "percentile": 100.0, "z": 5.0, "wind_ms": 17.02, "value": 17.02, "lat": 17.75, "lon": 88.25}}, {"type": "Feature", "geometry": {"type": "Polygon", "coordinates": [[[88.375, 17.625], [88.625, 17.625], [88.625, 17.875], [88.375, 17.875], [88.375, 17.625]]]}, "properties": {"time": "2020-05-20T06:00:00", "variable": "ws", "tier": "moderate", "percentile": 100.0, "z": 5.07, "wind_ms": 17.08, "value": 17.08, "lat": 17.75, "lon": 88.5}}, {"type": "Feature", "geometry": {"type": "Polygon", "coordinates": [[[88.625, 17.625], [88.875, 17.625], [88.875, 17.875], [88.625, 17.875], [88.625, 17.625]]]}, "properties": {"time": "2020-05-20T06:00:00", "variable": "ws", "tier": "low", "percentile": 100.0, "z": 5.0, "wind_ms": 16.89, "value": 16.89, "lat": 17.75, "lon": 88.75}}, {"type": "Feature", "geometry": {"type": "Polygon", "coordinates": [[[88.875, 17.625], [89.125, 17.625], [89.125, 17.875], [88.875, 17.875], [88.875, 17.625]]]}, "properties": {"time": "2020-05-20T06:00:00", "variable": "ws", "tier": "low", "percentile": 100.0, "z": 4.81, "wind_ms": 16.57, "value": 16.57, "lat": 17.75, "lon": 89.0}}, {"type": "Feature", "geometry": {"type": "Polygon", "coordinates": [[[89.125, 17.625], [89.375, 17.625], [89.375, 17.875], [89.125, 17.875], [89.125, 17.625]]]}, "properties": {"time": "2020-05-20T06:00:00", "variable": "ws", "tier": "low", "percentile": 100.0, "z": 4.62, "wind_ms": 16.45, "value": 16.45, "lat": 17.75, "lon": 89.25}}, {"type": "Feature", "geometry": {"type": "Polygon", "coordinates": [[[89.375, 17.625], [89.625, 17.625], [89.625, 17.875], [89.375, 17.875], [89.375, 17.625]]]}, "properties": {"time": "2020-05-20T06:00:00", "variable": "ws", "tier": "low", "percentile": 100.0, "z": 4.47, "wind_ms": 16.41, "value": 16.41, "lat": 17.75, "lon": 89.5}}, {"type": "Feature", "geometry": {"type": "Polygon", "coordinates": [[[89.625, 17.625], [89.875, 17.625], [89.875, 17.875], [89.625, 17.875], [89.625, 17.625]]]}, "properties": {"time": "2020-05-20T06:00:00", "variable": "ws", "tier": "low", "percentile": 100.0, "z": 4.36, "wind_ms": 16.38, "value": 16.38, "lat": 17.75, "lon": 89.75}}, {"type": "Feature", "geometry": {"type": "Polygon", "coordinates": [[[89.875, 17.625], [90.125, 17.625], [90.125, 17.875], [89.875, 17.875], [89.875, 17.625]]]}, "properties": {"time": "2020-05-20T06:00:00", "variable": "ws", "tier": "low", "percentile": 100.0, "z": 4.36, "wind_ms": 16.31, "value": 16.31, "lat": 17.75, "lon": 90.0}}, {"type": "Feature", "geometry": {"type": "Polygon", "coordinates": [[[90.125, 17.625], [90.375, 17.625], [90.375, 17.875], [90.125, 17.875], [90.125, 17.625]]]}, "properties": {"time": "2020-05-20T06:00:00", "variable": "ws", "tier": "low", "percentile": 100.0, "z": 4.36, "wind_ms": 16.02, "value": 16.02, "lat": 17.75, "lon": 90.25}}, {"type": "Feature", "geometry": {"type": "Polygon", "coordinates": [[[90.375, 17.625], [90.625, 17.625], [90.625, 17.875], [90.375, 17.875], [90.375, 17.625]]]}, "properties": {"time": "2020-05-20T06:00:00", "variable": "ws", "tier": "low", "percentile": 100.0, "z": 4.19, "wind_ms": 15.3, "value": 15.3, "lat": 17.75, "lon": 90.5}}, {"type": "Feature", "geometry": {"type": "Polygon", "coordinates": [[[90.625, 17.625], [90.875, 17.625], [90.875, 17.875], [90.625, 17.875], [90.625, 17.625]]]}, "properties": {"time": "2020-05-20T06:00:00", "variable": "ws", "tier": "low", "percentile": 100.0, "z": 3.95, "wind_ms": 14.29, "value": 14.29, "lat": 17.75, "lon": 90.75}}, {"type": "Feature", "geometry": {"type": "Polygon", "coordinates": [[[90.875, 17.625], [91.125, 17.625], [91.125, 17.875], [90.875, 17.875], [90.875, 17.625]]]}, "properties": {"time": "2020-05-20T06:00:00", "variable": "ws", "tier": "low", "percentile": 99.1, "z": 3.72, "wind_ms": 13.78, "value": 13.78, "lat": 17.75, "lon": 91.0}}, {"type": "Feature", "geometry": {"type": "Polygon", "coordinates": [[[91.125, 17.625], [91.375, 17.625], [91.375, 17.875], [91.125, 17.875], [91.125, 17.625]]]}, "properties": {"time": "2020-05-20T06:00:00", "variable": "ws", "tier": "low", "percentile": 99.1, "z": 3.52, "wind_ms": 13.41, "value": 13.41, "lat": 17.75, "lon": 91.25}}, {"type": "Feature", "geometry": {"type": "Polygon", "coordinates": [[[91.375, 17.625], [91.625, 17.625], [91.625, 17.875], [91.375, 17.875], [91.375, 17.625]]]}, "properties": {"time": "2020-05-20T06:00:00", "variable": "ws", "tier": "low", "percentile": 99.1, "z": 3.45, "wind_ms": 13.19, "value": 13.19, "lat": 17.75, "lon": 91.5}}, {"type": "Feature", "geometry": {"type": "Polygon", "coordinates": [[[91.625, 17.625], [91.875, 17.625], [91.875, 17.875], [91.625, 17.875], [91.625, 17.625]]]}, "properties": {"time": "2020-05-20T06:00:00", "variable": "ws", "tier": "low", "percentile": 99.1, "z": 3.29, "wind_ms": 12.77, "value": 12.77, "lat": 17.75, "lon": 91.75}}, {"type": "Feature", "geometry": {"type": "Polygon", "coordinates": [[[91.875, 17.625], [92.125, 17.625], [92.125, 17.875], [91.875, 17.875], [91.875, 17.625]]]}, "properties": {"time": "2020-05-20T06:00:00", "variable": "ws", "tier": "low", "percentile": 98.3, "z": 3.06, "wind_ms": 12.2, "value": 12.2, "lat": 17.75, "lon": 92.0}}, {"type": "Feature", "geometry": {"type": "Polygon", "coordinates": [[[85.375, 17.875], [85.625, 17.875], [85.625, 18.125], [85.375, 18.125], [85.375, 17.875]]]}, "properties": {"time": "2020-05-20T06:00:00", "variable": "ws", "tier": "low", "percentile": 99.1, "z": 2.49, "wind_ms": 12.23, "value": 12.23, "lat": 18.0, "lon": 85.5}}, {"type": "Feature", "geometry": {"type": "Polygon", "coordinates": [[[85.625, 17.875], [85.875, 17.875], [85.875, 18.125], [85.625, 18.125], [85.625, 17.875]]]}, "properties": {"time": "2020-05-20T06:00:00", "variable": "ws", "tier": "low", "percentile": 99.1, "z": 2.63, "wind_ms": 12.87, "value": 12.87, "lat": 18.0, "lon": 85.75}}, {"type": "Feature", "geometry": {"type": "Polygon", "coordinates": [[[85.875, 17.875], [86.125, 17.875], [86.125, 18.125], [85.875, 18.125], [85.875, 17.875]]]}, "properties": {"time": "2020-05-20T06:00:00", "variable": "ws", "tier": "low", "percentile": 99.1, "z": 2.72, "wind_ms": 13.22, "value": 13.22, "lat": 18.0, "lon": 86.0}}, {"type": "Feature", "geometry": {"type": "Polygon", "coordinates": [[[86.125, 17.875], [86.375, 17.875], [86.375, 18.125], [86.125, 18.125], [86.125, 17.875]]]}, "properties": {"time": "2020-05-20T06:00:00", "variable": "ws", "tier": "low", "percentile": 99.1, "z": 2.87, "wind_ms": 13.61, "value": 13.61, "lat": 18.0, "lon": 86.25}}, {"type": "Feature", "geometry": {"type": "Polygon", "coordinates": [[[86.375, 17.875], [86.625, 17.875], [86.625, 18.125], [86.375, 18.125], [86.375, 17.875]]]}, "properties": {"time": "2020-05-20T06:00:00", "variable": "ws", "tier": "low", "percentile": 99.1, "z": 3.23, "wind_ms": 14.35, "value": 14.35, "lat": 18.0, "lon": 86.5}}, {"type": "Feature", "geometry": {"type": "Polygon", "coordinates": [[[86.625, 17.875], [86.875, 17.875], [86.875, 18.125], [86.625, 18.125], [86.625, 17.875]]]}, "properties": {"time": "2020-05-20T06:00:00", "variable": "ws", "tier": "low", "percentile": 99.1, "z": 3.61, "wind_ms": 15.07, "value": 15.07, "lat": 18.0, "lon": 86.75}}, {"type": "Feature", "geometry": {"type": "Polygon", "coordinates": [[[86.875, 17.875], [87.125, 17.875], [87.125, 18.125], [86.875, 18.125], [86.875, 17.875]]]}, "properties": {"time": "2020-05-20T06:00:00", "variable": "ws", "tier": "low", "percentile": 99.1, "z": 4.28, "wind_ms": 16.31, "value": 16.31, "lat": 18.0, "lon": 87.0}}, {"type": "Feature", "geometry": {"type": "Polygon", "coordinates": [[[87.125, 17.875], [87.375, 17.875], [87.375, 18.125], [87.125, 18.125], [87.125, 17.875]]]}, "properties": {"time": "2020-05-20T06:00:00", "variable": "ws", "tier": "moderate", "percentile": 100.0, "z": 4.76, "wind_ms": 17.01, "value": 17.01, "lat": 18.0, "lon": 87.25}}, {"type": "Feature", "geometry": {"type": "Polygon", "coordinates": [[[87.375, 17.875], [87.625, 17.875], [87.625, 18.125], [87.375, 18.125], [87.375, 17.875]]]}, "properties": {"time": "2020-05-20T06:00:00", "variable": "ws", "tier": "moderate", "percentile": 100.0, "z": 5.12, "wind_ms": 17.46, "value": 17.46, "lat": 18.0, "lon": 87.5}}, {"type": "Feature", "geometry": {"type": "Polygon", "coordinates": [[[87.625, 17.875], [87.875, 17.875], [87.875, 18.125], [87.625, 18.125], [87.625, 17.875]]]}, "properties": {"time": "2020-05-20T06:00:00", "variable": "ws", "tier": "moderate", "percentile": 100.0, "z": 5.27, "wind_ms": 17.69, "value": 17.69, "lat": 18.0, "lon": 87.75}}, {"type": "Feature", "geometry": {"type": "Polygon", "coordinates": [[[87.875, 17.875], [88.125, 17.875], [88.125, 18.125], [87.875, 18.125], [87.875, 17.875]]]}, "properties": {"time": "2020-05-20T06:00:00", "variable": "ws", "tier": "moderate", "percentile": 100.0, "z": 5.5, "wind_ms": 17.92, "value": 17.92, "lat": 18.0, "lon": 88.0}}, {"type": "Feature", "geometry": {"type": "Polygon", "coordinates": [[[88.125, 17.875], [88.375, 17.875], [88.375, 18.125], [88.125, 18.125], [88.125, 17.875]]]}, "properties": {"time": "2020-05-20T06:00:00", "variable": "ws", "tier": "moderate", "percentile": 100.0, "z": 5.81, "wind_ms": 18.28, "value": 18.28, "lat": 18.0, "lon": 88.25}}, {"type": "Feature", "geometry": {"type": "Polygon", "coordinates": [[[88.375, 17.875], [88.625, 17.875], [88.625, 18.125], [88.375, 18.125], [88.375, 17.875]]]}, "properties": {"time": "2020-05-20T06:00:00", "variable": "ws", "tier": "moderate", "percentile": 100.0, "z": 5.89, "wind_ms": 18.36, "value": 18.36, "lat": 18.0, "lon": 88.5}}, {"type": "Feature", "geometry": {"type": "Polygon", "coordinates": [[[88.625, 17.875], [88.875, 17.875], [88.875, 18.125], [88.625, 18.125], [88.625, 17.875]]]}, "properties": {"time": "2020-05-20T06:00:00", "variable": "ws", "tier": "moderate", "percentile": 100.0, "z": 5.8, "wind_ms": 18.14, "value": 18.14, "lat": 18.0, "lon": 88.75}}, {"type": "Feature", "geometry": {"type": "Polygon", "coordinates": [[[88.875, 17.875], [89.125, 17.875], [89.125, 18.125], [88.875, 18.125], [88.875, 17.875]]]}, "properties": {"time": "2020-05-20T06:00:00", "variable": "ws", "tier": "moderate", "percentile": 100.0, "z": 5.57, "wind_ms": 17.83, "value": 17.83, "lat": 18.0, "lon": 89.0}}, {"type": "Feature", "geometry": {"type": "Polygon", "coordinates": [[[89.125, 17.875], [89.375, 17.875], [89.375, 18.125], [89.125, 18.125], [89.125, 17.875]]]}, "properties": {"time": "2020-05-20T06:00:00", "variable": "ws", "tier": "moderate", "percentile": 100.0, "z": 5.18, "wind_ms": 17.17, "value": 17.17, "lat": 18.0, "lon": 89.25}}, {"type": "Feature", "geometry": {"type": "Polygon", "coordinates": [[[89.375, 17.875], [89.625, 17.875], [89.625, 18.125], [89.375, 18.125], [89.375, 17.875]]]}, "properties": {"time": "2020-05-20T06:00:00", "variable": "ws", "tier": "moderate", "percentile": 100.0, "z": 4.95, "wind_ms": 17.05, "value": 17.05, "lat": 18.0, "lon": 89.5}}, {"type": "Feature", "geometry": {"type": "Polygon", "coordinates": [[[89.625, 17.875], [89.875, 17.875], [89.875, 18.125], [89.625, 18.125], [89.625, 17.875]]]}, "properties": {"time": "2020-05-20T06:00:00", "variable": "ws", "tier": "low", "percentile": 100.0, "z": 4.77, "wind_ms": 16.93, "value": 16.93, "lat": 18.0, "lon": 89.75}}, {"type": "Feature", "geometry": {"type": "Polygon", "coordinates": [[[89.875, 17.875], [90.125, 17.875], [90.125, 18.125], [89.875, 18.125], [89.875, 17.875]]]}, "properties": {"time": "2020-05-20T06:00:00", "variable": "ws", "tier": "low", "percentile": 100.0, "z": 4.72, "wind_ms": 16.81, "value": 16.81, "lat": 18.0, "lon": 90.0}}, {"type": "Feature", "geometry": {"type": "Polygon", "coordinates": [[[90.125, 17.875], [90.375, 17.875], [90.375, 18.125], [90.125, 18.125], [90.125, 17.875]]]}, "properties": {"time": "2020-05-20T06:00:00", "variable": "ws", "tier": "low", "percentile": 100.0, "z": 4.75, "wind_ms": 16.61, "value": 16.61, "lat": 18.0, "lon": 90.25}}, {"type": "Feature", "geometry": {"type": "Polygon", "coordinates": [[[90.375, 17.875], [90.625, 17.875], [90.625, 18.125], [90.375, 18.125], [90.375, 17.875]]]}, "properties": {"time": "2020-05-20T06:00:00", "variable": "ws", "tier": "low", "percentile": 100.0, "z": 4.73, "wind_ms": 15.98, "value": 15.98, "lat": 18.0, "lon": 90.5}}, {"type": "Feature", "geometry": {"type": "Polygon", "coordinates": [[[90.625, 17.875], [90.875, 17.875], [90.875, 18.125], [90.625, 18.125], [90.625, 17.875]]]}, "properties": {"time": "2020-05-20T06:00:00", "variable": "ws", "tier": "low", "percentile": 100.0, "z": 4.45, "wind_ms": 14.99, "value": 14.99, "lat": 18.0, "lon": 90.75}}, {"type": "Feature", "geometry": {"type": "Polygon", "coordinates": [[[90.875, 17.875], [91.125, 17.875], [91.125, 18.125], [90.875, 18.125], [90.875, 17.875]]]}, "properties": {"time": "2020-05-20T06:00:00", "variable": "ws", "tier": "low", "percentile": 100.0, "z": 4.11, "wind_ms": 14.14, "value": 14.14, "lat": 18.0, "lon": 91.0}}, {"type": "Feature", "geometry": {"type": "Polygon", "coordinates": [[[91.125, 17.875], [91.375, 17.875], [91.375, 18.125], [91.125, 18.125], [91.125, 17.875]]]}, "properties": {"time": "2020-05-20T06:00:00", "variable": "ws", "tier": "low", "percentile": 99.1, "z": 3.91, "wind_ms": 13.77, "value": 13.77, "lat": 18.0, "lon": 91.25}}, {"type": "Feature", "geometry": {"type": "Polygon", "coordinates": [[[91.375, 17.875], [91.625, 17.875], [91.625, 18.125], [91.375, 18.125], [91.375, 17.875]]]}, "properties": {"time": "2020-05-20T06:00:00", "variable": "ws", "tier": "low", "percentile": 99.1, "z": 3.74, "wind_ms": 13.28, "value": 13.28, "lat": 18.0, "lon": 91.5}}, {"type": "Feature", "geometry": {"type": "Polygon", "coordinates": [[[91.625, 17.875], [91.875, 17.875], [91.875, 18.125], [91.625, 18.125], [91.625, 17.875]]]}, "properties": {"time": "2020-05-20T06:00:00", "variable": "ws", "tier": "low", "percentile": 99.1, "z": 3.58, "wind_ms": 12.82, "value": 12.82, "lat": 18.0, "lon": 91.75}}, {"type": "Feature", "geometry": {"type": "Polygon", "coordinates": [[[91.875, 17.875], [92.125, 17.875], [92.125, 18.125], [91.875, 18.125], [91.875, 17.875]]]}, "properties": {"time": "2020-05-20T06:00:00", "variable": "ws", "tier": "low", "percentile": 98.3, "z": 3.4, "wind_ms": 12.3, "value": 12.3, "lat": 18.0, "lon": 92.0}}, {"type": "Feature", "geometry": {"type": "Polygon", "coordinates": [[[85.375, 18.125], [85.625, 18.125], [85.625, 18.375], [85.375, 18.375], [85.375, 18.125]]]}, "properties": {"time": "2020-05-20T06:00:00", "variable": "ws", "tier": "low", "percentile": 100.0, "z": 2.96, "wind_ms": 12.9, "value": 12.9, "lat": 18.25, "lon": 85.5}}, {"type": "Feature", "geometry": {"type": "Polygon", "coordinates": [[[85.625, 18.125], [85.875, 18.125], [85.875, 18.375], [85.625, 18.375], [85.625, 18.125]]]}, "properties": {"time": "2020-05-20T06:00:00", "variable": "ws", "tier": "low", "percentile": 99.1, "z": 2.87, "wind_ms": 13.16, "value": 13.16, "lat": 18.25, "lon": 85.75}}, {"type": "Feature", "geometry": {"type": "Polygon", "coordinates": [[[85.875, 18.125], [86.125, 18.125], [86.125, 18.375], [85.875, 18.375], [85.875, 18.125]]]}, "properties": {"time": "2020-05-20T06:00:00", "variable": "ws", "tier": "low", "percentile": 99.1, "z": 2.94, "wind_ms": 13.57, "value": 13.57, "lat": 18.25, "lon": 86.0}}, {"type": "Feature", "geometry": {"type": "Polygon", "coordinates": [[[86.125, 18.125], [86.375, 18.125], [86.375, 18.375], [86.125, 18.375], [86.125, 18.125]]]}, "properties": {"time": "2020-05-20T06:00:00", "variable": "ws", "tier": "low", "percentile": 99.1, "z": 3.22, "wind_ms": 14.29, "value": 14.29, "lat": 18.25, "lon": 86.25}}, {"type": "Feature", "geometry": {"type": "Polygon", "coordinates": [[[86.375, 18.125], [86.625, 18.125], [86.625, 18.375], [86.375, 18.375], [86.375, 18.125]]]}, "properties": {"time": "2020-05-20T06:00:00", "variable": "ws", "tier": "low", "percentile": 99.1, "z": 3.57, "wind_ms": 15.02, "value": 15.02, "lat": 18.25, "lon": 86.5}}, {"type": "Feature", "geometry": {"type": "Polygon", "coordinates": [[[86.625, 18.125], [86.875, 18.125], [86.875, 18.375], [86.625, 18.375], [86.625, 18.125]]]}, "properties": {"time": "2020-05-20T06:00:00", "variable": "ws", "tier": "low", "percentile": 99.1, "z": 4.36, "wind_ms": 16.55, "value": 16.55, "lat": 18.25, "lon": 86.75}}, {"type": "Feature", "geometry": {"type": "Polygon", "coordinates": [[[86.875, 18.125], [87.125, 18.125], [87.125, 18.375], [86.875, 18.375], [86.875, 18.125]]]}, "properties": {"time": "2020-05-20T06:00:00", "variable": "ws", "tier": "moderate", "percentile": 100.0, "z": 5.05, "wind_ms": 17.76, "value": 17.76, "lat": 18.25, "lon": 87.0}}, {"type": "Feature", "geometry": {"type": "Polygon", "coordinates": [[[87.125, 18.125], [87.375, 18.125], [87.375, 18.375], [87.125, 18.375], [87.125, 18.125]]]}, "properties": {"time": "2020-05-20T06:00:00", "variable": "ws", "tier": "moderate", "percentile": 100.0, "z": 5.56, "wind_ms": 18.55, "value": 18.55, "lat": 18.25, "lon": 87.25}}, {"type": "Feature", "geometry": {"type": "Polygon", "coordinates": [[[87.375, 18.125], [87.625, 18.125], [87.625, 18.375], [87.375, 18.375], [87.375, 18.125]]]}, "properties": {"time": "2020-05-20T06:00:00", "variable": "ws", "tier": "moderate", "percentile": 100.0, "z": 5.92, "wind_ms": 18.91, "value": 18.91, "lat": 18.25, "lon": 87.5}}, {"type": "Feature", "geometry": {"type": "Polygon", "coordinates": [[[87.625, 18.125], [87.875, 18.125], [87.875, 18.375], [87.625, 18.375], [87.625, 18.125]]]}, "properties": {"time": "2020-05-20T06:00:00", "variable": "ws", "tier": "moderate", "percentile": 100.0, "z": 6.07, "wind_ms": 19.03, "value": 19.03, "lat": 18.25, "lon": 87.75}}, {"type": "Feature", "geometry": {"type": "Polygon", "coordinates": [[[87.875, 18.125], [88.125, 18.125], [88.125, 18.375], [87.875, 18.375], [87.875, 18.125]]]}, "properties": {"time": "2020-05-20T06:00:00", "variable": "ws", "tier": "moderate", "percentile": 100.0, "z": 6.28, "wind_ms": 19.16, "value": 19.16, "lat": 18.25, "lon": 88.0}}, {"type": "Feature", "geometry": {"type": "Polygon", "coordinates": [[[88.125, 18.125], [88.375, 18.125], [88.375, 18.375], [88.125, 18.375], [88.125, 18.125]]]}, "properties": {"time": "2020-05-20T06:00:00", "variable": "ws", "tier": "moderate", "percentile": 100.0, "z": 6.65, "wind_ms": 19.53, "value": 19.53, "lat": 18.25, "lon": 88.25}}, {"type": "Feature", "geometry": {"type": "Polygon", "coordinates": [[[88.375, 18.125], [88.625, 18.125], [88.625, 18.375], [88.375, 18.375], [88.375, 18.125]]]}, "properties": {"time": "2020-05-20T06:00:00", "variable": "ws", "tier": "moderate", "percentile": 100.0, "z": 6.81, "wind_ms": 19.63, "value": 19.63, "lat": 18.25, "lon": 88.5}}, {"type": "Feature", "geometry": {"type": "Polygon", "coordinates": [[[88.625, 18.125], [88.875, 18.125], [88.875, 18.375], [88.625, 18.375], [88.625, 18.125]]]}, "properties": {"time": "2020-05-20T06:00:00", "variable": "ws", "tier": "moderate", "percentile": 100.0, "z": 6.69, "wind_ms": 19.43, "value": 19.43, "lat": 18.25, "lon": 88.75}}, {"type": "Feature", "geometry": {"type": "Polygon", "coordinates": [[[88.875, 18.125], [89.125, 18.125], [89.125, 18.375], [88.875, 18.375], [88.875, 18.125]]]}, "properties": {"time": "2020-05-20T06:00:00", "variable": "ws", "tier": "moderate", "percentile": 100.0, "z": 6.37, "wind_ms": 18.85, "value": 18.85, "lat": 18.25, "lon": 89.0}}, {"type": "Feature", "geometry": {"type": "Polygon", "coordinates": [[[89.125, 18.125], [89.375, 18.125], [89.375, 18.375], [89.125, 18.375], [89.125, 18.125]]]}, "properties": {"time": "2020-05-20T06:00:00", "variable": "ws", "tier": "moderate", "percentile": 100.0, "z": 5.93, "wind_ms": 18.23, "value": 18.23, "lat": 18.25, "lon": 89.25}}, {"type": "Feature", "geometry": {"type": "Polygon", "coordinates": [[[89.375, 18.125], [89.625, 18.125], [89.625, 18.375], [89.375, 18.375], [89.375, 18.125]]]}, "properties": {"time": "2020-05-20T06:00:00", "variable": "ws", "tier": "moderate", "percentile": 100.0, "z": 5.52, "wind_ms": 17.67, "value": 17.67, "lat": 18.25, "lon": 89.5}}, {"type": "Feature", "geometry": {"type": "Polygon", "coordinates": [[[89.625, 18.125], [89.875, 18.125], [89.875, 18.375], [89.625, 18.375], [89.625, 18.125]]]}, "properties": {"time": "2020-05-20T06:00:00", "variable": "ws", "tier": "moderate", "percentile": 100.0, "z": 5.26, "wind_ms": 17.48, "value": 17.48, "lat": 18.25, "lon": 89.75}}, {"type": "Feature", "geometry": {"type": "Polygon", "coordinates": [[[89.875, 18.125], [90.125, 18.125], [90.125, 18.375], [89.875, 18.375], [89.875, 18.125]]]}, "properties": {"time": "2020-05-20T06:00:00", "variable": "ws", "tier": "moderate", "percentile": 100.0, "z": 5.14, "wind_ms": 17.26, "value": 17.26, "lat": 18.25, "lon": 90.0}}, {"type": "Feature", "geometry": {"type": "Polygon", "coordinates": [[[90.125, 18.125], [90.375, 18.125], [90.375, 18.375], [90.125, 18.375], [90.125, 18.125]]]}, "properties": {"time": "2020-05-20T06:00:00", "variable": "ws", "tier": "moderate", "percentile": 100.0, "z": 5.11, "wind_ms": 17.01, "value": 17.01, "lat": 18.25, "lon": 90.25}}, {"type": "Feature", "geometry": {"type": "Polygon", "coordinates": [[[90.375, 18.125], [90.625, 18.125], [90.625, 18.375], [90.375, 18.375], [90.375, 18.125]]]}, "properties": {"time": "2020-05-20T06:00:00", "variable": "ws", "tier": "low", "percentile": 100.0, "z": 5.18, "wind_ms": 16.49, "value": 16.49, "lat": 18.25, "lon": 90.5}}, {"type": "Feature", "geometry": {"type": "Polygon", "coordinates": [[[90.625, 18.125], [90.875, 18.125], [90.875, 18.375], [90.625, 18.375], [90.625, 18.125]]]}, "properties": {"time": "2020-05-20T06:00:00", "variable": "ws", "tier": "low", "percentile": 100.0, "z": 5.07, "wind_ms": 15.71, "value": 15.71, "lat": 18.25, "lon": 90.75}}, {"type": "Feature", "geometry": {"type": "Polygon", "coordinates": [[[90.875, 18.125], [91.125, 18.125], [91.125, 18.375], [90.875, 18.375], [90.875, 18.125]]]}, "properties": {"time": "2020-05-20T06:00:00", "variable": "ws", "tier": "low", "percentile": 100.0, "z": 4.72, "wind_ms": 14.87, "value": 14.87, "lat": 18.25, "lon": 91.0}}, {"type": "Feature", "geometry": {"type": "Polygon", "coordinates": [[[91.125, 18.125], [91.375, 18.125], [91.375, 18.375], [91.125, 18.375], [91.125, 18.125]]]}, "properties": {"time": "2020-05-20T06:00:00", "variable": "ws", "tier": "low", "percentile": 100.0, "z": 4.42, "wind_ms": 14.06, "value": 14.06, "lat": 18.25, "lon": 91.25}}, {"type": "Feature", "geometry": {"type": "Polygon", "coordinates": [[[91.375, 18.125], [91.625, 18.125], [91.625, 18.375], [91.375, 18.375], [91.375, 18.125]]]}, "properties": {"time": "2020-05-20T06:00:00", "variable": "ws", "tier": "low", "percentile": 100.0, "z": 4.21, "wind_ms": 13.58, "value": 13.58, "lat": 18.25, "lon": 91.5}}, {"type": "Feature", "geometry": {"type": "Polygon", "coordinates": [[[91.625, 18.125], [91.875, 18.125], [91.875, 18.375], [91.625, 18.375], [91.625, 18.125]]]}, "properties": {"time": "2020-05-20T06:00:00", "variable": "ws", "tier": "low", "percentile": 100.0, "z": 3.94, "wind_ms": 12.89, "value": 12.89, "lat": 18.25, "lon": 91.75}}, {"type": "Feature", "geometry": {"type": "Polygon", "coordinates": [[[91.875, 18.125], [92.125, 18.125], [92.125, 18.375], [91.875, 18.375], [91.875, 18.125]]]}, "properties": {"time": "2020-05-20T06:00:00", "variable": "ws", "tier": "low", "percentile": 100.0, "z": 3.77, "wind_ms": 12.4, "value": 12.4, "lat": 18.25, "lon": 92.0}}, {"type": "Feature", "geometry": {"type": "Polygon", "coordinates": [[[85.375, 18.375], [85.625, 18.375], [85.625, 18.625], [85.375, 18.625], [85.375, 18.375]]]}, "properties": {"time": "2020-05-20T06:00:00", "variable": "ws", "tier": "low", "percentile": 100.0, "z": 2.72, "wind_ms": 12.53, "value": 12.53, "lat": 18.5, "lon": 85.5}}, {"type": "Feature", "geometry": {"type": "Polygon", "coordinates": [[[85.625, 18.375], [85.875, 18.375], [85.875, 18.625], [85.625, 18.625], [85.625, 18.375]]]}, "properties": {"time": "2020-05-20T06:00:00", "variable": "ws", "tier": "low", "percentile": 99.1, "z": 2.77, "wind_ms": 12.87, "value": 12.87, "lat": 18.5, "lon": 85.75}}, {"type": "Feature", "geometry": {"type": "Polygon", "coordinates": [[[85.875, 18.375], [86.125, 18.375], [86.125, 18.625], [85.875, 18.625], [85.875, 18.375]]]}, "properties": {"time": "2020-05-20T06:00:00", "variable": "ws", "tier": "low", "percentile": 99.1, "z": 3.07, "wind_ms": 13.73, "value": 13.73, "lat": 18.5, "lon": 86.0}}, {"type": "Feature", "geometry": {"type": "Polygon", "coordinates": [[[86.125, 18.375], [86.375, 18.375], [86.375, 18.625], [86.125, 18.625], [86.125, 18.375]]]}, "properties": {"time": "2020-05-20T06:00:00", "variable": "ws", "tier": "low", "percentile": 99.1, "z": 3.44, "wind_ms": 14.6, "value": 14.6, "lat": 18.5, "lon": 86.25}}, {"type": "Feature", "geometry": {"type": "Polygon", "coordinates": [[[86.375, 18.375], [86.625, 18.375], [86.625, 18.625], [86.375, 18.625], [86.375, 18.375]]]}, "properties": {"time": "2020-05-20T06:00:00", "variable": "ws", "tier": "low", "percentile": 99.1, "z": 4.1, "wind_ms": 16.0, "value": 16.0, "lat": 18.5, "lon": 86.5}}, {"type": "Feature", "geometry": {"type": "Polygon", "coordinates": [[[86.625, 18.375], [86.875, 18.375], [86.875, 18.625], [86.625, 18.625], [86.625, 18.375]]]}, "properties": {"time": "2020-05-20T06:00:00", "variable": "ws", "tier": "moderate", "percentile": 99.1, "z": 4.93, "wind_ms": 17.54, "value": 17.54, "lat": 18.5, "lon": 86.75}}, {"type": "Feature", "geometry": {"type": "Polygon", "coordinates": [[[86.875, 18.375], [87.125, 18.375], [87.125, 18.625], [86.875, 18.625], [86.875, 18.375]]]}, "properties": {"time": "2020-05-20T06:00:00", "variable": "ws", "tier": "moderate", "percentile": 100.0, "z": 5.82, "wind_ms": 19.04, "value": 19.04, "lat": 18.5, "lon": 87.0}}, {"type": "Feature", "geometry": {"type": "Polygon", "coordinates": [[[87.125, 18.375], [87.375, 18.375], [87.375, 18.625], [87.125, 18.625], [87.125, 18.375]]]}, "properties": {"time": "2020-05-20T06:00:00", "variable": "ws", "tier": "moderate", "percentile": 100.0, "z": 6.33, "wind_ms": 19.76, "value": 19.76, "lat": 18.5, "lon": 87.25}}, {"type": "Feature", "geometry": {"type": "Polygon", "coordinates": [[[87.375, 18.375], [87.625, 18.375], [87.625, 18.625], [87.375, 18.625], [87.375, 18.375]]]}, "properties": {"time": "2020-05-20T06:00:00", "variable": "ws", "tier": "moderate", "percentile": 100.0, "z": 6.57, "wind_ms": 19.99, "value": 19.99, "lat": 18.5, "lon": 87.5}}, {"type": "Feature", "geometry": {"type": "Polygon", "coordinates": [[[87.625, 18.375], [87.875, 18.375], [87.875, 18.625], [87.625, 18.625], [87.625, 18.375]]]}, "properties": {"time": "2020-05-20T06:00:00", "variable": "ws", "tier": "moderate", "percentile": 100.0, "z": 6.77, "wind_ms": 20.16, "value": 20.16, "lat": 18.5, "lon": 87.75}}, {"type": "Feature", "geometry": {"type": "Polygon", "coordinates": [[[87.875, 18.375], [88.125, 18.375], [88.125, 18.625], [87.875, 18.625], [87.875, 18.375]]]}, "properties": {"time": "2020-05-20T06:00:00", "variable": "ws", "tier": "moderate", "percentile": 100.0, "z": 7.03, "wind_ms": 20.26, "value": 20.26, "lat": 18.5, "lon": 88.0}}, {"type": "Feature", "geometry": {"type": "Polygon", "coordinates": [[[88.125, 18.375], [88.375, 18.375], [88.375, 18.625], [88.125, 18.625], [88.125, 18.375]]]}, "properties": {"time": "2020-05-20T06:00:00", "variable": "ws", "tier": "moderate", "percentile": 100.0, "z": 7.39, "wind_ms": 20.45, "value": 20.45, "lat": 18.5, "lon": 88.25}}, {"type": "Feature", "geometry": {"type": "Polygon", "coordinates": [[[88.375, 18.375], [88.625, 18.375], [88.625, 18.625], [88.375, 18.625], [88.375, 18.375]]]}, "properties": {"time": "2020-05-20T06:00:00", "variable": "ws", "tier": "moderate", "percentile": 100.0, "z": 7.56, "wind_ms": 20.52, "value": 20.52, "lat": 18.5, "lon": 88.5}}, {"type": "Feature", "geometry": {"type": "Polygon", "coordinates": [[[88.625, 18.375], [88.875, 18.375], [88.875, 18.625], [88.625, 18.625], [88.625, 18.375]]]}, "properties": {"time": "2020-05-20T06:00:00", "variable": "ws", "tier": "moderate", "percentile": 100.0, "z": 7.56, "wind_ms": 20.32, "value": 20.32, "lat": 18.5, "lon": 88.75}}, {"type": "Feature", "geometry": {"type": "Polygon", "coordinates": [[[88.875, 18.375], [89.125, 18.375], [89.125, 18.625], [88.875, 18.625], [88.875, 18.375]]]}, "properties": {"time": "2020-05-20T06:00:00", "variable": "ws", "tier": "moderate", "percentile": 100.0, "z": 7.21, "wind_ms": 19.78, "value": 19.78, "lat": 18.5, "lon": 89.0}}, {"type": "Feature", "geometry": {"type": "Polygon", "coordinates": [[[89.125, 18.375], [89.375, 18.375], [89.375, 18.625], [89.125, 18.625], [89.125, 18.375]]]}, "properties": {"time": "2020-05-20T06:00:00", "variable": "ws", "tier": "moderate", "percentile": 100.0, "z": 6.69, "wind_ms": 19.03, "value": 19.03, "lat": 18.5, "lon": 89.25}}, {"type": "Feature", "geometry": {"type": "Polygon", "coordinates": [[[89.375, 18.375], [89.625, 18.375], [89.625, 18.625], [89.375, 18.625], [89.375, 18.375]]]}, "properties": {"time": "2020-05-20T06:00:00", "variable": "ws", "tier": "moderate", "percentile": 100.0, "z": 6.24, "wind_ms": 18.44, "value": 18.44, "lat": 18.5, "lon": 89.5}}, {"type": "Feature", "geometry": {"type": "Polygon", "coordinates": [[[89.625, 18.375], [89.875, 18.375], [89.875, 18.625], [89.625, 18.625], [89.625, 18.375]]]}, "properties": {"time": "2020-05-20T06:00:00", "variable": "ws", "tier": "moderate", "percentile": 100.0, "z": 5.85, "wind_ms": 18.05, "value": 18.05, "lat": 18.5, "lon": 89.75}}, {"type": "Feature", "geometry": {"type": "Polygon", "coordinates": [[[89.875, 18.375], [90.125, 18.375], [90.125, 18.625], [89.875, 18.625], [89.875, 18.375]]]}, "properties": {"time": "2020-05-20T06:00:00", "variable": "ws", "tier": "moderate", "percentile": 100.0, "z": 5.71, "wind_ms": 17.8, "value": 17.8, "lat": 18.5, "lon": 90.0}}, {"type": "Feature", "geometry": {"type": "Polygon", "coordinates": [[[90.125, 18.375], [90.375, 18.375], [90.375, 18.625], [90.125, 18.625], [90.125, 18.375]]]}, "properties": {"time": "2020-05-20T06:00:00", "variable": "ws", "tier": "moderate", "percentile": 100.0, "z": 5.55, "wind_ms": 17.45, "value": 17.45, "lat": 18.5, "lon": 90.25}}, {"type": "Feature", "geometry": {"type": "Polygon", "coordinates": [[[90.375, 18.375], [90.625, 18.375], [90.625, 18.625], [90.375, 18.625], [90.375, 18.375]]]}, "properties": {"time": "2020-05-20T06:00:00", "variable": "ws", "tier": "moderate", "percentile": 100.0, "z": 5.62, "wind_ms": 17.04, "value": 17.04, "lat": 18.5, "lon": 90.5}}, {"type": "Feature", "geometry": {"type": "Polygon", "coordinates": [[[90.625, 18.375], [90.875, 18.375], [90.875, 18.625], [90.625, 18.625], [90.625, 18.375]]]}, "properties": {"time": "2020-05-20T06:00:00", "variable": "ws", "tier": "low", "percentile": 100.0, "z": 5.56, "wind_ms": 16.33, "value": 16.33, "lat": 18.5, "lon": 90.75}}, {"type": "Feature", "geometry": {"type": "Polygon", "coordinates": [[[90.875, 18.375], [91.125, 18.375], [91.125, 18.625], [90.875, 18.625], [90.875, 18.375]]]}, "properties": {"time": "2020-05-20T06:00:00", "variable": "ws", "tier": "low", "percentile": 100.0, "z": 5.21, "wind_ms": 15.46, "value": 15.46, "lat": 18.5, "lon": 91.0}}, {"type": "Feature", "geometry": {"type": "Polygon", "coordinates": [[[91.125, 18.375], [91.375, 18.375], [91.375, 18.625], [91.125, 18.625], [91.125, 18.375]]]}, "properties": {"time": "2020-05-20T06:00:00", "variable": "ws", "tier": "low", "percentile": 100.0, "z": 4.84, "wind_ms": 14.66, "value": 14.66, "lat": 18.5, "lon": 91.25}}, {"type": "Feature", "geometry": {"type": "Polygon", "coordinates": [[[91.375, 18.375], [91.625, 18.375], [91.625, 18.625], [91.375, 18.625], [91.375, 18.375]]]}, "properties": {"time": "2020-05-20T06:00:00", "variable": "ws", "tier": "low", "percentile": 100.0, "z": 4.44, "wind_ms": 13.75, "value": 13.75, "lat": 18.5, "lon": 91.5}}, {"type": "Feature", "geometry": {"type": "Polygon", "coordinates": [[[91.625, 18.375], [91.875, 18.375], [91.875, 18.625], [91.625, 18.625], [91.625, 18.375]]]}, "properties": {"time": "2020-05-20T06:00:00", "variable": "ws", "tier": "low", "percentile": 100.0, "z": 4.12, "wind_ms": 13.03, "value": 13.03, "lat": 18.5, "lon": 91.75}}, {"type": "Feature", "geometry": {"type": "Polygon", "coordinates": [[[91.875, 18.375], [92.125, 18.375], [92.125, 18.625], [91.875, 18.625], [91.875, 18.375]]]}, "properties": {"time": "2020-05-20T06:00:00", "variable": "ws", "tier": "low", "percentile": 99.1, "z": 3.91, "wind_ms": 12.5, "value": 12.5, "lat": 18.5, "lon": 92.0}}, {"type": "Feature", "geometry": {"type": "Polygon", "coordinates": [[[85.375, 18.625], [85.625, 18.625], [85.625, 18.875], [85.375, 18.875], [85.375, 18.625]]]}, "properties": {"time": "2020-05-20T06:00:00", "variable": "ws", "tier": "low", "percentile": 100.0, "z": 1.87, "wind_ms": 11.2, "value": 11.2, "lat": 18.75, "lon": 85.5}}, {"type": "Feature", "geometry": {"type": "Polygon", "coordinates": [[[85.625, 18.625], [85.875, 18.625], [85.875, 18.875], [85.625, 18.875], [85.625, 18.625]]]}, "properties": {"time": "2020-05-20T06:00:00", "variable": "ws", "tier": "low", "percentile": 99.1, "z": 2.46, "wind_ms": 12.35, "value": 12.35, "lat": 18.75, "lon": 85.75}}, {"type": "Feature", "geometry": {"type": "Polygon", "coordinates": [[[85.875, 18.625], [86.125, 18.625], [86.125, 18.875], [85.875, 18.875], [85.875, 18.625]]]}, "properties": {"time": "2020-05-20T06:00:00", "variable": "ws", "tier": "low", "percentile": 99.1, "z": 3.03, "wind_ms": 13.64, "value": 13.64, "lat": 18.75, "lon": 86.0}}, {"type": "Feature", "geometry": {"type": "Polygon", "coordinates": [[[86.125, 18.625], [86.375, 18.625], [86.375, 18.875], [86.125, 18.875], [86.125, 18.625]]]}, "properties": {"time": "2020-05-20T06:00:00", "variable": "ws", "tier": "low", "percentile": 99.1, "z": 3.9, "wind_ms": 15.4, "value": 15.4, "lat": 18.75, "lon": 86.25}}, {"type": "Feature", "geometry": {"type": "Polygon", "coordinates": [[[86.375, 18.625], [86.625, 18.625], [86.625, 18.875], [86.375, 18.875], [86.375, 18.625]]]}, "properties": {"time": "2020-05-20T06:00:00", "variable": "ws", "tier": "low", "percentile": 99.1, "z": 4.57, "wind_ms": 16.75, "value": 16.75, "lat": 18.75, "lon": 86.5}}, {"type": "Feature", "geometry": {"type": "Polygon", "coordinates": [[[86.625, 18.625], [86.875, 18.625], [86.875, 18.875], [86.625, 18.875], [86.625, 18.625]]]}, "properties": {"time": "2020-05-20T06:00:00", "variable": "ws", "tier": "moderate", "percentile": 100.0, "z": 5.33, "wind_ms": 18.09, "value": 18.09, "lat": 18.75, "lon": 86.75}}, {"type": "Feature", "geometry": {"type": "Polygon", "coordinates": [[[86.875, 18.625], [87.125, 18.625], [87.125, 18.875], [86.875, 18.875], [86.875, 18.625]]]}, "properties": {"time": "2020-05-20T06:00:00", "variable": "ws", "tier": "moderate", "percentile": 100.0, "z": 6.29, "wind_ms": 19.62, "value": 19.62, "lat": 18.75, "lon": 87.0}}, {"type": "Feature", "geometry": {"type": "Polygon", "coordinates": [[[87.125, 18.625], [87.375, 18.625], [87.375, 18.875], [87.125, 18.875], [87.125, 18.625]]]}, "properties": {"time": "2020-05-20T06:00:00", "variable": "ws", "tier": "moderate", "percentile": 100.0, "z": 6.99, "wind_ms": 20.7, "value": 20.7, "lat": 18.75, "lon": 87.25}}, {"type": "Feature", "geometry": {"type": "Polygon", "coordinates": [[[87.375, 18.625], [87.625, 18.625], [87.625, 18.875], [87.375, 18.875], [87.375, 18.625]]]}, "properties": {"time": "2020-05-20T06:00:00", "variable": "ws", "tier": "moderate", "percentile": 100.0, "z": 7.18, "wind_ms": 20.86, "value": 20.86, "lat": 18.75, "lon": 87.5}}, {"type": "Feature", "geometry": {"type": "Polygon", "coordinates": [[[87.625, 18.625], [87.875, 18.625], [87.875, 18.875], [87.625, 18.875], [87.625, 18.625]]]}, "properties": {"time": "2020-05-20T06:00:00", "variable": "ws", "tier": "moderate", "percentile": 100.0, "z": 7.35, "wind_ms": 21.09, "value": 21.09, "lat": 18.75, "lon": 87.75}}, {"type": "Feature", "geometry": {"type": "Polygon", "coordinates": [[[87.875, 18.625], [88.125, 18.625], [88.125, 18.875], [87.875, 18.875], [87.875, 18.625]]]}, "properties": {"time": "2020-05-20T06:00:00", "variable": "ws", "tier": "moderate", "percentile": 100.0, "z": 7.68, "wind_ms": 21.31, "value": 21.31, "lat": 18.75, "lon": 88.0}}, {"type": "Feature", "geometry": {"type": "Polygon", "coordinates": [[[88.125, 18.625], [88.375, 18.625], [88.375, 18.875], [88.125, 18.875], [88.125, 18.625]]]}, "properties": {"time": "2020-05-20T06:00:00", "variable": "ws", "tier": "moderate", "percentile": 100.0, "z": 8.03, "wind_ms": 21.33, "value": 21.33, "lat": 18.75, "lon": 88.25}}, {"type": "Feature", "geometry": {"type": "Polygon", "coordinates": [[[88.375, 18.625], [88.625, 18.625], [88.625, 18.875], [88.375, 18.875], [88.375, 18.625]]]}, "properties": {"time": "2020-05-20T06:00:00", "variable": "ws", "tier": "moderate", "percentile": 100.0, "z": 8.19, "wind_ms": 21.08, "value": 21.08, "lat": 18.75, "lon": 88.5}}, {"type": "Feature", "geometry": {"type": "Polygon", "coordinates": [[[88.625, 18.625], [88.875, 18.625], [88.875, 18.875], [88.625, 18.875], [88.625, 18.625]]]}, "properties": {"time": "2020-05-20T06:00:00", "variable": "ws", "tier": "moderate", "percentile": 100.0, "z": 8.22, "wind_ms": 20.95, "value": 20.95, "lat": 18.75, "lon": 88.75}}, {"type": "Feature", "geometry": {"type": "Polygon", "coordinates": [[[88.875, 18.625], [89.125, 18.625], [89.125, 18.875], [88.875, 18.875], [88.875, 18.625]]]}, "properties": {"time": "2020-05-20T06:00:00", "variable": "ws", "tier": "moderate", "percentile": 100.0, "z": 8.02, "wind_ms": 20.58, "value": 20.58, "lat": 18.75, "lon": 89.0}}, {"type": "Feature", "geometry": {"type": "Polygon", "coordinates": [[[89.125, 18.625], [89.375, 18.625], [89.375, 18.875], [89.125, 18.875], [89.125, 18.625]]]}, "properties": {"time": "2020-05-20T06:00:00", "variable": "ws", "tier": "moderate", "percentile": 100.0, "z": 7.53, "wind_ms": 19.94, "value": 19.94, "lat": 18.75, "lon": 89.25}}, {"type": "Feature", "geometry": {"type": "Polygon", "coordinates": [[[89.375, 18.625], [89.625, 18.625], [89.625, 18.875], [89.375, 18.875], [89.375, 18.625]]]}, "properties": {"time": "2020-05-20T06:00:00", "variable": "ws", "tier": "moderate", "percentile": 100.0, "z": 6.91, "wind_ms": 19.13, "value": 19.13, "lat": 18.75, "lon": 89.5}}, {"type": "Feature", "geometry": {"type": "Polygon", "coordinates": [[[89.625, 18.625], [89.875, 18.625], [89.875, 18.875], [89.625, 18.875], [89.625, 18.625]]]}, "properties": {"time": "2020-05-20T06:00:00", "variable": "ws", "tier": "moderate", "percentile": 100.0, "z": 6.45, "wind_ms": 18.69, "value": 18.69, "lat": 18.75, "lon": 89.75}}, {"type": "Feature", "geometry": {"type": "Polygon", "coordinates": [[[89.875, 18.625], [90.125, 18.625], [90.125, 18.875], [89.875, 18.875], [89.875, 18.625]]]}, "properties": {"time": "2020-05-20T06:00:00", "variable": "ws", "tier": "moderate", "percentile": 100.0, "z": 6.27, "wind_ms": 18.36, "value": 18.36, "lat": 18.75, "lon": 90.0}}, {"type": "Feature", "geometry": {"type": "Polygon", "coordinates": [[[90.125, 18.625], [90.375, 18.625], [90.375, 18.875], [90.125, 18.875], [90.125, 18.625]]]}, "properties": {"time": "2020-05-20T06:00:00", "variable": "ws", "tier": "moderate", "percentile": 100.0, "z": 5.95, "wind_ms": 17.93, "value": 17.93, "lat": 18.75, "lon": 90.25}}, {"type": "Feature", "geometry": {"type": "Polygon", "coordinates": [[[90.375, 18.625], [90.625, 18.625], [90.625, 18.875], [90.375, 18.875], [90.375, 18.625]]]}, "properties": {"time": "2020-05-20T06:00:00", "variable": "ws", "tier": "moderate", "percentile": 100.0, "z": 5.96, "wind_ms": 17.52, "value": 17.52, "lat": 18.75, "lon": 90.5}}, {"type": "Feature", "geometry": {"type": "Polygon", "coordinates": [[[90.625, 18.625], [90.875, 18.625], [90.875, 18.875], [90.625, 18.875], [90.625, 18.625]]]}, "properties": {"time": "2020-05-20T06:00:00", "variable": "ws", "tier": "low", "percentile": 100.0, "z": 5.9, "wind_ms": 16.8, "value": 16.8, "lat": 18.75, "lon": 90.75}}, {"type": "Feature", "geometry": {"type": "Polygon", "coordinates": [[[90.875, 18.625], [91.125, 18.625], [91.125, 18.875], [90.875, 18.875], [90.875, 18.625]]]}, "properties": {"time": "2020-05-20T06:00:00", "variable": "ws", "tier": "low", "percentile": 100.0, "z": 5.45, "wind_ms": 15.96, "value": 15.96, "lat": 18.75, "lon": 91.0}}, {"type": "Feature", "geometry": {"type": "Polygon", "coordinates": [[[91.125, 18.625], [91.375, 18.625], [91.375, 18.875], [91.125, 18.875], [91.125, 18.625]]]}, "properties": {"time": "2020-05-20T06:00:00", "variable": "ws", "tier": "low", "percentile": 100.0, "z": 4.95, "wind_ms": 15.03, "value": 15.03, "lat": 18.75, "lon": 91.25}}, {"type": "Feature", "geometry": {"type": "Polygon", "coordinates": [[[91.375, 18.625], [91.625, 18.625], [91.625, 18.875], [91.375, 18.875], [91.375, 18.625]]]}, "properties": {"time": "2020-05-20T06:00:00", "variable": "ws", "tier": "low", "percentile": 100.0, "z": 4.54, "wind_ms": 14.09, "value": 14.09, "lat": 18.75, "lon": 91.5}}, {"type": "Feature", "geometry": {"type": "Polygon", "coordinates": [[[91.625, 18.625], [91.875, 18.625], [91.875, 18.875], [91.625, 18.875], [91.625, 18.625]]]}, "properties": {"time": "2020-05-20T06:00:00", "variable": "ws", "tier": "low", "percentile": 100.0, "z": 4.13, "wind_ms": 13.19, "value": 13.19, "lat": 18.75, "lon": 91.75}}, {"type": "Feature", "geometry": {"type": "Polygon", "coordinates": [[[91.875, 18.625], [92.125, 18.625], [92.125, 18.875], [91.875, 18.875], [91.875, 18.625]]]}, "properties": {"time": "2020-05-20T06:00:00", "variable": "ws", "tier": "low", "percentile": 98.3, "z": 3.84, "wind_ms": 12.57, "value": 12.57, "lat": 18.75, "lon": 92.0}}, {"type": "Feature", "geometry": {"type": "Polygon", "coordinates": [[[85.625, 18.875], [85.875, 18.875], [85.875, 19.125], [85.625, 19.125], [85.625, 18.875]]]}, "properties": {"time": "2020-05-20T06:00:00", "variable": "ws", "tier": "low", "percentile": 98.3, "z": 2.1, "wind_ms": 11.79, "value": 11.79, "lat": 19.0, "lon": 85.75}}, {"type": "Feature", "geometry": {"type": "Polygon", "coordinates": [[[85.875, 18.875], [86.125, 18.875], [86.125, 19.125], [85.875, 19.125], [85.875, 18.875]]]}, "properties": {"time": "2020-05-20T06:00:00", "variable": "ws", "tier": "low", "percentile": 99.1, "z": 3.26, "wind_ms": 14.09, "value": 14.09, "lat": 19.0, "lon": 86.0}}, {"type": "Feature", "geometry": {"type": "Polygon", "coordinates": [[[86.125, 18.875], [86.375, 18.875], [86.375, 19.125], [86.125, 19.125], [86.125, 18.875]]]}, "properties": {"time": "2020-05-20T06:00:00", "variable": "ws", "tier": "low", "percentile": 100.0, "z": 4.41, "wind_ms": 16.25, "value": 16.25, "lat": 19.0, "lon": 86.25}}, {"type": "Feature", "geometry": {"type": "Polygon", "coordinates": [[[86.375, 18.875], [86.625, 18.875], [86.625, 19.125], [86.375, 19.125], [86.375, 18.875]]]}, "properties": {"time": "2020-05-20T06:00:00", "variable": "ws", "tier": "moderate", "percentile": 100.0, "z": 5.25, "wind_ms": 17.81, "value": 17.81, "lat": 19.0, "lon": 86.5}}, {"type": "Feature", "geometry": {"type": "Polygon", "coordinates": [[[86.625, 18.875], [86.875, 18.875], [86.875, 19.125], [86.625, 19.125], [86.625, 18.875]]]}, "properties": {"time": "2020-05-20T06:00:00", "variable": "ws", "tier": "moderate", "percentile": 100.0, "z": 5.93, "wind_ms": 18.89, "value": 18.89, "lat": 19.0, "lon": 86.75}}, {"type": "Feature", "geometry": {"type": "Polygon", "coordinates": [[[86.875, 18.875], [87.125, 18.875], [87.125, 19.125], [86.875, 19.125], [86.875, 18.875]]]}, "properties": {"time": "2020-05-20T06:00:00", "variable": "ws", "tier": "moderate", "percentile": 100.0, "z": 6.64, "wind_ms": 20.08, "value": 20.08, "lat": 19.0, "lon": 87.0}}, {"type": "Feature", "geometry": {"type": "Polygon", "coordinates": [[[87.125, 18.875], [87.375, 18.875], [87.375, 19.125], [87.125, 19.125], [87.125, 18.875]]]}, "properties": {"time": "2020-05-20T06:00:00", "variable": "ws", "tier": "moderate", "percentile": 100.0, "z": 7.33, "wind_ms": 21.34, "value": 21.34, "lat": 19.0, "lon": 87.25}}, {"type": "Feature", "geometry": {"type": "Polygon", "coordinates": [[[87.375, 18.875], [87.625, 18.875], [87.625, 19.125], [87.375, 19.125], [87.375, 18.875]]]}, "properties": {"time": "2020-05-20T06:00:00", "variable": "ws", "tier": "moderate", "percentile": 100.0, "z": 7.73, "wind_ms": 21.88, "value": 21.88, "lat": 19.0, "lon": 87.5}}, {"type": "Feature", "geometry": {"type": "Polygon", "coordinates": [[[87.625, 18.875], [87.875, 18.875], [87.875, 19.125], [87.625, 19.125], [87.625, 18.875]]]}, "properties": {"time": "2020-05-20T06:00:00", "variable": "ws", "tier": "moderate", "percentile": 100.0, "z": 7.93, "wind_ms": 22.08, "value": 22.08, "lat": 19.0, "lon": 87.75}}, {"type": "Feature", "geometry": {"type": "Polygon", "coordinates": [[[87.875, 18.875], [88.125, 18.875], [88.125, 19.125], [87.875, 19.125], [87.875, 18.875]]]}, "properties": {"time": "2020-05-20T06:00:00", "variable": "ws", "tier": "moderate", "percentile": 100.0, "z": 8.28, "wind_ms": 22.36, "value": 22.36, "lat": 19.0, "lon": 88.0}}, {"type": "Feature", "geometry": {"type": "Polygon", "coordinates": [[[88.125, 18.875], [88.375, 18.875], [88.375, 19.125], [88.125, 19.125], [88.125, 18.875]]]}, "properties": {"time": "2020-05-20T06:00:00", "variable": "ws", "tier": "moderate", "percentile": 100.0, "z": 8.55, "wind_ms": 22.23, "value": 22.23, "lat": 19.0, "lon": 88.25}}, {"type": "Feature", "geometry": {"type": "Polygon", "coordinates": [[[88.375, 18.875], [88.625, 18.875], [88.625, 19.125], [88.375, 19.125], [88.375, 18.875]]]}, "properties": {"time": "2020-05-20T06:00:00", "variable": "ws", "tier": "moderate", "percentile": 100.0, "z": 8.63, "wind_ms": 21.83, "value": 21.83, "lat": 19.0, "lon": 88.5}}, {"type": "Feature", "geometry": {"type": "Polygon", "coordinates": [[[88.625, 18.875], [88.875, 18.875], [88.875, 19.125], [88.625, 19.125], [88.625, 18.875]]]}, "properties": {"time": "2020-05-20T06:00:00", "variable": "ws", "tier": "moderate", "percentile": 100.0, "z": 8.62, "wind_ms": 21.46, "value": 21.46, "lat": 19.0, "lon": 88.75}}, {"type": "Feature", "geometry": {"type": "Polygon", "coordinates": [[[88.875, 18.875], [89.125, 18.875], [89.125, 19.125], [88.875, 19.125], [88.875, 18.875]]]}, "properties": {"time": "2020-05-20T06:00:00", "variable": "ws", "tier": "moderate", "percentile": 100.0, "z": 8.56, "wind_ms": 21.2, "value": 21.2, "lat": 19.0, "lon": 89.0}}, {"type": "Feature", "geometry": {"type": "Polygon", "coordinates": [[[89.125, 18.875], [89.375, 18.875], [89.375, 19.125], [89.125, 19.125], [89.125, 18.875]]]}, "properties": {"time": "2020-05-20T06:00:00", "variable": "ws", "tier": "moderate", "percentile": 100.0, "z": 8.18, "wind_ms": 20.59, "value": 20.59, "lat": 19.0, "lon": 89.25}}, {"type": "Feature", "geometry": {"type": "Polygon", "coordinates": [[[89.375, 18.875], [89.625, 18.875], [89.625, 19.125], [89.375, 19.125], [89.375, 18.875]]]}, "properties": {"time": "2020-05-20T06:00:00", "variable": "ws", "tier": "moderate", "percentile": 100.0, "z": 7.55, "wind_ms": 19.77, "value": 19.77, "lat": 19.0, "lon": 89.5}}, {"type": "Feature", "geometry": {"type": "Polygon", "coordinates": [[[89.625, 18.875], [89.875, 18.875], [89.875, 19.125], [89.625, 19.125], [89.625, 18.875]]]}, "properties": {"time": "2020-05-20T06:00:00", "variable": "ws", "tier": "moderate", "percentile": 100.0, "z": 6.96, "wind_ms": 19.13, "value": 19.13, "lat": 19.0, "lon": 89.75}}, {"type": "Feature", "geometry": {"type": "Polygon", "coordinates": [[[89.875, 18.875], [90.125, 18.875], [90.125, 19.125], [89.875, 19.125], [89.875, 18.875]]]}, "properties": {"time": "2020-05-20T06:00:00", "variable": "ws", "tier": "moderate", "percentile": 100.0, "z": 6.71, "wind_ms": 18.77, "value": 18.77, "lat": 19.0, "lon": 90.0}}, {"type": "Feature", "geometry": {"type": "Polygon", "coordinates": [[[90.125, 18.875], [90.375, 18.875], [90.375, 19.125], [90.125, 19.125], [90.125, 18.875]]]}, "properties": {"time": "2020-05-20T06:00:00", "variable": "ws", "tier": "moderate", "percentile": 100.0, "z": 6.29, "wind_ms": 18.31, "value": 18.31, "lat": 19.0, "lon": 90.25}}, {"type": "Feature", "geometry": {"type": "Polygon", "coordinates": [[[90.375, 18.875], [90.625, 18.875], [90.625, 19.125], [90.375, 19.125], [90.375, 18.875]]]}, "properties": {"time": "2020-05-20T06:00:00", "variable": "ws", "tier": "moderate", "percentile": 100.0, "z": 6.08, "wind_ms": 17.73, "value": 17.73, "lat": 19.0, "lon": 90.5}}, {"type": "Feature", "geometry": {"type": "Polygon", "coordinates": [[[90.625, 18.875], [90.875, 18.875], [90.875, 19.125], [90.625, 19.125], [90.625, 18.875]]]}, "properties": {"time": "2020-05-20T06:00:00", "variable": "ws", "tier": "moderate", "percentile": 100.0, "z": 6.03, "wind_ms": 17.1, "value": 17.1, "lat": 19.0, "lon": 90.75}}, {"type": "Feature", "geometry": {"type": "Polygon", "coordinates": [[[90.875, 18.875], [91.125, 18.875], [91.125, 19.125], [90.875, 19.125], [90.875, 18.875]]]}, "properties": {"time": "2020-05-20T06:00:00", "variable": "ws", "tier": "low", "percentile": 100.0, "z": 5.56, "wind_ms": 16.37, "value": 16.37, "lat": 19.0, "lon": 91.0}}, {"type": "Feature", "geometry": {"type": "Polygon", "coordinates": [[[91.125, 18.875], [91.375, 18.875], [91.375, 19.125], [91.125, 19.125], [91.125, 18.875]]]}, "properties": {"time": "2020-05-20T06:00:00", "variable": "ws", "tier": "low", "percentile": 100.0, "z": 4.99, "wind_ms": 15.39, "value": 15.39, "lat": 19.0, "lon": 91.25}}, {"type": "Feature", "geometry": {"type": "Polygon", "coordinates": [[[91.375, 18.875], [91.625, 18.875], [91.625, 19.125], [91.375, 19.125], [91.375, 18.875]]]}, "properties": {"time": "2020-05-20T06:00:00", "variable": "ws", "tier": "low", "percentile": 100.0, "z": 4.52, "wind_ms": 14.31, "value": 14.31, "lat": 19.0, "lon": 91.5}}, {"type": "Feature", "geometry": {"type": "Polygon", "coordinates": [[[91.625, 18.875], [91.875, 18.875], [91.875, 19.125], [91.625, 19.125], [91.625, 18.875]]]}, "properties": {"time": "2020-05-20T06:00:00", "variable": "ws", "tier": "low", "percentile": 99.1, "z": 4.15, "wind_ms": 13.48, "value": 13.48, "lat": 19.0, "lon": 91.75}}, {"type": "Feature", "geometry": {"type": "Polygon", "coordinates": [[[91.875, 18.875], [92.125, 18.875], [92.125, 19.125], [91.875, 19.125], [91.875, 18.875]]]}, "properties": {"time": "2020-05-20T06:00:00", "variable": "ws", "tier": "low", "percentile": 98.3, "z": 3.79, "wind_ms": 12.81, "value": 12.81, "lat": 19.0, "lon": 92.0}}, {"type": "Feature", "geometry": {"type": "Polygon", "coordinates": [[[85.625, 19.125], [85.875, 19.125], [85.875, 19.375], [85.625, 19.375], [85.625, 19.125]]]}, "properties": {"time": "2020-05-20T06:00:00", "variable": "ws", "tier": "low", "percentile": 100.0, "z": 2.4, "wind_ms": 12.19, "value": 12.19, "lat": 19.25, "lon": 85.75}}, {"type": "Feature", "geometry": {"type": "Polygon", "coordinates": [[[85.875, 19.125], [86.125, 19.125], [86.125, 19.375], [85.875, 19.375], [85.875, 19.125]]]}, "properties": {"time": "2020-05-20T06:00:00", "variable": "ws", "tier": "low", "percentile": 100.0, "z": 3.58, "wind_ms": 14.5, "value": 14.5, "lat": 19.25, "lon": 86.0}}, {"type": "Feature", "geometry": {"type": "Polygon", "coordinates": [[[86.125, 19.125], [86.375, 19.125], [86.375, 19.375], [86.125, 19.375], [86.125, 19.125]]]}, "properties": {"time": "2020-05-20T06:00:00", "variable": "ws", "tier": "low", "percentile": 100.0, "z": 4.7, "wind_ms": 16.47, "value": 16.47, "lat": 19.25, "lon": 86.25}}, {"type": "Feature", "geometry": {"type": "Polygon", "coordinates": [[[86.375, 19.125], [86.625, 19.125], [86.625, 19.375], [86.375, 19.375], [86.375, 19.125]]]}, "properties": {"time": "2020-05-20T06:00:00", "variable": "ws", "tier": "moderate", "percentile": 100.0, "z": 5.49, "wind_ms": 17.97, "value": 17.97, "lat": 19.25, "lon": 86.5}}, {"type": "Feature", "geometry": {"type": "Polygon", "coordinates": [[[86.625, 19.125], [86.875, 19.125], [86.875, 19.375], [86.625, 19.375], [86.625, 19.125]]]}, "properties": {"time": "2020-05-20T06:00:00", "variable": "ws", "tier": "moderate", "percentile": 100.0, "z": 6.08, "wind_ms": 19.02, "value": 19.02, "lat": 19.25, "lon": 86.75}}, {"type": "Feature", "geometry": {"type": "Polygon", "coordinates": [[[86.875, 19.125], [87.125, 19.125], [87.125, 19.375], [86.875, 19.375], [86.875, 19.125]]]}, "properties": {"time": "2020-05-20T06:00:00", "variable": "ws", "tier": "moderate", "percentile": 100.0, "z": 6.77, "wind_ms": 20.14, "value": 20.14, "lat": 19.25, "lon": 87.0}}, {"type": "Feature", "geometry": {"type": "Polygon", "coordinates": [[[87.125, 19.125], [87.375, 19.125], [87.375, 19.375], [87.125, 19.375], [87.125, 19.125]]]}, "properties": {"time": "2020-05-20T06:00:00", "variable": "ws", "tier": "moderate", "percentile": 100.0, "z": 7.55, "wind_ms": 21.58, "value": 21.58, "lat": 19.25, "lon": 87.25}}, {"type": "Feature", "geometry": {"type": "Polygon", "coordinates": [[[87.375, 19.125], [87.625, 19.125], [87.625, 19.375], [87.375, 19.375], [87.375, 19.125]]]}, "properties": {"time": "2020-05-20T06:00:00", "variable": "ws", "tier": "moderate", "percentile": 100.0, "z": 8.11, "wind_ms": 22.48, "value": 22.48, "lat": 19.25, "lon": 87.5}}, {"type": "Feature", "geometry": {"type": "Polygon", "coordinates": [[[87.625, 19.125], [87.875, 19.125], [87.875, 19.375], [87.625, 19.375], [87.625, 19.125]]]}, "properties": {"time": "2020-05-20T06:00:00", "variable": "ws", "tier": "moderate", "percentile": 100.0, "z": 8.35, "wind_ms": 22.8, "value": 22.8, "lat": 19.25, "lon": 87.75}}, {"type": "Feature", "geometry": {"type": "Polygon", "coordinates": [[[87.875, 19.125], [88.125, 19.125], [88.125, 19.375], [87.875, 19.375], [87.875, 19.125]]]}, "properties": {"time": "2020-05-20T06:00:00", "variable": "ws", "tier": "moderate", "percentile": 100.0, "z": 8.7, "wind_ms": 23.03, "value": 23.03, "lat": 19.25, "lon": 88.0}}, {"type": "Feature", "geometry": {"type": "Polygon", "coordinates": [[[88.125, 19.125], [88.375, 19.125], [88.375, 19.375], [88.125, 19.375], [88.125, 19.125]]]}, "properties": {"time": "2020-05-20T06:00:00", "variable": "ws", "tier": "moderate", "percentile": 100.0, "z": 8.99, "wind_ms": 22.99, "value": 22.99, "lat": 19.25, "lon": 88.25}}, {"type": "Feature", "geometry": {"type": "Polygon", "coordinates": [[[88.375, 19.125], [88.625, 19.125], [88.625, 19.375], [88.375, 19.375], [88.375, 19.125]]]}, "properties": {"time": "2020-05-20T06:00:00", "variable": "ws", "tier": "moderate", "percentile": 100.0, "z": 8.98, "wind_ms": 22.6, "value": 22.6, "lat": 19.25, "lon": 88.5}}, {"type": "Feature", "geometry": {"type": "Polygon", "coordinates": [[[88.625, 19.125], [88.875, 19.125], [88.875, 19.375], [88.625, 19.375], [88.625, 19.125]]]}, "properties": {"time": "2020-05-20T06:00:00", "variable": "ws", "tier": "moderate", "percentile": 100.0, "z": 8.98, "wind_ms": 22.11, "value": 22.11, "lat": 19.25, "lon": 88.75}}, {"type": "Feature", "geometry": {"type": "Polygon", "coordinates": [[[88.875, 19.125], [89.125, 19.125], [89.125, 19.375], [88.875, 19.375], [88.875, 19.125]]]}, "properties": {"time": "2020-05-20T06:00:00", "variable": "ws", "tier": "moderate", "percentile": 100.0, "z": 8.95, "wind_ms": 21.8, "value": 21.8, "lat": 19.25, "lon": 89.0}}, {"type": "Feature", "geometry": {"type": "Polygon", "coordinates": [[[89.125, 19.125], [89.375, 19.125], [89.375, 19.375], [89.125, 19.375], [89.125, 19.125]]]}, "properties": {"time": "2020-05-20T06:00:00", "variable": "ws", "tier": "moderate", "percentile": 100.0, "z": 8.65, "wind_ms": 21.26, "value": 21.26, "lat": 19.25, "lon": 89.25}}, {"type": "Feature", "geometry": {"type": "Polygon", "coordinates": [[[89.375, 19.125], [89.625, 19.125], [89.625, 19.375], [89.375, 19.375], [89.375, 19.125]]]}, "properties": {"time": "2020-05-20T06:00:00", "variable": "ws", "tier": "moderate", "percentile": 100.0, "z": 8.06, "wind_ms": 20.26, "value": 20.26, "lat": 19.25, "lon": 89.5}}, {"type": "Feature", "geometry": {"type": "Polygon", "coordinates": [[[89.625, 19.125], [89.875, 19.125], [89.875, 19.375], [89.625, 19.375], [89.625, 19.125]]]}, "properties": {"time": "2020-05-20T06:00:00", "variable": "ws", "tier": "moderate", "percentile": 100.0, "z": 7.43, "wind_ms": 19.4, "value": 19.4, "lat": 19.25, "lon": 89.75}}, {"type": "Feature", "geometry": {"type": "Polygon", "coordinates": [[[89.875, 19.125], [90.125, 19.125], [90.125, 19.375], [89.875, 19.375], [89.875, 19.125]]]}, "properties": {"time": "2020-05-20T06:00:00", "variable": "ws", "tier": "moderate", "percentile": 100.0, "z": 7.08, "wind_ms": 19.06, "value": 19.06, "lat": 19.25, "lon": 90.0}}, {"type": "Feature", "geometry": {"type": "Polygon", "coordinates": [[[90.125, 19.125], [90.375, 19.125], [90.375, 19.375], [90.125, 19.375], [90.125, 19.125]]]}, "properties": {"time": "2020-05-20T06:00:00", "variable": "ws", "tier": "moderate", "percentile": 100.0, "z": 6.66, "wind_ms": 18.61, "value": 18.61, "lat": 19.25, "lon": 90.25}}, {"type": "Feature", "geometry": {"type": "Polygon", "coordinates": [[[90.375, 19.125], [90.625, 19.125], [90.625, 19.375], [90.375, 19.375], [90.375, 19.125]]]}, "properties": {"time": "2020-05-20T06:00:00", "variable": "ws", "tier": "moderate", "percentile": 100.0, "z": 6.28, "wind_ms": 18.03, "value": 18.03, "lat": 19.25, "lon": 90.5}}, {"type": "Feature", "geometry": {"type": "Polygon", "coordinates": [[[90.625, 19.125], [90.875, 19.125], [90.875, 19.375], [90.625, 19.375], [90.625, 19.125]]]}, "properties": {"time": "2020-05-20T06:00:00", "variable": "ws", "tier": "moderate", "percentile": 100.0, "z": 6.14, "wind_ms": 17.47, "value": 17.47, "lat": 19.25, "lon": 90.75}}, {"type": "Feature", "geometry": {"type": "Polygon", "coordinates": [[[90.875, 19.125], [91.125, 19.125], [91.125, 19.375], [90.875, 19.375], [90.875, 19.125]]]}, "properties": {"time": "2020-05-20T06:00:00", "variable": "ws", "tier": "low", "percentile": 100.0, "z": 5.71, "wind_ms": 16.68, "value": 16.68, "lat": 19.25, "lon": 91.0}}, {"type": "Feature", "geometry": {"type": "Polygon", "coordinates": [[[91.125, 19.125], [91.375, 19.125], [91.375, 19.375], [91.125, 19.375], [91.125, 19.125]]]}, "properties": {"time": "2020-05-20T06:00:00", "variable": "ws", "tier": "low", "percentile": 100.0, "z": 5.03, "wind_ms": 15.64, "value": 15.64, "lat": 19.25, "lon": 91.25}}, {"type": "Feature", "geometry": {"type": "Polygon", "coordinates": [[[91.375, 19.125], [91.625, 19.125], [91.625, 19.375], [91.375, 19.375], [91.375, 19.125]]]}, "properties": {"time": "2020-05-20T06:00:00", "variable": "ws", "tier": "low", "percentile": 100.0, "z": 4.55, "wind_ms": 14.61, "value": 14.61, "lat": 19.25, "lon": 91.5}}, {"type": "Feature", "geometry": {"type": "Polygon", "coordinates": [[[91.625, 19.125], [91.875, 19.125], [91.875, 19.375], [91.625, 19.375], [91.625, 19.125]]]}, "properties": {"time": "2020-05-20T06:00:00", "variable": "ws", "tier": "low", "percentile": 99.1, "z": 4.28, "wind_ms": 13.78, "value": 13.78, "lat": 19.25, "lon": 91.75}}, {"type": "Feature", "geometry": {"type": "Polygon", "coordinates": [[[91.875, 19.125], [92.125, 19.125], [92.125, 19.375], [91.875, 19.375], [91.875, 19.125]]]}, "properties": {"time": "2020-05-20T06:00:00", "variable": "ws", "tier": "low", "percentile": 98.3, "z": 3.95, "wind_ms": 13.06, "value": 13.06, "lat": 19.25, "lon": 92.0}}, {"type": "Feature", "geometry": {"type": "Polygon", "coordinates": [[[85.375, 19.375], [85.625, 19.375], [85.625, 19.625], [85.375, 19.625], [85.375, 19.375]]]}, "properties": {"time": "2020-05-20T06:00:00", "variable": "ws", "tier": "low", "percentile": 100.0, "z": 2.65, "wind_ms": 10.91, "value": 10.91, "lat": 19.5, "lon": 85.5}}, {"type": "Feature", "geometry": {"type": "Polygon", "coordinates": [[[85.625, 19.375], [85.875, 19.375], [85.875, 19.625], [85.625, 19.625], [85.625, 19.375]]]}, "properties": {"time": "2020-05-20T06:00:00", "variable": "ws", "tier": "low", "percentile": 100.0, "z": 3.29, "wind_ms": 12.38, "value": 12.38, "lat": 19.5, "lon": 85.75}}, {"type": "Feature", "geometry": {"type": "Polygon", "coordinates": [[[85.875, 19.375], [86.125, 19.375], [86.125, 19.625], [85.875, 19.625], [85.875, 19.375]]]}, "properties": {"time": "2020-05-20T06:00:00", "variable": "ws", "tier": "low", "percentile": 100.0, "z": 4.27, "wind_ms": 14.87, "value": 14.87, "lat": 19.5, "lon": 86.0}}, {"type": "Feature", "geometry": {"type": "Polygon", "coordinates": [[[86.125, 19.375], [86.375, 19.375], [86.375, 19.625], [86.125, 19.625], [86.125, 19.375]]]}, "properties": {"time": "2020-05-20T06:00:00", "variable": "ws", "tier": "low", "percentile": 100.0, "z": 5.15, "wind_ms": 16.92, "value": 16.92, "lat": 19.5, "lon": 86.25}}, {"type": "Feature", "geometry": {"type": "Polygon", "coordinates": [[[86.375, 19.375], [86.625, 19.375], [86.625, 19.625], [86.375, 19.625], [86.375, 19.375]]]}, "properties": {"time": "2020-05-20T06:00:00", "variable": "ws", "tier": "moderate", "percentile": 100.0, "z": 5.83, "wind_ms": 18.15, "value": 18.15, "lat": 19.5, "lon": 86.5}}, {"type": "Feature", "geometry": {"type": "Polygon", "coordinates": [[[86.625, 19.375], [86.875, 19.375], [86.875, 19.625], [86.625, 19.625], [86.625, 19.375]]]}, "properties": {"time": "2020-05-20T06:00:00", "variable": "ws", "tier": "moderate", "percentile": 100.0, "z": 6.32, "wind_ms": 19.29, "value": 19.29, "lat": 19.5, "lon": 86.75}}, {"type": "Feature", "geometry": {"type": "Polygon", "coordinates": [[[86.875, 19.375], [87.125, 19.375], [87.125, 19.625], [86.875, 19.625], [86.875, 19.375]]]}, "properties": {"time": "2020-05-20T06:00:00", "variable": "ws", "tier": "moderate", "percentile": 100.0, "z": 7.08, "wind_ms": 20.84, "value": 20.84, "lat": 19.5, "lon": 87.0}}, {"type": "Feature", "geometry": {"type": "Polygon", "coordinates": [[[87.125, 19.375], [87.375, 19.375], [87.375, 19.625], [87.125, 19.625], [87.125, 19.375]]]}, "properties": {"time": "2020-05-20T06:00:00", "variable": "ws", "tier": "moderate", "percentile": 100.0, "z": 7.99, "wind_ms": 22.53, "value": 22.53, "lat": 19.5, "lon": 87.25}}, {"type": "Feature", "geometry": {"type": "Polygon", "coordinates": [[[87.375, 19.375], [87.625, 19.375], [87.625, 19.625], [87.375, 19.625], [87.375, 19.375]]]}, "properties": {"time": "2020-05-20T06:00:00", "variable": "ws", "tier": "moderate", "percentile": 100.0, "z": 8.8, "wind_ms": 23.5, "value": 23.5, "lat": 19.5, "lon": 87.5}}, {"type": "Feature", "geometry": {"type": "Polygon", "coordinates": [[[87.625, 19.375], [87.875, 19.375], [87.875, 19.625], [87.625, 19.625], [87.625, 19.375]]]}, "properties": {"time": "2020-05-20T06:00:00", "variable": "ws", "tier": "moderate", "percentile": 100.0, "z": 9.18, "wind_ms": 23.89, "value": 23.89, "lat": 19.5, "lon": 87.75}}, {"type": "Feature", "geometry": {"type": "Polygon", "coordinates": [[[87.875, 19.375], [88.125, 19.375], [88.125, 19.625], [87.875, 19.625], [87.875, 19.375]]]}, "properties": {"time": "2020-05-20T06:00:00", "variable": "ws", "tier": "moderate", "percentile": 100.0, "z": 9.16, "wind_ms": 23.71, "value": 23.71, "lat": 19.5, "lon": 88.0}}, {"type": "Feature", "geometry": {"type": "Polygon", "coordinates": [[[88.125, 19.375], [88.375, 19.375], [88.375, 19.625], [88.125, 19.625], [88.125, 19.375]]]}, "properties": {"time": "2020-05-20T06:00:00", "variable": "ws", "tier": "moderate", "percentile": 100.0, "z": 9.4, "wind_ms": 23.28, "value": 23.28, "lat": 19.5, "lon": 88.25}}, {"type": "Feature", "geometry": {"type": "Polygon", "coordinates": [[[88.375, 19.375], [88.625, 19.375], [88.625, 19.625], [88.375, 19.625], [88.375, 19.375]]]}, "properties": {"time": "2020-05-20T06:00:00", "variable": "ws", "tier": "moderate", "percentile": 100.0, "z": 9.72, "wind_ms": 23.33, "value": 23.33, "lat": 19.5, "lon": 88.5}}, {"type": "Feature", "geometry": {"type": "Polygon", "coordinates": [[[88.625, 19.375], [88.875, 19.375], [88.875, 19.625], [88.625, 19.625], [88.625, 19.375]]]}, "properties": {"time": "2020-05-20T06:00:00", "variable": "ws", "tier": "moderate", "percentile": 100.0, "z": 9.74, "wind_ms": 22.97, "value": 22.97, "lat": 19.5, "lon": 88.75}}, {"type": "Feature", "geometry": {"type": "Polygon", "coordinates": [[[88.875, 19.375], [89.125, 19.375], [89.125, 19.625], [88.875, 19.625], [88.875, 19.375]]]}, "properties": {"time": "2020-05-20T06:00:00", "variable": "ws", "tier": "moderate", "percentile": 100.0, "z": 9.4, "wind_ms": 22.15, "value": 22.15, "lat": 19.5, "lon": 89.0}}, {"type": "Feature", "geometry": {"type": "Polygon", "coordinates": [[[89.125, 19.375], [89.375, 19.375], [89.375, 19.625], [89.125, 19.625], [89.125, 19.375]]]}, "properties": {"time": "2020-05-20T06:00:00", "variable": "ws", "tier": "moderate", "percentile": 100.0, "z": 8.96, "wind_ms": 21.32, "value": 21.32, "lat": 19.5, "lon": 89.25}}, {"type": "Feature", "geometry": {"type": "Polygon", "coordinates": [[[89.375, 19.375], [89.625, 19.375], [89.625, 19.625], [89.375, 19.625], [89.375, 19.375]]]}, "properties": {"time": "2020-05-20T06:00:00", "variable": "ws", "tier": "moderate", "percentile": 100.0, "z": 8.34, "wind_ms": 20.24, "value": 20.24, "lat": 19.5, "lon": 89.5}}, {"type": "Feature", "geometry": {"type": "Polygon", "coordinates": [[[89.625, 19.375], [89.875, 19.375], [89.875, 19.625], [89.625, 19.625], [89.625, 19.375]]]}, "properties": {"time": "2020-05-20T06:00:00", "variable": "ws", "tier": "moderate", "percentile": 100.0, "z": 7.79, "wind_ms": 19.44, "value": 19.44, "lat": 19.5, "lon": 89.75}}, {"type": "Feature", "geometry": {"type": "Polygon", "coordinates": [[[89.875, 19.375], [90.125, 19.375], [90.125, 19.625], [89.875, 19.625], [89.875, 19.375]]]}, "properties": {"time": "2020-05-20T06:00:00", "variable": "ws", "tier": "moderate", "percentile": 100.0, "z": 7.55, "wind_ms": 19.27, "value": 19.27, "lat": 19.5, "lon": 90.0}}, {"type": "Feature", "geometry": {"type": "Polygon", "coordinates": [[[90.125, 19.375], [90.375, 19.375], [90.375, 19.625], [90.125, 19.625], [90.125, 19.375]]]}, "properties": {"time": "2020-05-20T06:00:00", "variable": "ws", "tier": "moderate", "percentile": 100.0, "z": 7.07, "wind_ms": 18.8, "value": 18.8, "lat": 19.5, "lon": 90.25}}, {"type": "Feature", "geometry": {"type": "Polygon", "coordinates": [[[90.375, 19.375], [90.625, 19.375], [90.625, 19.625], [90.375, 19.625], [90.375, 19.375]]]}, "properties": {"time": "2020-05-20T06:00:00", "variable": "ws", "tier": "moderate", "percentile": 100.0, "z": 6.55, "wind_ms": 18.35, "value": 18.35, "lat": 19.5, "lon": 90.5}}, {"type": "Feature", "geometry": {"type": "Polygon", "coordinates": [[[90.625, 19.375], [90.875, 19.375], [90.875, 19.625], [90.625, 19.625], [90.625, 19.375]]]}, "properties": {"time": "2020-05-20T06:00:00", "variable": "ws", "tier": "moderate", "percentile": 100.0, "z": 6.15, "wind_ms": 17.69, "value": 17.69, "lat": 19.5, "lon": 90.75}}, {"type": "Feature", "geometry": {"type": "Polygon", "coordinates": [[[90.875, 19.375], [91.125, 19.375], [91.125, 19.625], [90.875, 19.625], [90.875, 19.375]]]}, "properties": {"time": "2020-05-20T06:00:00", "variable": "ws", "tier": "low", "percentile": 100.0, "z": 5.82, "wind_ms": 16.78, "value": 16.78, "lat": 19.5, "lon": 91.0}}, {"type": "Feature", "geometry": {"type": "Polygon", "coordinates": [[[91.125, 19.375], [91.375, 19.375], [91.375, 19.625], [91.125, 19.625], [91.125, 19.375]]]}, "properties": {"time": "2020-05-20T06:00:00", "variable": "ws", "tier": "low", "percentile": 100.0, "z": 5.29, "wind_ms": 15.83, "value": 15.83, "lat": 19.5, "lon": 91.25}}, {"type": "Feature", "geometry": {"type": "Polygon", "coordinates": [[[91.375, 19.375], [91.625, 19.375], [91.625, 19.625], [91.375, 19.625], [91.375, 19.375]]]}, "properties": {"time": "2020-05-20T06:00:00", "variable": "ws", "tier": "low", "percentile": 100.0, "z": 4.81, "wind_ms": 14.92, "value": 14.92, "lat": 19.5, "lon": 91.5}}, {"type": "Feature", "geometry": {"type": "Polygon", "coordinates": [[[91.625, 19.375], [91.875, 19.375], [91.875, 19.625], [91.625, 19.625], [91.625, 19.375]]]}, "properties": {"time": "2020-05-20T06:00:00", "variable": "ws", "tier": "low", "percentile": 99.1, "z": 4.46, "wind_ms": 13.97, "value": 13.97, "lat": 19.5, "lon": 91.75}}, {"type": "Feature", "geometry": {"type": "Polygon", "coordinates": [[[91.875, 19.375], [92.125, 19.375], [92.125, 19.625], [91.875, 19.625], [91.875, 19.375]]]}, "properties": {"time": "2020-05-20T06:00:00", "variable": "ws", "tier": "low", "percentile": 98.3, "z": 4.26, "wind_ms": 13.46, "value": 13.46, "lat": 19.5, "lon": 92.0}}, {"type": "Feature", "geometry": {"type": "Polygon", "coordinates": [[[85.375, 19.625], [85.625, 19.625], [85.625, 19.875], [85.375, 19.875], [85.375, 19.625]]]}, "properties": {"time": "2020-05-20T06:00:00", "variable": "ws", "tier": "low", "percentile": 100.0, "z": 3.6, "wind_ms": 10.85, "value": 10.85, "lat": 19.75, "lon": 85.5}}, {"type": "Feature", "geometry": {"type": "Polygon", "coordinates": [[[85.625, 19.625], [85.875, 19.625], [85.875, 19.875], [85.625, 19.875], [85.625, 19.625]]]}, "properties": {"time": "2020-05-20T06:00:00", "variable": "ws", "tier": "low", "percentile": 100.0, "z": 3.46, "wind_ms": 10.79, "value": 10.79, "lat": 19.75, "lon": 85.75}}, {"type": "Feature", "geometry": {"type": "Polygon", "coordinates": [[[85.875, 19.625], [86.125, 19.625], [86.125, 19.875], [85.875, 19.875], [85.875, 19.625]]]}, "properties": {"time": "2020-05-20T06:00:00", "variable": "ws", "tier": "low", "percentile": 100.0, "z": 4.21, "wind_ms": 13.27, "value": 13.27, "lat": 19.75, "lon": 86.0}}, {"type": "Feature", "geometry": {"type": "Polygon", "coordinates": [[[86.125, 19.625], [86.375, 19.625], [86.375, 19.875], [86.125, 19.875], [86.125, 19.625]]]}, "properties": {"time": "2020-05-20T06:00:00", "variable": "ws", "tier": "low", "percentile": 100.0, "z": 5.16, "wind_ms": 15.72, "value": 15.72, "lat": 19.75, "lon": 86.25}}, {"type": "Feature", "geometry": {"type": "Polygon", "coordinates": [[[86.375, 19.625], [86.625, 19.625], [86.625, 19.875], [86.375, 19.875], [86.375, 19.625]]]}, "properties": {"time": "2020-05-20T06:00:00", "variable": "ws", "tier": "moderate", "percentile": 100.0, "z": 5.59, "wind_ms": 17.71, "value": 17.71, "lat": 19.75, "lon": 86.5}}, {"type": "Feature", "geometry": {"type": "Polygon", "coordinates": [[[86.625, 19.625], [86.875, 19.625], [86.875, 19.875], [86.625, 19.875], [86.625, 19.625]]]}, "properties": {"time": "2020-05-20T06:00:00", "variable": "ws", "tier": "moderate", "percentile": 100.0, "z": 6.24, "wind_ms": 19.1, "value": 19.1, "lat": 19.75, "lon": 86.75}}, {"type": "Feature", "geometry": {"type": "Polygon", "coordinates": [[[86.875, 19.625], [87.125, 19.625], [87.125, 19.875], [86.875, 19.875], [86.875, 19.625]]]}, "properties": {"time": "2020-05-20T06:00:00", "variable": "ws", "tier": "moderate", "percentile": 100.0, "z": 7.13, "wind_ms": 20.99, "value": 20.99, "lat": 19.75, "lon": 87.0}}, {"type": "Feature", "geometry": {"type": "Polygon", "coordinates": [[[87.125, 19.625], [87.375, 19.625], [87.375, 19.875], [87.125, 19.875], [87.125, 19.625]]]}, "properties": {"time": "2020-05-20T06:00:00", "variable": "ws", "tier": "moderate", "percentile": 100.0, "z": 8.1, "wind_ms": 22.79, "value": 22.79, "lat": 19.75, "lon": 87.25}}, {"type": "Feature", "geometry": {"type": "Polygon", "coordinates": [[[87.375, 19.625], [87.625, 19.625], [87.625, 19.875], [87.375, 19.875], [87.375, 19.625]]]}, "properties": {"time": "2020-05-20T06:00:00", "variable": "ws", "tier": "severe", "percentile": 100.0, "z": 9.57, "wind_ms": 25.11, "value": 25.11, "lat": 19.75, "lon": 87.5}}, {"type": "Feature", "geometry": {"type": "Polygon", "coordinates": [[[87.625, 19.625], [87.875, 19.625], [87.875, 19.875], [87.625, 19.875], [87.625, 19.625]]]}, "properties": {"time": "2020-05-20T06:00:00", "variable": "ws", "tier": "severe", "percentile": 100.0, "z": 10.2, "wind_ms": 25.74, "value": 25.74, "lat": 19.75, "lon": 87.75}}, {"type": "Feature", "geometry": {"type": "Polygon", "coordinates": [[[87.875, 19.625], [88.125, 19.625], [88.125, 19.875], [87.875, 19.875], [87.875, 19.625]]]}, "properties": {"time": "2020-05-20T06:00:00", "variable": "ws", "tier": "severe", "percentile": 100.0, "z": 9.88, "wind_ms": 25.15, "value": 25.15, "lat": 19.75, "lon": 88.0}}, {"type": "Feature", "geometry": {"type": "Polygon", "coordinates": [[[88.125, 19.625], [88.375, 19.625], [88.375, 19.875], [88.125, 19.875], [88.125, 19.625]]]}, "properties": {"time": "2020-05-20T06:00:00", "variable": "ws", "tier": "moderate", "percentile": 100.0, "z": 9.44, "wind_ms": 23.75, "value": 23.75, "lat": 19.75, "lon": 88.25}}, {"type": "Feature", "geometry": {"type": "Polygon", "coordinates": [[[88.375, 19.625], [88.625, 19.625], [88.625, 19.875], [88.375, 19.875], [88.375, 19.625]]]}, "properties": {"time": "2020-05-20T06:00:00", "variable": "ws", "tier": "moderate", "percentile": 100.0, "z": 9.83, "wind_ms": 23.8, "value": 23.8, "lat": 19.75, "lon": 88.5}}, {"type": "Feature", "geometry": {"type": "Polygon", "coordinates": [[[88.625, 19.625], [88.875, 19.625], [88.875, 19.875], [88.625, 19.875], [88.625, 19.625]]]}, "properties": {"time": "2020-05-20T06:00:00", "variable": "ws", "tier": "moderate", "percentile": 100.0, "z": 9.89, "wind_ms": 23.45, "value": 23.45, "lat": 19.75, "lon": 88.75}}, {"type": "Feature", "geometry": {"type": "Polygon", "coordinates": [[[88.875, 19.625], [89.125, 19.625], [89.125, 19.875], [88.875, 19.875], [88.875, 19.625]]]}, "properties": {"time": "2020-05-20T06:00:00", "variable": "ws", "tier": "moderate", "percentile": 100.0, "z": 9.61, "wind_ms": 22.67, "value": 22.67, "lat": 19.75, "lon": 89.0}}, {"type": "Feature", "geometry": {"type": "Polygon", "coordinates": [[[89.125, 19.625], [89.375, 19.625], [89.375, 19.875], [89.125, 19.875], [89.125, 19.625]]]}, "properties": {"time": "2020-05-20T06:00:00", "variable": "ws", "tier": "moderate", "percentile": 100.0, "z": 8.9, "wind_ms": 21.27, "value": 21.27, "lat": 19.75, "lon": 89.25}}, {"type": "Feature", "geometry": {"type": "Polygon", "coordinates": [[[89.375, 19.625], [89.625, 19.625], [89.625, 19.875], [89.375, 19.875], [89.375, 19.625]]]}, "properties": {"time": "2020-05-20T06:00:00", "variable": "ws", "tier": "moderate", "percentile": 100.0, "z": 8.38, "wind_ms": 20.28, "value": 20.28, "lat": 19.75, "lon": 89.5}}, {"type": "Feature", "geometry": {"type": "Polygon", "coordinates": [[[89.625, 19.625], [89.875, 19.625], [89.875, 19.875], [89.625, 19.875], [89.625, 19.625]]]}, "properties": {"time": "2020-05-20T06:00:00", "variable": "ws", "tier": "moderate", "percentile": 100.0, "z": 8.02, "wind_ms": 19.77, "value": 19.77, "lat": 19.75, "lon": 89.75}}, {"type": "Feature", "geometry": {"type": "Polygon", "coordinates": [[[89.875, 19.625], [90.125, 19.625], [90.125, 19.875], [89.875, 19.875], [89.875, 19.625]]]}, "properties": {"time": "2020-05-20T06:00:00", "variable": "ws", "tier": "moderate", "percentile": 100.0, "z": 7.89, "wind_ms": 19.64, "value": 19.64, "lat": 19.75, "lon": 90.0}}, {"type": "Feature", "geometry": {"type": "Polygon", "coordinates": [[[90.125, 19.625], [90.375, 19.625], [90.375, 19.875], [90.125, 19.875], [90.125, 19.625]]]}, "properties": {"time": "2020-05-20T06:00:00", "variable": "ws", "tier": "moderate", "percentile": 100.0, "z": 7.47, "wind_ms": 19.17, "value": 19.17, "lat": 19.75, "lon": 90.25}}, {"type": "Feature", "geometry": {"type": "Polygon", "coordinates": [[[90.375, 19.625], [90.625, 19.625], [90.625, 19.875], [90.375, 19.875], [90.375, 19.625]]]}, "properties": {"time": "2020-05-20T06:00:00", "variable": "ws", "tier": "moderate", "percentile": 100.0, "z": 6.92, "wind_ms": 18.58, "value": 18.58, "lat": 19.75, "lon": 90.5}}, {"type": "Feature", "geometry": {"type": "Polygon", "coordinates": [[[90.625, 19.625], [90.875, 19.625], [90.875, 19.875], [90.625, 19.875], [90.625, 19.625]]]}, "properties": {"time": "2020-05-20T06:00:00", "variable": "ws", "tier": "moderate", "percentile": 100.0, "z": 6.38, "wind_ms": 17.86, "value": 17.86, "lat": 19.75, "lon": 90.75}}, {"type": "Feature", "geometry": {"type": "Polygon", "coordinates": [[[90.875, 19.625], [91.125, 19.625], [91.125, 19.875], [90.875, 19.875], [90.875, 19.625]]]}, "properties": {"time": "2020-05-20T06:00:00", "variable": "ws", "tier": "low", "percentile": 100.0, "z": 5.87, "wind_ms": 16.94, "value": 16.94, "lat": 19.75, "lon": 91.0}}, {"type": "Feature", "geometry": {"type": "Polygon", "coordinates": [[[91.125, 19.625], [91.375, 19.625], [91.375, 19.875], [91.125, 19.875], [91.125, 19.625]]]}, "properties": {"time": "2020-05-20T06:00:00", "variable": "ws", "tier": "low", "percentile": 100.0, "z": 5.47, "wind_ms": 16.02, "value": 16.02, "lat": 19.75, "lon": 91.25}}, {"type": "Feature", "geometry": {"type": "Polygon", "coordinates": [[[91.375, 19.625], [91.625, 19.625], [91.625, 19.875], [91.375, 19.875], [91.375, 19.625]]]}, "properties": {"time": "2020-05-20T06:00:00", "variable": "ws", "tier": "low", "percentile": 100.0, "z": 5.03, "wind_ms": 15.07, "value": 15.07, "lat": 19.75, "lon": 91.5}}, {"type": "Feature", "geometry": {"type": "Polygon", "coordinates": [[[91.625, 19.625], [91.875, 19.625], [91.875, 19.875], [91.625, 19.875], [91.625, 19.625]]]}, "properties": {"time": "2020-05-20T06:00:00", "variable": "ws", "tier": "low", "percentile": 100.0, "z": 4.65, "wind_ms": 14.2, "value": 14.2, "lat": 19.75, "lon": 91.75}}, {"type": "Feature", "geometry": {"type": "Polygon", "coordinates": [[[91.875, 19.625], [92.125, 19.625], [92.125, 19.875], [91.875, 19.875], [91.875, 19.625]]]}, "properties": {"time": "2020-05-20T06:00:00", "variable": "ws", "tier": "low", "percentile": 98.3, "z": 4.5, "wind_ms": 13.79, "value": 13.79, "lat": 19.75, "lon": 92.0}}, {"type": "Feature", "geometry": {"type": "Polygon", "coordinates": [[[85.375, 19.875], [85.625, 19.875], [85.625, 20.125], [85.375, 20.125], [85.375, 19.875]]]}, "properties": {"time": "2020-05-20T06:00:00", "variable": "ws", "tier": "low", "percentile": 100.0, "z": 3.98, "wind_ms": 9.64, "value": 9.64, "lat": 20.0, "lon": 85.5}}, {"type": "Feature", "geometry": {"type": "Polygon", "coordinates": [[[85.625, 19.875], [85.875, 19.875], [85.875, 20.125], [85.625, 20.125], [85.625, 19.875]]]}, "properties": {"time": "2020-05-20T06:00:00", "variable": "ws", "tier": "low", "percentile": 100.0, "z": 3.81, "wind_ms": 9.63, "value": 9.63, "lat": 20.0, "lon": 85.75}}, {"type": "Feature", "geometry": {"type": "Polygon", "coordinates": [[[85.875, 19.875], [86.125, 19.875], [86.125, 20.125], [85.875, 20.125], [85.875, 19.875]]]}, "properties": {"time": "2020-05-20T06:00:00", "variable": "ws", "tier": "low", "percentile": 100.0, "z": 4.38, "wind_ms": 10.99, "value": 10.99, "lat": 20.0, "lon": 86.0}}, {"type": "Feature", "geometry": {"type": "Polygon", "coordinates": [[[86.125, 19.875], [86.375, 19.875], [86.375, 20.125], [86.125, 20.125], [86.125, 19.875]]]}, "properties": {"time": "2020-05-20T06:00:00", "variable": "ws", "tier": "low", "percentile": 100.0, "z": 4.31, "wind_ms": 11.88, "value": 11.88, "lat": 20.0, "lon": 86.25}}, {"type": "Feature", "geometry": {"type": "Polygon", "coordinates": [[[86.375, 19.875], [86.625, 19.875], [86.625, 20.125], [86.375, 20.125], [86.375, 19.875]]]}, "properties": {"time": "2020-05-20T06:00:00", "variable": "ws", "tier": "low", "percentile": 100.0, "z": 5.22, "wind_ms": 14.47, "value": 14.47, "lat": 20.0, "lon": 86.5}}, {"type": "Feature", "geometry": {"type": "Polygon", "coordinates": [[[86.625, 19.875], [86.875, 19.875], [86.875, 20.125], [86.625, 20.125], [86.625, 19.875]]]}, "properties": {"time": "2020-05-20T06:00:00", "variable": "ws", "tier": "moderate", "percentile": 100.0, "z": 6.52, "wind_ms": 19.11, "value": 19.11, "lat": 20.0, "lon": 86.75}}, {"type": "Feature", "geometry": {"type": "Polygon", "coordinates": [[[86.875, 19.875], [87.125, 19.875], [87.125, 20.125], [86.875, 20.125], [86.875, 19.875]]]}, "properties": {"time": "2020-05-20T06:00:00", "variable": "ws", "tier": "moderate", "percentile": 100.0, "z": 7.48, "wind_ms": 21.55, "value": 21.55, "lat": 20.0, "lon": 87.0}}, {"type": "Feature", "geometry": {"type": "Polygon", "coordinates": [[[87.125, 19.875], [87.375, 19.875], [87.375, 20.125], [87.125, 20.125], [87.125, 19.875]]]}, "properties": {"time": "2020-05-20T06:00:00", "variable": "ws", "tier": "moderate", "percentile": 100.0, "z": 8.94, "wind_ms": 23.94, "value": 23.94, "lat": 20.0, "lon": 87.25}}, {"type": "Feature", "geometry": {"type": "Polygon", "coordinates": [[[87.375, 19.875], [87.625, 19.875], [87.625, 20.125], [87.375, 20.125], [87.375, 19.875]]]}, "properties": {"time": "2020-05-20T06:00:00", "variable": "ws", "tier": "severe", "percentile": 100.0, "z": 10.33, "wind_ms": 26.21, "value": 26.21, "lat": 20.0, "lon": 87.5}}, {"type": "Feature", "geometry": {"type": "Polygon", "coordinates": [[[87.625, 19.875], [87.875, 19.875], [87.875, 20.125], [87.625, 20.125], [87.625, 19.875]]]}, "properties": {"time": "2020-05-20T06:00:00", "variable": "ws", "tier": "severe", "percentile": 100.0, "z": 10.75, "wind_ms": 27.1, "value": 27.1, "lat": 20.0, "lon": 87.75}}, {"type": "Feature", "geometry": {"type": "Polygon", "coordinates": [[[87.875, 19.875], [88.125, 19.875], [88.125, 20.125], [87.875, 20.125], [87.875, 19.875]]]}, "properties": {"time": "2020-05-20T06:00:00", "variable": "ws", "tier": "severe", "percentile": 100.0, "z": 10.34, "wind_ms": 26.41, "value": 26.41, "lat": 20.0, "lon": 88.0}}, {"type": "Feature", "geometry": {"type": "Polygon", "coordinates": [[[88.125, 19.875], [88.375, 19.875], [88.375, 20.125], [88.125, 20.125], [88.125, 19.875]]]}, "properties": {"time": "2020-05-20T06:00:00", "variable": "ws", "tier": "moderate", "percentile": 100.0, "z": 9.73, "wind_ms": 24.77, "value": 24.77, "lat": 20.0, "lon": 88.25}}, {"type": "Feature", "geometry": {"type": "Polygon", "coordinates": [[[88.375, 19.875], [88.625, 19.875], [88.625, 20.125], [88.375, 20.125], [88.375, 19.875]]]}, "properties": {"time": "2020-05-20T06:00:00", "variable": "ws", "tier": "moderate", "percentile": 100.0, "z": 9.2, "wind_ms": 23.36, "value": 23.36, "lat": 20.0, "lon": 88.5}}, {"type": "Feature", "geometry": {"type": "Polygon", "coordinates": [[[88.625, 19.875], [88.875, 19.875], [88.875, 20.125], [88.625, 20.125], [88.625, 19.875]]]}, "properties": {"time": "2020-05-20T06:00:00", "variable": "ws", "tier": "moderate", "percentile": 100.0, "z": 9.67, "wind_ms": 23.66, "value": 23.66, "lat": 20.0, "lon": 88.75}}, {"type": "Feature", "geometry": {"type": "Polygon", "coordinates": [[[88.875, 19.875], [89.125, 19.875], [89.125, 20.125], [88.875, 20.125], [88.875, 19.875]]]}, "properties": {"time": "2020-05-20T06:00:00", "variable": "ws", "tier": "moderate", "percentile": 100.0, "z": 9.41, "wind_ms": 22.66, "value": 22.66, "lat": 20.0, "lon": 89.0}}, {"type": "Feature", "geometry": {"type": "Polygon", "coordinates": [[[89.125, 19.875], [89.375, 19.875], [89.375, 20.125], [89.125, 20.125], [89.125, 19.875]]]}, "properties": {"time": "2020-05-20T06:00:00", "variable": "ws", "tier": "moderate", "percentile": 100.0, "z": 8.94, "wind_ms": 21.56, "value": 21.56, "lat": 20.0, "lon": 89.25}}, {"type": "Feature", "geometry": {"type": "Polygon", "coordinates": [[[89.375, 19.875], [89.625, 19.875], [89.625, 20.125], [89.375, 20.125], [89.375, 19.875]]]}, "properties": {"time": "2020-05-20T06:00:00", "variable": "ws", "tier": "moderate", "percentile": 100.0, "z": 8.48, "wind_ms": 20.55, "value": 20.55, "lat": 20.0, "lon": 89.5}}, {"type": "Feature", "geometry": {"type": "Polygon", "coordinates": [[[89.625, 19.875], [89.875, 19.875], [89.875, 20.125], [89.625, 20.125], [89.625, 19.875]]]}, "properties": {"time": "2020-05-20T06:00:00", "variable": "ws", "tier": "moderate", "percentile": 100.0, "z": 8.32, "wind_ms": 20.34, "value": 20.34, "lat": 20.0, "lon": 89.75}}, {"type": "Feature", "geometry": {"type": "Polygon", "coordinates": [[[89.875, 19.875], [90.125, 19.875], [90.125, 20.125], [89.875, 20.125], [89.875, 19.875]]]}, "properties": {"time": "2020-05-20T06:00:00", "variable": "ws", "tier": "moderate", "percentile": 100.0, "z": 8.12, "wind_ms": 19.99, "value": 19.99, "lat": 20.0, "lon": 90.0}}, {"type": "Feature", "geometry": {"type": "Polygon", "coordinates": [[[90.125, 19.875], [90.375, 19.875], [90.375, 20.125], [90.125, 20.125], [90.125, 19.875]]]}, "properties": {"time": "2020-05-20T06:00:00", "variable": "ws", "tier": "moderate", "percentile": 100.0, "z": 7.84, "wind_ms": 19.61, "value": 19.61, "lat": 20.0, "lon": 90.25}}, {"type": "Feature", "geometry": {"type": "Polygon", "coordinates": [[[90.375, 19.875], [90.625, 19.875], [90.625, 20.125], [90.375, 20.125], [90.375, 19.875]]]}, "properties": {"time": "2020-05-20T06:00:00", "variable": "ws", "tier": "moderate", "percentile": 100.0, "z": 7.23, "wind_ms": 18.93, "value": 18.93, "lat": 20.0, "lon": 90.5}}, {"type": "Feature", "geometry": {"type": "Polygon", "coordinates": [[[90.625, 19.875], [90.875, 19.875], [90.875, 20.125], [90.625, 20.125], [90.625, 19.875]]]}, "properties": {"time": "2020-05-20T06:00:00", "variable": "ws", "tier": "moderate", "percentile": 100.0, "z": 6.66, "wind_ms": 18.16, "value": 18.16, "lat": 20.0, "lon": 90.75}}, {"type": "Feature", "geometry": {"type": "Polygon", "coordinates": [[[90.875, 19.875], [91.125, 19.875], [91.125, 20.125], [90.875, 20.125], [90.875, 19.875]]]}, "properties": {"time": "2020-05-20T06:00:00", "variable": "ws", "tier": "moderate", "percentile": 100.0, "z": 6.12, "wind_ms": 17.24, "value": 17.24, "lat": 20.0, "lon": 91.0}}, {"type": "Feature", "geometry": {"type": "Polygon", "coordinates": [[[91.125, 19.875], [91.375, 19.875], [91.375, 20.125], [91.125, 20.125], [91.125, 19.875]]]}, "properties": {"time": "2020-05-20T06:00:00", "variable": "ws", "tier": "low", "percentile": 100.0, "z": 5.54, "wind_ms": 16.08, "value": 16.08, "lat": 20.0, "lon": 91.25}}, {"type": "Feature", "geometry": {"type": "Polygon", "coordinates": [[[91.375, 19.875], [91.625, 19.875], [91.625, 20.125], [91.375, 20.125], [91.375, 19.875]]]}, "properties": {"time": "2020-05-20T06:00:00", "variable": "ws", "tier": "low", "percentile": 100.0, "z": 5.16, "wind_ms": 15.11, "value": 15.11, "lat": 20.0, "lon": 91.5}}, {"type": "Feature", "geometry": {"type": "Polygon", "coordinates": [[[91.625, 19.875], [91.875, 19.875], [91.875, 20.125], [91.625, 20.125], [91.625, 19.875]]]}, "properties": {"time": "2020-05-20T06:00:00", "variable": "ws", "tier": "low", "percentile": 99.1, "z": 4.9, "wind_ms": 14.43, "value": 14.43, "lat": 20.0, "lon": 91.75}}, {"type": "Feature", "geometry": {"type": "Polygon", "coordinates": [[[91.875, 19.875], [92.125, 19.875], [92.125, 20.125], [91.875, 20.125], [91.875, 19.875]]]}, "properties": {"time": "2020-05-20T06:00:00", "variable": "ws", "tier": "low", "percentile": 99.1, "z": 4.64, "wind_ms": 13.85, "value": 13.85, "lat": 20.0, "lon": 92.0}}, {"type": "Feature", "geometry": {"type": "Polygon", "coordinates": [[[85.375, 20.125], [85.625, 20.125], [85.625, 20.375], [85.375, 20.375], [85.375, 20.125]]]}, "properties": {"time": "2020-05-20T06:00:00", "variable": "ws", "tier": "low", "percentile": 100.0, "z": 4.67, "wind_ms": 9.04, "value": 9.04, "lat": 20.25, "lon": 85.5}}, {"type": "Feature", "geometry": {"type": "Polygon", "coordinates": [[[85.625, 20.125], [85.875, 20.125], [85.875, 20.375], [85.625, 20.375], [85.625, 20.125]]]}, "properties": {"time": "2020-05-20T06:00:00", "variable": "ws", "tier": "low", "percentile": 100.0, "z": 4.53, "wind_ms": 9.39, "value": 9.39, "lat": 20.25, "lon": 85.75}}, {"type": "Feature", "geometry": {"type": "Polygon", "coordinates": [[[85.875, 20.125], [86.125, 20.125], [86.125, 20.375], [85.875, 20.375], [85.875, 20.125]]]}, "properties": {"time": "2020-05-20T06:00:00", "variable": "ws", "tier": "low", "percentile": 100.0, "z": 4.57, "wind_ms": 9.66, "value": 9.66, "lat": 20.25, "lon": 86.0}}, {"type": "Feature", "geometry": {"type": "Polygon", "coordinates": [[[86.125, 20.125], [86.375, 20.125], [86.375, 20.375], [86.125, 20.375], [86.125, 20.125]]]}, "properties": {"time": "2020-05-20T06:00:00", "variable": "ws", "tier": "low", "percentile": 100.0, "z": 4.69, "wind_ms": 10.3, "value": 10.3, "lat": 20.25, "lon": 86.25}}, {"type": "Feature", "geometry": {"type": "Polygon", "coordinates": [[[86.375, 20.125], [86.625, 20.125], [86.625, 20.375], [86.375, 20.375], [86.375, 20.125]]]}, "properties": {"time": "2020-05-20T06:00:00", "variable": "ws", "tier": "low", "percentile": 100.0, "z": 5.18, "wind_ms": 12.25, "value": 12.25, "lat": 20.25, "lon": 86.5}}, {"type": "Feature", "geometry": {"type": "Polygon", "coordinates": [[[86.625, 20.125], [86.875, 20.125], [86.875, 20.375], [86.625, 20.375], [86.625, 20.125]]]}, "properties": {"time": "2020-05-20T06:00:00", "variable": "ws", "tier": "low", "percentile": 100.0, "z": 6.91, "wind_ms": 16.87, "value": 16.87, "lat": 20.25, "lon": 86.75}}, {"type": "Feature", "geometry": {"type": "Polygon", "coordinates": [[[86.875, 20.125], [87.125, 20.125], [87.125, 20.375], [86.875, 20.375], [86.875, 20.125]]]}, "properties": {"time": "2020-05-20T06:00:00", "variable": "ws", "tier": "moderate", "percentile": 100.0, "z": 8.18, "wind_ms": 22.12, "value": 22.12, "lat": 20.25, "lon": 87.0}}, {"type": "Feature", "geometry": {"type": "Polygon", "coordinates": [[[87.125, 20.125], [87.375, 20.125], [87.375, 20.375], [87.125, 20.375], [87.125, 20.125]]]}, "properties": {"time": "2020-05-20T06:00:00", "variable": "ws", "tier": "moderate", "percentile": 100.0, "z": 9.23, "wind_ms": 24.38, "value": 24.38, "lat": 20.25, "lon": 87.25}}, {"type": "Feature", "geometry": {"type": "Polygon", "coordinates": [[[87.375, 20.125], [87.625, 20.125], [87.625, 20.375], [87.375, 20.375], [87.375, 20.125]]]}, "properties": {"time": "2020-05-20T06:00:00", "variable": "ws", "tier": "moderate", "percentile": 100.0, "z": 8.77, "wind_ms": 23.55, "value": 23.55, "lat": 20.25, "lon": 87.5}}, {"type": "Feature", "geometry": {"type": "Polygon", "coordinates": [[[87.625, 20.125], [87.875, 20.125], [87.875, 20.375], [87.625, 20.375], [87.625, 20.125]]]}, "properties": {"time": "2020-05-20T06:00:00", "variable": "ws", "tier": "moderate", "percentile": 100.0, "z": 8.63, "wind_ms": 23.36, "value": 23.36, "lat": 20.25, "lon": 87.75}}, {"type": "Feature", "geometry": {"type": "Polygon", "coordinates": [[[87.875, 20.125], [88.125, 20.125], [88.125, 20.375], [87.875, 20.375], [87.875, 20.125]]]}, "properties": {"time": "2020-05-20T06:00:00", "variable": "ws", "tier": "moderate", "percentile": 100.0, "z": 8.57, "wind_ms": 23.39, "value": 23.39, "lat": 20.25, "lon": 88.0}}, {"type": "Feature", "geometry": {"type": "Polygon", "coordinates": [[[88.125, 20.125], [88.375, 20.125], [88.375, 20.375], [88.125, 20.375], [88.125, 20.125]]]}, "properties": {"time": "2020-05-20T06:00:00", "variable": "ws", "tier": "moderate", "percentile": 100.0, "z": 8.3, "wind_ms": 22.91, "value": 22.91, "lat": 20.25, "lon": 88.25}}, {"type": "Feature", "geometry": {"type": "Polygon", "coordinates": [[[88.375, 20.125], [88.625, 20.125], [88.625, 20.375], [88.375, 20.375], [88.375, 20.125]]]}, "properties": {"time": "2020-05-20T06:00:00", "variable": "ws", "tier": "moderate", "percentile": 100.0, "z": 8.82, "wind_ms": 23.55, "value": 23.55, "lat": 20.25, "lon": 88.5}}, {"type": "Feature", "geometry": {"type": "Polygon", "coordinates": [[[88.625, 20.125], [88.875, 20.125], [88.875, 20.375], [88.625, 20.375], [88.625, 20.125]]]}, "properties": {"time": "2020-05-20T06:00:00", "variable": "ws", "tier": "moderate", "percentile": 100.0, "z": 9.26, "wind_ms": 23.58, "value": 23.58, "lat": 20.25, "lon": 88.75}}, {"type": "Feature", "geometry": {"type": "Polygon", "coordinates": [[[88.875, 20.125], [89.125, 20.125], [89.125, 20.375], [88.875, 20.375], [88.875, 20.125]]]}, "properties": {"time": "2020-05-20T06:00:00", "variable": "ws", "tier": "moderate", "percentile": 100.0, "z": 9.36, "wind_ms": 23.15, "value": 23.15, "lat": 20.25, "lon": 89.0}}, {"type": "Feature", "geometry": {"type": "Polygon", "coordinates": [[[89.125, 20.125], [89.375, 20.125], [89.375, 20.375], [89.125, 20.375], [89.125, 20.125]]]}, "properties": {"time": "2020-05-20T06:00:00", "variable": "ws", "tier": "moderate", "percentile": 100.0, "z": 8.93, "wind_ms": 21.83, "value": 21.83, "lat": 20.25, "lon": 89.25}}, {"type": "Feature", "geometry": {"type": "Polygon", "coordinates": [[[89.375, 20.125], [89.625, 20.125], [89.625, 20.375], [89.375, 20.375], [89.375, 20.125]]]}, "properties": {"time": "2020-05-20T06:00:00", "variable": "ws", "tier": "moderate", "percentile": 100.0, "z": 8.7, "wind_ms": 21.06, "value": 21.06, "lat": 20.25, "lon": 89.5}}, {"type": "Feature", "geometry": {"type": "Polygon", "coordinates": [[[89.625, 20.125], [89.875, 20.125], [89.875, 20.375], [89.625, 20.375], [89.625, 20.125]]]}, "properties": {"time": "2020-05-20T06:00:00", "variable": "ws", "tier": "moderate", "percentile": 100.0, "z": 8.67, "wind_ms": 20.96, "value": 20.96, "lat": 20.25, "lon": 89.75}}, {"type": "Feature", "geometry": {"type": "Polygon", "coordinates": [[[89.875, 20.125], [90.125, 20.125], [90.125, 20.375], [89.875, 20.375], [89.875, 20.125]]]}, "properties": {"time": "2020-05-20T06:00:00", "variable": "ws", "tier": "moderate", "percentile": 100.0, "z": 8.27, "wind_ms": 20.49, "value": 20.49, "lat": 20.25, "lon": 90.0}}, {"type": "Feature", "geometry": {"type": "Polygon", "coordinates": [[[90.125, 20.125], [90.375, 20.125], [90.375, 20.375], [90.125, 20.375], [90.125, 20.125]]]}, "properties": {"time": "2020-05-20T06:00:00", "variable": "ws", "tier": "moderate", "percentile": 100.0, "z": 7.89, "wind_ms": 20.05, "value": 20.05, "lat": 20.25, "lon": 90.25}}, {"type": "Feature", "geometry": {"type": "Polygon", "coordinates": [[[90.375, 20.125], [90.625, 20.125], [90.625, 20.375], [90.375, 20.375], [90.375, 20.125]]]}, "properties": {"time": "2020-05-20T06:00:00", "variable": "ws", "tier": "moderate", "percentile": 100.0, "z": 7.17, "wind_ms": 19.15, "value": 19.15, "lat": 20.25, "lon": 90.5}}, {"type": "Feature", "geometry": {"type": "Polygon", "coordinates": [[[90.625, 20.125], [90.875, 20.125], [90.875, 20.375], [90.625, 20.375], [90.625, 20.125]]]}, "properties": {"time": "2020-05-20T06:00:00", "variable": "ws", "tier": "moderate", "percentile": 100.0, "z": 6.64, "wind_ms": 18.33, "value": 18.33, "lat": 20.25, "lon": 90.75}}, {"type": "Feature", "geometry": {"type": "Polygon", "coordinates": [[[90.875, 20.125], [91.125, 20.125], [91.125, 20.375], [90.875, 20.375], [90.875, 20.125]]]}, "properties": {"time": "2020-05-20T06:00:00", "variable": "ws", "tier": "moderate", "percentile": 100.0, "z": 6.26, "wind_ms": 17.37, "value": 17.37, "lat": 20.25, "lon": 91.0}}, {"type": "Feature", "geometry": {"type": "Polygon", "coordinates": [[[91.125, 20.125], [91.375, 20.125], [91.375, 20.375], [91.125, 20.375], [91.125, 20.125]]]}, "properties": {"time": "2020-05-20T06:00:00", "variable": "ws", "tier": "low", "percentile": 100.0, "z": 5.74, "wind_ms": 16.3, "value": 16.3, "lat": 20.25, "lon": 91.25}}, {"type": "Feature", "geometry": {"type": "Polygon", "coordinates": [[[91.375, 20.125], [91.625, 20.125], [91.625, 20.375], [91.375, 20.375], [91.375, 20.125]]]}, "properties": {"time": "2020-05-20T06:00:00", "variable": "ws", "tier": "low", "percentile": 99.1, "z": 5.35, "wind_ms": 15.32, "value": 15.32, "lat": 20.25, "lon": 91.5}}, {"type": "Feature", "geometry": {"type": "Polygon", "coordinates": [[[91.625, 20.125], [91.875, 20.125], [91.875, 20.375], [91.625, 20.375], [91.625, 20.125]]]}, "properties": {"time": "2020-05-20T06:00:00", "variable": "ws", "tier": "low", "percentile": 99.1, "z": 5.12, "wind_ms": 14.64, "value": 14.64, "lat": 20.25, "lon": 91.75}}, {"type": "Feature", "geometry": {"type": "Polygon", "coordinates": [[[91.875, 20.125], [92.125, 20.125], [92.125, 20.375], [91.875, 20.375], [91.875, 20.125]]]}, "properties": {"time": "2020-05-20T06:00:00", "variable": "ws", "tier": "low", "percentile": 99.1, "z": 4.84, "wind_ms": 13.9, "value": 13.9, "lat": 20.25, "lon": 92.0}}, {"type": "Feature", "geometry": {"type": "Polygon", "coordinates": [[[85.375, 20.375], [85.625, 20.375], [85.625, 20.625], [85.375, 20.625], [85.375, 20.375]]]}, "properties": {"time": "2020-05-20T06:00:00", "variable": "ws", "tier": "low", "percentile": 100.0, "z": 5.59, "wind_ms": 8.85, "value": 8.85, "lat": 20.5, "lon": 85.5}}, {"type": "Feature", "geometry": {"type": "Polygon", "coordinates": [[[85.625, 20.375], [85.875, 20.375], [85.875, 20.625], [85.625, 20.625], [85.625, 20.375]]]}, "properties": {"time": "2020-05-20T06:00:00", "variable": "ws", "tier": "low", "percentile": 100.0, "z": 5.34, "wind_ms": 9.25, "value": 9.25, "lat": 20.5, "lon": 85.75}}, {"type": "Feature", "geometry": {"type": "Polygon", "coordinates": [[[85.875, 20.375], [86.125, 20.375], [86.125, 20.625], [85.875, 20.625], [85.875, 20.375]]]}, "properties": {"time": "2020-05-20T06:00:00", "variable": "ws", "tier": "low", "percentile": 100.0, "z": 5.25, "wind_ms": 9.43, "value": 9.43, "lat": 20.5, "lon": 86.0}}, {"type": "Feature", "geometry": {"type": "Polygon", "coordinates": [[[86.125, 20.375], [86.375, 20.375], [86.375, 20.625], [86.125, 20.625], [86.125, 20.375]]]}, "properties": {"time": "2020-05-20T06:00:00", "variable": "ws", "tier": "low", "percentile": 100.0, "z": 5.63, "wind_ms": 10.25, "value": 10.25, "lat": 20.5, "lon": 86.25}}, {"type": "Feature", "geometry": {"type": "Polygon", "coordinates": [[[86.375, 20.375], [86.625, 20.375], [86.625, 20.625], [86.375, 20.625], [86.375, 20.375]]]}, "properties": {"time": "2020-05-20T06:00:00", "variable": "ws", "tier": "low", "percentile": 100.0, "z": 6.43, "wind_ms": 12.25, "value": 12.25, "lat": 20.5, "lon": 86.5}}, {"type": "Feature", "geometry": {"type": "Polygon", "coordinates": [[[86.625, 20.375], [86.875, 20.375], [86.875, 20.625], [86.625, 20.625], [86.625, 20.375]]]}, "properties": {"time": "2020-05-20T06:00:00", "variable": "ws", "tier": "low", "percentile": 100.0, "z": 7.47, "wind_ms": 15.47, "value": 15.47, "lat": 20.5, "lon": 86.75}}, {"type": "Feature", "geometry": {"type": "Polygon", "coordinates": [[[86.875, 20.375], [87.125, 20.375], [87.125, 20.625], [86.875, 20.625], [86.875, 20.375]]]}, "properties": {"time": "2020-05-20T06:00:00", "variable": "ws", "tier": "moderate", "percentile": 100.0, "z": 9.04, "wind_ms": 20.65, "value": 20.65, "lat": 20.5, "lon": 87.0}}, {"type": "Feature", "geometry": {"type": "Polygon", "coordinates": [[[87.125, 20.375], [87.375, 20.375], [87.375, 20.625], [87.125, 20.625], [87.125, 20.375]]]}, "properties": {"time": "2020-05-20T06:00:00", "variable": "ws", "tier": "moderate", "percentile": 100.0, "z": 7.75, "wind_ms": 21.75, "value": 21.75, "lat": 20.5, "lon": 87.25}}, {"type": "Feature", "geometry": {"type": "Polygon", "coordinates": [[[87.375, 20.375], [87.625, 20.375], [87.625, 20.625], [87.375, 20.625], [87.375, 20.375]]]}, "properties": {"time": "2020-05-20T06:00:00", "variable": "ws", "tier": "low", "percentile": 100.0, "z": 4.73, "wind_ms": 16.21, "value": 16.21, "lat": 20.5, "lon": 87.5}}, {"type": "Feature", "geometry": {"type": "Polygon", "coordinates": [[[87.625, 20.375], [87.875, 20.375], [87.875, 20.625], [87.625, 20.625], [87.625, 20.375]]]}, "properties": {"time": "2020-05-20T06:00:00", "variable": "ws", "tier": "low", "percentile": 99.1, "z": 2.34, "wind_ms": 11.25, "value": 11.25, "lat": 20.5, "lon": 87.75}}, {"type": "Feature", "geometry": {"type": "Polygon", "coordinates": [[[87.875, 20.375], [88.125, 20.375], [88.125, 20.625], [87.875, 20.625], [87.875, 20.375]]]}, "properties": {"time": "2020-05-20T06:00:00", "variable": "ws", "tier": "low", "percentile": 100.0, "z": 4.89, "wind_ms": 16.45, "value": 16.45, "lat": 20.5, "lon": 88.0}}, {"type": "Feature", "geometry": {"type": "Polygon", "coordinates": [[[88.125, 20.375], [88.375, 20.375], [88.375, 20.625], [88.125, 20.625], [88.125, 20.375]]]}, "properties": {"time": "2020-05-20T06:00:00", "variable": "ws", "tier": "moderate", "percentile": 100.0, "z": 7.13, "wind_ms": 21.15, "value": 21.15, "lat": 20.5, "lon": 88.25}}, {"type": "Feature", "geometry": {"type": "Polygon", "coordinates": [[[88.375, 20.375], [88.625, 20.375], [88.625, 20.625], [88.375, 20.625], [88.375, 20.375]]]}, "properties": {"time": "2020-05-20T06:00:00", "variable": "ws", "tier": "moderate", "percentile": 100.0, "z": 8.31, "wind_ms": 23.15, "value": 23.15, "lat": 20.5, "lon": 88.5}}, {"type": "Feature", "geometry": {"type": "Polygon", "coordinates": [[[88.625, 20.375], [88.875, 20.375], [88.875, 20.625], [88.625, 20.625], [88.625, 20.375]]]}, "properties": {"time": "2020-05-20T06:00:00", "variable": "ws", "tier": "moderate", "percentile": 100.0, "z": 9.08, "wind_ms": 23.97, "value": 23.97, "lat": 20.5, "lon": 88.75}}, {"type": "Feature", "geometry": {"type": "Polygon", "coordinates": [[[88.875, 20.375], [89.125, 20.375], [89.125, 20.625], [88.875, 20.625], [88.875, 20.375]]]}, "properties": {"time": "2020-05-20T06:00:00", "variable": "ws", "tier": "moderate", "percentile": 100.0, "z": 9.14, "wind_ms": 23.32, "value": 23.32, "lat": 20.5, "lon": 89.0}}, {"type": "Feature", "geometry": {"type": "Polygon", "coordinates": [[[89.125, 20.375], [89.375, 20.375], [89.375, 20.625], [89.125, 20.625], [89.125, 20.375]]]}, "properties": {"time": "2020-05-20T06:00:00", "variable": "ws", "tier": "moderate", "percentile": 100.0, "z": 8.83, "wind_ms": 22.09, "value": 22.09, "lat": 20.5, "lon": 89.25}}, {"type": "Feature", "geometry": {"type": "Polygon", "coordinates": [[[89.375, 20.375], [89.625, 20.375], [89.625, 20.625], [89.375, 20.625], [89.375, 20.375]]]}, "properties": {"time": "2020-05-20T06:00:00", "variable": "ws", "tier": "moderate", "percentile": 100.0, "z": 8.86, "wind_ms": 21.56, "value": 21.56, "lat": 20.5, "lon": 89.5}}, {"type": "Feature", "geometry": {"type": "Polygon", "coordinates": [[[89.625, 20.375], [89.875, 20.375], [89.875, 20.625], [89.625, 20.625], [89.625, 20.375]]]}, "properties": {"time": "2020-05-20T06:00:00", "variable": "ws", "tier": "moderate", "percentile": 100.0, "z": 8.86, "wind_ms": 21.41, "value": 21.41, "lat": 20.5, "lon": 89.75}}, {"type": "Feature", "geometry": {"type": "Polygon", "coordinates": [[[89.875, 20.375], [90.125, 20.375], [90.125, 20.625], [89.875, 20.625], [89.875, 20.375]]]}, "properties": {"time": "2020-05-20T06:00:00", "variable": "ws", "tier": "moderate", "percentile": 100.0, "z": 8.18, "wind_ms": 20.81, "value": 20.81, "lat": 20.5, "lon": 90.0}}, {"type": "Feature", "geometry": {"type": "Polygon", "coordinates": [[[90.125, 20.375], [90.375, 20.375], [90.375, 20.625], [90.125, 20.625], [90.125, 20.375]]]}, "properties": {"time": "2020-05-20T06:00:00", "variable": "ws", "tier": "moderate", "percentile": 100.0, "z": 7.69, "wind_ms": 20.36, "value": 20.36, "lat": 20.5, "lon": 90.25}}, {"type": "Feature", "geometry": {"type": "Polygon", "coordinates": [[[90.375, 20.375], [90.625, 20.375], [90.625, 20.625], [90.375, 20.625], [90.375, 20.375]]]}, "properties": {"time": "2020-05-20T06:00:00", "variable": "ws", "tier": "moderate", "percentile": 100.0, "z": 7.05, "wind_ms": 19.39, "value": 19.39, "lat": 20.5, "lon": 90.5}}, {"type": "Feature", "geometry": {"type": "Polygon", "coordinates": [[[90.625, 20.375], [90.875, 20.375], [90.875, 20.625], [90.625, 20.625], [90.625, 20.375]]]}, "properties": {"time": "2020-05-20T06:00:00", "variable": "ws", "tier": "moderate", "percentile": 100.0, "z": 6.56, "wind_ms": 18.35, "value": 18.35, "lat": 20.5, "lon": 90.75}}, {"type": "Feature", "geometry": {"type": "Polygon", "coordinates": [[[90.875, 20.375], [91.125, 20.375], [91.125, 20.625], [90.875, 20.625], [90.875, 20.375]]]}, "properties": {"time": "2020-05-20T06:00:00", "variable": "ws", "tier": "moderate", "percentile": 100.0, "z": 6.22, "wind_ms": 17.42, "value": 17.42, "lat": 20.5, "lon": 91.0}}, {"type": "Feature", "geometry": {"type": "Polygon", "coordinates": [[[91.125, 20.375], [91.375, 20.375], [91.375, 20.625], [91.125, 20.625], [91.125, 20.375]]]}, "properties": {"time": "2020-05-20T06:00:00", "variable": "ws", "tier": "low", "percentile": 99.1, "z": 5.96, "wind_ms": 16.47, "value": 16.47, "lat": 20.5, "lon": 91.25}}, {"type": "Feature", "geometry": {"type": "Polygon", "coordinates": [[[91.375, 20.375], [91.625, 20.375], [91.625, 20.625], [91.375, 20.625], [91.375, 20.375]]]}, "properties": {"time": "2020-05-20T06:00:00", "variable": "ws", "tier": "low", "percentile": 99.1, "z": 5.62, "wind_ms": 15.61, "value": 15.61, "lat": 20.5, "lon": 91.5}}, {"type": "Feature", "geometry": {"type": "Polygon", "coordinates": [[[91.625, 20.375], [91.875, 20.375], [91.875, 20.625], [91.625, 20.625], [91.625, 20.375]]]}, "properties": {"time": "2020-05-20T06:00:00", "variable": "ws", "tier": "low", "percentile": 99.1, "z": 5.39, "wind_ms": 14.79, "value": 14.79, "lat": 20.5, "lon": 91.75}}, {"type": "Feature", "geometry": {"type": "Polygon", "coordinates": [[[91.875, 20.375], [92.125, 20.375], [92.125, 20.625], [91.875, 20.625], [91.875, 20.375]]]}, "properties": {"time": "2020-05-20T06:00:00", "variable": "ws", "tier": "low", "percentile": 99.1, "z": 5.17, "wind_ms": 14.23, "value": 14.23, "lat": 20.5, "lon": 92.0}}, {"type": "Feature", "geometry": {"type": "Polygon", "coordinates": [[[85.625, 20.625], [85.875, 20.625], [85.875, 20.875], [85.625, 20.875], [85.625, 20.625]]]}, "properties": {"time": "2020-05-20T06:00:00", "variable": "ws", "tier": "low", "percentile": 100.0, "z": 6.43, "wind_ms": 8.93, "value": 8.93, "lat": 20.75, "lon": 85.75}}, {"type": "Feature", "geometry": {"type": "Polygon", "coordinates": [[[85.875, 20.625], [86.125, 20.625], [86.125, 20.875], [85.875, 20.875], [85.875, 20.625]]]}, "properties": {"time": "2020-05-20T06:00:00", "variable": "ws", "tier": "low", "percentile": 100.0, "z": 6.5, "wind_ms": 9.55, "value": 9.55, "lat": 20.75, "lon": 86.0}}, {"type": "Feature", "geometry": {"type": "Polygon", "coordinates": [[[86.125, 20.625], [86.375, 20.625], [86.375, 20.875], [86.125, 20.875], [86.125, 20.625]]]}, "properties": {"time": "2020-05-20T06:00:00", "variable": "ws", "tier": "low", "percentile": 100.0, "z": 6.69, "wind_ms": 10.41, "value": 10.41, "lat": 20.75, "lon": 86.25}}, {"type": "Feature", "geometry": {"type": "Polygon", "coordinates": [[[86.375, 20.625], [86.625, 20.625], [86.625, 20.875], [86.375, 20.875], [86.375, 20.625]]]}, "properties": {"time": "2020-05-20T06:00:00", "variable": "ws", "tier": "low", "percentile": 100.0, "z": 7.18, "wind_ms": 11.95, "value": 11.95, "lat": 20.75, "lon": 86.5}}, {"type": "Feature", "geometry": {"type": "Polygon", "coordinates": [[[86.625, 20.625], [86.875, 20.625], [86.875, 20.875], [86.625, 20.875], [86.625, 20.625]]]}, "properties": {"time": "2020-05-20T06:00:00", "variable": "ws", "tier": "low", "percentile": 100.0, "z": 8.35, "wind_ms": 15.8, "value": 15.8, "lat": 20.75, "lon": 86.75}}, {"type": "Feature", "geometry": {"type": "Polygon", "coordinates": [[[86.875, 20.625], [87.125, 20.625], [87.125, 20.875], [86.875, 20.875], [86.875, 20.625]]]}, "properties": {"time": "2020-05-20T06:00:00", "variable": "ws", "tier": "moderate", "percentile": 100.0, "z": 10.37, "wind_ms": 21.19, "value": 21.19, "lat": 20.75, "lon": 87.0}}, {"type": "Feature", "geometry": {"type": "Polygon", "coordinates": [[[87.125, 20.625], [87.375, 20.625], [87.375, 20.875], [87.125, 20.875], [87.125, 20.625]]]}, "properties": {"time": "2020-05-20T06:00:00", "variable": "ws", "tier": "moderate", "percentile": 100.0, "z": 8.33, "wind_ms": 21.69, "value": 21.69, "lat": 20.75, "lon": 87.25}}, {"type": "Feature", "geometry": {"type": "Polygon", "coordinates": [[[87.375, 20.625], [87.625, 20.625], [87.625, 20.875], [87.375, 20.875], [87.375, 20.625]]]}, "properties": {"time": "2020-05-20T06:00:00", "variable": "ws", "tier": "low", "percentile": 100.0, "z": 2.98, "wind_ms": 12.59, "value": 12.59, "lat": 20.75, "lon": 87.5}}, {"type": "Feature", "geometry": {"type": "Polygon", "coordinates": [[[87.875, 20.625], [88.125, 20.625], [88.125, 20.875], [87.875, 20.875], [87.875, 20.625]]]}, "properties": {"time": "2020-05-20T06:00:00", "variable": "ws", "tier": "moderate", "percentile": 100.0, "z": 5.17, "wind_ms": 17.3, "value": 17.3, "lat": 20.75, "lon": 88.0}}, {"type": "Feature", "geometry": {"type": "Polygon", "coordinates": [[[88.125, 20.625], [88.375, 20.625], [88.375, 20.875], [88.125, 20.875], [88.125, 20.625]]]}, "properties": {"time": "2020-05-20T06:00:00", "variable": "ws", "tier": "moderate", "percentile": 100.0, "z": 7.84, "wind_ms": 22.77, "value": 22.77, "lat": 20.75, "lon": 88.25}}, {"type": "Feature", "geometry": {"type": "Polygon", "coordinates": [[[88.375, 20.625], [88.625, 20.625], [88.625, 20.875], [88.375, 20.875], [88.375, 20.625]]]}, "properties": {"time": "2020-05-20T06:00:00", "variable": "ws", "tier": "moderate", "percentile": 100.0, "z": 8.7, "wind_ms": 24.29, "value": 24.29, "lat": 20.75, "lon": 88.5}}, {"type": "Feature", "geometry": {"type": "Polygon", "coordinates": [[[88.625, 20.625], [88.875, 20.625], [88.875, 20.875], [88.625, 20.875], [88.625, 20.625]]]}, "properties": {"time": "2020-05-20T06:00:00", "variable": "ws", "tier": "moderate", "percentile": 100.0, "z": 8.72, "wind_ms": 23.81, "value": 23.81, "lat": 20.75, "lon": 88.75}}, {"type": "Feature", "geometry": {"type": "Polygon", "coordinates": [[[88.875, 20.625], [89.125, 20.625], [89.125, 20.875], [88.875, 20.875], [88.875, 20.625]]]}, "properties": {"time": "2020-05-20T06:00:00", "variable": "ws", "tier": "moderate", "percentile": 100.0, "z": 8.54, "wind_ms": 22.76, "value": 22.76, "lat": 20.75, "lon": 89.0}}, {"type": "Feature", "geometry": {"type": "Polygon", "coordinates": [[[89.125, 20.625], [89.375, 20.625], [89.375, 20.875], [89.125, 20.875], [89.125, 20.625]]]}, "properties": {"time": "2020-05-20T06:00:00", "variable": "ws", "tier": "moderate", "percentile": 100.0, "z": 8.68, "wind_ms": 22.2, "value": 22.2, "lat": 20.75, "lon": 89.25}}, {"type": "Feature", "geometry": {"type": "Polygon", "coordinates": [[[89.375, 20.625], [89.625, 20.625], [89.625, 20.875], [89.375, 20.875], [89.375, 20.625]]]}, "properties": {"time": "2020-05-20T06:00:00", "variable": "ws", "tier": "moderate", "percentile": 100.0, "z": 8.78, "wind_ms": 22.01, "value": 22.01, "lat": 20.75, "lon": 89.5}}, {"type": "Feature", "geometry": {"type": "Polygon", "coordinates": [[[89.625, 20.625], [89.875, 20.625], [89.875, 20.875], [89.625, 20.875], [89.625, 20.625]]]}, "properties": {"time": "2020-05-20T06:00:00", "variable": "ws", "tier": "moderate", "percentile": 100.0, "z": 8.43, "wind_ms": 21.55, "value": 21.55, "lat": 20.75, "lon": 89.75}}, {"type": "Feature", "geometry": {"type": "Polygon", "coordinates": [[[89.875, 20.625], [90.125, 20.625], [90.125, 20.875], [89.875, 20.875], [89.875, 20.625]]]}, "properties": {"time": "2020-05-20T06:00:00", "variable": "ws", "tier": "moderate", "percentile": 100.0, "z": 7.85, "wind_ms": 20.91, "value": 20.91, "lat": 20.75, "lon": 90.0}}, {"type": "Feature", "geometry": {"type": "Polygon", "coordinates": [[[90.125, 20.625], [90.375, 20.625], [90.375, 20.875], [90.125, 20.875], [90.125, 20.625]]]}, "properties": {"time": "2020-05-20T06:00:00", "variable": "ws", "tier": "moderate", "percentile": 100.0, "z": 7.47, "wind_ms": 20.5, "value": 20.5, "lat": 20.75, "lon": 90.25}}, {"type": "Feature", "geometry": {"type": "Polygon", "coordinates": [[[90.375, 20.625], [90.625, 20.625], [90.625, 20.875], [90.375, 20.875], [90.375, 20.625]]]}, "properties": {"time": "2020-05-20T06:00:00", "variable": "ws", "tier": "moderate", "percentile": 100.0, "z": 7.02, "wind_ms": 19.61, "value": 19.61, "lat": 20.75, "lon": 90.5}}, {"type": "Feature", "geometry": {"type": "Polygon", "coordinates": [[[90.625, 20.625], [90.875, 20.625], [90.875, 20.875], [90.625, 20.875], [90.625, 20.625]]]}, "properties": {"time": "2020-05-20T06:00:00", "variable": "ws", "tier": "moderate", "percentile": 100.0, "z": 6.52, "wind_ms": 18.37, "value": 18.37, "lat": 20.75, "lon": 90.75}}, {"type": "Feature", "geometry": {"type": "Polygon", "coordinates": [[[90.875, 20.625], [91.125, 20.625], [91.125, 20.875], [90.875, 20.875], [90.875, 20.625]]]}, "properties": {"time": "2020-05-20T06:00:00", "variable": "ws", "tier": "moderate", "percentile": 99.1, "z": 6.13, "wind_ms": 17.26, "value": 17.26, "lat": 20.75, "lon": 91.0}}, {"type": "Feature", "geometry": {"type": "Polygon", "coordinates": [[[91.125, 20.625], [91.375, 20.625], [91.375, 20.875], [91.125, 20.875], [91.125, 20.625]]]}, "properties": {"time": "2020-05-20T06:00:00", "variable": "ws", "tier": "low", "percentile": 99.1, "z": 5.91, "wind_ms": 16.42, "value": 16.42, "lat": 20.75, "lon": 91.25}}, {"type": "Feature", "geometry": {"type": "Polygon", "coordinates": [[[91.375, 20.625], [91.625, 20.625], [91.625, 20.875], [91.375, 20.875], [91.375, 20.625]]]}, "properties": {"time": "2020-05-20T06:00:00", "variable": "ws", "tier": "low", "percentile": 99.1, "z": 5.61, "wind_ms": 15.56, "value": 15.56, "lat": 20.75, "lon": 91.5}}, {"type": "Feature", "geometry": {"type": "Polygon", "coordinates": [[[91.625, 20.625], [91.875, 20.625], [91.875, 20.875], [91.625, 20.875], [91.625, 20.625]]]}, "properties": {"time": "2020-05-20T06:00:00", "variable": "ws", "tier": "low", "percentile": 99.1, "z": 5.47, "wind_ms": 14.84, "value": 14.84, "lat": 20.75, "lon": 91.75}}, {"type": "Feature", "geometry": {"type": "Polygon", "coordinates": [[[91.875, 20.625], [92.125, 20.625], [92.125, 20.875], [91.875, 20.875], [91.875, 20.625]]]}, "properties": {"time": "2020-05-20T06:00:00", "variable": "ws", "tier": "low", "percentile": 99.1, "z": 5.51, "wind_ms": 13.99, "value": 13.99, "lat": 20.75, "lon": 92.0}}, {"type": "Feature", "geometry": {"type": "Polygon", "coordinates": [[[85.625, 20.875], [85.875, 20.875], [85.875, 21.125], [85.625, 21.125], [85.625, 20.875]]]}, "properties": {"time": "2020-05-20T06:00:00", "variable": "ws", "tier": "low", "percentile": 100.0, "z": 6.89, "wind_ms": 9.1, "value": 9.1, "lat": 21.0, "lon": 85.75}}, {"type": "Feature", "geometry": {"type": "Polygon", "coordinates": [[[85.875, 20.875], [86.125, 20.875], [86.125, 21.125], [85.875, 21.125], [85.875, 20.875]]]}, "properties": {"time": "2020-05-20T06:00:00", "variable": "ws", "tier": "low", "percentile": 100.0, "z": 7.82, "wind_ms": 10.07, "value": 10.07, "lat": 21.0, "lon": 86.0}}, {"type": "Feature", "geometry": {"type": "Polygon", "coordinates": [[[86.125, 20.875], [86.375, 20.875], [86.375, 21.125], [86.125, 21.125], [86.125, 20.875]]]}, "properties": {"time": "2020-05-20T06:00:00", "variable": "ws", "tier": "low", "percentile": 100.0, "z": 7.77, "wind_ms": 10.56, "value": 10.56, "lat": 21.0, "lon": 86.25}}, {"type": "Feature", "geometry": {"type": "Polygon", "coordinates": [[[86.375, 20.875], [86.625, 20.875], [86.625, 21.125], [86.375, 21.125], [86.375, 20.875]]]}, "properties": {"time": "2020-05-20T06:00:00", "variable": "ws", "tier": "low", "percentile": 100.0, "z": 7.9, "wind_ms": 12.06, "value": 12.06, "lat": 21.0, "lon": 86.5}}, {"type": "Feature", "geometry": {"type": "Polygon", "coordinates": [[[86.625, 20.875], [86.875, 20.875], [86.875, 21.125], [86.625, 21.125], [86.625, 20.875]]]}, "properties": {"time": "2020-05-20T06:00:00", "variable": "ws", "tier": "low", "percentile": 100.0, "z": 9.42, "wind_ms": 16.73, "value": 16.73, "lat": 21.0, "lon": 86.75}}, {"type": "Feature", "geometry": {"type": "Polygon", "coordinates": [[[86.875, 20.875], [87.125, 20.875], [87.125, 21.125], [86.875, 21.125], [86.875, 20.875]]]}, "properties": {"time": "2020-05-20T06:00:00", "variable": "ws", "tier": "moderate", "percentile": 100.0, "z": 12.0, "wind_ms": 22.62, "value": 22.62, "lat": 21.0, "lon": 87.0}}, {"type": "Feature", "geometry": {"type": "Polygon", "coordinates": [[[87.125, 20.875], [87.375, 20.875], [87.375, 21.125], [87.125, 21.125], [87.125, 20.875]]]}, "properties": {"time": "2020-05-20T06:00:00", "variable": "ws", "tier": "moderate", "percentile": 100.0, "z": 9.24, "wind_ms": 21.95, "value": 21.95, "lat": 21.0, "lon": 87.25}}, {"type": "Feature", "geometry": {"type": "Polygon", "coordinates": [[[87.375, 20.875], [87.625, 20.875], [87.625, 21.125], [87.375, 21.125], [87.375, 20.875]]]}, "properties": {"time": "2020-05-20T06:00:00", "variable": "ws", "tier": "moderate", "percentile": 100.0, "z": 6.02, "wind_ms": 17.86, "value": 17.86, "lat": 21.0, "lon": 87.5}}, {"type": "Feature", "geometry": {"type": "Polygon", "coordinates": [[[87.625, 20.875], [87.875, 20.875], [87.875, 21.125], [87.625, 21.125], [87.625, 20.875]]]}, "properties": {"time": "2020-05-20T06:00:00", "variable": "ws", "tier": "moderate", "percentile": 100.0, "z": 6.69, "wind_ms": 19.89, "value": 19.89, "lat": 21.0, "lon": 87.75}}, {"type": "Feature", "geometry": {"type": "Polygon", "coordinates": [[[87.875, 20.875], [88.125, 20.875], [88.125, 21.125], [87.875, 21.125], [87.875, 20.875]]]}, "properties": {"time": "2020-05-20T06:00:00", "variable": "ws", "tier": "moderate", "percentile": 100.0, "z": 8.19, "wind_ms": 23.25, "value": 23.25, "lat": 21.0, "lon": 88.0}}, {"type": "Feature", "geometry": {"type": "Polygon", "coordinates": [[[88.125, 20.875], [88.375, 20.875], [88.375, 21.125], [88.125, 21.125], [88.125, 20.875]]]}, "properties": {"time": "2020-05-20T06:00:00", "variable": "ws", "tier": "severe", "percentile": 100.0, "z": 9.28, "wind_ms": 25.58, "value": 25.58, "lat": 21.0, "lon": 88.25}}, {"type": "Feature", "geometry": {"type": "Polygon", "coordinates": [[[88.375, 20.875], [88.625, 20.875], [88.625, 21.125], [88.375, 21.125], [88.375, 20.875]]]}, "properties": {"time": "2020-05-20T06:00:00", "variable": "ws", "tier": "moderate", "percentile": 100.0, "z": 8.92, "wind_ms": 24.87, "value": 24.87, "lat": 21.0, "lon": 88.5}}, {"type": "Feature", "geometry": {"type": "Polygon", "coordinates": [[[88.625, 20.875], [88.875, 20.875], [88.875, 21.125], [88.625, 21.125], [88.625, 20.875]]]}, "properties": {"time": "2020-05-20T06:00:00", "variable": "ws", "tier": "moderate", "percentile": 100.0, "z": 8.37, "wind_ms": 23.24, "value": 23.24, "lat": 21.0, "lon": 88.75}}, {"type": "Feature", "geometry": {"type": "Polygon", "coordinates": [[[88.875, 20.875], [89.125, 20.875], [89.125, 21.125], [88.875, 21.125], [88.875, 20.875]]]}, "properties": {"time": "2020-05-20T06:00:00", "variable": "ws", "tier": "moderate", "percentile": 100.0, "z": 8.27, "wind_ms": 22.45, "value": 22.45, "lat": 21.0, "lon": 89.0}}, {"type": "Feature", "geometry": {"type": "Polygon", "coordinates": [[[89.125, 20.875], [89.375, 20.875], [89.375, 21.125], [89.125, 21.125], [89.125, 20.875]]]}, "properties": {"time": "2020-05-20T06:00:00", "variable": "ws", "tier": "moderate", "percentile": 100.0, "z": 8.29, "wind_ms": 21.81, "value": 21.81, "lat": 21.0, "lon": 89.25}}, {"type": "Feature", "geometry": {"type": "Polygon", "coordinates": [[[89.375, 20.875], [89.625, 20.875], [89.625, 21.125], [89.375, 21.125], [89.375, 20.875]]]}, "properties": {"time": "2020-05-20T06:00:00", "variable": "ws", "tier": "moderate", "percentile": 100.0, "z": 8.21, "wind_ms": 21.52, "value": 21.52, "lat": 21.0, "lon": 89.5}}, {"type": "Feature", "geometry": {"type": "Polygon", "coordinates": [[[89.625, 20.875], [89.875, 20.875], [89.875, 21.125], [89.625, 21.125], [89.625, 20.875]]]}, "properties": {"time": "2020-05-20T06:00:00", "variable": "ws", "tier": "moderate", "percentile": 100.0, "z": 7.86, "wind_ms": 21.28, "value": 21.28, "lat": 21.0, "lon": 89.75}}, {"type": "Feature", "geometry": {"type": "Polygon", "coordinates": [[[89.875, 20.875], [90.125, 20.875], [90.125, 21.125], [89.875, 21.125], [89.875, 20.875]]]}, "properties": {"time": "2020-05-20T06:00:00", "variable": "ws", "tier": "moderate", "percentile": 100.0, "z": 7.51, "wind_ms": 20.75, "value": 20.75, "lat": 21.0, "lon": 90.0}}, {"type": "Feature", "geometry": {"type": "Polygon", "coordinates": [[[90.125, 20.875], [90.375, 20.875], [90.375, 21.125], [90.125, 21.125], [90.125, 20.875]]]}, "properties": {"time": "2020-05-20T06:00:00", "variable": "ws", "tier": "moderate", "percentile": 100.0, "z": 7.21, "wind_ms": 20.23, "value": 20.23, "lat": 21.0, "lon": 90.25}}, {"type": "Feature", "geometry": {"type": "Polygon", "coordinates": [[[90.375, 20.875], [90.625, 20.875], [90.625, 21.125], [90.375, 21.125], [90.375, 20.875]]]}, "properties": {"time": "2020-05-20T06:00:00", "variable": "ws", "tier": "moderate", "percentile": 100.0, "z": 6.78, "wind_ms": 19.21, "value": 19.21, "lat": 21.0, "lon": 90.5}}, {"type": "Feature", "geometry": {"type": "Polygon", "coordinates": [[[90.625, 20.875], [90.875, 20.875], [90.875, 21.125], [90.625, 21.125], [90.625, 20.875]]]}, "properties": {"time": "2020-05-20T06:00:00", "variable": "ws", "tier": "moderate", "percentile": 99.1, "z": 6.27, "wind_ms": 18.11, "value": 18.11, "lat": 21.0, "lon": 90.75}}, {"type": "Feature", "geometry": {"type": "Polygon", "coordinates": [[[90.875, 20.875], [91.125, 20.875], [91.125, 21.125], [90.875, 21.125], [90.875, 20.875]]]}, "properties": {"time": "2020-05-20T06:00:00", "variable": "ws", "tier": "low", "percentile": 99.1, "z": 5.79, "wind_ms": 17.0, "value": 17.0, "lat": 21.0, "lon": 91.0}}, {"type": "Feature", "geometry": {"type": "Polygon", "coordinates": [[[91.125, 20.875], [91.375, 20.875], [91.375, 21.125], [91.125, 21.125], [91.125, 20.875]]]}, "properties": {"time": "2020-05-20T06:00:00", "variable": "ws", "tier": "low", "percentile": 99.1, "z": 5.48, "wind_ms": 16.23, "value": 16.23, "lat": 21.0, "lon": 91.25}}, {"type": "Feature", "geometry": {"type": "Polygon", "coordinates": [[[91.375, 20.875], [91.625, 20.875], [91.625, 21.125], [91.375, 21.125], [91.375, 20.875]]]}, "properties": {"time": "2020-05-20T06:00:00", "variable": "ws", "tier": "low", "percentile": 99.1, "z": 5.38, "wind_ms": 15.51, "value": 15.51, "lat": 21.0, "lon": 91.5}}, {"type": "Feature", "geometry": {"type": "Polygon", "coordinates": [[[91.625, 20.875], [91.875, 20.875], [91.875, 21.125], [91.625, 21.125], [91.625, 20.875]]]}, "properties": {"time": "2020-05-20T06:00:00", "variable": "ws", "tier": "low", "percentile": 99.1, "z": 5.44, "wind_ms": 15.29, "value": 15.29, "lat": 21.0, "lon": 91.75}}, {"type": "Feature", "geometry": {"type": "Polygon", "coordinates": [[[91.875, 20.875], [92.125, 20.875], [92.125, 21.125], [91.875, 21.125], [91.875, 20.875]]]}, "properties": {"time": "2020-05-20T06:00:00", "variable": "ws", "tier": "low", "percentile": 99.1, "z": 5.47, "wind_ms": 12.44, "value": 12.44, "lat": 21.0, "lon": 92.0}}, {"type": "Feature", "geometry": {"type": "Polygon", "coordinates": [[[85.625, 21.125], [85.875, 21.125], [85.875, 21.375], [85.625, 21.375], [85.625, 21.125]]]}, "properties": {"time": "2020-05-20T06:00:00", "variable": "ws", "tier": "low", "percentile": 100.0, "z": 7.28, "wind_ms": 9.58, "value": 9.58, "lat": 21.25, "lon": 85.75}}, {"type": "Feature", "geometry": {"type": "Polygon", "coordinates": [[[85.875, 21.125], [86.125, 21.125], [86.125, 21.375], [85.875, 21.375], [85.875, 21.125]]]}, "properties": {"time": "2020-05-20T06:00:00", "variable": "ws", "tier": "low", "percentile": 100.0, "z": 8.5, "wind_ms": 10.75, "value": 10.75, "lat": 21.25, "lon": 86.0}}, {"type": "Feature", "geometry": {"type": "Polygon", "coordinates": [[[86.125, 21.125], [86.375, 21.125], [86.375, 21.375], [86.125, 21.375], [86.125, 21.125]]]}, "properties": {"time": "2020-05-20T06:00:00", "variable": "ws", "tier": "low", "percentile": 100.0, "z": 8.36, "wind_ms": 10.69, "value": 10.69, "lat": 21.25, "lon": 86.25}}, {"type": "Feature", "geometry": {"type": "Polygon", "coordinates": [[[86.375, 21.125], [86.625, 21.125], [86.625, 21.375], [86.375, 21.375], [86.375, 21.125]]]}, "properties": {"time": "2020-05-20T06:00:00", "variable": "ws", "tier": "low", "percentile": 100.0, "z": 8.67, "wind_ms": 11.36, "value": 11.36, "lat": 21.25, "lon": 86.5}}, {"type": "Feature", "geometry": {"type": "Polygon", "coordinates": [[[86.625, 21.125], [86.875, 21.125], [86.875, 21.375], [86.625, 21.375], [86.625, 21.125]]]}, "properties": {"time": "2020-05-20T06:00:00", "variable": "ws", "tier": "low", "percentile": 100.0, "z": 10.39, "wind_ms": 15.52, "value": 15.52, "lat": 21.25, "lon": 86.75}}, {"type": "Feature", "geometry": {"type": "Polygon", "coordinates": [[[86.875, 21.125], [87.125, 21.125], [87.125, 21.375], [86.875, 21.375], [86.875, 21.125]]]}, "properties": {"time": "2020-05-20T06:00:00", "variable": "ws", "tier": "moderate", "percentile": 100.0, "z": 12.37, "wind_ms": 20.02, "value": 20.02, "lat": 21.25, "lon": 87.0}}, {"type": "Feature", "geometry": {"type": "Polygon", "coordinates": [[[87.125, 21.125], [87.375, 21.125], [87.375, 21.375], [87.125, 21.375], [87.125, 21.125]]]}, "properties": {"time": "2020-05-20T06:00:00", "variable": "ws", "tier": "moderate", "percentile": 100.0, "z": 9.84, "wind_ms": 20.83, "value": 20.83, "lat": 21.25, "lon": 87.25}}, {"type": "Feature", "geometry": {"type": "Polygon", "coordinates": [[[87.375, 21.125], [87.625, 21.125], [87.625, 21.375], [87.375, 21.375], [87.375, 21.125]]]}, "properties": {"time": "2020-05-20T06:00:00", "variable": "ws", "tier": "moderate", "percentile": 100.0, "z": 8.66, "wind_ms": 21.46, "value": 21.46, "lat": 21.25, "lon": 87.5}}, {"type": "Feature", "geometry": {"type": "Polygon", "coordinates": [[[87.625, 21.125], [87.875, 21.125], [87.875, 21.375], [87.625, 21.375], [87.625, 21.125]]]}, "properties": {"time": "2020-05-20T06:00:00", "variable": "ws", "tier": "moderate", "percentile": 100.0, "z": 9.09, "wind_ms": 23.14, "value": 23.14, "lat": 21.25, "lon": 87.75}}, {"type": "Feature", "geometry": {"type": "Polygon", "coordinates": [[[87.875, 21.125], [88.125, 21.125], [88.125, 21.375], [87.875, 21.375], [87.875, 21.125]]]}, "properties": {"time": "2020-05-20T06:00:00", "variable": "ws", "tier": "severe", "percentile": 100.0, "z": 9.64, "wind_ms": 25.24, "value": 25.24, "lat": 21.25, "lon": 88.0}}, {"type": "Feature", "geometry": {"type": "Polygon", "coordinates": [[[88.125, 21.125], [88.375, 21.125], [88.375, 21.375], [88.125, 21.375], [88.125, 21.125]]]}, "properties": {"time": "2020-05-20T06:00:00", "variable": "ws", "tier": "severe", "percentile": 100.0, "z": 9.38, "wind_ms": 25.18, "value": 25.18, "lat": 21.25, "lon": 88.25}}, {"type": "Feature", "geometry": {"type": "Polygon", "coordinates": [[[88.375, 21.125], [88.625, 21.125], [88.625, 21.375], [88.375, 21.375], [88.375, 21.125]]]}, "properties": {"time": "2020-05-20T06:00:00", "variable": "ws", "tier": "moderate", "percentile": 100.0, "z": 8.6, "wind_ms": 23.51, "value": 23.51, "lat": 21.25, "lon": 88.5}}, {"type": "Feature", "geometry": {"type": "Polygon", "coordinates": [[[88.625, 21.125], [88.875, 21.125], [88.875, 21.375], [88.625, 21.375], [88.625, 21.125]]]}, "properties": {"time": "2020-05-20T06:00:00", "variable": "ws", "tier": "moderate", "percentile": 100.0, "z": 8.51, "wind_ms": 22.87, "value": 22.87, "lat": 21.25, "lon": 88.75}}, {"type": "Feature", "geometry": {"type": "Polygon", "coordinates": [[[88.875, 21.125], [89.125, 21.125], [89.125, 21.375], [88.875, 21.375], [88.875, 21.125]]]}, "properties": {"time": "2020-05-20T06:00:00", "variable": "ws", "tier": "moderate", "percentile": 100.0, "z": 8.43, "wind_ms": 22.21, "value": 22.21, "lat": 21.25, "lon": 89.0}}, {"type": "Feature", "geometry": {"type": "Polygon", "coordinates": [[[89.125, 21.125], [89.375, 21.125], [89.375, 21.375], [89.125, 21.375], [89.125, 21.125]]]}, "properties": {"time": "2020-05-20T06:00:00", "variable": "ws", "tier": "moderate", "percentile": 100.0, "z": 8.01, "wind_ms": 21.29, "value": 21.29, "lat": 21.25, "lon": 89.25}}, {"type": "Feature", "geometry": {"type": "Polygon", "coordinates": [[[89.375, 21.125], [89.625, 21.125], [89.625, 21.375], [89.375, 21.375], [89.375, 21.125]]]}, "properties": {"time": "2020-05-20T06:00:00", "variable": "ws", "tier": "moderate", "percentile": 100.0, "z": 7.41, "wind_ms": 19.85, "value": 19.85, "lat": 21.25, "lon": 89.5}}, {"type": "Feature", "geometry": {"type": "Polygon", "coordinates": [[[89.625, 21.125], [89.875, 21.125], [89.875, 21.375], [89.625, 21.375], [89.625, 21.125]]]}, "properties": {"time": "2020-05-20T06:00:00", "variable": "ws", "tier": "moderate", "percentile": 100.0, "z": 7.13, "wind_ms": 19.91, "value": 19.91, "lat": 21.25, "lon": 89.75}}, {"type": "Feature", "geometry": {"type": "Polygon", "coordinates": [[[89.875, 21.125], [90.125, 21.125], [90.125, 21.375], [89.875, 21.375], [89.875, 21.125]]]}, "properties": {"time": "2020-05-20T06:00:00", "variable": "ws", "tier": "moderate", "percentile": 100.0, "z": 7.03, "wind_ms": 20.18, "value": 20.18, "lat": 21.25, "lon": 90.0}}, {"type": "Feature", "geometry": {"type": "Polygon", "coordinates": [[[90.125, 21.125], [90.375, 21.125], [90.375, 21.375], [90.125, 21.375], [90.125, 21.125]]]}, "properties": {"time": "2020-05-20T06:00:00", "variable": "ws", "tier": "moderate", "percentile": 100.0, "z": 6.68, "wind_ms": 19.46, "value": 19.46, "lat": 21.25, "lon": 90.25}}, {"type": "Feature", "geometry": {"type": "Polygon", "coordinates": [[[90.375, 21.125], [90.625, 21.125], [90.625, 21.375], [90.375, 21.375], [90.375, 21.125]]]}, "properties": {"time": "2020-05-20T06:00:00", "variable": "ws", "tier": "moderate", "percentile": 99.1, "z": 6.14, "wind_ms": 18.34, "value": 18.34, "lat": 21.25, "lon": 90.5}}, {"type": "Feature", "geometry": {"type": "Polygon", "coordinates": [[[90.625, 21.125], [90.875, 21.125], [90.875, 21.375], [90.625, 21.375], [90.625, 21.125]]]}, "properties": {"time": "2020-05-20T06:00:00", "variable": "ws", "tier": "moderate", "percentile": 99.1, "z": 5.62, "wind_ms": 17.34, "value": 17.34, "lat": 21.25, "lon": 90.75}}, {"type": "Feature", "geometry": {"type": "Polygon", "coordinates": [[[90.875, 21.125], [91.125, 21.125], [91.125, 21.375], [90.875, 21.375], [90.875, 21.125]]]}, "properties": {"time": "2020-05-20T06:00:00", "variable": "ws", "tier": "low", "percentile": 99.1, "z": 5.27, "wind_ms": 16.62, "value": 16.62, "lat": 21.25, "lon": 91.0}}, {"type": "Feature", "geometry": {"type": "Polygon", "coordinates": [[[91.125, 21.125], [91.375, 21.125], [91.375, 21.375], [91.125, 21.375], [91.125, 21.125]]]}, "properties": {"time": "2020-05-20T06:00:00", "variable": "ws", "tier": "low", "percentile": 99.1, "z": 5.02, "wind_ms": 15.87, "value": 15.87, "lat": 21.25, "lon": 91.25}}, {"type": "Feature", "geometry": {"type": "Polygon", "coordinates": [[[91.375, 21.125], [91.625, 21.125], [91.625, 21.375], [91.375, 21.375], [91.375, 21.125]]]}, "properties": {"time": "2020-05-20T06:00:00", "variable": "ws", "tier": "low", "percentile": 99.1, "z": 4.93, "wind_ms": 15.62, "value": 15.62, "lat": 21.25, "lon": 91.5}}, {"type": "Feature", "geometry": {"type": "Polygon", "coordinates": [[[91.625, 21.125], [91.875, 21.125], [91.875, 21.375], [91.625, 21.375], [91.625, 21.125]]]}, "properties": {"time": "2020-05-20T06:00:00", "variable": "ws", "tier": "low", "percentile": 99.1, "z": 5.02, "wind_ms": 14.34, "value": 14.34, "lat": 21.25, "lon": 91.75}}, {"type": "Feature", "geometry": {"type": "Polygon", "coordinates": [[[91.875, 21.125], [92.125, 21.125], [92.125, 21.375], [91.875, 21.375], [91.875, 21.125]]]}, "properties": {"time": "2020-05-20T06:00:00", "variable": "ws", "tier": "low", "percentile": 99.1, "z": 4.8, "wind_ms": 10.53, "value": 10.53, "lat": 21.25, "lon": 92.0}}, {"type": "Feature", "geometry": {"type": "Polygon", "coordinates": [[[85.625, 21.375], [85.875, 21.375], [85.875, 21.625], [85.625, 21.625], [85.625, 21.375]]]}, "properties": {"time": "2020-05-20T06:00:00", "variable": "ws", "tier": "low", "percentile": 100.0, "z": 7.6, "wind_ms": 9.97, "value": 9.97, "lat": 21.5, "lon": 85.75}}, {"type": "Feature", "geometry": {"type": "Polygon", "coordinates": [[[85.875, 21.375], [86.125, 21.375], [86.125, 21.625], [85.875, 21.625], [85.875, 21.375]]]}, "properties": {"time": "2020-05-20T06:00:00", "variable": "ws", "tier": "low", "percentile": 100.0, "z": 8.58, "wind_ms": 11.01, "value": 11.01, "lat": 21.5, "lon": 86.0}}, {"type": "Feature", "geometry": {"type": "Polygon", "coordinates": [[[86.125, 21.375], [86.375, 21.375], [86.375, 21.625], [86.125, 21.625], [86.125, 21.375]]]}, "properties": {"time": "2020-05-20T06:00:00", "variable": "ws", "tier": "low", "percentile": 100.0, "z": 8.39, "wind_ms": 10.94, "value": 10.94, "lat": 21.5, "lon": 86.25}}, {"type": "Feature", "geometry": {"type": "Polygon", "coordinates": [[[86.375, 21.375], [86.625, 21.375], [86.625, 21.625], [86.375, 21.625], [86.375, 21.375]]]}, "properties": {"time": "2020-05-20T06:00:00", "variable": "ws", "tier": "low", "percentile": 100.0, "z": 8.59, "wind_ms": 11.17, "value": 11.17, "lat": 21.5, "lon": 86.5}}, {"type": "Feature", "geometry": {"type": "Polygon", "coordinates": [[[86.625, 21.375], [86.875, 21.375], [86.875, 21.625], [86.625, 21.625], [86.625, 21.375]]]}, "properties": {"time": "2020-05-20T06:00:00", "variable": "ws", "tier": "low", "percentile": 100.0, "z": 9.86, "wind_ms": 13.52, "value": 13.52, "lat": 21.5, "lon": 86.75}}, {"type": "Feature", "geometry": {"type": "Polygon", "coordinates": [[[86.875, 21.375], [87.125, 21.375], [87.125, 21.625], [86.875, 21.625], [86.875, 21.375]]]}, "properties": {"time": "2020-05-20T06:00:00", "variable": "ws", "tier": "moderate", "percentile": 100.0, "z": 11.54, "wind_ms": 17.16, "value": 17.16, "lat": 21.5, "lon": 87.0}}, {"type": "Feature", "geometry": {"type": "Polygon", "coordinates": [[[87.125, 21.375], [87.375, 21.375], [87.375, 21.625], [87.125, 21.625], [87.125, 21.375]]]}, "properties": {"time": "2020-05-20T06:00:00", "variable": "ws", "tier": "moderate", "percentile": 100.0, "z": 9.92, "wind_ms": 18.44, "value": 18.44, "lat": 21.5, "lon": 87.25}}, {"type": "Feature", "geometry": {"type": "Polygon", "coordinates": [[[87.375, 21.375], [87.625, 21.375], [87.625, 21.625], [87.375, 21.625], [87.375, 21.375]]]}, "properties": {"time": "2020-05-20T06:00:00", "variable": "ws", "tier": "moderate", "percentile": 100.0, "z": 8.95, "wind_ms": 18.77, "value": 18.77, "lat": 21.5, "lon": 87.5}}, {"type": "Feature", "geometry": {"type": "Polygon", "coordinates": [[[87.625, 21.375], [87.875, 21.375], [87.875, 21.625], [87.625, 21.625], [87.625, 21.375]]]}, "properties": {"time": "2020-05-20T06:00:00", "variable": "ws", "tier": "moderate", "percentile": 100.0, "z": 9.16, "wind_ms": 20.84, "value": 20.84, "lat": 21.5, "lon": 87.75}}, {"type": "Feature", "geometry": {"type": "Polygon", "coordinates": [[[87.875, 21.375], [88.125, 21.375], [88.125, 21.625], [87.875, 21.625], [87.875, 21.375]]]}, "properties": {"time": "2020-05-20T06:00:00", "variable": "ws", "tier": "moderate", "percentile": 100.0, "z": 9.71, "wind_ms": 24.05, "value": 24.05, "lat": 21.5, "lon": 88.0}}, {"type": "Feature", "geometry": {"type": "Polygon", "coordinates": [[[88.125, 21.375], [88.375, 21.375], [88.375, 21.625], [88.125, 21.625], [88.125, 21.375]]]}, "properties": {"time": "2020-05-20T06:00:00", "variable": "ws", "tier": "moderate", "percentile": 100.0, "z": 9.5, "wind_ms": 23.29, "value": 23.29, "lat": 21.5, "lon": 88.25}}, {"type": "Feature", "geometry": {"type": "Polygon", "coordinates": [[[88.375, 21.375], [88.625, 21.375], [88.625, 21.625], [88.375, 21.625], [88.375, 21.375]]]}, "properties": {"time": "2020-05-20T06:00:00", "variable": "ws", "tier": "moderate", "percentile": 100.0, "z": 9.32, "wind_ms": 23.61, "value": 23.61, "lat": 21.5, "lon": 88.5}}, {"type": "Feature", "geometry": {"type": "Polygon", "coordinates": [[[88.625, 21.375], [88.875, 21.375], [88.875, 21.625], [88.625, 21.625], [88.625, 21.375]]]}, "properties": {"time": "2020-05-20T06:00:00", "variable": "ws", "tier": "moderate", "percentile": 100.0, "z": 9.22, "wind_ms": 22.89, "value": 22.89, "lat": 21.5, "lon": 88.75}}, {"type": "Feature", "geometry": {"type": "Polygon", "coordinates": [[[88.875, 21.375], [89.125, 21.375], [89.125, 21.625], [88.875, 21.625], [88.875, 21.375]]]}, "properties": {"time": "2020-05-20T06:00:00", "variable": "ws", "tier": "moderate", "percentile": 100.0, "z": 8.96, "wind_ms": 21.29, "value": 21.29, "lat": 21.5, "lon": 89.0}}, {"type": "Feature", "geometry": {"type": "Polygon", "coordinates": [[[89.125, 21.375], [89.375, 21.375], [89.375, 21.625], [89.125, 21.625], [89.125, 21.375]]]}, "properties": {"time": "2020-05-20T06:00:00", "variable": "ws", "tier": "moderate", "percentile": 100.0, "z": 8.27, "wind_ms": 20.0, "value": 20.0, "lat": 21.5, "lon": 89.25}}, {"type": "Feature", "geometry": {"type": "Polygon", "coordinates": [[[89.375, 21.375], [89.625, 21.375], [89.625, 21.625], [89.375, 21.625], [89.375, 21.375]]]}, "properties": {"time": "2020-05-20T06:00:00", "variable": "ws", "tier": "moderate", "percentile": 100.0, "z": 7.38, "wind_ms": 20.21, "value": 20.21, "lat": 21.5, "lon": 89.5}}, {"type": "Feature", "geometry": {"type": "Polygon", "coordinates": [[[89.625, 21.375], [89.875, 21.375], [89.875, 21.625], [89.625, 21.625], [89.625, 21.375]]]}, "properties": {"time": "2020-05-20T06:00:00", "variable": "ws", "tier": "moderate", "percentile": 100.0, "z": 6.86, "wind_ms": 20.03, "value": 20.03, "lat": 21.5, "lon": 89.75}}, {"type": "Feature", "geometry": {"type": "Polygon", "coordinates": [[[89.875, 21.375], [90.125, 21.375], [90.125, 21.625], [89.875, 21.625], [89.875, 21.375]]]}, "properties": {"time": "2020-05-20T06:00:00", "variable": "ws", "tier": "moderate", "percentile": 100.0, "z": 6.52, "wind_ms": 19.59, "value": 19.59, "lat": 21.5, "lon": 90.0}}, {"type": "Feature", "geometry": {"type": "Polygon", "coordinates": [[[90.125, 21.375], [90.375, 21.375], [90.375, 21.625], [90.125, 21.625], [90.125, 21.375]]]}, "properties": {"time": "2020-05-20T06:00:00", "variable": "ws", "tier": "moderate", "percentile": 99.1, "z": 5.99, "wind_ms": 18.57, "value": 18.57, "lat": 21.5, "lon": 90.25}}, {"type": "Feature", "geometry": {"type": "Polygon", "coordinates": [[[90.375, 21.375], [90.625, 21.375], [90.625, 21.625], [90.375, 21.625], [90.375, 21.375]]]}, "properties": {"time": "2020-05-20T06:00:00", "variable": "ws", "tier": "moderate", "percentile": 99.1, "z": 5.47, "wind_ms": 17.51, "value": 17.51, "lat": 21.5, "lon": 90.5}}, {"type": "Feature", "geometry": {"type": "Polygon", "coordinates": [[[90.625, 21.375], [90.875, 21.375], [90.875, 21.625], [90.625, 21.625], [90.625, 21.375]]]}, "properties": {"time": "2020-05-20T06:00:00", "variable": "ws", "tier": "low", "percentile": 99.1, "z": 5.12, "wind_ms": 16.83, "value": 16.83, "lat": 21.5, "lon": 90.75}}, {"type": "Feature", "geometry": {"type": "Polygon", "coordinates": [[[90.875, 21.375], [91.125, 21.375], [91.125, 21.625], [90.875, 21.625], [90.875, 21.375]]]}, "properties": {"time": "2020-05-20T06:00:00", "variable": "ws", "tier": "low", "percentile": 99.1, "z": 4.94, "wind_ms": 16.47, "value": 16.47, "lat": 21.5, "lon": 91.0}}, {"type": "Feature", "geometry": {"type": "Polygon", "coordinates": [[[91.125, 21.375], [91.375, 21.375], [91.375, 21.625], [91.125, 21.625], [91.125, 21.375]]]}, "properties": {"time": "2020-05-20T06:00:00", "variable": "ws", "tier": "low", "percentile": 99.1, "z": 4.76, "wind_ms": 15.91, "value": 15.91, "lat": 21.5, "lon": 91.25}}, {"type": "Feature", "geometry": {"type": "Polygon", "coordinates": [[[91.375, 21.375], [91.625, 21.375], [91.625, 21.625], [91.375, 21.625], [91.375, 21.375]]]}, "properties": {"time": "2020-05-20T06:00:00", "variable": "ws", "tier": "low", "percentile": 99.1, "z": 4.56, "wind_ms": 15.86, "value": 15.86, "lat": 21.5, "lon": 91.5}}, {"type": "Feature", "geometry": {"type": "Polygon", "coordinates": [[[91.625, 21.375], [91.875, 21.375], [91.875, 21.625], [91.625, 21.625], [91.625, 21.375]]]}, "properties": {"time": "2020-05-20T06:00:00", "variable": "ws", "tier": "low", "percentile": 99.1, "z": 4.59, "wind_ms": 14.25, "value": 14.25, "lat": 21.5, "lon": 91.75}}, {"type": "Feature", "geometry": {"type": "Polygon", "coordinates": [[[91.875, 21.375], [92.125, 21.375], [92.125, 21.625], [91.875, 21.625], [91.875, 21.375]]]}, "properties": {"time": "2020-05-20T06:00:00", "variable": "ws", "tier": "low", "percentile": 99.1, "z": 4.71, "wind_ms": 10.58, "value": 10.58, "lat": 21.5, "lon": 92.0}}, {"type": "Feature", "geometry": {"type": "Polygon", "coordinates": [[[85.625, 21.625], [85.875, 21.625], [85.875, 21.875], [85.625, 21.875], [85.625, 21.625]]]}, "properties": {"time": "2020-05-20T06:00:00", "variable": "ws", "tier": "low", "percentile": 100.0, "z": 6.47, "wind_ms": 9.51, "value": 9.51, "lat": 21.75, "lon": 85.75}}, {"type": "Feature", "geometry": {"type": "Polygon", "coordinates": [[[85.875, 21.625], [86.125, 21.625], [86.125, 21.875], [85.875, 21.875], [85.875, 21.625]]]}, "properties": {"time": "2020-05-20T06:00:00", "variable": "ws", "tier": "low", "percentile": 100.0, "z": 6.78, "wind_ms": 9.53, "value": 9.53, "lat": 21.75, "lon": 86.0}}, {"type": "Feature", "geometry": {"type": "Polygon", "coordinates": [[[86.375, 21.625], [86.625, 21.625], [86.625, 21.875], [86.375, 21.875], [86.375, 21.625]]]}, "properties": {"time": "2020-05-20T06:00:00", "variable": "ws", "tier": "low", "percentile": 100.0, "z": 7.31, "wind_ms": 9.56, "value": 9.56, "lat": 21.75, "lon": 86.5}}, {"type": "Feature", "geometry": {"type": "Polygon", "coordinates": [[[86.625, 21.625], [86.875, 21.625], [86.875, 21.875], [86.625, 21.875], [86.625, 21.625]]]}, "properties": {"time": "2020-05-20T06:00:00", "variable": "ws", "tier": "low", "percentile": 100.0, "z": 7.51, "wind_ms": 11.64, "value": 11.64, "lat": 21.75, "lon": 86.75}}, {"type": "Feature", "geometry": {"type": "Polygon", "coordinates": [[[86.875, 21.625], [87.125, 21.625], [87.125, 21.875], [86.875, 21.875], [86.875, 21.625]]]}, "properties": {"time": "2020-05-20T06:00:00", "variable": "ws", "tier": "low", "percentile": 100.0, "z": 7.39, "wind_ms": 13.43, "value": 13.43, "lat": 21.75, "lon": 87.0}}, {"type": "Feature", "geometry": {"type": "Polygon", "coordinates": [[[87.125, 21.625], [87.375, 21.625], [87.375, 21.875], [87.125, 21.875], [87.125, 21.625]]]}, "properties": {"time": "2020-05-20T06:00:00", "variable": "ws", "tier": "low", "percentile": 100.0, "z": 6.55, "wind_ms": 13.05, "value": 13.05, "lat": 21.75, "lon": 87.25}}, {"type": "Feature", "geometry": {"type": "Polygon", "coordinates": [[[87.375, 21.625], [87.625, 21.625], [87.625, 21.875], [87.375, 21.875], [87.375, 21.625]]]}, "properties": {"time": "2020-05-20T06:00:00", "variable": "ws", "tier": "low", "percentile": 100.0, "z": 5.9, "wind_ms": 12.49, "value": 12.49, "lat": 21.75, "lon": 87.5}}, {"type": "Feature", "geometry": {"type": "Polygon", "coordinates": [[[87.625, 21.625], [87.875, 21.625], [87.875, 21.875], [87.625, 21.875], [87.625, 21.625]]]}, "properties": {"time": "2020-05-20T06:00:00", "variable": "ws", "tier": "low", "percentile": 100.0, "z": 6.66, "wind_ms": 14.4, "value": 14.4, "lat": 21.75, "lon": 87.75}}, {"type": "Feature", "geometry": {"type": "Polygon", "coordinates": [[[87.875, 21.625], [88.125, 21.625], [88.125, 21.875], [87.875, 21.875], [87.875, 21.625]]]}, "properties": {"time": "2020-05-20T06:00:00", "variable": "ws", "tier": "moderate", "percentile": 100.0, "z": 7.06, "wind_ms": 17.5, "value": 17.5, "lat": 21.75, "lon": 88.0}}, {"type": "Feature", "geometry": {"type": "Polygon", "coordinates": [[[88.125, 21.625], [88.375, 21.625], [88.375, 21.875], [88.125, 21.875], [88.125, 21.625]]]}, "properties": {"time": "2020-05-20T06:00:00", "variable": "ws", "tier": "low", "percentile": 100.0, "z": 7.18, "wind_ms": 16.57, "value": 16.57, "lat": 21.75, "lon": 88.25}}, {"type": "Feature", "geometry": {"type": "Polygon", "coordinates": [[[88.375, 21.625], [88.625, 21.625], [88.625, 21.875], [88.375, 21.875], [88.375, 21.625]]]}, "properties": {"time": "2020-05-20T06:00:00", "variable": "ws", "tier": "moderate", "percentile": 100.0, "z": 7.84, "wind_ms": 18.66, "value": 18.66, "lat": 21.75, "lon": 88.5}}, {"type": "Feature", "geometry": {"type": "Polygon", "coordinates": [[[88.625, 21.625], [88.875, 21.625], [88.875, 21.875], [88.625, 21.875], [88.625, 21.625]]]}, "properties": {"time": "2020-05-20T06:00:00", "variable": "ws", "tier": "moderate", "percentile": 100.0, "z": 7.37, "wind_ms": 17.6, "value": 17.6, "lat": 21.75, "lon": 88.75}}, {"type": "Feature", "geometry": {"type": "Polygon", "coordinates": [[[88.875, 21.625], [89.125, 21.625], [89.125, 21.875], [88.875, 21.875], [88.875, 21.625]]]}, "properties": {"time": "2020-05-20T06:00:00", "variable": "ws", "tier": "low", "percentile": 100.0, "z": 6.88, "wind_ms": 15.69, "value": 15.69, "lat": 21.75, "lon": 89.0}}, {"type": "Feature", "geometry": {"type": "Polygon", "coordinates": [[[89.125, 21.625], [89.375, 21.625], [89.375, 21.875], [89.125, 21.875], [89.125, 21.625]]]}, "properties": {"time": "2020-05-20T06:00:00", "variable": "ws", "tier": "low", "percentile": 100.0, "z": 6.99, "wind_ms": 15.81, "value": 15.81, "lat": 21.75, "lon": 89.25}}, {"type": "Feature", "geometry": {"type": "Polygon", "coordinates": [[[89.375, 21.625], [89.625, 21.625], [89.625, 21.875], [89.375, 21.875], [89.375, 21.625]]]}, "properties": {"time": "2020-05-20T06:00:00", "variable": "ws", "tier": "moderate", "percentile": 100.0, "z": 7.53, "wind_ms": 19.44, "value": 19.44, "lat": 21.75, "lon": 89.5}}, {"type": "Feature", "geometry": {"type": "Polygon", "coordinates": [[[89.625, 21.625], [89.875, 21.625], [89.875, 21.875], [89.625, 21.875], [89.625, 21.625]]]}, "properties": {"time": "2020-05-20T06:00:00", "variable": "ws", "tier": "moderate", "percentile": 100.0, "z": 6.77, "wind_ms": 19.31, "value": 19.31, "lat": 21.75, "lon": 89.75}}, {"type": "Feature", "geometry": {"type": "Polygon", "coordinates": [[[89.875, 21.625], [90.125, 21.625], [90.125, 21.875], [89.875, 21.875], [89.875, 21.625]]]}, "properties": {"time": "2020-05-20T06:00:00", "variable": "ws", "tier": "moderate", "percentile": 100.0, "z": 6.12, "wind_ms": 18.54, "value": 18.54, "lat": 21.75, "lon": 90.0}}, {"type": "Feature", "geometry": {"type": "Polygon", "coordinates": [[[90.125, 21.625], [90.375, 21.625], [90.375, 21.875], [90.125, 21.875], [90.125, 21.625]]]}, "properties": {"time": "2020-05-20T06:00:00", "variable": "ws", "tier": "moderate", "percentile": 100.0, "z": 5.87, "wind_ms": 17.73, "value": 17.73, "lat": 21.75, "lon": 90.25}}, {"type": "Feature", "geometry": {"type": "Polygon", "coordinates": [[[90.375, 21.625], [90.625, 21.625], [90.625, 21.875], [90.375, 21.875], [90.375, 21.625]]]}, "properties": {"time": "2020-05-20T06:00:00", "variable": "ws", "tier": "low", "percentile": 100.0, "z": 5.65, "wind_ms": 16.83, "value": 16.83, "lat": 21.75, "lon": 90.5}}, {"type": "Feature", "geometry": {"type": "Polygon", "coordinates": [[[90.625, 21.625], [90.875, 21.625], [90.875, 21.875], [90.625, 21.875], [90.625, 21.625]]]}, "properties": {"time": "2020-05-20T06:00:00", "variable": "ws", "tier": "low", "percentile": 100.0, "z": 5.44, "wind_ms": 16.36, "value": 16.36, "lat": 21.75, "lon": 90.75}}, {"type": "Feature", "geometry": {"type": "Polygon", "coordinates": [[[90.875, 21.625], [91.125, 21.625], [91.125, 21.875], [90.875, 21.875], [90.875, 21.625]]]}, "properties": {"time": "2020-05-20T06:00:00", "variable": "ws", "tier": "low", "percentile": 100.0, "z": 5.27, "wind_ms": 16.5, "value": 16.5, "lat": 21.75, "lon": 91.0}}, {"type": "Feature", "geometry": {"type": "Polygon", "coordinates": [[[91.125, 21.625], [91.375, 21.625], [91.375, 21.875], [91.125, 21.875], [91.125, 21.625]]]}, "properties": {"time": "2020-05-20T06:00:00", "variable": "ws", "tier": "low", "percentile": 99.1, "z": 4.92, "wind_ms": 15.96, "value": 15.96, "lat": 21.75, "lon": 91.25}}, {"type": "Feature", "geometry": {"type": "Polygon", "coordinates": [[[91.375, 21.625], [91.625, 21.625], [91.625, 21.875], [91.375, 21.875], [91.375, 21.625]]]}, "properties": {"time": "2020-05-20T06:00:00", "variable": "ws", "tier": "low", "percentile": 99.1, "z": 4.45, "wind_ms": 15.69, "value": 15.69, "lat": 21.75, "lon": 91.5}}, {"type": "Feature", "geometry": {"type": "Polygon", "coordinates": [[[91.625, 21.625], [91.875, 21.625], [91.875, 21.875], [91.625, 21.875], [91.625, 21.625]]]}, "properties": {"time": "2020-05-20T06:00:00", "variable": "ws", "tier": "low", "percentile": 99.1, "z": 4.34, "wind_ms": 14.03, "value": 14.03, "lat": 21.75, "lon": 91.75}}, {"type": "Feature", "geometry": {"type": "Polygon", "coordinates": [[[91.875, 21.625], [92.125, 21.625], [92.125, 21.875], [91.875, 21.875], [91.875, 21.625]]]}, "properties": {"time": "2020-05-20T06:00:00", "variable": "ws", "tier": "low", "percentile": 99.1, "z": 4.37, "wind_ms": 10.35, "value": 10.35, "lat": 21.75, "lon": 92.0}}, {"type": "Feature", "geometry": {"type": "Polygon", "coordinates": [[[86.625, 21.875], [86.875, 21.875], [86.875, 22.125], [86.625, 22.125], [86.625, 21.875]]]}, "properties": {"time": "2020-05-20T06:00:00", "variable": "ws", "tier": "low", "percentile": 100.0, "z": 6.68, "wind_ms": 10.22, "value": 10.22, "lat": 22.0, "lon": 86.75}}, {"type": "Feature", "geometry": {"type": "Polygon", "coordinates": [[[86.875, 21.875], [87.125, 21.875], [87.125, 22.125], [86.875, 22.125], [86.875, 21.875]]]}, "properties": {"time": "2020-05-20T06:00:00", "variable": "ws", "tier": "low", "percentile": 100.0, "z": 6.24, "wind_ms": 11.23, "value": 11.23, "lat": 22.0, "lon": 87.0}}, {"type": "Feature", "geometry": {"type": "Polygon", "coordinates": [[[87.125, 21.875], [87.375, 21.875], [87.375, 22.125], [87.125, 22.125], [87.125, 21.875]]]}, "properties": {"time": "2020-05-20T06:00:00", "variable": "ws", "tier": "low", "percentile": 100.0, "z": 5.58, "wind_ms": 11.2, "value": 11.2, "lat": 22.0, "lon": 87.25}}, {"type": "Feature", "geometry": {"type": "Polygon", "coordinates": [[[87.375, 21.875], [87.625, 21.875], [87.625, 22.125], [87.375, 22.125], [87.375, 21.875]]]}, "properties": {"time": "2020-05-20T06:00:00", "variable": "ws", "tier": "low", "percentile": 100.0, "z": 5.06, "wind_ms": 10.65, "value": 10.65, "lat": 22.0, "lon": 87.5}}, {"type": "Feature", "geometry": {"type": "Polygon", "coordinates": [[[87.625, 21.875], [87.875, 21.875], [87.875, 22.125], [87.625, 22.125], [87.625, 21.875]]]}, "properties": {"time": "2020-05-20T06:00:00", "variable": "ws", "tier": "low", "percentile": 100.0, "z": 5.02, "wind_ms": 11.22, "value": 11.22, "lat": 22.0, "lon": 87.75}}, {"type": "Feature", "geometry": {"type": "Polygon", "coordinates": [[[87.875, 21.875], [88.125, 21.875], [88.125, 22.125], [87.875, 22.125], [87.875, 21.875]]]}, "properties": {"time": "2020-05-20T06:00:00", "variable": "ws", "tier": "low", "percentile": 100.0, "z": 4.86, "wind_ms": 12.17, "value": 12.17, "lat": 22.0, "lon": 88.0}}, {"type": "Feature", "geometry": {"type": "Polygon", "coordinates": [[[88.125, 21.875], [88.375, 21.875], [88.375, 22.125], [88.125, 22.125], [88.125, 21.875]]]}, "properties": {"time": "2020-05-20T06:00:00", "variable": "ws", "tier": "low", "percentile": 100.0, "z": 4.83, "wind_ms": 11.54, "value": 11.54, "lat": 22.0, "lon": 88.25}}, {"type": "Feature", "geometry": {"type": "Polygon", "coordinates": [[[88.375, 21.875], [88.625, 21.875], [88.625, 22.125], [88.375, 22.125], [88.375, 21.875]]]}, "properties": {"time": "2020-05-20T06:00:00", "variable": "ws", "tier": "low", "percentile": 100.0, "z": 5.4, "wind_ms": 12.87, "value": 12.87, "lat": 22.0, "lon": 88.5}}, {"type": "Feature", "geometry": {"type": "Polygon", "coordinates": [[[88.625, 21.875], [88.875, 21.875], [88.875, 22.125], [88.625, 22.125], [88.625, 21.875]]]}, "properties": {"time": "2020-05-20T06:00:00", "variable": "ws", "tier": "low", "percentile": 100.0, "z": 5.39, "wind_ms": 13.59, "value": 13.59, "lat": 22.0, "lon": 88.75}}, {"type": "Feature", "geometry": {"type": "Polygon", "coordinates": [[[88.875, 21.875], [89.125, 21.875], [89.125, 22.125], [88.875, 22.125], [88.875, 21.875]]]}, "properties": {"time": "2020-05-20T06:00:00", "variable": "ws", "tier": "low", "percentile": 100.0, "z": 5.02, "wind_ms": 12.67, "value": 12.67, "lat": 22.0, "lon": 89.0}}, {"type": "Feature", "geometry": {"type": "Polygon", "coordinates": [[[89.125, 21.875], [89.375, 21.875], [89.375, 22.125], [89.125, 22.125], [89.125, 21.875]]]}, "properties": {"time": "2020-05-20T06:00:00", "variable": "ws", "tier": "low", "percentile": 100.0, "z": 5.6, "wind_ms": 13.01, "value": 13.01, "lat": 22.0, "lon": 89.25}}, {"type": "Feature", "geometry": {"type": "Polygon", "coordinates": [[[89.375, 21.875], [89.625, 21.875], [89.625, 22.125], [89.375, 22.125], [89.375, 21.875]]]}, "properties": {"time": "2020-05-20T06:00:00", "variable": "ws", "tier": "low", "percentile": 100.0, "z": 6.1, "wind_ms": 14.04, "value": 14.04, "lat": 22.0, "lon": 89.5}}, {"type": "Feature", "geometry": {"type": "Polygon", "coordinates": [[[89.625, 21.875], [89.875, 21.875], [89.875, 22.125], [89.625, 22.125], [89.625, 21.875]]]}, "properties": {"time": "2020-05-20T06:00:00", "variable": "ws", "tier": "low", "percentile": 100.0, "z": 5.12, "wind_ms": 12.66, "value": 12.66, "lat": 22.0, "lon": 89.75}}, {"type": "Feature", "geometry": {"type": "Polygon", "coordinates": [[[89.875, 21.875], [90.125, 21.875], [90.125, 22.125], [89.875, 22.125], [89.875, 21.875]]]}, "properties": {"time": "2020-05-20T06:00:00", "variable": "ws", "tier": "low", "percentile": 100.0, "z": 4.75, "wind_ms": 13.1, "value": 13.1, "lat": 22.0, "lon": 90.0}}, {"type": "Feature", "geometry": {"type": "Polygon", "coordinates": [[[90.125, 21.875], [90.375, 21.875], [90.375, 22.125], [90.125, 22.125], [90.125, 21.875]]]}, "properties": {"time": "2020-05-20T06:00:00", "variable": "ws", "tier": "low", "percentile": 100.0, "z": 4.71, "wind_ms": 12.9, "value": 12.9, "lat": 22.0, "lon": 90.25}}, {"type": "Feature", "geometry": {"type": "Polygon", "coordinates": [[[90.375, 21.875], [90.625, 21.875], [90.625, 22.125], [90.375, 22.125], [90.375, 21.875]]]}, "properties": {"time": "2020-05-20T06:00:00", "variable": "ws", "tier": "low", "percentile": 100.0, "z": 4.96, "wind_ms": 13.56, "value": 13.56, "lat": 22.0, "lon": 90.5}}, {"type": "Feature", "geometry": {"type": "Polygon", "coordinates": [[[90.625, 21.875], [90.875, 21.875], [90.875, 22.125], [90.625, 22.125], [90.625, 21.875]]]}, "properties": {"time": "2020-05-20T06:00:00", "variable": "ws", "tier": "low", "percentile": 100.0, "z": 4.93, "wind_ms": 13.99, "value": 13.99, "lat": 22.0, "lon": 90.75}}, {"type": "Feature", "geometry": {"type": "Polygon", "coordinates": [[[90.875, 21.875], [91.125, 21.875], [91.125, 22.125], [90.875, 22.125], [90.875, 21.875]]]}, "properties": {"time": "2020-05-20T06:00:00", "variable": "ws", "tier": "low", "percentile": 100.0, "z": 5.43, "wind_ms": 16.33, "value": 16.33, "lat": 22.0, "lon": 91.0}}, {"type": "Feature", "geometry": {"type": "Polygon", "coordinates": [[[91.125, 21.875], [91.375, 21.875], [91.375, 22.125], [91.125, 22.125], [91.125, 21.875]]]}, "properties": {"time": "2020-05-20T06:00:00", "variable": "ws", "tier": "low", "percentile": 100.0, "z": 5.17, "wind_ms": 15.84, "value": 15.84, "lat": 22.0, "lon": 91.25}}, {"type": "Feature", "geometry": {"type": "Polygon", "coordinates": [[[91.375, 21.875], [91.625, 21.875], [91.625, 22.125], [91.375, 22.125], [91.375, 21.875]]]}, "properties": {"time": "2020-05-20T06:00:00", "variable": "ws", "tier": "low", "percentile": 99.1, "z": 4.44, "wind_ms": 15.17, "value": 15.17, "lat": 22.0, "lon": 91.5}}, {"type": "Feature", "geometry": {"type": "Polygon", "coordinates": [[[91.625, 21.875], [91.875, 21.875], [91.875, 22.125], [91.625, 22.125], [91.625, 21.875]]]}, "properties": {"time": "2020-05-20T06:00:00", "variable": "ws", "tier": "low", "percentile": 99.1, "z": 3.85, "wind_ms": 12.74, "value": 12.74, "lat": 22.0, "lon": 91.75}}, {"type": "Feature", "geometry": {"type": "Polygon", "coordinates": [[[91.875, 21.875], [92.125, 21.875], [92.125, 22.125], [91.875, 22.125], [91.875, 21.875]]]}, "properties": {"time": "2020-05-20T06:00:00", "variable": "ws", "tier": "low", "percentile": 99.1, "z": 3.35, "wind_ms": 9.02, "value": 9.02, "lat": 22.0, "lon": 92.0}}, {"type": "Feature", "geometry": {"type": "Polygon", "coordinates": [[[86.625, 22.125], [86.875, 22.125], [86.875, 22.375], [86.625, 22.375], [86.625, 22.125]]]}, "properties": {"time": "2020-05-20T06:00:00", "variable": "ws", "tier": "low", "percentile": 100.0, "z": 6.49, "wind_ms": 9.53, "value": 9.53, "lat": 22.25, "lon": 86.75}}, {"type": "Feature", "geometry": {"type": "Polygon", "coordinates": [[[86.875, 22.125], [87.125, 22.125], [87.125, 22.375], [86.875, 22.375], [86.875, 22.125]]]}, "properties": {"time": "2020-05-20T06:00:00", "variable": "ws", "tier": "low", "percentile": 100.0, "z": 6.32, "wind_ms": 10.53, "value": 10.53, "lat": 22.25, "lon": 87.0}}, {"type": "Feature", "geometry": {"type": "Polygon", "coordinates": [[[87.125, 22.125], [87.375, 22.125], [87.375, 22.375], [87.125, 22.375], [87.125, 22.125]]]}, "properties": {"time": "2020-05-20T06:00:00", "variable": "ws", "tier": "low", "percentile": 100.0, "z": 5.7, "wind_ms": 10.57, "value": 10.57, "lat": 22.25, "lon": 87.25}}, {"type": "Feature", "geometry": {"type": "Polygon", "coordinates": [[[87.375, 22.125], [87.625, 22.125], [87.625, 22.375], [87.375, 22.375], [87.375, 22.125]]]}, "properties": {"time": "2020-05-20T06:00:00", "variable": "ws", "tier": "low", "percentile": 100.0, "z": 5.26, "wind_ms": 10.21, "value": 10.21, "lat": 22.25, "lon": 87.5}}, {"type": "Feature", "geometry": {"type": "Polygon", "coordinates": [[[87.625, 22.125], [87.875, 22.125], [87.875, 22.375], [87.625, 22.375], [87.625, 22.125]]]}, "properties": {"time": "2020-05-20T06:00:00", "variable": "ws", "tier": "low", "percentile": 100.0, "z": 4.92, "wind_ms": 10.18, "value": 10.18, "lat": 22.25, "lon": 87.75}}, {"type": "Feature", "geometry": {"type": "Polygon", "coordinates": [[[87.875, 22.125], [88.125, 22.125], [88.125, 22.375], [87.875, 22.375], [87.875, 22.125]]]}, "properties": {"time": "2020-05-20T06:00:00", "variable": "ws", "tier": "low", "percentile": 100.0, "z": 4.32, "wind_ms": 10.35, "value": 10.35, "lat": 22.25, "lon": 88.0}}, {"type": "Feature", "geometry": {"type": "Polygon", "coordinates": [[[88.125, 22.125], [88.375, 22.125], [88.375, 22.375], [88.125, 22.375], [88.125, 22.125]]]}, "properties": {"time": "2020-05-20T06:00:00", "variable": "ws", "tier": "low", "percentile": 100.0, "z": 3.87, "wind_ms": 9.48, "value": 9.48, "lat": 22.25, "lon": 88.25}}, {"type": "Feature", "geometry": {"type": "Polygon", "coordinates": [[[88.375, 22.125], [88.625, 22.125], [88.625, 22.375], [88.375, 22.375], [88.375, 22.125]]]}, "properties": {"time": "2020-05-20T06:00:00", "variable": "ws", "tier": "low", "percentile": 100.0, "z": 4.24, "wind_ms": 9.99, "value": 9.99, "lat": 22.25, "lon": 88.5}}, {"type": "Feature", "geometry": {"type": "Polygon", "coordinates": [[[88.625, 22.125], [88.875, 22.125], [88.875, 22.375], [88.625, 22.375], [88.625, 22.125]]]}, "properties": {"time": "2020-05-20T06:00:00", "variable": "ws", "tier": "low", "percentile": 100.0, "z": 4.42, "wind_ms": 10.72, "value": 10.72, "lat": 22.25, "lon": 88.75}}, {"type": "Feature", "geometry": {"type": "Polygon", "coordinates": [[[88.875, 22.125], [89.125, 22.125], [89.125, 22.375], [88.875, 22.375], [88.875, 22.125]]]}, "properties": {"time": "2020-05-20T06:00:00", "variable": "ws", "tier": "low", "percentile": 100.0, "z": 4.59, "wind_ms": 11.19, "value": 11.19, "lat": 22.25, "lon": 89.0}}, {"type": "Feature", "geometry": {"type": "Polygon", "coordinates": [[[89.125, 22.125], [89.375, 22.125], [89.375, 22.375], [89.125, 22.375], [89.125, 22.125]]]}, "properties": {"time": "2020-05-20T06:00:00", "variable": "ws", "tier": "low", "percentile": 100.0, "z": 4.81, "wind_ms": 11.19, "value": 11.19, "lat": 22.25, "lon": 89.25}}, {"type": "Feature", "geometry": {"type": "Polygon", "coordinates": [[[89.375, 22.125], [89.625, 22.125], [89.625, 22.375], [89.375, 22.375], [89.375, 22.125]]]}, "properties": {"time": "2020-05-20T06:00:00", "variable": "ws", "tier": "low", "percentile": 100.0, "z": 4.66, "wind_ms": 10.74, "value": 10.74, "lat": 22.25, "lon": 89.5}}, {"type": "Feature", "geometry": {"type": "Polygon", "coordinates": [[[89.625, 22.125], [89.875, 22.125], [89.875, 22.375], [89.625, 22.375], [89.625, 22.125]]]}, "properties": {"time": "2020-05-20T06:00:00", "variable": "ws", "tier": "low", "percentile": 100.0, "z": 4.34, "wind_ms": 10.34, "value": 10.34, "lat": 22.25, "lon": 89.75}}, {"type": "Feature", "geometry": {"type": "Polygon", "coordinates": [[[89.875, 22.125], [90.125, 22.125], [90.125, 22.375], [89.875, 22.375], [89.875, 22.125]]]}, "properties": {"time": "2020-05-20T06:00:00", "variable": "ws", "tier": "low", "percentile": 100.0, "z": 4.04, "wind_ms": 10.89, "value": 10.89, "lat": 22.25, "lon": 90.0}}, {"type": "Feature", "geometry": {"type": "Polygon", "coordinates": [[[90.125, 22.125], [90.375, 22.125], [90.375, 22.375], [90.125, 22.375], [90.125, 22.125]]]}, "properties": {"time": "2020-05-20T06:00:00", "variable": "ws", "tier": "low", "percentile": 100.0, "z": 4.05, "wind_ms": 10.99, "value": 10.99, "lat": 22.25, "lon": 90.25}}, {"type": "Feature", "geometry": {"type": "Polygon", "coordinates": [[[90.375, 22.125], [90.625, 22.125], [90.625, 22.375], [90.375, 22.375], [90.375, 22.125]]]}, "properties": {"time": "2020-05-20T06:00:00", "variable": "ws", "tier": "low", "percentile": 100.0, "z": 4.35, "wind_ms": 11.65, "value": 11.65, "lat": 22.25, "lon": 90.5}}, {"type": "Feature", "geometry": {"type": "Polygon", "coordinates": [[[90.625, 22.125], [90.875, 22.125], [90.875, 22.375], [90.625, 22.375], [90.625, 22.125]]]}, "properties": {"time": "2020-05-20T06:00:00", "variable": "ws", "tier": "low", "percentile": 100.0, "z": 5.05, "wind_ms": 13.57, "value": 13.57, "lat": 22.25, "lon": 90.75}}, {"type": "Feature", "geometry": {"type": "Polygon", "coordinates": [[[90.875, 22.125], [91.125, 22.125], [91.125, 22.375], [90.875, 22.375], [90.875, 22.125]]]}, "properties": {"time": "2020-05-20T06:00:00", "variable": "ws", "tier": "low", "percentile": 100.0, "z": 5.58, "wind_ms": 15.94, "value": 15.94, "lat": 22.25, "lon": 91.0}}, {"type": "Feature", "geometry": {"type": "Polygon", "coordinates": [[[91.125, 22.125], [91.375, 22.125], [91.375, 22.375], [91.125, 22.375], [91.125, 22.125]]]}, "properties": {"time": "2020-05-20T06:00:00", "variable": "ws", "tier": "low", "percentile": 100.0, "z": 5.14, "wind_ms": 15.72, "value": 15.72, "lat": 22.25, "lon": 91.25}}, {"type": "Feature", "geometry": {"type": "Polygon", "coordinates": [[[91.375, 22.125], [91.625, 22.125], [91.625, 22.375], [91.375, 22.375], [91.375, 22.125]]]}, "properties": {"time": "2020-05-20T06:00:00", "variable": "ws", "tier": "low", "percentile": 100.0, "z": 4.27, "wind_ms": 13.97, "value": 13.97, "lat": 22.25, "lon": 91.5}}, {"type": "Feature", "geometry": {"type": "Polygon", "coordinates": [[[91.625, 22.125], [91.875, 22.125], [91.875, 22.375], [91.625, 22.375], [91.625, 22.125]]]}, "properties": {"time": "2020-05-20T06:00:00", "variable": "ws", "tier": "low", "percentile": 99.1, "z": 3.5, "wind_ms": 10.76, "value": 10.76, "lat": 22.25, "lon": 91.75}}, {"type": "Feature", "geometry": {"type": "Polygon", "coordinates": [[[86.625, 22.375], [86.875, 22.375], [86.875, 22.625], [86.625, 22.625], [86.625, 22.375]]]}, "properties": {"time": "2020-05-20T06:00:00", "variable": "ws", "tier": "low", "percentile": 100.0, "z": 7.21, "wind_ms": 9.67, "value": 9.67, "lat": 22.5, "lon": 86.75}}, {"type": "Feature", "geometry": {"type": "Polygon", "coordinates": [[[86.875, 22.375], [87.125, 22.375], [87.125, 22.625], [86.875, 22.625], [86.875, 22.375]]]}, "properties": {"time": "2020-05-20T06:00:00", "variable": "ws", "tier": "low", "percentile": 100.0, "z": 6.62, "wind_ms": 10.22, "value": 10.22, "lat": 22.5, "lon": 87.0}}, {"type": "Feature", "geometry": {"type": "Polygon", "coordinates": [[[87.125, 22.375], [87.375, 22.375], [87.375, 22.625], [87.125, 22.625], [87.125, 22.375]]]}, "properties": {"time": "2020-05-20T06:00:00", "variable": "ws", "tier": "low", "percentile": 100.0, "z": 6.06, "wind_ms": 10.3, "value": 10.3, "lat": 22.5, "lon": 87.25}}, {"type": "Feature", "geometry": {"type": "Polygon", "coordinates": [[[87.375, 22.375], [87.625, 22.375], [87.625, 22.625], [87.375, 22.625], [87.375, 22.375]]]}, "properties": {"time": "2020-05-20T06:00:00", "variable": "ws", "tier": "low", "percentile": 100.0, "z": 5.27, "wind_ms": 9.79, "value": 9.79, "lat": 22.5, "lon": 87.5}}, {"type": "Feature", "geometry": {"type": "Polygon", "coordinates": [[[87.625, 22.375], [87.875, 22.375], [87.875, 22.625], [87.625, 22.625], [87.625, 22.375]]]}, "properties": {"time": "2020-05-20T06:00:00", "variable": "ws", "tier": "low", "percentile": 100.0, "z": 4.83, "wind_ms": 9.61, "value": 9.61, "lat": 22.5, "lon": 87.75}}, {"type": "Feature", "geometry": {"type": "Polygon", "coordinates": [[[87.875, 22.375], [88.125, 22.375], [88.125, 22.625], [87.875, 22.625], [87.875, 22.375]]]}, "properties": {"time": "2020-05-20T06:00:00", "variable": "ws", "tier": "low", "percentile": 100.0, "z": 4.28, "wind_ms": 9.56, "value": 9.56, "lat": 22.5, "lon": 88.0}}, {"type": "Feature", "geometry": {"type": "Polygon", "coordinates": [[[89.125, 22.375], [89.375, 22.375], [89.375, 22.625], [89.125, 22.625], [89.125, 22.375]]]}, "properties": {"time": "2020-05-20T06:00:00", "variable": "ws", "tier": "low", "percentile": 100.0, "z": 3.55, "wind_ms": 8.99, "value": 8.99, "lat": 22.5, "lon": 89.25}}, {"type": "Feature", "geometry": {"type": "Polygon", "coordinates": [[[89.375, 22.375], [89.625, 22.375], [89.625, 22.625], [89.375, 22.625], [89.375, 22.375]]]}, "properties": {"time": "2020-05-20T06:00:00", "variable": "ws", "tier": "low", "percentile": 100.0, "z": 3.81, "wind_ms": 9.3, "value": 9.3, "lat": 22.5, "lon": 89.5}}, {"type": "Feature", "geometry": {"type": "Polygon", "coordinates": [[[89.625, 22.375], [89.875, 22.375], [89.875, 22.625], [89.625, 22.625], [89.625, 22.375]]]}, "properties": {"time": "2020-05-20T06:00:00", "variable": "ws", "tier": "low", "percentile": 100.0, "z": 4.34, "wind_ms": 10.31, "value": 10.31, "lat": 22.5, "lon": 89.75}}, {"type": "Feature", "geometry": {"type": "Polygon", "coordinates": [[[89.875, 22.375], [90.125, 22.375], [90.125, 22.625], [89.875, 22.625], [89.875, 22.375]]]}, "properties": {"time": "2020-05-20T06:00:00", "variable": "ws", "tier": "low", "percentile": 100.0, "z": 4.29, "wind_ms": 10.84, "value": 10.84, "lat": 22.5, "lon": 90.0}}, {"type": "Feature", "geometry": {"type": "Polygon", "coordinates": [[[90.125, 22.375], [90.375, 22.375], [90.375, 22.625], [90.125, 22.625], [90.125, 22.375]]]}, "properties": {"time": "2020-05-20T06:00:00", "variable": "ws", "tier": "low", "percentile": 100.0, "z": 4.28, "wind_ms": 10.98, "value": 10.98, "lat": 22.5, "lon": 90.25}}, {"type": "Feature", "geometry": {"type": "Polygon", "coordinates": [[[90.375, 22.375], [90.625, 22.375], [90.625, 22.625], [90.375, 22.625], [90.375, 22.375]]]}, "properties": {"time": "2020-05-20T06:00:00", "variable": "ws", "tier": "low", "percentile": 100.0, "z": 4.42, "wind_ms": 11.22, "value": 11.22, "lat": 22.5, "lon": 90.5}}, {"type": "Feature", "geometry": {"type": "Polygon", "coordinates": [[[90.625, 22.375], [90.875, 22.375], [90.875, 22.625], [90.625, 22.625], [90.625, 22.375]]]}, "properties": {"time": "2020-05-20T06:00:00", "variable": "ws", "tier": "low", "percentile": 100.0, "z": 4.93, "wind_ms": 12.99, "value": 12.99, "lat": 22.5, "lon": 90.75}}, {"type": "Feature", "geometry": {"type": "Polygon", "coordinates": [[[90.875, 22.375], [91.125, 22.375], [91.125, 22.625], [90.875, 22.625], [90.875, 22.375]]]}, "properties": {"time": "2020-05-20T06:00:00", "variable": "ws", "tier": "low", "percentile": 100.0, "z": 4.75, "wind_ms": 13.79, "value": 13.79, "lat": 22.5, "lon": 91.0}}, {"type": "Feature", "geometry": {"type": "Polygon", "coordinates": [[[91.125, 22.375], [91.375, 22.375], [91.375, 22.625], [91.125, 22.625], [91.125, 22.375]]]}, "properties": {"time": "2020-05-20T06:00:00", "variable": "ws", "tier": "low", "percentile": 100.0, "z": 4.37, "wind_ms": 13.86, "value": 13.86, "lat": 22.5, "lon": 91.25}}, {"type": "Feature", "geometry": {"type": "Polygon", "coordinates": [[[91.375, 22.375], [91.625, 22.375], [91.625, 22.625], [91.375, 22.625], [91.375, 22.375]]]}, "properties": {"time": "2020-05-20T06:00:00", "variable": "ws", "tier": "low", "percentile": 100.0, "z": 3.6, "wind_ms": 12.2, "value": 12.2, "lat": 22.5, "lon": 91.5}}, {"type": "Feature", "geometry": {"type": "Polygon", "coordinates": [[[86.625, 22.625], [86.875, 22.625], [86.875, 22.875], [86.625, 22.875], [86.625, 22.625]]]}, "properties": {"time": "2020-05-20T06:00:00", "variable": "ws", "tier": "low", "percentile": 100.0, "z": 7.2, "wind_ms": 9.78, "value": 9.78, "lat": 22.75, "lon": 86.75}}, {"type": "Feature", "geometry": {"type": "Polygon", "coordinates": [[[86.875, 22.625], [87.125, 22.625], [87.125, 22.875], [86.875, 22.875], [86.875, 22.625]]]}, "properties": {"time": "2020-05-20T06:00:00", "variable": "ws", "tier": "low", "percentile": 100.0, "z": 7.05, "wind_ms": 10.38, "value": 10.38, "lat": 22.75, "lon": 87.0}}, {"type": "Feature", "geometry": {"type": "Polygon", "coordinates": [[[87.125, 22.625], [87.375, 22.625], [87.375, 22.875], [87.125, 22.875], [87.125, 22.625]]]}, "properties": {"time": "2020-05-20T06:00:00", "variable": "ws", "tier": "low", "percentile": 100.0, "z": 6.45, "wind_ms": 10.48, "value": 10.48, "lat": 22.75, "lon": 87.25}}, {"type": "Feature", "geometry": {"type": "Polygon", "coordinates": [[[87.375, 22.625], [87.625, 22.625], [87.625, 22.875], [87.375, 22.875], [87.375, 22.625]]]}, "properties": {"time": "2020-05-20T06:00:00", "variable": "ws", "tier": "low", "percentile": 100.0, "z": 5.49, "wind_ms": 9.77, "value": 9.77, "lat": 22.75, "lon": 87.5}}, {"type": "Feature", "geometry": {"type": "Polygon", "coordinates": [[[87.625, 22.625], [87.875, 22.625], [87.875, 22.875], [87.625, 22.875], [87.625, 22.625]]]}, "properties": {"time": "2020-05-20T06:00:00", "variable": "ws", "tier": "low", "percentile": 100.0, "z": 4.69, "wind_ms": 9.1, "value": 9.1, "lat": 22.75, "lon": 87.75}}, {"type": "Feature", "geometry": {"type": "Polygon", "coordinates": [[[87.875, 22.625], [88.125, 22.625], [88.125, 22.875], [87.875, 22.875], [87.875, 22.625]]]}, "properties": {"time": "2020-05-20T06:00:00", "variable": "ws", "tier": "low", "percentile": 100.0, "z": 4.2, "wind_ms": 8.81, "value": 8.81, "lat": 22.75, "lon": 88.0}}, {"type": "Feature", "geometry": {"type": "Polygon", "coordinates": [[[89.625, 22.625], [89.875, 22.625], [89.875, 22.875], [89.625, 22.875], [89.625, 22.625]]]}, "properties": {"time": "2020-05-20T06:00:00", "variable": "ws", "tier": "low", "percentile": 100.0, "z": 4.14, "wind_ms": 10.01, "value": 10.01, "lat": 22.75, "lon": 89.75}}, {"type": "Feature", "geometry": {"type": "Polygon", "coordinates": [[[89.875, 22.625], [90.125, 22.625], [90.125, 22.875], [89.875, 22.875], [89.875, 22.625]]]}, "properties": {"time": "2020-05-20T06:00:00", "variable": "ws", "tier": "low", "percentile": 100.0, "z": 4.14, "wind_ms": 10.15, "value": 10.15, "lat": 22.75, "lon": 90.0}}, {"type": "Feature", "geometry": {"type": "Polygon", "coordinates": [[[90.125, 22.625], [90.375, 22.625], [90.375, 22.875], [90.125, 22.875], [90.125, 22.625]]]}, "properties": {"time": "2020-05-20T06:00:00", "variable": "ws", "tier": "low", "percentile": 100.0, "z": 4.35, "wind_ms": 10.49, "value": 10.49, "lat": 22.75, "lon": 90.25}}, {"type": "Feature", "geometry": {"type": "Polygon", "coordinates": [[[90.375, 22.625], [90.625, 22.625], [90.625, 22.875], [90.375, 22.875], [90.375, 22.625]]]}, "properties": {"time": "2020-05-20T06:00:00", "variable": "ws", "tier": "low", "percentile": 100.0, "z": 4.31, "wind_ms": 10.74, "value": 10.74, "lat": 22.75, "lon": 90.5}}, {"type": "Feature", "geometry": {"type": "Polygon", "coordinates": [[[90.625, 22.625], [90.875, 22.625], [90.875, 22.875], [90.625, 22.875], [90.625, 22.625]]]}, "properties": {"time": "2020-05-20T06:00:00", "variable": "ws", "tier": "low", "percentile": 100.0, "z": 4.17, "wind_ms": 10.89, "value": 10.89, "lat": 22.75, "lon": 90.75}}, {"type": "Feature", "geometry": {"type": "Polygon", "coordinates": [[[90.875, 22.625], [91.125, 22.625], [91.125, 22.875], [90.875, 22.875], [90.875, 22.625]]]}, "properties": {"time": "2020-05-20T06:00:00", "variable": "ws", "tier": "low", "percentile": 100.0, "z": 3.96, "wind_ms": 11.09, "value": 11.09, "lat": 22.75, "lon": 91.0}}, {"type": "Feature", "geometry": {"type": "Polygon", "coordinates": [[[91.125, 22.625], [91.375, 22.625], [91.375, 22.875], [91.125, 22.875], [91.125, 22.625]]]}, "properties": {"time": "2020-05-20T06:00:00", "variable": "ws", "tier": "low", "percentile": 100.0, "z": 3.66, "wind_ms": 11.13, "value": 11.13, "lat": 22.75, "lon": 91.25}}, {"type": "Feature", "geometry": {"type": "Polygon", "coordinates": [[[91.375, 22.625], [91.625, 22.625], [91.625, 22.875], [91.375, 22.875], [91.375, 22.625]]]}, "properties": {"time": "2020-05-20T06:00:00", "variable": "ws", "tier": "low", "percentile": 100.0, "z": 2.86, "wind_ms": 9.49, "value": 9.49, "lat": 22.75, "lon": 91.5}}], "properties": {"thresholds": {"low_z": 1.5, "low_ws": 8.7, "moderate_z": 2.0, "moderate_ws": 17.0, "severe_z": 3.0, "severe_ws": 25.0}, "note": "Tiers: z-score AND wind >= 8.7/17/25 m/s (IMD D/CS/SCS), only inside tracked-object boxes + 1 deg. Adjusted after observing results; not validated against impacts. Per-hour ERA5 reanalysis climatology; single member, not an ensemble EFI."}}