{"type": "FeatureCollection", "features": [{"type": "Feature", "geometry": {"type": "Polygon", "coordinates": [[[85.375, 16.375], [85.625, 16.375], [85.625, 16.625], [85.375, 16.625], [85.375, 16.375]]]}, "properties": {"time": "2019-11-08T12:00:00", "variable": "ws", "tier": "low", "percentile": 93.0, "z": 1.61, "wind_ms": 9.44, "value": 9.44, "lat": 16.5, "lon": 85.5}}, {"type": "Feature", "geometry": {"type": "Polygon", "coordinates": [[[85.625, 16.375], [85.875, 16.375], [85.875, 16.625], [85.625, 16.625], [85.625, 16.375]]]}, "properties": {"time": "2019-11-08T12:00:00", "variable": "ws", "tier": "low", "percentile": 97.4, "z": 1.92, "wind_ms": 10.17, "value": 10.17, "lat": 16.5, "lon": 85.75}}, {"type": "Feature", "geometry": {"type": "Polygon", "coordinates": [[[85.875, 16.375], [86.125, 16.375], [86.125, 16.625], [85.875, 16.625], [85.875, 16.375]]]}, "properties": {"time": "2019-11-08T12:00:00", "variable": "ws", "tier": "low", "percentile": 98.1, "z": 2.24, "wind_ms": 10.97, "value": 10.97, "lat": 16.5, "lon": 86.0}}, {"type": "Feature", "geometry": {"type": "Polygon", "coordinates": [[[86.125, 16.375], [86.375, 16.375], [86.375, 16.625], [86.125, 16.625], [86.125, 16.375]]]}, "properties": {"time": "2019-11-08T12:00:00", "variable": "ws", "tier": "low", "percentile": 98.1, "z": 2.45, "wind_ms": 11.42, "value": 11.42, "lat": 16.5, "lon": 86.25}}, {"type": "Feature", "geometry": {"type": "Polygon", "coordinates": [[[86.375, 16.375], [86.625, 16.375], [86.625, 16.625], [86.375, 16.625], [86.375, 16.375]]]}, "properties": {"time": "2019-11-08T12:00:00", "variable": "ws", "tier": "low", "percentile": 98.1, "z": 2.61, "wind_ms": 11.74, "value": 11.74, "lat": 16.5, "lon": 86.5}}, {"type": "Feature", "geometry": {"type": "Polygon", "coordinates": [[[86.625, 16.375], [86.875, 16.375], [86.875, 16.625], [86.625, 16.625], [86.625, 16.375]]]}, "properties": {"time": "2019-11-08T12:00:00", "variable": "ws", "tier": "low", "percentile": 98.1, "z": 2.74, "wind_ms": 12.1, "value": 12.1, "lat": 16.5, "lon": 86.75}}, {"type": "Feature", "geometry": {"type": "Polygon", "coordinates": [[[86.875, 16.375], [87.125, 16.375], [87.125, 16.625], [86.875, 16.625], [86.875, 16.375]]]}, "properties": {"time": "2019-11-08T12:00:00", "variable": "ws", "tier": "low", "percentile": 98.1, "z": 2.87, "wind_ms": 12.55, "value": 12.55, "lat": 16.5, "lon": 87.0}}, {"type": "Feature", "geometry": {"type": "Polygon", "coordinates": [[[87.125, 16.375], [87.375, 16.375], [87.375, 16.625], [87.125, 16.625], [87.125, 16.375]]]}, "properties": {"time": "2019-11-08T12:00:00", "variable": "ws", "tier": "low", "percentile": 98.9, "z": 3.05, "wind_ms": 13.07, "value": 13.07, "lat": 16.5, "lon": 87.25}}, {"type": "Feature", "geometry": {"type": "Polygon", "coordinates": [[[87.375, 16.375], [87.625, 16.375], [87.625, 16.625], [87.375, 16.625], [87.375, 16.375]]]}, "properties": {"time": "2019-11-08T12:00:00", "variable": "ws", "tier": "low", "percentile": 98.9, "z": 3.19, "wind_ms": 13.32, "value": 13.32, "lat": 16.5, "lon": 87.5}}, {"type": "Feature", "geometry": {"type": "Polygon", "coordinates": [[[87.625, 16.375], [87.875, 16.375], [87.875, 16.625], [87.625, 16.625], [87.625, 16.375]]]}, "properties": {"time": "2019-11-08T12:00:00", "variable": "ws", "tier": "low", "percentile": 98.9, "z": 3.44, "wind_ms": 13.66, "value": 13.66, "lat": 16.5, "lon": 87.75}}, {"type": "Feature", "geometry": {"type": "Polygon", "coordinates": [[[87.875, 16.375], [88.125, 16.375], [88.125, 16.625], [87.875, 16.625], [87.875, 16.375]]]}, "properties": {"time": "2019-11-08T12:00:00", "variable": "ws", "tier": "low", "percentile": 98.9, "z": 3.63, "wind_ms": 13.7, "value": 13.7, "lat": 16.5, "lon": 88.0}}, {"type": "Feature", "geometry": {"type": "Polygon", "coordinates": [[[88.125, 16.375], [88.375, 16.375], [88.375, 16.625], [88.125, 16.625], [88.125, 16.375]]]}, "properties": {"time": "2019-11-08T12:00:00", "variable": "ws", "tier": "low", "percentile": 99.6, "z": 3.79, "wind_ms": 13.81, "value": 13.81, "lat": 16.5, "lon": 88.25}}, {"type": "Feature", "geometry": {"type": "Polygon", "coordinates": [[[88.375, 16.375], [88.625, 16.375], [88.625, 16.625], [88.375, 16.625], [88.375, 16.375]]]}, "properties": {"time": "2019-11-08T12:00:00", "variable": "ws", "tier": "low", "percentile": 98.9, "z": 3.81, "wind_ms": 13.69, "value": 13.69, "lat": 16.5, "lon": 88.5}}, {"type": "Feature", "geometry": {"type": "Polygon", "coordinates": [[[88.625, 16.375], [88.875, 16.375], [88.875, 16.625], [88.625, 16.625], [88.625, 16.375]]]}, "properties": {"time": "2019-11-08T12:00:00", "variable": "ws", "tier": "low", "percentile": 98.9, "z": 3.77, "wind_ms": 13.42, "value": 13.42, "lat": 16.5, "lon": 88.75}}, {"type": "Feature", "geometry": {"type": "Polygon", "coordinates": [[[88.875, 16.375], [89.125, 16.375], [89.125, 16.625], [88.875, 16.625], [88.875, 16.375]]]}, "properties": {"time": "2019-11-08T12:00:00", "variable": "ws", "tier": "low", "percentile": 98.9, "z": 3.63, "wind_ms": 12.93, "value": 12.93, "lat": 16.5, "lon": 89.0}}, {"type": "Feature", "geometry": {"type": "Polygon", "coordinates": [[[89.125, 16.375], [89.375, 16.375], [89.375, 16.625], [89.125, 16.625], [89.125, 16.375]]]}, "properties": {"time": "2019-11-08T12:00:00", "variable": "ws", "tier": "low", "percentile": 98.9, "z": 3.55, "wind_ms": 12.55, "value": 12.55, "lat": 16.5, "lon": 89.25}}, {"type": "Feature", "geometry": {"type": "Polygon", "coordinates": [[[89.375, 16.375], [89.625, 16.375], [89.625, 16.625], [89.375, 16.625], [89.375, 16.375]]]}, "properties": {"time": "2019-11-08T12:00:00", "variable": "ws", "tier": "low", "percentile": 98.9, "z": 3.49, "wind_ms": 12.21, "value": 12.21, "lat": 16.5, "lon": 89.5}}, {"type": "Feature", "geometry": {"type": "Polygon", "coordinates": [[[89.625, 16.375], [89.875, 16.375], [89.875, 16.625], [89.625, 16.625], [89.625, 16.375]]]}, "properties": {"time": "2019-11-08T12:00:00", "variable": "ws", "tier": "low", "percentile": 98.9, "z": 3.46, "wind_ms": 11.87, "value": 11.87, "lat": 16.5, "lon": 89.75}}, {"type": "Feature", "geometry": {"type": "Polygon", "coordinates": [[[89.875, 16.375], [90.125, 16.375], [90.125, 16.625], [89.875, 16.625], [89.875, 16.375]]]}, "properties": {"time": "2019-11-08T12:00:00", "variable": "ws", "tier": "low", "percentile": 98.9, "z": 3.46, "wind_ms": 11.64, "value": 11.64, "lat": 16.5, "lon": 90.0}}, {"type": "Feature", "geometry": {"type": "Polygon", "coordinates": [[[90.125, 16.375], [90.375, 16.375], [90.375, 16.625], [90.125, 16.625], [90.125, 16.375]]]}, "properties": {"time": "2019-11-08T12:00:00", "variable": "ws", "tier": "low", "percentile": 98.9, "z": 3.44, "wind_ms": 11.48, "value": 11.48, "lat": 16.5, "lon": 90.25}}, {"type": "Feature", "geometry": {"type": "Polygon", "coordinates": [[[90.375, 16.375], [90.625, 16.375], [90.625, 16.625], [90.375, 16.625], [90.375, 16.375]]]}, "properties": {"time": "2019-11-08T12:00:00", "variable": "ws", "tier": "low", "percentile": 98.1, "z": 3.34, "wind_ms": 11.22, "value": 11.22, "lat": 16.5, "lon": 90.5}}, {"type": "Feature", "geometry": {"type": "Polygon", "coordinates": [[[85.125, 16.625], [85.375, 16.625], [85.375, 16.875], [85.125, 16.875], [85.125, 16.625]]]}, "properties": {"time": "2019-11-08T12:00:00", "variable": "ws", "tier": "low", "percentile": 91.5, "z": 1.51, "wind_ms": 9.22, "value": 9.22, "lat": 16.75, "lon": 85.25}}, {"type": "Feature", "geometry": {"type": "Polygon", "coordinates": [[[85.375, 16.625], [85.625, 16.625], [85.625, 16.875], [85.375, 16.875], [85.375, 16.625]]]}, "properties": {"time": "2019-11-08T12:00:00", "variable": "ws", "tier": "low", "percentile": 96.7, "z": 1.91, "wind_ms": 10.16, "value": 10.16, "lat": 16.75, "lon": 85.5}}, {"type": "Feature", "geometry": {"type": "Polygon", "coordinates": [[[85.625, 16.625], [85.875, 16.625], [85.875, 16.875], [85.625, 16.875], [85.625, 16.625]]]}, "properties": {"time": "2019-11-08T12:00:00", "variable": "ws", "tier": "low", "percentile": 98.9, "z": 2.28, "wind_ms": 11.03, "value": 11.03, "lat": 16.75, "lon": 85.75}}, {"type": "Feature", "geometry": {"type": "Polygon", "coordinates": [[[85.875, 16.625], [86.125, 16.625], [86.125, 16.875], [85.875, 16.875], [85.875, 16.625]]]}, "properties": {"time": "2019-11-08T12:00:00", "variable": "ws", "tier": "low", "percentile": 98.9, "z": 2.52, "wind_ms": 11.65, "value": 11.65, "lat": 16.75, "lon": 86.0}}, {"type": "Feature", "geometry": {"type": "Polygon", "coordinates": [[[86.125, 16.625], [86.375, 16.625], [86.375, 16.875], [86.125, 16.875], [86.125, 16.625]]]}, "properties": {"time": "2019-11-08T12:00:00", "variable": "ws", "tier": "low", "percentile": 98.1, "z": 2.7, "wind_ms": 12.04, "value": 12.04, "lat": 16.75, "lon": 86.25}}, {"type": "Feature", "geometry": {"type": "Polygon", "coordinates": [[[86.375, 16.625], [86.625, 16.625], [86.625, 16.875], [86.375, 16.875], [86.375, 16.625]]]}, "properties": {"time": "2019-11-08T12:00:00", "variable": "ws", "tier": "low", "percentile": 98.1, "z": 2.83, "wind_ms": 12.31, "value": 12.31, "lat": 16.75, "lon": 86.5}}, {"type": "Feature", "geometry": {"type": "Polygon", "coordinates": [[[86.625, 16.625], [86.875, 16.625], [86.875, 16.875], [86.625, 16.875], [86.625, 16.625]]]}, "properties": {"time": "2019-11-08T12:00:00", "variable": "ws", "tier": "low", "percentile": 98.1, "z": 2.92, "wind_ms": 12.54, "value": 12.54, "lat": 16.75, "lon": 86.75}}, {"type": "Feature", "geometry": {"type": "Polygon", "coordinates": [[[86.875, 16.625], [87.125, 16.625], [87.125, 16.875], [86.875, 16.875], [86.875, 16.625]]]}, "properties": {"time": "2019-11-08T12:00:00", "variable": "ws", "tier": "low", "percentile": 98.9, "z": 3.04, "wind_ms": 12.92, "value": 12.92, "lat": 16.75, "lon": 87.0}}, {"type": "Feature", "geometry": {"type": "Polygon", "coordinates": [[[87.125, 16.625], [87.375, 16.625], [87.375, 16.875], [87.125, 16.875], [87.125, 16.625]]]}, "properties": {"time": "2019-11-08T12:00:00", "variable": "ws", "tier": "low", "percentile": 98.9, "z": 3.25, "wind_ms": 13.48, "value": 13.48, "lat": 16.75, "lon": 87.25}}, {"type": "Feature", "geometry": {"type": "Polygon", "coordinates": [[[87.375, 16.625], [87.625, 16.625], [87.625, 16.875], [87.375, 16.875], [87.375, 16.625]]]}, "properties": {"time": "2019-11-08T12:00:00", "variable": "ws", "tier": "low", "percentile": 98.9, "z": 3.53, "wind_ms": 14.06, "value": 14.06, "lat": 16.75, "lon": 87.5}}, {"type": "Feature", "geometry": {"type": "Polygon", "coordinates": [[[87.625, 16.625], [87.875, 16.625], [87.875, 16.875], [87.625, 16.875], [87.625, 16.625]]]}, "properties": {"time": "2019-11-08T12:00:00", "variable": "ws", "tier": "low", "percentile": 98.9, "z": 3.89, "wind_ms": 14.81, "value": 14.81, "lat": 16.75, "lon": 87.75}}, {"type": "Feature", "geometry": {"type": "Polygon", "coordinates": [[[87.875, 16.625], [88.125, 16.625], [88.125, 16.875], [87.875, 16.875], [87.875, 16.625]]]}, "properties": {"time": "2019-11-08T12:00:00", "variable": "ws", "tier": "low", "percentile": 99.6, "z": 4.15, "wind_ms": 15.0, "value": 15.0, "lat": 16.75, "lon": 88.0}}, {"type": "Feature", "geometry": {"type": "Polygon", "coordinates": [[[88.125, 16.625], [88.375, 16.625], [88.375, 16.875], [88.125, 16.875], [88.125, 16.625]]]}, "properties": {"time": "2019-11-08T12:00:00", "variable": "ws", "tier": "low", "percentile": 99.6, "z": 4.27, "wind_ms": 14.81, "value": 14.81, "lat": 16.75, "lon": 88.25}}, {"type": "Feature", "geometry": {"type": "Polygon", "coordinates": [[[88.375, 16.625], [88.625, 16.625], [88.625, 16.875], [88.375, 16.875], [88.375, 16.625]]]}, "properties": {"time": "2019-11-08T12:00:00", "variable": "ws", "tier": "low", "percentile": 99.6, "z": 4.27, "wind_ms": 14.53, "value": 14.53, "lat": 16.75, "lon": 88.5}}, {"type": "Feature", "geometry": {"type": "Polygon", "coordinates": [[[88.625, 16.625], [88.875, 16.625], [88.875, 16.875], [88.625, 16.875], [88.625, 16.625]]]}, "properties": {"time": "2019-11-08T12:00:00", "variable": "ws", "tier": "low", "percentile": 99.6, "z": 4.23, "wind_ms": 14.27, "value": 14.27, "lat": 16.75, "lon": 88.75}}, {"type": "Feature", "geometry": {"type": "Polygon", "coordinates": [[[88.875, 16.625], [89.125, 16.625], [89.125, 16.875], [88.875, 16.875], [88.875, 16.625]]]}, "properties": {"time": "2019-11-08T12:00:00", "variable": "ws", "tier": "low", "percentile": 98.9, "z": 4.14, "wind_ms": 13.85, "value": 13.85, "lat": 16.75, "lon": 89.0}}, {"type": "Feature", "geometry": {"type": "Polygon", "coordinates": [[[89.125, 16.625], [89.375, 16.625], [89.375, 16.875], [89.125, 16.875], [89.125, 16.625]]]}, "properties": {"time": "2019-11-08T12:00:00", "variable": "ws", "tier": "low", "percentile": 98.9, "z": 4.0, "wind_ms": 13.3, "value": 13.3, "lat": 16.75, "lon": 89.25}}, {"type": "Feature", "geometry": {"type": "Polygon", "coordinates": [[[89.375, 16.625], [89.625, 16.625], [89.625, 16.875], [89.375, 16.875], [89.375, 16.625]]]}, "properties": {"time": "2019-11-08T12:00:00", "variable": "ws", "tier": "low", "percentile": 98.9, "z": 3.99, "wind_ms": 13.01, "value": 13.01, "lat": 16.75, "lon": 89.5}}, {"type": "Feature", "geometry": {"type": "Polygon", "coordinates": [[[89.625, 16.625], [89.875, 16.625], [89.875, 16.875], [89.625, 16.875], [89.625, 16.625]]]}, "properties": {"time": "2019-11-08T12:00:00", "variable": "ws", "tier": "low", "percentile": 98.9, "z": 3.96, "wind_ms": 12.69, "value": 12.69, "lat": 16.75, "lon": 89.75}}, {"type": "Feature", "geometry": {"type": "Polygon", "coordinates": [[[89.875, 16.625], [90.125, 16.625], [90.125, 16.875], [89.875, 16.875], [89.875, 16.625]]]}, "properties": {"time": "2019-11-08T12:00:00", "variable": "ws", "tier": "low", "percentile": 98.9, "z": 3.86, "wind_ms": 12.22, "value": 12.22, "lat": 16.75, "lon": 90.0}}, {"type": "Feature", "geometry": {"type": "Polygon", "coordinates": [[[90.125, 16.625], [90.375, 16.625], [90.375, 16.875], [90.125, 16.875], [90.125, 16.625]]]}, "properties": {"time": "2019-11-08T12:00:00", "variable": "ws", "tier": "low", "percentile": 98.9, "z": 3.86, "wind_ms": 12.05, "value": 12.05, "lat": 16.75, "lon": 90.25}}, {"type": "Feature", "geometry": {"type": "Polygon", "coordinates": [[[90.375, 16.625], [90.625, 16.625], [90.625, 16.875], [90.375, 16.875], [90.375, 16.625]]]}, "properties": {"time": "2019-11-08T12:00:00", "variable": "ws", "tier": "low", "percentile": 98.9, "z": 3.82, "wind_ms": 11.86, "value": 11.86, "lat": 16.75, "lon": 90.5}}, {"type": "Feature", "geometry": {"type": "Polygon", "coordinates": [[[85.125, 16.875], [85.375, 16.875], [85.375, 17.125], [85.125, 17.125], [85.125, 16.875]]]}, "properties": {"time": "2019-11-08T12:00:00", "variable": "ws", "tier": "low", "percentile": 95.2, "z": 1.68, "wind_ms": 9.7, "value": 9.7, "lat": 17.0, "lon": 85.25}}, {"type": "Feature", "geometry": {"type": "Polygon", "coordinates": [[[85.375, 16.875], [85.625, 16.875], [85.625, 17.125], [85.375, 17.125], [85.375, 16.875]]]}, "properties": {"time": "2019-11-08T12:00:00", "variable": "ws", "tier": "low", "percentile": 97.4, "z": 2.19, "wind_ms": 10.94, "value": 10.94, "lat": 17.0, "lon": 85.5}}, {"type": "Feature", "geometry": {"type": "Polygon", "coordinates": [[[85.625, 16.875], [85.875, 16.875], [85.875, 17.125], [85.625, 17.125], [85.625, 16.875]]]}, "properties": {"time": "2019-11-08T12:00:00", "variable": "ws", "tier": "low", "percentile": 98.9, "z": 2.57, "wind_ms": 11.84, "value": 11.84, "lat": 17.0, "lon": 85.75}}, {"type": "Feature", "geometry": {"type": "Polygon", "coordinates": [[[85.875, 16.875], [86.125, 16.875], [86.125, 17.125], [85.875, 17.125], [85.875, 16.875]]]}, "properties": {"time": "2019-11-08T12:00:00", "variable": "ws", "tier": "low", "percentile": 98.9, "z": 2.85, "wind_ms": 12.49, "value": 12.49, "lat": 17.0, "lon": 86.0}}, {"type": "Feature", "geometry": {"type": "Polygon", "coordinates": [[[86.125, 16.875], [86.375, 16.875], [86.375, 17.125], [86.125, 17.125], [86.125, 16.875]]]}, "properties": {"time": "2019-11-08T12:00:00", "variable": "ws", "tier": "low", "percentile": 98.9, "z": 3.05, "wind_ms": 12.96, "value": 12.96, "lat": 17.0, "lon": 86.25}}, {"type": "Feature", "geometry": {"type": "Polygon", "coordinates": [[[86.375, 16.875], [86.625, 16.875], [86.625, 17.125], [86.375, 17.125], [86.375, 16.875]]]}, "properties": {"time": "2019-11-08T12:00:00", "variable": "ws", "tier": "low", "percentile": 98.9, "z": 3.15, "wind_ms": 13.21, "value": 13.21, "lat": 17.0, "lon": 86.5}}, {"type": "Feature", "geometry": {"type": "Polygon", "coordinates": [[[86.625, 16.875], [86.875, 16.875], [86.875, 17.125], [86.625, 17.125], [86.625, 16.875]]]}, "properties": {"time": "2019-11-08T12:00:00", "variable": "ws", "tier": "low", "percentile": 98.9, "z": 3.23, "wind_ms": 13.38, "value": 13.38, "lat": 17.0, "lon": 86.75}}, {"type": "Feature", "geometry": {"type": "Polygon", "coordinates": [[[86.875, 16.875], [87.125, 16.875], [87.125, 17.125], [86.875, 17.125], [86.875, 16.875]]]}, "properties": {"time": "2019-11-08T12:00:00", "variable": "ws", "tier": "low", "percentile": 98.9, "z": 3.35, "wind_ms": 13.7, "value": 13.7, "lat": 17.0, "lon": 87.0}}, {"type": "Feature", "geometry": {"type": "Polygon", "coordinates": [[[87.125, 16.875], [87.375, 16.875], [87.375, 17.125], [87.125, 17.125], [87.125, 16.875]]]}, "properties": {"time": "2019-11-08T12:00:00", "variable": "ws", "tier": "low", "percentile": 98.9, "z": 3.52, "wind_ms": 14.17, "value": 14.17, "lat": 17.0, "lon": 87.25}}, {"type": "Feature", "geometry": {"type": "Polygon", "coordinates": [[[87.375, 16.875], [87.625, 16.875], [87.625, 17.125], [87.375, 17.125], [87.375, 16.875]]]}, "properties": {"time": "2019-11-08T12:00:00", "variable": "ws", "tier": "low", "percentile": 98.9, "z": 3.77, "wind_ms": 14.68, "value": 14.68, "lat": 17.0, "lon": 87.5}}, {"type": "Feature", "geometry": {"type": "Polygon", "coordinates": [[[87.625, 16.875], [87.875, 16.875], [87.875, 17.125], [87.625, 17.125], [87.625, 16.875]]]}, "properties": {"time": "2019-11-08T12:00:00", "variable": "ws", "tier": "low", "percentile": 98.9, "z": 4.02, "wind_ms": 15.16, "value": 15.16, "lat": 17.0, "lon": 87.75}}, {"type": "Feature", "geometry": {"type": "Polygon", "coordinates": [[[87.875, 16.875], [88.125, 16.875], [88.125, 17.125], [87.875, 17.125], [87.875, 16.875]]]}, "properties": {"time": "2019-11-08T12:00:00", "variable": "ws", "tier": "low", "percentile": 99.6, "z": 4.32, "wind_ms": 15.55, "value": 15.55, "lat": 17.0, "lon": 88.0}}, {"type": "Feature", "geometry": {"type": "Polygon", "coordinates": [[[88.125, 16.875], [88.375, 16.875], [88.375, 17.125], [88.125, 17.125], [88.125, 16.875]]]}, "properties": {"time": "2019-11-08T12:00:00", "variable": "ws", "tier": "low", "percentile": 99.6, "z": 4.64, "wind_ms": 15.71, "value": 15.71, "lat": 17.0, "lon": 88.25}}, {"type": "Feature", "geometry": {"type": "Polygon", "coordinates": [[[88.375, 16.875], [88.625, 16.875], [88.625, 17.125], [88.375, 17.125], [88.375, 16.875]]]}, "properties": {"time": "2019-11-08T12:00:00", "variable": "ws", "tier": "low", "percentile": 99.6, "z": 4.76, "wind_ms": 15.58, "value": 15.58, "lat": 17.0, "lon": 88.5}}, {"type": "Feature", "geometry": {"type": "Polygon", "coordinates": [[[88.625, 16.875], [88.875, 16.875], [88.875, 17.125], [88.625, 17.125], [88.625, 16.875]]]}, "properties": {"time": "2019-11-08T12:00:00", "variable": "ws", "tier": "low", "percentile": 99.6, "z": 4.8, "wind_ms": 15.35, "value": 15.35, "lat": 17.0, "lon": 88.75}}, {"type": "Feature", "geometry": {"type": "Polygon", "coordinates": [[[88.875, 16.875], [89.125, 16.875], [89.125, 17.125], [88.875, 17.125], [88.875, 16.875]]]}, "properties": {"time": "2019-11-08T12:00:00", "variable": "ws", "tier": "low", "percentile": 99.6, "z": 4.62, "wind_ms": 14.77, "value": 14.77, "lat": 17.0, "lon": 89.0}}, {"type": "Feature", "geometry": {"type": "Polygon", "coordinates": [[[89.125, 16.875], [89.375, 16.875], [89.375, 17.125], [89.125, 17.125], [89.125, 16.875]]]}, "properties": {"time": "2019-11-08T12:00:00", "variable": "ws", "tier": "low", "percentile": 98.9, "z": 4.39, "wind_ms": 14.05, "value": 14.05, "lat": 17.0, "lon": 89.25}}, {"type": "Feature", "geometry": {"type": "Polygon", "coordinates": [[[89.375, 16.875], [89.625, 16.875], [89.625, 17.125], [89.375, 17.125], [89.375, 16.875]]]}, "properties": {"time": "2019-11-08T12:00:00", "variable": "ws", "tier": "low", "percentile": 98.9, "z": 4.36, "wind_ms": 13.66, "value": 13.66, "lat": 17.0, "lon": 89.5}}, {"type": "Feature", "geometry": {"type": "Polygon", "coordinates": [[[89.625, 16.875], [89.875, 16.875], [89.875, 17.125], [89.625, 17.125], [89.625, 16.875]]]}, "properties": {"time": "2019-11-08T12:00:00", "variable": "ws", "tier": "low", "percentile": 98.9, "z": 4.44, "wind_ms": 13.53, "value": 13.53, "lat": 17.0, "lon": 89.75}}, {"type": "Feature", "geometry": {"type": "Polygon", "coordinates": [[[89.875, 16.875], [90.125, 16.875], [90.125, 17.125], [89.875, 17.125], [89.875, 16.875]]]}, "properties": {"time": "2019-11-08T12:00:00", "variable": "ws", "tier": "low", "percentile": 98.9, "z": 4.32, "wind_ms": 13.03, "value": 13.03, "lat": 17.0, "lon": 90.0}}, {"type": "Feature", "geometry": {"type": "Polygon", "coordinates": [[[90.125, 16.875], [90.375, 16.875], [90.375, 17.125], [90.125, 17.125], [90.125, 16.875]]]}, "properties": {"time": "2019-11-08T12:00:00", "variable": "ws", "tier": "low", "percentile": 98.9, "z": 4.21, "wind_ms": 12.58, "value": 12.58, "lat": 17.0, "lon": 90.25}}, {"type": "Feature", "geometry": {"type": "Polygon", "coordinates": [[[90.375, 16.875], [90.625, 16.875], [90.625, 17.125], [90.375, 17.125], [90.375, 16.875]]]}, "properties": {"time": "2019-11-08T12:00:00", "variable": "ws", "tier": "low", "percentile": 98.9, "z": 4.19, "wind_ms": 12.39, "value": 12.39, "lat": 17.0, "lon": 90.5}}, {"type": "Feature", "geometry": {"type": "Polygon", "coordinates": [[[85.125, 17.125], [85.375, 17.125], [85.375, 17.375], [85.125, 17.375], [85.125, 17.125]]]}, "properties": {"time": "2019-11-08T12:00:00", "variable": "ws", "tier": "low", "percentile": 95.2, "z": 1.83, "wind_ms": 10.21, "value": 10.21, "lat": 17.25, "lon": 85.25}}, {"type": "Feature", "geometry": {"type": "Polygon", "coordinates": [[[85.375, 17.125], [85.625, 17.125], [85.625, 17.375], [85.375, 17.375], [85.375, 17.125]]]}, "properties": {"time": "2019-11-08T12:00:00", "variable": "ws", "tier": "low", "percentile": 99.6, "z": 2.41, "wind_ms": 11.55, "value": 11.55, "lat": 17.25, "lon": 85.5}}, {"type": "Feature", "geometry": {"type": "Polygon", "coordinates": [[[85.625, 17.125], [85.875, 17.125], [85.875, 17.375], [85.625, 17.375], [85.625, 17.125]]]}, "properties": {"time": "2019-11-08T12:00:00", "variable": "ws", "tier": "low", "percentile": 99.6, "z": 2.88, "wind_ms": 12.6, "value": 12.6, "lat": 17.25, "lon": 85.75}}, {"type": "Feature", "geometry": {"type": "Polygon", "coordinates": [[[85.875, 17.125], [86.125, 17.125], [86.125, 17.375], [85.875, 17.375], [85.875, 17.125]]]}, "properties": {"time": "2019-11-08T12:00:00", "variable": "ws", "tier": "low", "percentile": 99.6, "z": 3.27, "wind_ms": 13.52, "value": 13.52, "lat": 17.25, "lon": 86.0}}, {"type": "Feature", "geometry": {"type": "Polygon", "coordinates": [[[86.125, 17.125], [86.375, 17.125], [86.375, 17.375], [86.125, 17.375], [86.125, 17.125]]]}, "properties": {"time": "2019-11-08T12:00:00", "variable": "ws", "tier": "low", "percentile": 99.6, "z": 3.55, "wind_ms": 14.23, "value": 14.23, "lat": 17.25, "lon": 86.25}}, {"type": "Feature", "geometry": {"type": "Polygon", "coordinates": [[[86.375, 17.125], [86.625, 17.125], [86.625, 17.375], [86.375, 17.375], [86.375, 17.125]]]}, "properties": {"time": "2019-11-08T12:00:00", "variable": "ws", "tier": "low", "percentile": 99.6, "z": 3.63, "wind_ms": 14.46, "value": 14.46, "lat": 17.25, "lon": 86.5}}, {"type": "Feature", "geometry": {"type": "Polygon", "coordinates": [[[86.625, 17.125], [86.875, 17.125], [86.875, 17.375], [86.625, 17.375], [86.625, 17.125]]]}, "properties": {"time": "2019-11-08T12:00:00", "variable": "ws", "tier": "low", "percentile": 99.6, "z": 3.7, "wind_ms": 14.66, "value": 14.66, "lat": 17.25, "lon": 86.75}}, {"type": "Feature", "geometry": {"type": "Polygon", "coordinates": [[[86.875, 17.125], [87.125, 17.125], [87.125, 17.375], [86.875, 17.375], [86.875, 17.125]]]}, "properties": {"time": "2019-11-08T12:00:00", "variable": "ws", "tier": "low", "percentile": 99.6, "z": 3.87, "wind_ms": 15.08, "value": 15.08, "lat": 17.25, "lon": 87.0}}, {"type": "Feature", "geometry": {"type": "Polygon", "coordinates": [[[87.125, 17.125], [87.375, 17.125], [87.375, 17.375], [87.125, 17.375], [87.125, 17.125]]]}, "properties": {"time": "2019-11-08T12:00:00", "variable": "ws", "tier": "low", "percentile": 99.6, "z": 4.1, "wind_ms": 15.72, "value": 15.72, "lat": 17.25, "lon": 87.25}}, {"type": "Feature", "geometry": {"type": "Polygon", "coordinates": [[[87.375, 17.125], [87.625, 17.125], [87.625, 17.375], [87.375, 17.375], [87.375, 17.125]]]}, "properties": {"time": "2019-11-08T12:00:00", "variable": "ws", "tier": "low", "percentile": 99.6, "z": 4.35, "wind_ms": 16.33, "value": 16.33, "lat": 17.25, "lon": 87.5}}, {"type": "Feature", "geometry": {"type": "Polygon", "coordinates": [[[87.625, 17.125], [87.875, 17.125], [87.875, 17.375], [87.625, 17.375], [87.625, 17.125]]]}, "properties": {"time": "2019-11-08T12:00:00", "variable": "ws", "tier": "low", "percentile": 99.6, "z": 4.46, "wind_ms": 16.48, "value": 16.48, "lat": 17.25, "lon": 87.75}}, {"type": "Feature", "geometry": {"type": "Polygon", "coordinates": [[[87.875, 17.125], [88.125, 17.125], [88.125, 17.375], [87.875, 17.375], [87.875, 17.125]]]}, "properties": {"time": "2019-11-08T12:00:00", "variable": "ws", "tier": "low", "percentile": 99.6, "z": 4.62, "wind_ms": 16.57, "value": 16.57, "lat": 17.25, "lon": 88.0}}, {"type": "Feature", "geometry": {"type": "Polygon", "coordinates": [[[88.125, 17.125], [88.375, 17.125], [88.375, 17.375], [88.125, 17.375], [88.125, 17.125]]]}, "properties": {"time": "2019-11-08T12:00:00", "variable": "ws", "tier": "low", "percentile": 99.6, "z": 4.94, "wind_ms": 16.81, "value": 16.81, "lat": 17.25, "lon": 88.25}}, {"type": "Feature", "geometry": {"type": "Polygon", "coordinates": [[[88.375, 17.125], [88.625, 17.125], [88.625, 17.375], [88.375, 17.375], [88.375, 17.125]]]}, "properties": {"time": "2019-11-08T12:00:00", "variable": "ws", "tier": "low", "percentile": 99.6, "z": 5.19, "wind_ms": 16.78, "value": 16.78, "lat": 17.25, "lon": 88.5}}, {"type": "Feature", "geometry": {"type": "Polygon", "coordinates": [[[88.625, 17.125], [88.875, 17.125], [88.875, 17.375], [88.625, 17.375], [88.625, 17.125]]]}, "properties": {"time": "2019-11-08T12:00:00", "variable": "ws", "tier": "low", "percentile": 99.6, "z": 5.33, "wind_ms": 16.54, "value": 16.54, "lat": 17.25, "lon": 88.75}}, {"type": "Feature", "geometry": {"type": "Polygon", "coordinates": [[[88.875, 17.125], [89.125, 17.125], [89.125, 17.375], [88.875, 17.375], [88.875, 17.125]]]}, "properties": {"time": "2019-11-08T12:00:00", "variable": "ws", "tier": "low", "percentile": 99.6, "z": 5.08, "wind_ms": 15.65, "value": 15.65, "lat": 17.25, "lon": 89.0}}, {"type": "Feature", "geometry": {"type": "Polygon", "coordinates": [[[89.125, 17.125], [89.375, 17.125], [89.375, 17.375], [89.125, 17.375], [89.125, 17.125]]]}, "properties": {"time": "2019-11-08T12:00:00", "variable": "ws", "tier": "low", "percentile": 99.6, "z": 4.78, "wind_ms": 14.81, "value": 14.81, "lat": 17.25, "lon": 89.25}}, {"type": "Feature", "geometry": {"type": "Polygon", "coordinates": [[[89.375, 17.125], [89.625, 17.125], [89.625, 17.375], [89.375, 17.375], [89.375, 17.125]]]}, "properties": {"time": "2019-11-08T12:00:00", "variable": "ws", "tier": "low", "percentile": 98.9, "z": 4.75, "wind_ms": 14.45, "value": 14.45, "lat": 17.25, "lon": 89.5}}, {"type": "Feature", "geometry": {"type": "Polygon", "coordinates": [[[89.625, 17.125], [89.875, 17.125], [89.875, 17.375], [89.625, 17.375], [89.625, 17.125]]]}, "properties": {"time": "2019-11-08T12:00:00", "variable": "ws", "tier": "low", "percentile": 99.6, "z": 4.81, "wind_ms": 14.24, "value": 14.24, "lat": 17.25, "lon": 89.75}}, {"type": "Feature", "geometry": {"type": "Polygon", "coordinates": [[[89.875, 17.125], [90.125, 17.125], [90.125, 17.375], [89.875, 17.375], [89.875, 17.125]]]}, "properties": {"time": "2019-11-08T12:00:00", "variable": "ws", "tier": "low", "percentile": 99.6, "z": 4.7, "wind_ms": 13.68, "value": 13.68, "lat": 17.25, "lon": 90.0}}, {"type": "Feature", "geometry": {"type": "Polygon", "coordinates": [[[90.125, 17.125], [90.375, 17.125], [90.375, 17.375], [90.125, 17.375], [90.125, 17.125]]]}, "properties": {"time": "2019-11-08T12:00:00", "variable": "ws", "tier": "low", "percentile": 98.9, "z": 4.56, "wind_ms": 13.18, "value": 13.18, "lat": 17.25, "lon": 90.25}}, {"type": "Feature", "geometry": {"type": "Polygon", "coordinates": [[[90.375, 17.125], [90.625, 17.125], [90.625, 17.375], [90.375, 17.375], [90.375, 17.125]]]}, "properties": {"time": "2019-11-08T12:00:00", "variable": "ws", "tier": "low", "percentile": 98.9, "z": 4.43, "wind_ms": 12.8, "value": 12.8, "lat": 17.25, "lon": 90.5}}, {"type": "Feature", "geometry": {"type": "Polygon", "coordinates": [[[85.125, 17.375], [85.375, 17.375], [85.375, 17.625], [85.125, 17.625], [85.125, 17.375]]]}, "properties": {"time": "2019-11-08T12:00:00", "variable": "ws", "tier": "low", "percentile": 98.1, "z": 2.12, "wind_ms": 10.98, "value": 10.98, "lat": 17.5, "lon": 85.25}}, {"type": "Feature", "geometry": {"type": "Polygon", "coordinates": [[[85.375, 17.375], [85.625, 17.375], [85.625, 17.625], [85.375, 17.625], [85.375, 17.375]]]}, "properties": {"time": "2019-11-08T12:00:00", "variable": "ws", "tier": "low", "percentile": 99.6, "z": 2.81, "wind_ms": 12.65, "value": 12.65, "lat": 17.5, "lon": 85.5}}, {"type": "Feature", "geometry": {"type": "Polygon", "coordinates": [[[85.625, 17.375], [85.875, 17.375], [85.875, 17.625], [85.625, 17.625], [85.625, 17.375]]]}, "properties": {"time": "2019-11-08T12:00:00", "variable": "ws", "tier": "low", "percentile": 99.6, "z": 3.28, "wind_ms": 13.64, "value": 13.64, "lat": 17.5, "lon": 85.75}}, {"type": "Feature", "geometry": {"type": "Polygon", "coordinates": [[[85.875, 17.375], [86.125, 17.375], [86.125, 17.625], [85.875, 17.625], [85.875, 17.375]]]}, "properties": {"time": "2019-11-08T12:00:00", "variable": "ws", "tier": "low", "percentile": 99.6, "z": 3.61, "wind_ms": 14.41, "value": 14.41, "lat": 17.5, "lon": 86.0}}, {"type": "Feature", "geometry": {"type": "Polygon", "coordinates": [[[86.125, 17.375], [86.375, 17.375], [86.375, 17.625], [86.125, 17.625], [86.125, 17.375]]]}, "properties": {"time": "2019-11-08T12:00:00", "variable": "ws", "tier": "low", "percentile": 99.6, "z": 3.87, "wind_ms": 15.09, "value": 15.09, "lat": 17.5, "lon": 86.25}}, {"type": "Feature", "geometry": {"type": "Polygon", "coordinates": [[[86.375, 17.375], [86.625, 17.375], [86.625, 17.625], [86.375, 17.625], [86.375, 17.375]]]}, "properties": {"time": "2019-11-08T12:00:00", "variable": "ws", "tier": "low", "percentile": 99.6, "z": 4.01, "wind_ms": 15.53, "value": 15.53, "lat": 17.5, "lon": 86.5}}, {"type": "Feature", "geometry": {"type": "Polygon", "coordinates": [[[86.625, 17.375], [86.875, 17.375], [86.875, 17.625], [86.625, 17.625], [86.625, 17.375]]]}, "properties": {"time": "2019-11-08T12:00:00", "variable": "ws", "tier": "low", "percentile": 99.6, "z": 4.11, "wind_ms": 15.82, "value": 15.82, "lat": 17.5, "lon": 86.75}}, {"type": "Feature", "geometry": {"type": "Polygon", "coordinates": [[[86.875, 17.375], [87.125, 17.375], [87.125, 17.625], [86.875, 17.625], [86.875, 17.375]]]}, "properties": {"time": "2019-11-08T12:00:00", "variable": "ws", "tier": "low", "percentile": 99.6, "z": 4.33, "wind_ms": 16.4, "value": 16.4, "lat": 17.5, "lon": 87.0}}, {"type": "Feature", "geometry": {"type": "Polygon", "coordinates": [[[87.125, 17.375], [87.375, 17.375], [87.375, 17.625], [87.125, 17.625], [87.125, 17.375]]]}, "properties": {"time": "2019-11-08T12:00:00", "variable": "ws", "tier": "low", "percentile": 99.6, "z": 4.52, "wind_ms": 16.96, "value": 16.96, "lat": 17.5, "lon": 87.25}}, {"type": "Feature", "geometry": {"type": "Polygon", "coordinates": [[[87.375, 17.375], [87.625, 17.375], [87.625, 17.625], [87.375, 17.625], [87.375, 17.375]]]}, "properties": {"time": "2019-11-08T12:00:00", "variable": "ws", "tier": "moderate", "percentile": 99.6, "z": 4.67, "wind_ms": 17.33, "value": 17.33, "lat": 17.5, "lon": 87.5}}, {"type": "Feature", "geometry": {"type": "Polygon", "coordinates": [[[87.625, 17.375], [87.875, 17.375], [87.875, 17.625], [87.625, 17.625], [87.625, 17.375]]]}, "properties": {"time": "2019-11-08T12:00:00", "variable": "ws", "tier": "moderate", "percentile": 99.6, "z": 4.83, "wind_ms": 17.58, "value": 17.58, "lat": 17.5, "lon": 87.75}}, {"type": "Feature", "geometry": {"type": "Polygon", "coordinates": [[[87.875, 17.375], [88.125, 17.375], [88.125, 17.625], [87.875, 17.625], [87.875, 17.375]]]}, "properties": {"time": "2019-11-08T12:00:00", "variable": "ws", "tier": "moderate", "percentile": 99.6, "z": 5.0, "wind_ms": 17.66, "value": 17.66, "lat": 17.5, "lon": 88.0}}, {"type": "Feature", "geometry": {"type": "Polygon", "coordinates": [[[88.125, 17.375], [88.375, 17.375], [88.375, 17.625], [88.125, 17.625], [88.125, 17.375]]]}, "properties": {"time": "2019-11-08T12:00:00", "variable": "ws", "tier": "moderate", "percentile": 99.6, "z": 5.13, "wind_ms": 17.61, "value": 17.61, "lat": 17.5, "lon": 88.25}}, {"type": "Feature", "geometry": {"type": "Polygon", "coordinates": [[[88.375, 17.375], [88.625, 17.375], [88.625, 17.625], [88.375, 17.625], [88.375, 17.375]]]}, "properties": {"time": "2019-11-08T12:00:00", "variable": "ws", "tier": "moderate", "percentile": 99.6, "z": 5.39, "wind_ms": 17.62, "value": 17.62, "lat": 17.5, "lon": 88.5}}, {"type": "Feature", "geometry": {"type": "Polygon", "coordinates": [[[88.625, 17.375], [88.875, 17.375], [88.875, 17.625], [88.625, 17.625], [88.625, 17.375]]]}, "properties": {"time": "2019-11-08T12:00:00", "variable": "ws", "tier": "moderate", "percentile": 99.6, "z": 5.57, "wind_ms": 17.31, "value": 17.31, "lat": 17.5, "lon": 88.75}}, {"type": "Feature", "geometry": {"type": "Polygon", "coordinates": [[[88.875, 17.375], [89.125, 17.375], [89.125, 17.625], [88.875, 17.625], [88.875, 17.375]]]}, "properties": {"time": "2019-11-08T12:00:00", "variable": "ws", "tier": "low", "percentile": 99.6, "z": 5.44, "wind_ms": 16.49, "value": 16.49, "lat": 17.5, "lon": 89.0}}, {"type": "Feature", "geometry": {"type": "Polygon", "coordinates": [[[89.125, 17.375], [89.375, 17.375], [89.375, 17.625], [89.125, 17.625], [89.125, 17.375]]]}, "properties": {"time": "2019-11-08T12:00:00", "variable": "ws", "tier": "low", "percentile": 99.6, "z": 5.08, "wind_ms": 15.43, "value": 15.43, "lat": 17.5, "lon": 89.25}}, {"type": "Feature", "geometry": {"type": "Polygon", "coordinates": [[[89.375, 17.375], [89.625, 17.375], [89.625, 17.625], [89.375, 17.625], [89.375, 17.375]]]}, "properties": {"time": "2019-11-08T12:00:00", "variable": "ws", "tier": "low", "percentile": 99.6, "z": 5.11, "wind_ms": 15.2, "value": 15.2, "lat": 17.5, "lon": 89.5}}, {"type": "Feature", "geometry": {"type": "Polygon", "coordinates": [[[89.625, 17.375], [89.875, 17.375], [89.875, 17.625], [89.625, 17.625], [89.625, 17.375]]]}, "properties": {"time": "2019-11-08T12:00:00", "variable": "ws", "tier": "low", "percentile": 99.6, "z": 5.1, "wind_ms": 14.96, "value": 14.96, "lat": 17.5, "lon": 89.75}}, {"type": "Feature", "geometry": {"type": "Polygon", "coordinates": [[[89.875, 17.375], [90.125, 17.375], [90.125, 17.625], [89.875, 17.625], [89.875, 17.375]]]}, "properties": {"time": "2019-11-08T12:00:00", "variable": "ws", "tier": "low", "percentile": 99.6, "z": 4.93, "wind_ms": 14.33, "value": 14.33, "lat": 17.5, "lon": 90.0}}, {"type": "Feature", "geometry": {"type": "Polygon", "coordinates": [[[90.125, 17.375], [90.375, 17.375], [90.375, 17.625], [90.125, 17.625], [90.125, 17.375]]]}, "properties": {"time": "2019-11-08T12:00:00", "variable": "ws", "tier": "low", "percentile": 99.6, "z": 4.78, "wind_ms": 13.68, "value": 13.68, "lat": 17.5, "lon": 90.25}}, {"type": "Feature", "geometry": {"type": "Polygon", "coordinates": [[[90.375, 17.375], [90.625, 17.375], [90.625, 17.625], [90.375, 17.625], [90.375, 17.375]]]}, "properties": {"time": "2019-11-08T12:00:00", "variable": "ws", "tier": "low", "percentile": 98.9, "z": 4.53, "wind_ms": 13.05, "value": 13.05, "lat": 17.5, "lon": 90.5}}, {"type": "Feature", "geometry": {"type": "Polygon", "coordinates": [[[85.125, 17.625], [85.375, 17.625], [85.375, 17.875], [85.125, 17.875], [85.125, 17.625]]]}, "properties": {"time": "2019-11-08T12:00:00", "variable": "ws", "tier": "low", "percentile": 98.1, "z": 2.34, "wind_ms": 11.69, "value": 11.69, "lat": 17.75, "lon": 85.25}}, {"type": "Feature", "geometry": {"type": "Polygon", "coordinates": [[[85.375, 17.625], [85.625, 17.625], [85.625, 17.875], [85.375, 17.875], [85.375, 17.625]]]}, "properties": {"time": "2019-11-08T12:00:00", "variable": "ws", "tier": "low", "percentile": 99.6, "z": 3.18, "wind_ms": 13.64, "value": 13.64, "lat": 17.75, "lon": 85.5}}, {"type": "Feature", "geometry": {"type": "Polygon", "coordinates": [[[85.625, 17.625], [85.875, 17.625], [85.875, 17.875], [85.625, 17.875], [85.625, 17.625]]]}, "properties": {"time": "2019-11-08T12:00:00", "variable": "ws", "tier": "low", "percentile": 99.6, "z": 3.56, "wind_ms": 14.43, "value": 14.43, "lat": 17.75, "lon": 85.75}}, {"type": "Feature", "geometry": {"type": "Polygon", "coordinates": [[[85.875, 17.625], [86.125, 17.625], [86.125, 17.875], [85.875, 17.875], [85.875, 17.625]]]}, "properties": {"time": "2019-11-08T12:00:00", "variable": "ws", "tier": "low", "percentile": 99.6, "z": 3.91, "wind_ms": 15.17, "value": 15.17, "lat": 17.75, "lon": 86.0}}, {"type": "Feature", "geometry": {"type": "Polygon", "coordinates": [[[86.125, 17.625], [86.375, 17.625], [86.375, 17.875], [86.125, 17.875], [86.125, 17.625]]]}, "properties": {"time": "2019-11-08T12:00:00", "variable": "ws", "tier": "low", "percentile": 99.6, "z": 4.1, "wind_ms": 15.8, "value": 15.8, "lat": 17.75, "lon": 86.25}}, {"type": "Feature", "geometry": {"type": "Polygon", "coordinates": [[[86.375, 17.625], [86.625, 17.625], [86.625, 17.875], [86.375, 17.875], [86.375, 17.625]]]}, "properties": {"time": "2019-11-08T12:00:00", "variable": "ws", "tier": "low", "percentile": 99.6, "z": 4.19, "wind_ms": 16.14, "value": 16.14, "lat": 17.75, "lon": 86.5}}, {"type": "Feature", "geometry": {"type": "Polygon", "coordinates": [[[86.625, 17.625], [86.875, 17.625], [86.875, 17.875], [86.625, 17.875], [86.625, 17.625]]]}, "properties": {"time": "2019-11-08T12:00:00", "variable": "ws", "tier": "low", "percentile": 99.6, "z": 4.26, "wind_ms": 16.45, "value": 16.45, "lat": 17.75, "lon": 86.75}}, {"type": "Feature", "geometry": {"type": "Polygon", "coordinates": [[[86.875, 17.625], [87.125, 17.625], [87.125, 17.875], [86.875, 17.875], [86.875, 17.625]]]}, "properties": {"time": "2019-11-08T12:00:00", "variable": "ws", "tier": "low", "percentile": 99.6, "z": 4.4, "wind_ms": 16.8, "value": 16.8, "lat": 17.75, "lon": 87.0}}, {"type": "Feature", "geometry": {"type": "Polygon", "coordinates": [[[87.125, 17.625], [87.375, 17.625], [87.375, 17.875], [87.125, 17.875], [87.125, 17.625]]]}, "properties": {"time": "2019-11-08T12:00:00", "variable": "ws", "tier": "moderate", "percentile": 99.6, "z": 4.55, "wind_ms": 17.14, "value": 17.14, "lat": 17.75, "lon": 87.25}}, {"type": "Feature", "geometry": {"type": "Polygon", "coordinates": [[[87.375, 17.625], [87.625, 17.625], [87.625, 17.875], [87.375, 17.875], [87.375, 17.625]]]}, "properties": {"time": "2019-11-08T12:00:00", "variable": "ws", "tier": "moderate", "percentile": 99.6, "z": 4.57, "wind_ms": 17.04, "value": 17.04, "lat": 17.75, "lon": 87.5}}, {"type": "Feature", "geometry": {"type": "Polygon", "coordinates": [[[87.625, 17.625], [87.875, 17.625], [87.875, 17.875], [87.625, 17.875], [87.625, 17.625]]]}, "properties": {"time": "2019-11-08T12:00:00", "variable": "ws", "tier": "moderate", "percentile": 99.6, "z": 4.69, "wind_ms": 17.19, "value": 17.19, "lat": 17.75, "lon": 87.75}}, {"type": "Feature", "geometry": {"type": "Polygon", "coordinates": [[[87.875, 17.625], [88.125, 17.625], [88.125, 17.875], [87.875, 17.875], [87.875, 17.625]]]}, "properties": {"time": "2019-11-08T12:00:00", "variable": "ws", "tier": "moderate", "percentile": 99.6, "z": 4.97, "wind_ms": 17.63, "value": 17.63, "lat": 17.75, "lon": 88.0}}, {"type": "Feature", "geometry": {"type": "Polygon", "coordinates": [[[88.125, 17.625], [88.375, 17.625], [88.375, 17.875], [88.125, 17.875], [88.125, 17.625]]]}, "properties": {"time": "2019-11-08T12:00:00", "variable": "ws", "tier": "moderate", "percentile": 99.6, "z": 5.25, "wind_ms": 17.86, "value": 17.86, "lat": 17.75, "lon": 88.25}}, {"type": "Feature", "geometry": {"type": "Polygon", "coordinates": [[[88.375, 17.625], [88.625, 17.625], [88.625, 17.875], [88.375, 17.875], [88.375, 17.625]]]}, "properties": {"time": "2019-11-08T12:00:00", "variable": "ws", "tier": "moderate", "percentile": 99.6, "z": 5.49, "wind_ms": 18.02, "value": 18.02, "lat": 17.75, "lon": 88.5}}, {"type": "Feature", "geometry": {"type": "Polygon", "coordinates": [[[88.625, 17.625], [88.875, 17.625], [88.875, 17.875], [88.625, 17.875], [88.625, 17.625]]]}, "properties": {"time": "2019-11-08T12:00:00", "variable": "ws", "tier": "moderate", "percentile": 99.6, "z": 5.72, "wind_ms": 17.86, "value": 17.86, "lat": 17.75, "lon": 88.75}}, {"type": "Feature", "geometry": {"type": "Polygon", "coordinates": [[[88.875, 17.625], [89.125, 17.625], [89.125, 17.875], [88.875, 17.875], [88.875, 17.625]]]}, "properties": {"time": "2019-11-08T12:00:00", "variable": "ws", "tier": "low", "percentile": 99.6, "z": 5.56, "wind_ms": 16.94, "value": 16.94, "lat": 17.75, "lon": 89.0}}, {"type": "Feature", "geometry": {"type": "Polygon", "coordinates": [[[89.125, 17.625], [89.375, 17.625], [89.375, 17.875], [89.125, 17.875], [89.125, 17.625]]]}, "properties": {"time": "2019-11-08T12:00:00", "variable": "ws", "tier": "low", "percentile": 99.6, "z": 5.38, "wind_ms": 16.14, "value": 16.14, "lat": 17.75, "lon": 89.25}}, {"type": "Feature", "geometry": {"type": "Polygon", "coordinates": [[[89.375, 17.625], [89.625, 17.625], [89.625, 17.875], [89.375, 17.875], [89.375, 17.625]]]}, "properties": {"time": "2019-11-08T12:00:00", "variable": "ws", "tier": "low", "percentile": 99.6, "z": 5.38, "wind_ms": 15.77, "value": 15.77, "lat": 17.75, "lon": 89.5}}, {"type": "Feature", "geometry": {"type": "Polygon", "coordinates": [[[89.625, 17.625], [89.875, 17.625], [89.875, 17.875], [89.625, 17.875], [89.625, 17.625]]]}, "properties": {"time": "2019-11-08T12:00:00", "variable": "ws", "tier": "low", "percentile": 99.6, "z": 5.39, "wind_ms": 15.57, "value": 15.57, "lat": 17.75, "lon": 89.75}}, {"type": "Feature", "geometry": {"type": "Polygon", "coordinates": [[[89.875, 17.625], [90.125, 17.625], [90.125, 17.875], [89.875, 17.875], [89.875, 17.625]]]}, "properties": {"time": "2019-11-08T12:00:00", "variable": "ws", "tier": "low", "percentile": 99.6, "z": 5.14, "wind_ms": 14.94, "value": 14.94, "lat": 17.75, "lon": 90.0}}, {"type": "Feature", "geometry": {"type": "Polygon", "coordinates": [[[90.125, 17.625], [90.375, 17.625], [90.375, 17.875], [90.125, 17.875], [90.125, 17.625]]]}, "properties": {"time": "2019-11-08T12:00:00", "variable": "ws", "tier": "low", "percentile": 99.6, "z": 4.89, "wind_ms": 14.09, "value": 14.09, "lat": 17.75, "lon": 90.25}}, {"type": "Feature", "geometry": {"type": "Polygon", "coordinates": [[[90.375, 17.625], [90.625, 17.625], [90.625, 17.875], [90.375, 17.875], [90.375, 17.625]]]}, "properties": {"time": "2019-11-08T12:00:00", "variable": "ws", "tier": "low", "percentile": 99.6, "z": 4.63, "wind_ms": 13.38, "value": 13.38, "lat": 17.75, "lon": 90.5}}, {"type": "Feature", "geometry": {"type": "Polygon", "coordinates": [[[85.125, 17.875], [85.375, 17.875], [85.375, 18.125], [85.125, 18.125], [85.125, 17.875]]]}, "properties": {"time": "2019-11-08T12:00:00", "variable": "ws", "tier": "low", "percentile": 98.9, "z": 2.59, "wind_ms": 12.4, "value": 12.4, "lat": 18.0, "lon": 85.25}}, {"type": "Feature", "geometry": {"type": "Polygon", "coordinates": [[[85.375, 17.875], [85.625, 17.875], [85.625, 18.125], [85.375, 18.125], [85.375, 17.875]]]}, "properties": {"time": "2019-11-08T12:00:00", "variable": "ws", "tier": "low", "percentile": 99.6, "z": 3.48, "wind_ms": 14.45, "value": 14.45, "lat": 18.0, "lon": 85.5}}, {"type": "Feature", "geometry": {"type": "Polygon", "coordinates": [[[85.625, 17.875], [85.875, 17.875], [85.875, 18.125], [85.625, 18.125], [85.625, 17.875]]]}, "properties": {"time": "2019-11-08T12:00:00", "variable": "ws", "tier": "low", "percentile": 99.6, "z": 3.82, "wind_ms": 15.18, "value": 15.18, "lat": 18.0, "lon": 85.75}}, {"type": "Feature", "geometry": {"type": "Polygon", "coordinates": [[[85.875, 17.875], [86.125, 17.875], [86.125, 18.125], [85.875, 18.125], [85.875, 17.875]]]}, "properties": {"time": "2019-11-08T12:00:00", "variable": "ws", "tier": "low", "percentile": 99.6, "z": 4.19, "wind_ms": 15.91, "value": 15.91, "lat": 18.0, "lon": 86.0}}, {"type": "Feature", "geometry": {"type": "Polygon", "coordinates": [[[86.125, 17.875], [86.375, 17.875], [86.375, 18.125], [86.125, 18.125], [86.125, 17.875]]]}, "properties": {"time": "2019-11-08T12:00:00", "variable": "ws", "tier": "low", "percentile": 99.6, "z": 4.35, "wind_ms": 16.4, "value": 16.4, "lat": 18.0, "lon": 86.25}}, {"type": "Feature", "geometry": {"type": "Polygon", "coordinates": [[[86.375, 17.875], [86.625, 17.875], [86.625, 18.125], [86.375, 18.125], [86.375, 17.875]]]}, "properties": {"time": "2019-11-08T12:00:00", "variable": "ws", "tier": "low", "percentile": 99.6, "z": 4.4, "wind_ms": 16.64, "value": 16.64, "lat": 18.0, "lon": 86.5}}, {"type": "Feature", "geometry": {"type": "Polygon", "coordinates": [[[86.625, 17.875], [86.875, 17.875], [86.875, 18.125], [86.625, 18.125], [86.625, 17.875]]]}, "properties": {"time": "2019-11-08T12:00:00", "variable": "ws", "tier": "low", "percentile": 99.6, "z": 4.38, "wind_ms": 16.65, "value": 16.65, "lat": 18.0, "lon": 86.75}}, {"type": "Feature", "geometry": {"type": "Polygon", "coordinates": [[[86.875, 17.875], [87.125, 17.875], [87.125, 18.125], [86.875, 18.125], [86.875, 17.875]]]}, "properties": {"time": "2019-11-08T12:00:00", "variable": "ws", "tier": "low", "percentile": 99.6, "z": 4.39, "wind_ms": 16.62, "value": 16.62, "lat": 18.0, "lon": 87.0}}, {"type": "Feature", "geometry": {"type": "Polygon", "coordinates": [[[87.125, 17.875], [87.375, 17.875], [87.375, 18.125], [87.125, 18.125], [87.125, 17.875]]]}, "properties": {"time": "2019-11-08T12:00:00", "variable": "ws", "tier": "low", "percentile": 99.6, "z": 4.35, "wind_ms": 16.4, "value": 16.4, "lat": 18.0, "lon": 87.25}}, {"type": "Feature", "geometry": {"type": "Polygon", "coordinates": [[[87.375, 17.875], [87.625, 17.875], [87.625, 18.125], [87.375, 18.125], [87.375, 17.875]]]}, "properties": {"time": "2019-11-08T12:00:00", "variable": "ws", "tier": "low", "percentile": 99.6, "z": 4.04, "wind_ms": 15.33, "value": 15.33, "lat": 18.0, "lon": 87.5}}, {"type": "Feature", "geometry": {"type": "Polygon", "coordinates": [[[87.625, 17.875], [87.875, 17.875], [87.875, 18.125], [87.625, 18.125], [87.625, 17.875]]]}, "properties": {"time": "2019-11-08T12:00:00", "variable": "ws", "tier": "low", "percentile": 99.6, "z": 4.01, "wind_ms": 15.04, "value": 15.04, "lat": 18.0, "lon": 87.75}}, {"type": "Feature", "geometry": {"type": "Polygon", "coordinates": [[[87.875, 17.875], [88.125, 17.875], [88.125, 18.125], [87.875, 18.125], [87.875, 17.875]]]}, "properties": {"time": "2019-11-08T12:00:00", "variable": "ws", "tier": "low", "percentile": 99.6, "z": 4.52, "wind_ms": 16.18, "value": 16.18, "lat": 18.0, "lon": 88.0}}, {"type": "Feature", "geometry": {"type": "Polygon", "coordinates": [[[88.125, 17.875], [88.375, 17.875], [88.375, 18.125], [88.125, 18.125], [88.125, 17.875]]]}, "properties": {"time": "2019-11-08T12:00:00", "variable": "ws", "tier": "moderate", "percentile": 99.6, "z": 5.31, "wind_ms": 17.76, "value": 17.76, "lat": 18.0, "lon": 88.25}}, {"type": "Feature", "geometry": {"type": "Polygon", "coordinates": [[[88.375, 17.875], [88.625, 17.875], [88.625, 18.125], [88.375, 18.125], [88.375, 17.875]]]}, "properties": {"time": "2019-11-08T12:00:00", "variable": "ws", "tier": "moderate", "percentile": 99.6, "z": 5.72, "wind_ms": 18.37, "value": 18.37, "lat": 18.0, "lon": 88.5}}, {"type": "Feature", "geometry": {"type": "Polygon", "coordinates": [[[88.625, 17.875], [88.875, 17.875], [88.875, 18.125], [88.625, 18.125], [88.625, 17.875]]]}, "properties": {"time": "2019-11-08T12:00:00", "variable": "ws", "tier": "moderate", "percentile": 99.6, "z": 5.78, "wind_ms": 18.22, "value": 18.22, "lat": 18.0, "lon": 88.75}}, {"type": "Feature", "geometry": {"type": "Polygon", "coordinates": [[[88.875, 17.875], [89.125, 17.875], [89.125, 18.125], [88.875, 18.125], [88.875, 17.875]]]}, "properties": {"time": "2019-11-08T12:00:00", "variable": "ws", "tier": "moderate", "percentile": 99.6, "z": 5.72, "wind_ms": 17.58, "value": 17.58, "lat": 18.0, "lon": 89.0}}, {"type": "Feature", "geometry": {"type": "Polygon", "coordinates": [[[89.125, 17.875], [89.375, 17.875], [89.375, 18.125], [89.125, 18.125], [89.125, 17.875]]]}, "properties": {"time": "2019-11-08T12:00:00", "variable": "ws", "tier": "low", "percentile": 99.6, "z": 5.45, "wind_ms": 16.5, "value": 16.5, "lat": 18.0, "lon": 89.25}}, {"type": "Feature", "geometry": {"type": "Polygon", "coordinates": [[[89.375, 17.875], [89.625, 17.875], [89.625, 18.125], [89.375, 18.125], [89.375, 17.875]]]}, "properties": {"time": "2019-11-08T12:00:00", "variable": "ws", "tier": "low", "percentile": 99.6, "z": 5.61, "wind_ms": 16.43, "value": 16.43, "lat": 18.0, "lon": 89.5}}, {"type": "Feature", "geometry": {"type": "Polygon", "coordinates": [[[89.625, 17.875], [89.875, 17.875], [89.875, 18.125], [89.625, 18.125], [89.625, 17.875]]]}, "properties": {"time": "2019-11-08T12:00:00", "variable": "ws", "tier": "low", "percentile": 99.6, "z": 5.57, "wind_ms": 16.09, "value": 16.09, "lat": 18.0, "lon": 89.75}}, {"type": "Feature", "geometry": {"type": "Polygon", "coordinates": [[[89.875, 17.875], [90.125, 17.875], [90.125, 18.125], [89.875, 18.125], [89.875, 17.875]]]}, "properties": {"time": "2019-11-08T12:00:00", "variable": "ws", "tier": "low", "percentile": 99.6, "z": 5.28, "wind_ms": 15.39, "value": 15.39, "lat": 18.0, "lon": 90.0}}, {"type": "Feature", "geometry": {"type": "Polygon", "coordinates": [[[90.125, 17.875], [90.375, 17.875], [90.375, 18.125], [90.125, 18.125], [90.125, 17.875]]]}, "properties": {"time": "2019-11-08T12:00:00", "variable": "ws", "tier": "low", "percentile": 99.6, "z": 4.95, "wind_ms": 14.42, "value": 14.42, "lat": 18.0, "lon": 90.25}}, {"type": "Feature", "geometry": {"type": "Polygon", "coordinates": [[[90.375, 17.875], [90.625, 17.875], [90.625, 18.125], [90.375, 18.125], [90.375, 17.875]]]}, "properties": {"time": "2019-11-08T12:00:00", "variable": "ws", "tier": "low", "percentile": 99.6, "z": 4.61, "wind_ms": 13.5, "value": 13.5, "lat": 18.0, "lon": 90.5}}, {"type": "Feature", "geometry": {"type": "Polygon", "coordinates": [[[85.125, 18.125], [85.375, 18.125], [85.375, 18.375], [85.125, 18.375], [85.125, 18.125]]]}, "properties": {"time": "2019-11-08T12:00:00", "variable": "ws", "tier": "low", "percentile": 98.9, "z": 2.93, "wind_ms": 12.96, "value": 12.96, "lat": 18.25, "lon": 85.25}}, {"type": "Feature", "geometry": {"type": "Polygon", "coordinates": [[[85.375, 18.125], [85.625, 18.125], [85.625, 18.375], [85.375, 18.375], [85.375, 18.125]]]}, "properties": {"time": "2019-11-08T12:00:00", "variable": "ws", "tier": "low", "percentile": 99.6, "z": 3.75, "wind_ms": 15.05, "value": 15.05, "lat": 18.25, "lon": 85.5}}, {"type": "Feature", "geometry": {"type": "Polygon", "coordinates": [[[85.625, 18.125], [85.875, 18.125], [85.875, 18.375], [85.625, 18.375], [85.625, 18.125]]]}, "properties": {"time": "2019-11-08T12:00:00", "variable": "ws", "tier": "low", "percentile": 99.6, "z": 4.08, "wind_ms": 15.86, "value": 15.86, "lat": 18.25, "lon": 85.75}}, {"type": "Feature", "geometry": {"type": "Polygon", "coordinates": [[[85.875, 18.125], [86.125, 18.125], [86.125, 18.375], [85.875, 18.375], [85.875, 18.125]]]}, "properties": {"time": "2019-11-08T12:00:00", "variable": "ws", "tier": "low", "percentile": 99.6, "z": 4.41, "wind_ms": 16.47, "value": 16.47, "lat": 18.25, "lon": 86.0}}, {"type": "Feature", "geometry": {"type": "Polygon", "coordinates": [[[86.125, 18.125], [86.375, 18.125], [86.375, 18.375], [86.125, 18.375], [86.125, 18.125]]]}, "properties": {"time": "2019-11-08T12:00:00", "variable": "ws", "tier": "moderate", "percentile": 99.6, "z": 4.64, "wind_ms": 17.04, "value": 17.04, "lat": 18.25, "lon": 86.25}}, {"type": "Feature", "geometry": {"type": "Polygon", "coordinates": [[[86.375, 18.125], [86.625, 18.125], [86.625, 18.375], [86.375, 18.375], [86.375, 18.125]]]}, "properties": {"time": "2019-11-08T12:00:00", "variable": "ws", "tier": "moderate", "percentile": 99.6, "z": 4.65, "wind_ms": 17.14, "value": 17.14, "lat": 18.25, "lon": 86.5}}, {"type": "Feature", "geometry": {"type": "Polygon", "coordinates": [[[86.625, 18.125], [86.875, 18.125], [86.875, 18.375], [86.625, 18.375], [86.625, 18.125]]]}, "properties": {"time": "2019-11-08T12:00:00", "variable": "ws", "tier": "moderate", "percentile": 99.6, "z": 4.71, "wind_ms": 17.37, "value": 17.37, "lat": 18.25, "lon": 86.75}}, {"type": "Feature", "geometry": {"type": "Polygon", "coordinates": [[[86.875, 18.125], [87.125, 18.125], [87.125, 18.375], [86.875, 18.375], [86.875, 18.125]]]}, "properties": {"time": "2019-11-08T12:00:00", "variable": "ws", "tier": "moderate", "percentile": 99.6, "z": 4.63, "wind_ms": 17.02, "value": 17.02, "lat": 18.25, "lon": 87.0}}, {"type": "Feature", "geometry": {"type": "Polygon", "coordinates": [[[87.125, 18.125], [87.375, 18.125], [87.375, 18.375], [87.125, 18.375], [87.125, 18.125]]]}, "properties": {"time": "2019-11-08T12:00:00", "variable": "ws", "tier": "low", "percentile": 99.6, "z": 4.05, "wind_ms": 15.29, "value": 15.29, "lat": 18.25, "lon": 87.25}}, {"type": "Feature", "geometry": {"type": "Polygon", "coordinates": [[[87.375, 18.125], [87.625, 18.125], [87.625, 18.375], [87.375, 18.375], [87.375, 18.125]]]}, "properties": {"time": "2019-11-08T12:00:00", "variable": "ws", "tier": "low", "percentile": 98.1, "z": 3.02, "wind_ms": 12.44, "value": 12.44, "lat": 18.25, "lon": 87.5}}, {"type": "Feature", "geometry": {"type": "Polygon", "coordinates": [[[87.625, 18.125], [87.875, 18.125], [87.875, 18.375], [87.625, 18.375], [87.625, 18.125]]]}, "properties": {"time": "2019-11-08T12:00:00", "variable": "ws", "tier": "low", "percentile": 98.1, "z": 2.58, "wind_ms": 11.2, "value": 11.2, "lat": 18.25, "lon": 87.75}}, {"type": "Feature", "geometry": {"type": "Polygon", "coordinates": [[[87.875, 18.125], [88.125, 18.125], [88.125, 18.375], [87.875, 18.375], [87.875, 18.125]]]}, "properties": {"time": "2019-11-08T12:00:00", "variable": "ws", "tier": "low", "percentile": 99.6, "z": 3.75, "wind_ms": 13.88, "value": 13.88, "lat": 18.25, "lon": 88.0}}, {"type": "Feature", "geometry": {"type": "Polygon", "coordinates": [[[88.125, 18.125], [88.375, 18.125], [88.375, 18.375], [88.125, 18.375], [88.125, 18.125]]]}, "properties": {"time": "2019-11-08T12:00:00", "variable": "ws", "tier": "low", "percentile": 99.6, "z": 5.01, "wind_ms": 16.64, "value": 16.64, "lat": 18.25, "lon": 88.25}}, {"type": "Feature", "geometry": {"type": "Polygon", "coordinates": [[[88.375, 18.125], [88.625, 18.125], [88.625, 18.375], [88.375, 18.375], [88.375, 18.125]]]}, "properties": {"time": "2019-11-08T12:00:00", "variable": "ws", "tier": "moderate", "percentile": 99.6, "z": 5.81, "wind_ms": 18.35, "value": 18.35, "lat": 18.25, "lon": 88.5}}, {"type": "Feature", "geometry": {"type": "Polygon", "coordinates": [[[88.625, 18.125], [88.875, 18.125], [88.875, 18.375], [88.625, 18.375], [88.625, 18.125]]]}, "properties": {"time": "2019-11-08T12:00:00", "variable": "ws", "tier": "moderate", "percentile": 99.6, "z": 5.95, "wind_ms": 18.49, "value": 18.49, "lat": 18.25, "lon": 88.75}}, {"type": "Feature", "geometry": {"type": "Polygon", "coordinates": [[[88.875, 18.125], [89.125, 18.125], [89.125, 18.375], [88.875, 18.375], [88.875, 18.125]]]}, "properties": {"time": "2019-11-08T12:00:00", "variable": "ws", "tier": "moderate", "percentile": 99.6, "z": 5.61, "wind_ms": 17.54, "value": 17.54, "lat": 18.25, "lon": 89.0}}, {"type": "Feature", "geometry": {"type": "Polygon", "coordinates": [[[89.125, 18.125], [89.375, 18.125], [89.375, 18.375], [89.125, 18.375], [89.125, 18.125]]]}, "properties": {"time": "2019-11-08T12:00:00", "variable": "ws", "tier": "low", "percentile": 99.6, "z": 5.58, "wind_ms": 16.95, "value": 16.95, "lat": 18.25, "lon": 89.25}}, {"type": "Feature", "geometry": {"type": "Polygon", "coordinates": [[[89.375, 18.125], [89.625, 18.125], [89.625, 18.375], [89.375, 18.375], [89.375, 18.125]]]}, "properties": {"time": "2019-11-08T12:00:00", "variable": "ws", "tier": "low", "percentile": 99.6, "z": 5.68, "wind_ms": 16.88, "value": 16.88, "lat": 18.25, "lon": 89.5}}, {"type": "Feature", "geometry": {"type": "Polygon", "coordinates": [[[89.625, 18.125], [89.875, 18.125], [89.875, 18.375], [89.625, 18.375], [89.625, 18.125]]]}, "properties": {"time": "2019-11-08T12:00:00", "variable": "ws", "tier": "low", "percentile": 99.6, "z": 5.63, "wind_ms": 16.48, "value": 16.48, "lat": 18.25, "lon": 89.75}}, {"type": "Feature", "geometry": {"type": "Polygon", "coordinates": [[[89.875, 18.125], [90.125, 18.125], [90.125, 18.375], [89.875, 18.375], [89.875, 18.125]]]}, "properties": {"time": "2019-11-08T12:00:00", "variable": "ws", "tier": "low", "percentile": 99.6, "z": 5.34, "wind_ms": 15.7, "value": 15.7, "lat": 18.25, "lon": 90.0}}, {"type": "Feature", "geometry": {"type": "Polygon", "coordinates": [[[90.125, 18.125], [90.375, 18.125], [90.375, 18.375], [90.125, 18.375], [90.125, 18.125]]]}, "properties": {"time": "2019-11-08T12:00:00", "variable": "ws", "tier": "low", "percentile": 99.6, "z": 4.92, "wind_ms": 14.64, "value": 14.64, "lat": 18.25, "lon": 90.25}}, {"type": "Feature", "geometry": {"type": "Polygon", "coordinates": [[[90.375, 18.125], [90.625, 18.125], [90.625, 18.375], [90.375, 18.375], [90.375, 18.125]]]}, "properties": {"time": "2019-11-08T12:00:00", "variable": "ws", "tier": "low", "percentile": 99.6, "z": 4.58, "wind_ms": 13.67, "value": 13.67, "lat": 18.25, "lon": 90.5}}, {"type": "Feature", "geometry": {"type": "Polygon", "coordinates": [[[85.125, 18.375], [85.375, 18.375], [85.375, 18.625], [85.125, 18.625], [85.125, 18.375]]]}, "properties": {"time": "2019-11-08T12:00:00", "variable": "ws", "tier": "low", "percentile": 98.9, "z": 3.26, "wind_ms": 13.3, "value": 13.3, "lat": 18.5, "lon": 85.25}}, {"type": "Feature", "geometry": {"type": "Polygon", "coordinates": [[[85.375, 18.375], [85.625, 18.375], [85.625, 18.625], [85.375, 18.625], [85.375, 18.375]]]}, "properties": {"time": "2019-11-08T12:00:00", "variable": "ws", "tier": "low", "percentile": 99.6, "z": 3.99, "wind_ms": 15.45, "value": 15.45, "lat": 18.5, "lon": 85.5}}, {"type": "Feature", "geometry": {"type": "Polygon", "coordinates": [[[85.625, 18.375], [85.875, 18.375], [85.875, 18.625], [85.625, 18.625], [85.625, 18.375]]]}, "properties": {"time": "2019-11-08T12:00:00", "variable": "ws", "tier": "low", "percentile": 99.6, "z": 4.3, "wind_ms": 16.32, "value": 16.32, "lat": 18.5, "lon": 85.75}}, {"type": "Feature", "geometry": {"type": "Polygon", "coordinates": [[[85.875, 18.375], [86.125, 18.375], [86.125, 18.625], [85.875, 18.625], [85.875, 18.375]]]}, "properties": {"time": "2019-11-08T12:00:00", "variable": "ws", "tier": "low", "percentile": 99.6, "z": 4.51, "wind_ms": 16.72, "value": 16.72, "lat": 18.5, "lon": 86.0}}, {"type": "Feature", "geometry": {"type": "Polygon", "coordinates": [[[86.125, 18.375], [86.375, 18.375], [86.375, 18.625], [86.125, 18.625], [86.125, 18.375]]]}, "properties": {"time": "2019-11-08T12:00:00", "variable": "ws", "tier": "moderate", "percentile": 99.6, "z": 4.77, "wind_ms": 17.31, "value": 17.31, "lat": 18.5, "lon": 86.25}}, {"type": "Feature", "geometry": {"type": "Polygon", "coordinates": [[[86.375, 18.375], [86.625, 18.375], [86.625, 18.625], [86.375, 18.625], [86.375, 18.375]]]}, "properties": {"time": "2019-11-08T12:00:00", "variable": "ws", "tier": "moderate", "percentile": 99.6, "z": 4.86, "wind_ms": 17.51, "value": 17.51, "lat": 18.5, "lon": 86.5}}, {"type": "Feature", "geometry": {"type": "Polygon", "coordinates": [[[86.625, 18.375], [86.875, 18.375], [86.875, 18.625], [86.625, 18.625], [86.625, 18.375]]]}, "properties": {"time": "2019-11-08T12:00:00", "variable": "ws", "tier": "moderate", "percentile": 99.6, "z": 4.93, "wind_ms": 17.78, "value": 17.78, "lat": 18.5, "lon": 86.75}}, {"type": "Feature", "geometry": {"type": "Polygon", "coordinates": [[[86.875, 18.375], [87.125, 18.375], [87.125, 18.625], [86.875, 18.625], [86.875, 18.375]]]}, "properties": {"time": "2019-11-08T12:00:00", "variable": "ws", "tier": "moderate", "percentile": 99.6, "z": 5.0, "wind_ms": 18.03, "value": 18.03, "lat": 18.5, "lon": 87.0}}, {"type": "Feature", "geometry": {"type": "Polygon", "coordinates": [[[87.125, 18.375], [87.375, 18.375], [87.375, 18.625], [87.125, 18.625], [87.125, 18.375]]]}, "properties": {"time": "2019-11-08T12:00:00", "variable": "ws", "tier": "low", "percentile": 99.6, "z": 4.23, "wind_ms": 15.58, "value": 15.58, "lat": 18.5, "lon": 87.25}}, {"type": "Feature", "geometry": {"type": "Polygon", "coordinates": [[[87.875, 18.375], [88.125, 18.375], [88.125, 18.625], [87.875, 18.625], [87.875, 18.375]]]}, "properties": {"time": "2019-11-08T12:00:00", "variable": "ws", "tier": "low", "percentile": 97.4, "z": 2.72, "wind_ms": 11.21, "value": 11.21, "lat": 18.5, "lon": 88.0}}, {"type": "Feature", "geometry": {"type": "Polygon", "coordinates": [[[88.125, 18.375], [88.375, 18.375], [88.375, 18.625], [88.125, 18.625], [88.125, 18.375]]]}, "properties": {"time": "2019-11-08T12:00:00", "variable": "ws", "tier": "low", "percentile": 99.6, "z": 4.52, "wind_ms": 15.16, "value": 15.16, "lat": 18.5, "lon": 88.25}}, {"type": "Feature", "geometry": {"type": "Polygon", "coordinates": [[[88.375, 18.375], [88.625, 18.375], [88.625, 18.625], [88.375, 18.625], [88.375, 18.375]]]}, "properties": {"time": "2019-11-08T12:00:00", "variable": "ws", "tier": "moderate", "percentile": 99.6, "z": 5.55, "wind_ms": 17.35, "value": 17.35, "lat": 18.5, "lon": 88.5}}, {"type": "Feature", "geometry": {"type": "Polygon", "coordinates": [[[88.625, 18.375], [88.875, 18.375], [88.875, 18.625], [88.625, 18.625], [88.625, 18.375]]]}, "properties": {"time": "2019-11-08T12:00:00", "variable": "ws", "tier": "moderate", "percentile": 99.6, "z": 5.88, "wind_ms": 18.17, "value": 18.17, "lat": 18.5, "lon": 88.75}}, {"type": "Feature", "geometry": {"type": "Polygon", "coordinates": [[[88.875, 18.375], [89.125, 18.375], [89.125, 18.625], [88.875, 18.625], [88.875, 18.375]]]}, "properties": {"time": "2019-11-08T12:00:00", "variable": "ws", "tier": "moderate", "percentile": 99.6, "z": 5.77, "wind_ms": 17.69, "value": 17.69, "lat": 18.5, "lon": 89.0}}, {"type": "Feature", "geometry": {"type": "Polygon", "coordinates": [[[89.125, 18.375], [89.375, 18.375], [89.375, 18.625], [89.125, 18.625], [89.125, 18.375]]]}, "properties": {"time": "2019-11-08T12:00:00", "variable": "ws", "tier": "moderate", "percentile": 99.6, "z": 5.69, "wind_ms": 17.31, "value": 17.31, "lat": 18.5, "lon": 89.25}}, {"type": "Feature", "geometry": {"type": "Polygon", "coordinates": [[[89.375, 18.375], [89.625, 18.375], [89.625, 18.625], [89.375, 18.625], [89.375, 18.375]]]}, "properties": {"time": "2019-11-08T12:00:00", "variable": "ws", "tier": "moderate", "percentile": 99.6, "z": 5.78, "wind_ms": 17.41, "value": 17.41, "lat": 18.5, "lon": 89.5}}, {"type": "Feature", "geometry": {"type": "Polygon", "coordinates": [[[89.625, 18.375], [89.875, 18.375], [89.875, 18.625], [89.625, 18.625], [89.625, 18.375]]]}, "properties": {"time": "2019-11-08T12:00:00", "variable": "ws", "tier": "low", "percentile": 99.6, "z": 5.57, "wind_ms": 16.68, "value": 16.68, "lat": 18.5, "lon": 89.75}}, {"type": "Feature", "geometry": {"type": "Polygon", "coordinates": [[[89.875, 18.375], [90.125, 18.375], [90.125, 18.625], [89.875, 18.625], [89.875, 18.375]]]}, "properties": {"time": "2019-11-08T12:00:00", "variable": "ws", "tier": "low", "percentile": 99.6, "z": 5.3, "wind_ms": 15.89, "value": 15.89, "lat": 18.5, "lon": 90.0}}, {"type": "Feature", "geometry": {"type": "Polygon", "coordinates": [[[90.125, 18.375], [90.375, 18.375], [90.375, 18.625], [90.125, 18.625], [90.125, 18.375]]]}, "properties": {"time": "2019-11-08T12:00:00", "variable": "ws", "tier": "low", "percentile": 99.6, "z": 4.83, "wind_ms": 14.78, "value": 14.78, "lat": 18.5, "lon": 90.25}}, {"type": "Feature", "geometry": {"type": "Polygon", "coordinates": [[[90.375, 18.375], [90.625, 18.375], [90.625, 18.625], [90.375, 18.625], [90.375, 18.375]]]}, "properties": {"time": "2019-11-08T12:00:00", "variable": "ws", "tier": "low", "percentile": 99.6, "z": 4.47, "wind_ms": 13.78, "value": 13.78, "lat": 18.5, "lon": 90.5}}, {"type": "Feature", "geometry": {"type": "Polygon", "coordinates": [[[85.125, 18.625], [85.375, 18.625], [85.375, 18.875], [85.125, 18.875], [85.125, 18.625]]]}, "properties": {"time": "2019-11-08T12:00:00", "variable": "ws", "tier": "low", "percentile": 98.9, "z": 3.52, "wind_ms": 13.38, "value": 13.38, "lat": 18.75, "lon": 85.25}}, {"type": "Feature", "geometry": {"type": "Polygon", "coordinates": [[[85.375, 18.625], [85.625, 18.625], [85.625, 18.875], [85.375, 18.875], [85.375, 18.625]]]}, "properties": {"time": "2019-11-08T12:00:00", "variable": "ws", "tier": "low", "percentile": 99.6, "z": 4.17, "wind_ms": 15.54, "value": 15.54, "lat": 18.75, "lon": 85.5}}, {"type": "Feature", "geometry": {"type": "Polygon", "coordinates": [[[85.625, 18.625], [85.875, 18.625], [85.875, 18.875], [85.625, 18.875], [85.625, 18.625]]]}, "properties": {"time": "2019-11-08T12:00:00", "variable": "ws", "tier": "low", "percentile": 99.6, "z": 4.43, "wind_ms": 16.61, "value": 16.61, "lat": 18.75, "lon": 85.75}}, {"type": "Feature", "geometry": {"type": "Polygon", "coordinates": [[[85.875, 18.625], [86.125, 18.625], [86.125, 18.875], [85.875, 18.875], [85.875, 18.625]]]}, "properties": {"time": "2019-11-08T12:00:00", "variable": "ws", "tier": "low", "percentile": 99.6, "z": 4.58, "wind_ms": 16.79, "value": 16.79, "lat": 18.75, "lon": 86.0}}, {"type": "Feature", "geometry": {"type": "Polygon", "coordinates": [[[86.125, 18.625], [86.375, 18.625], [86.375, 18.875], [86.125, 18.875], [86.125, 18.625]]]}, "properties": {"time": "2019-11-08T12:00:00", "variable": "ws", "tier": "moderate", "percentile": 99.6, "z": 4.8, "wind_ms": 17.5, "value": 17.5, "lat": 18.75, "lon": 86.25}}, {"type": "Feature", "geometry": {"type": "Polygon", "coordinates": [[[86.375, 18.625], [86.625, 18.625], [86.625, 18.875], [86.375, 18.875], [86.375, 18.625]]]}, "properties": {"time": "2019-11-08T12:00:00", "variable": "ws", "tier": "moderate", "percentile": 99.6, "z": 4.9, "wind_ms": 17.65, "value": 17.65, "lat": 18.75, "lon": 86.5}}, {"type": "Feature", "geometry": {"type": "Polygon", "coordinates": [[[86.625, 18.625], [86.875, 18.625], [86.875, 18.875], [86.625, 18.875], [86.625, 18.625]]]}, "properties": {"time": "2019-11-08T12:00:00", "variable": "ws", "tier": "moderate", "percentile": 99.6, "z": 5.12, "wind_ms": 18.29, "value": 18.29, "lat": 18.75, "lon": 86.75}}, {"type": "Feature", "geometry": {"type": "Polygon", "coordinates": [[[86.875, 18.625], [87.125, 18.625], [87.125, 18.875], [86.875, 18.875], [86.875, 18.625]]]}, "properties": {"time": "2019-11-08T12:00:00", "variable": "ws", "tier": "moderate", "percentile": 99.6, "z": 5.24, "wind_ms": 18.78, "value": 18.78, "lat": 18.75, "lon": 87.0}}, {"type": "Feature", "geometry": {"type": "Polygon", "coordinates": [[[87.125, 18.625], [87.375, 18.625], [87.375, 18.875], [87.125, 18.875], [87.125, 18.625]]]}, "properties": {"time": "2019-11-08T12:00:00", "variable": "ws", "tier": "low", "percentile": 99.6, "z": 3.9, "wind_ms": 14.63, "value": 14.63, "lat": 18.75, "lon": 87.25}}, {"type": "Feature", "geometry": {"type": "Polygon", "coordinates": [[[87.875, 18.625], [88.125, 18.625], [88.125, 18.875], [87.875, 18.875], [87.875, 18.625]]]}, "properties": {"time": "2019-11-08T12:00:00", "variable": "ws", "tier": "low", "percentile": 97.4, "z": 2.26, "wind_ms": 10.1, "value": 10.1, "lat": 18.75, "lon": 88.0}}, {"type": "Feature", "geometry": {"type": "Polygon", "coordinates": [[[88.125, 18.625], [88.375, 18.625], [88.375, 18.875], [88.125, 18.875], [88.125, 18.625]]]}, "properties": {"time": "2019-11-08T12:00:00", "variable": "ws", "tier": "low", "percentile": 99.6, "z": 4.15, "wind_ms": 14.12, "value": 14.12, "lat": 18.75, "lon": 88.25}}, {"type": "Feature", "geometry": {"type": "Polygon", "coordinates": [[[88.375, 18.625], [88.625, 18.625], [88.625, 18.875], [88.375, 18.875], [88.375, 18.625]]]}, "properties": {"time": "2019-11-08T12:00:00", "variable": "ws", "tier": "low", "percentile": 99.6, "z": 5.18, "wind_ms": 16.23, "value": 16.23, "lat": 18.75, "lon": 88.5}}, {"type": "Feature", "geometry": {"type": "Polygon", "coordinates": [[[88.625, 18.625], [88.875, 18.625], [88.875, 18.875], [88.625, 18.875], [88.625, 18.625]]]}, "properties": {"time": "2019-11-08T12:00:00", "variable": "ws", "tier": "moderate", "percentile": 99.6, "z": 5.61, "wind_ms": 17.28, "value": 17.28, "lat": 18.75, "lon": 88.75}}, {"type": "Feature", "geometry": {"type": "Polygon", "coordinates": [[[88.875, 18.625], [89.125, 18.625], [89.125, 18.875], [88.875, 18.875], [88.875, 18.625]]]}, "properties": {"time": "2019-11-08T12:00:00", "variable": "ws", "tier": "moderate", "percentile": 99.6, "z": 5.82, "wind_ms": 17.76, "value": 17.76, "lat": 18.75, "lon": 89.0}}, {"type": "Feature", "geometry": {"type": "Polygon", "coordinates": [[[89.125, 18.625], [89.375, 18.625], [89.375, 18.875], [89.125, 18.875], [89.125, 18.625]]]}, "properties": {"time": "2019-11-08T12:00:00", "variable": "ws", "tier": "moderate", "percentile": 99.6, "z": 5.86, "wind_ms": 17.81, "value": 17.81, "lat": 18.75, "lon": 89.25}}, {"type": "Feature", "geometry": {"type": "Polygon", "coordinates": [[[89.375, 18.625], [89.625, 18.625], [89.625, 18.875], [89.375, 18.875], [89.375, 18.625]]]}, "properties": {"time": "2019-11-08T12:00:00", "variable": "ws", "tier": "moderate", "percentile": 99.6, "z": 5.79, "wind_ms": 17.64, "value": 17.64, "lat": 18.75, "lon": 89.5}}, {"type": "Feature", "geometry": {"type": "Polygon", "coordinates": [[[89.625, 18.625], [89.875, 18.625], [89.875, 18.875], [89.625, 18.875], [89.625, 18.625]]]}, "properties": {"time": "2019-11-08T12:00:00", "variable": "ws", "tier": "low", "percentile": 99.6, "z": 5.47, "wind_ms": 16.79, "value": 16.79, "lat": 18.75, "lon": 89.75}}, {"type": "Feature", "geometry": {"type": "Polygon", "coordinates": [[[89.875, 18.625], [90.125, 18.625], [90.125, 18.875], [89.875, 18.875], [89.875, 18.625]]]}, "properties": {"time": "2019-11-08T12:00:00", "variable": "ws", "tier": "low", "percentile": 99.6, "z": 5.23, "wind_ms": 15.97, "value": 15.97, "lat": 18.75, "lon": 90.0}}, {"type": "Feature", "geometry": {"type": "Polygon", "coordinates": [[[90.125, 18.625], [90.375, 18.625], [90.375, 18.875], [90.125, 18.875], [90.125, 18.625]]]}, "properties": {"time": "2019-11-08T12:00:00", "variable": "ws", "tier": "low", "percentile": 99.6, "z": 4.76, "wind_ms": 14.83, "value": 14.83, "lat": 18.75, "lon": 90.25}}, {"type": "Feature", "geometry": {"type": "Polygon", "coordinates": [[[90.375, 18.625], [90.625, 18.625], [90.625, 18.875], [90.375, 18.875], [90.375, 18.625]]]}, "properties": {"time": "2019-11-08T12:00:00", "variable": "ws", "tier": "low", "percentile": 99.6, "z": 4.42, "wind_ms": 13.9, "value": 13.9, "lat": 18.75, "lon": 90.5}}, {"type": "Feature", "geometry": {"type": "Polygon", "coordinates": [[[85.125, 18.875], [85.375, 18.875], [85.375, 19.125], [85.125, 19.125], [85.125, 18.875]]]}, "properties": {"time": "2019-11-08T12:00:00", "variable": "ws", "tier": "low", "percentile": 98.1, "z": 3.57, "wind_ms": 13.0, "value": 13.0, "lat": 19.0, "lon": 85.25}}, {"type": "Feature", "geometry": {"type": "Polygon", "coordinates": [[[85.375, 18.875], [85.625, 18.875], [85.625, 19.125], [85.375, 19.125], [85.375, 18.875]]]}, "properties": {"time": "2019-11-08T12:00:00", "variable": "ws", "tier": "low", "percentile": 99.6, "z": 4.15, "wind_ms": 14.93, "value": 14.93, "lat": 19.0, "lon": 85.5}}, {"type": "Feature", "geometry": {"type": "Polygon", "coordinates": [[[85.625, 18.875], [85.875, 18.875], [85.875, 19.125], [85.625, 19.125], [85.625, 18.875]]]}, "properties": {"time": "2019-11-08T12:00:00", "variable": "ws", "tier": "low", "percentile": 99.6, "z": 4.45, "wind_ms": 16.53, "value": 16.53, "lat": 19.0, "lon": 85.75}}, {"type": "Feature", "geometry": {"type": "Polygon", "coordinates": [[[85.875, 18.875], [86.125, 18.875], [86.125, 19.125], [85.875, 19.125], [85.875, 18.875]]]}, "properties": {"time": "2019-11-08T12:00:00", "variable": "ws", "tier": "low", "percentile": 99.6, "z": 4.48, "wind_ms": 16.84, "value": 16.84, "lat": 19.0, "lon": 86.0}}, {"type": "Feature", "geometry": {"type": "Polygon", "coordinates": [[[86.125, 18.875], [86.375, 18.875], [86.375, 19.125], [86.125, 19.125], [86.125, 18.875]]]}, "properties": {"time": "2019-11-08T12:00:00", "variable": "ws", "tier": "moderate", "percentile": 99.6, "z": 4.7, "wind_ms": 17.53, "value": 17.53, "lat": 19.0, "lon": 86.25}}, {"type": "Feature", "geometry": {"type": "Polygon", "coordinates": [[[86.375, 18.875], [86.625, 18.875], [86.625, 19.125], [86.375, 19.125], [86.375, 18.875]]]}, "properties": {"time": "2019-11-08T12:00:00", "variable": "ws", "tier": "moderate", "percentile": 99.6, "z": 4.85, "wind_ms": 17.85, "value": 17.85, "lat": 19.0, "lon": 86.5}}, {"type": "Feature", "geometry": {"type": "Polygon", "coordinates": [[[86.625, 18.875], [86.875, 18.875], [86.875, 19.125], [86.625, 19.125], [86.625, 18.875]]]}, "properties": {"time": "2019-11-08T12:00:00", "variable": "ws", "tier": "moderate", "percentile": 99.6, "z": 5.16, "wind_ms": 18.57, "value": 18.57, "lat": 19.0, "lon": 86.75}}, {"type": "Feature", "geometry": {"type": "Polygon", "coordinates": [[[86.875, 18.875], [87.125, 18.875], [87.125, 19.125], [86.875, 19.125], [86.875, 18.875]]]}, "properties": {"time": "2019-11-08T12:00:00", "variable": "ws", "tier": "moderate", "percentile": 99.6, "z": 5.25, "wind_ms": 18.74, "value": 18.74, "lat": 19.0, "lon": 87.0}}, {"type": "Feature", "geometry": {"type": "Polygon", "coordinates": [[[87.125, 18.875], [87.375, 18.875], [87.375, 19.125], [87.125, 19.125], [87.125, 18.875]]]}, "properties": {"time": "2019-11-08T12:00:00", "variable": "ws", "tier": "low", "percentile": 99.6, "z": 3.95, "wind_ms": 14.79, "value": 14.79, "lat": 19.0, "lon": 87.25}}, {"type": "Feature", "geometry": {"type": "Polygon", "coordinates": [[[87.625, 18.875], [87.875, 18.875], [87.875, 19.125], [87.625, 19.125], [87.625, 18.875]]]}, "properties": {"time": "2019-11-08T12:00:00", "variable": "ws", "tier": "low", "percentile": 97.4, "z": 2.3, "wind_ms": 10.24, "value": 10.24, "lat": 19.0, "lon": 87.75}}, {"type": "Feature", "geometry": {"type": "Polygon", "coordinates": [[[87.875, 18.875], [88.125, 18.875], [88.125, 19.125], [87.875, 19.125], [87.875, 18.875]]]}, "properties": {"time": "2019-11-08T12:00:00", "variable": "ws", "tier": "low", "percentile": 98.1, "z": 3.06, "wind_ms": 11.92, "value": 11.92, "lat": 19.0, "lon": 88.0}}, {"type": "Feature", "geometry": {"type": "Polygon", "coordinates": [[[88.125, 18.875], [88.375, 18.875], [88.375, 19.125], [88.125, 19.125], [88.125, 18.875]]]}, "properties": {"time": "2019-11-08T12:00:00", "variable": "ws", "tier": "low", "percentile": 99.6, "z": 4.05, "wind_ms": 13.85, "value": 13.85, "lat": 19.0, "lon": 88.25}}, {"type": "Feature", "geometry": {"type": "Polygon", "coordinates": [[[88.375, 18.875], [88.625, 18.875], [88.625, 19.125], [88.375, 19.125], [88.375, 18.875]]]}, "properties": {"time": "2019-11-08T12:00:00", "variable": "ws", "tier": "low", "percentile": 99.6, "z": 4.96, "wind_ms": 15.58, "value": 15.58, "lat": 19.0, "lon": 88.5}}, {"type": "Feature", "geometry": {"type": "Polygon", "coordinates": [[[88.625, 18.875], [88.875, 18.875], [88.875, 19.125], [88.625, 19.125], [88.625, 18.875]]]}, "properties": {"time": "2019-11-08T12:00:00", "variable": "ws", "tier": "moderate", "percentile": 99.6, "z": 5.55, "wind_ms": 17.07, "value": 17.07, "lat": 19.0, "lon": 88.75}}, {"type": "Feature", "geometry": {"type": "Polygon", "coordinates": [[[88.875, 18.875], [89.125, 18.875], [89.125, 19.125], [88.875, 19.125], [88.875, 18.875]]]}, "properties": {"time": "2019-11-08T12:00:00", "variable": "ws", "tier": "moderate", "percentile": 99.6, "z": 5.86, "wind_ms": 17.8, "value": 17.8, "lat": 19.0, "lon": 89.0}}, {"type": "Feature", "geometry": {"type": "Polygon", "coordinates": [[[89.125, 18.875], [89.375, 18.875], [89.375, 19.125], [89.125, 19.125], [89.125, 18.875]]]}, "properties": {"time": "2019-11-08T12:00:00", "variable": "ws", "tier": "moderate", "percentile": 99.6, "z": 6.0, "wind_ms": 18.07, "value": 18.07, "lat": 19.0, "lon": 89.25}}, {"type": "Feature", "geometry": {"type": "Polygon", "coordinates": [[[89.375, 18.875], [89.625, 18.875], [89.625, 19.125], [89.375, 19.125], [89.375, 18.875]]]}, "properties": {"time": "2019-11-08T12:00:00", "variable": "ws", "tier": "moderate", "percentile": 99.6, "z": 5.97, "wind_ms": 17.98, "value": 17.98, "lat": 19.0, "lon": 89.5}}, {"type": "Feature", "geometry": {"type": "Polygon", "coordinates": [[[89.625, 18.875], [89.875, 18.875], [89.875, 19.125], [89.625, 19.125], [89.625, 18.875]]]}, "properties": {"time": "2019-11-08T12:00:00", "variable": "ws", "tier": "low", "percentile": 99.6, "z": 5.55, "wind_ms": 16.83, "value": 16.83, "lat": 19.0, "lon": 89.75}}, {"type": "Feature", "geometry": {"type": "Polygon", "coordinates": [[[89.875, 18.875], [90.125, 18.875], [90.125, 19.125], [89.875, 19.125], [89.875, 18.875]]]}, "properties": {"time": "2019-11-08T12:00:00", "variable": "ws", "tier": "low", "percentile": 99.6, "z": 5.29, "wind_ms": 15.95, "value": 15.95, "lat": 19.0, "lon": 90.0}}, {"type": "Feature", "geometry": {"type": "Polygon", "coordinates": [[[90.125, 18.875], [90.375, 18.875], [90.375, 19.125], [90.125, 19.125], [90.125, 18.875]]]}, "properties": {"time": "2019-11-08T12:00:00", "variable": "ws", "tier": "low", "percentile": 99.6, "z": 4.88, "wind_ms": 14.84, "value": 14.84, "lat": 19.0, "lon": 90.25}}, {"type": "Feature", "geometry": {"type": "Polygon", "coordinates": [[[90.375, 18.875], [90.625, 18.875], [90.625, 19.125], [90.375, 19.125], [90.375, 18.875]]]}, "properties": {"time": "2019-11-08T12:00:00", "variable": "ws", "tier": "low", "percentile": 99.6, "z": 4.55, "wind_ms": 14.02, "value": 14.02, "lat": 19.0, "lon": 90.5}}, {"type": "Feature", "geometry": {"type": "Polygon", "coordinates": [[[85.125, 19.125], [85.375, 19.125], [85.375, 19.375], [85.125, 19.375], [85.125, 19.125]]]}, "properties": {"time": "2019-11-08T12:00:00", "variable": "ws", "tier": "low", "percentile": 98.1, "z": 3.67, "wind_ms": 12.25, "value": 12.25, "lat": 19.25, "lon": 85.25}}, {"type": "Feature", "geometry": {"type": "Polygon", "coordinates": [[[85.375, 19.125], [85.625, 19.125], [85.625, 19.375], [85.375, 19.375], [85.375, 19.125]]]}, "properties": {"time": "2019-11-08T12:00:00", "variable": "ws", "tier": "low", "percentile": 99.6, "z": 4.09, "wind_ms": 13.97, "value": 13.97, "lat": 19.25, "lon": 85.5}}, {"type": "Feature", "geometry": {"type": "Polygon", "coordinates": [[[85.625, 19.125], [85.875, 19.125], [85.875, 19.375], [85.625, 19.375], [85.625, 19.125]]]}, "properties": {"time": "2019-11-08T12:00:00", "variable": "ws", "tier": "low", "percentile": 99.6, "z": 4.31, "wind_ms": 15.67, "value": 15.67, "lat": 19.25, "lon": 85.75}}, {"type": "Feature", "geometry": {"type": "Polygon", "coordinates": [[[85.875, 19.125], [86.125, 19.125], [86.125, 19.375], [85.875, 19.375], [85.875, 19.125]]]}, "properties": {"time": "2019-11-08T12:00:00", "variable": "ws", "tier": "low", "percentile": 99.6, "z": 4.46, "wind_ms": 16.55, "value": 16.55, "lat": 19.25, "lon": 86.0}}, {"type": "Feature", "geometry": {"type": "Polygon", "coordinates": [[[86.125, 19.125], [86.375, 19.125], [86.375, 19.375], [86.125, 19.375], [86.125, 19.125]]]}, "properties": {"time": "2019-11-08T12:00:00", "variable": "ws", "tier": "moderate", "percentile": 99.6, "z": 4.54, "wind_ms": 17.02, "value": 17.02, "lat": 19.25, "lon": 86.25}}, {"type": "Feature", "geometry": {"type": "Polygon", "coordinates": [[[86.375, 19.125], [86.625, 19.125], [86.625, 19.375], [86.375, 19.375], [86.375, 19.125]]]}, "properties": {"time": "2019-11-08T12:00:00", "variable": "ws", "tier": "moderate", "percentile": 99.6, "z": 4.72, "wind_ms": 17.7, "value": 17.7, "lat": 19.25, "lon": 86.5}}, {"type": "Feature", "geometry": {"type": "Polygon", "coordinates": [[[86.625, 19.125], [86.875, 19.125], [86.875, 19.375], [86.625, 19.375], [86.625, 19.125]]]}, "properties": {"time": "2019-11-08T12:00:00", "variable": "ws", "tier": "moderate", "percentile": 99.6, "z": 5.07, "wind_ms": 18.6, "value": 18.6, "lat": 19.25, "lon": 86.75}}, {"type": "Feature", "geometry": {"type": "Polygon", "coordinates": [[[86.875, 19.125], [87.125, 19.125], [87.125, 19.375], [86.875, 19.375], [86.875, 19.125]]]}, "properties": {"time": "2019-11-08T12:00:00", "variable": "ws", "tier": "moderate", "percentile": 99.6, "z": 5.18, "wind_ms": 18.58, "value": 18.58, "lat": 19.25, "lon": 87.0}}, {"type": "Feature", "geometry": {"type": "Polygon", "coordinates": [[[87.125, 19.125], [87.375, 19.125], [87.375, 19.375], [87.125, 19.375], [87.125, 19.125]]]}, "properties": {"time": "2019-11-08T12:00:00", "variable": "ws", "tier": "low", "percentile": 99.6, "z": 4.35, "wind_ms": 15.95, "value": 15.95, "lat": 19.25, "lon": 87.25}}, {"type": "Feature", "geometry": {"type": "Polygon", "coordinates": [[[87.375, 19.125], [87.625, 19.125], [87.625, 19.375], [87.375, 19.375], [87.375, 19.125]]]}, "properties": {"time": "2019-11-08T12:00:00", "variable": "ws", "tier": "low", "percentile": 98.1, "z": 3.24, "wind_ms": 12.88, "value": 12.88, "lat": 19.25, "lon": 87.5}}, {"type": "Feature", "geometry": {"type": "Polygon", "coordinates": [[[87.625, 19.125], [87.875, 19.125], [87.875, 19.375], [87.625, 19.375], [87.625, 19.125]]]}, "properties": {"time": "2019-11-08T12:00:00", "variable": "ws", "tier": "low", "percentile": 98.1, "z": 3.81, "wind_ms": 14.32, "value": 14.32, "lat": 19.25, "lon": 87.75}}, {"type": "Feature", "geometry": {"type": "Polygon", "coordinates": [[[87.875, 19.125], [88.125, 19.125], [88.125, 19.375], [87.875, 19.375], [87.875, 19.125]]]}, "properties": {"time": "2019-11-08T12:00:00", "variable": "ws", "tier": "low", "percentile": 98.9, "z": 4.13, "wind_ms": 14.86, "value": 14.86, "lat": 19.25, "lon": 88.0}}, {"type": "Feature", "geometry": {"type": "Polygon", "coordinates": [[[88.125, 19.125], [88.375, 19.125], [88.375, 19.375], [88.125, 19.375], [88.125, 19.125]]]}, "properties": {"time": "2019-11-08T12:00:00", "variable": "ws", "tier": "low", "percentile": 99.6, "z": 4.61, "wind_ms": 15.43, "value": 15.43, "lat": 19.25, "lon": 88.25}}, {"type": "Feature", "geometry": {"type": "Polygon", "coordinates": [[[88.375, 19.125], [88.625, 19.125], [88.625, 19.375], [88.375, 19.375], [88.375, 19.125]]]}, "properties": {"time": "2019-11-08T12:00:00", "variable": "ws", "tier": "low", "percentile": 99.6, "z": 5.34, "wind_ms": 16.81, "value": 16.81, "lat": 19.25, "lon": 88.5}}, {"type": "Feature", "geometry": {"type": "Polygon", "coordinates": [[[88.625, 19.125], [88.875, 19.125], [88.875, 19.375], [88.625, 19.375], [88.625, 19.125]]]}, "properties": {"time": "2019-11-08T12:00:00", "variable": "ws", "tier": "moderate", "percentile": 99.6, "z": 5.79, "wind_ms": 17.92, "value": 17.92, "lat": 19.25, "lon": 88.75}}, {"type": "Feature", "geometry": {"type": "Polygon", "coordinates": [[[88.875, 19.125], [89.125, 19.125], [89.125, 19.375], [88.875, 19.375], [88.875, 19.125]]]}, "properties": {"time": "2019-11-08T12:00:00", "variable": "ws", "tier": "moderate", "percentile": 99.6, "z": 6.03, "wind_ms": 18.27, "value": 18.27, "lat": 19.25, "lon": 89.0}}, {"type": "Feature", "geometry": {"type": "Polygon", "coordinates": [[[89.125, 19.125], [89.375, 19.125], [89.375, 19.375], [89.125, 19.375], [89.125, 19.125]]]}, "properties": {"time": "2019-11-08T12:00:00", "variable": "ws", "tier": "moderate", "percentile": 99.6, "z": 6.12, "wind_ms": 18.31, "value": 18.31, "lat": 19.25, "lon": 89.25}}, {"type": "Feature", "geometry": {"type": "Polygon", "coordinates": [[[89.375, 19.125], [89.625, 19.125], [89.625, 19.375], [89.375, 19.375], [89.375, 19.125]]]}, "properties": {"time": "2019-11-08T12:00:00", "variable": "ws", "tier": "moderate", "percentile": 99.6, "z": 6.07, "wind_ms": 18.11, "value": 18.11, "lat": 19.25, "lon": 89.5}}, {"type": "Feature", "geometry": {"type": "Polygon", "coordinates": [[[89.625, 19.125], [89.875, 19.125], [89.875, 19.375], [89.625, 19.375], [89.625, 19.125]]]}, "properties": {"time": "2019-11-08T12:00:00", "variable": "ws", "tier": "low", "percentile": 99.6, "z": 5.56, "wind_ms": 16.72, "value": 16.72, "lat": 19.25, "lon": 89.75}}, {"type": "Feature", "geometry": {"type": "Polygon", "coordinates": [[[89.875, 19.125], [90.125, 19.125], [90.125, 19.375], [89.875, 19.375], [89.875, 19.125]]]}, "properties": {"time": "2019-11-08T12:00:00", "variable": "ws", "tier": "low", "percentile": 99.6, "z": 5.24, "wind_ms": 15.77, "value": 15.77, "lat": 19.25, "lon": 90.0}}, {"type": "Feature", "geometry": {"type": "Polygon", "coordinates": [[[90.125, 19.125], [90.375, 19.125], [90.375, 19.375], [90.125, 19.375], [90.125, 19.125]]]}, "properties": {"time": "2019-11-08T12:00:00", "variable": "ws", "tier": "low", "percentile": 99.6, "z": 4.99, "wind_ms": 14.89, "value": 14.89, "lat": 19.25, "lon": 90.25}}, {"type": "Feature", "geometry": {"type": "Polygon", "coordinates": [[[90.375, 19.125], [90.625, 19.125], [90.625, 19.375], [90.375, 19.375], [90.375, 19.125]]]}, "properties": {"time": "2019-11-08T12:00:00", "variable": "ws", "tier": "low", "percentile": 99.6, "z": 4.71, "wind_ms": 14.12, "value": 14.12, "lat": 19.25, "lon": 90.5}}, {"type": "Feature", "geometry": {"type": "Polygon", "coordinates": [[[85.125, 19.375], [85.375, 19.375], [85.375, 19.625], [85.125, 19.625], [85.125, 19.375]]]}, "properties": {"time": "2019-11-08T12:00:00", "variable": "ws", "tier": "low", "percentile": 99.6, "z": 4.05, "wind_ms": 10.26, "value": 10.26, "lat": 19.5, "lon": 85.25}}, {"type": "Feature", "geometry": {"type": "Polygon", "coordinates": [[[85.375, 19.375], [85.625, 19.375], [85.625, 19.625], [85.375, 19.625], [85.375, 19.375]]]}, "properties": {"time": "2019-11-08T12:00:00", "variable": "ws", "tier": "low", "percentile": 99.6, "z": 4.16, "wind_ms": 12.77, "value": 12.77, "lat": 19.5, "lon": 85.5}}, {"type": "Feature", "geometry": {"type": "Polygon", "coordinates": [[[85.625, 19.375], [85.875, 19.375], [85.875, 19.625], [85.625, 19.625], [85.625, 19.375]]]}, "properties": {"time": "2019-11-08T12:00:00", "variable": "ws", "tier": "low", "percentile": 99.6, "z": 4.35, "wind_ms": 13.13, "value": 13.13, "lat": 19.5, "lon": 85.75}}, {"type": "Feature", "geometry": {"type": "Polygon", "coordinates": [[[85.875, 19.375], [86.125, 19.375], [86.125, 19.625], [85.875, 19.625], [85.875, 19.375]]]}, "properties": {"time": "2019-11-08T12:00:00", "variable": "ws", "tier": "low", "percentile": 99.6, "z": 4.56, "wind_ms": 15.26, "value": 15.26, "lat": 19.5, "lon": 86.0}}, {"type": "Feature", "geometry": {"type": "Polygon", "coordinates": [[[86.125, 19.375], [86.375, 19.375], [86.375, 19.625], [86.125, 19.625], [86.125, 19.375]]]}, "properties": {"time": "2019-11-08T12:00:00", "variable": "ws", "tier": "low", "percentile": 99.6, "z": 4.48, "wind_ms": 16.3, "value": 16.3, "lat": 19.5, "lon": 86.25}}, {"type": "Feature", "geometry": {"type": "Polygon", "coordinates": [[[86.375, 19.375], [86.625, 19.375], [86.625, 19.625], [86.375, 19.625], [86.375, 19.375]]]}, "properties": {"time": "2019-11-08T12:00:00", "variable": "ws", "tier": "moderate", "percentile": 99.6, "z": 4.56, "wind_ms": 17.03, "value": 17.03, "lat": 19.5, "lon": 86.5}}, {"type": "Feature", "geometry": {"type": "Polygon", "coordinates": [[[86.625, 19.375], [86.875, 19.375], [86.875, 19.625], [86.625, 19.625], [86.625, 19.375]]]}, "properties": {"time": "2019-11-08T12:00:00", "variable": "ws", "tier": "moderate", "percentile": 99.6, "z": 4.89, "wind_ms": 18.01, "value": 18.01, "lat": 19.5, "lon": 86.75}}, {"type": "Feature", "geometry": {"type": "Polygon", "coordinates": [[[86.875, 19.375], [87.125, 19.375], [87.125, 19.625], [86.875, 19.625], [86.875, 19.375]]]}, "properties": {"time": "2019-11-08T12:00:00", "variable": "ws", "tier": "moderate", "percentile": 99.6, "z": 5.09, "wind_ms": 18.44, "value": 18.44, "lat": 19.5, "lon": 87.0}}, {"type": "Feature", "geometry": {"type": "Polygon", "coordinates": [[[87.125, 19.375], [87.375, 19.375], [87.375, 19.625], [87.125, 19.625], [87.125, 19.375]]]}, "properties": {"time": "2019-11-08T12:00:00", "variable": "ws", "tier": "moderate", "percentile": 99.6, "z": 4.83, "wind_ms": 17.62, "value": 17.62, "lat": 19.5, "lon": 87.25}}, {"type": "Feature", "geometry": {"type": "Polygon", "coordinates": [[[87.375, 19.375], [87.625, 19.375], [87.625, 19.625], [87.375, 19.625], [87.375, 19.375]]]}, "properties": {"time": "2019-11-08T12:00:00", "variable": "ws", "tier": "low", "percentile": 99.6, "z": 4.29, "wind_ms": 16.01, "value": 16.01, "lat": 19.5, "lon": 87.5}}, {"type": "Feature", "geometry": {"type": "Polygon", "coordinates": [[[87.625, 19.375], [87.875, 19.375], [87.875, 19.625], [87.625, 19.625], [87.625, 19.375]]]}, "properties": {"time": "2019-11-08T12:00:00", "variable": "ws", "tier": "moderate", "percentile": 99.6, "z": 4.8, "wind_ms": 17.33, "value": 17.33, "lat": 19.5, "lon": 87.75}}, {"type": "Feature", "geometry": {"type": "Polygon", "coordinates": [[[87.875, 19.375], [88.125, 19.375], [88.125, 19.625], [87.875, 19.625], [87.875, 19.375]]]}, "properties": {"time": "2019-11-08T12:00:00", "variable": "ws", "tier": "moderate", "percentile": 99.6, "z": 5.08, "wind_ms": 18.08, "value": 18.08, "lat": 19.5, "lon": 88.0}}, {"type": "Feature", "geometry": {"type": "Polygon", "coordinates": [[[88.125, 19.375], [88.375, 19.375], [88.375, 19.625], [88.125, 19.625], [88.125, 19.375]]]}, "properties": {"time": "2019-11-08T12:00:00", "variable": "ws", "tier": "moderate", "percentile": 99.6, "z": 5.23, "wind_ms": 17.68, "value": 17.68, "lat": 19.5, "lon": 88.25}}, {"type": "Feature", "geometry": {"type": "Polygon", "coordinates": [[[88.375, 19.375], [88.625, 19.375], [88.625, 19.625], [88.375, 19.625], [88.375, 19.375]]]}, "properties": {"time": "2019-11-08T12:00:00", "variable": "ws", "tier": "moderate", "percentile": 99.6, "z": 5.58, "wind_ms": 17.83, "value": 17.83, "lat": 19.5, "lon": 88.5}}, {"type": "Feature", "geometry": {"type": "Polygon", "coordinates": [[[88.625, 19.375], [88.875, 19.375], [88.875, 19.625], [88.625, 19.625], [88.625, 19.375]]]}, "properties": {"time": "2019-11-08T12:00:00", "variable": "ws", "tier": "moderate", "percentile": 99.6, "z": 5.77, "wind_ms": 18.12, "value": 18.12, "lat": 19.5, "lon": 88.75}}, {"type": "Feature", "geometry": {"type": "Polygon", "coordinates": [[[88.875, 19.375], [89.125, 19.375], [89.125, 19.625], [88.875, 19.625], [88.875, 19.375]]]}, "properties": {"time": "2019-11-08T12:00:00", "variable": "ws", "tier": "moderate", "percentile": 99.6, "z": 5.85, "wind_ms": 17.88, "value": 17.88, "lat": 19.5, "lon": 89.0}}, {"type": "Feature", "geometry": {"type": "Polygon", "coordinates": [[[89.125, 19.375], [89.375, 19.375], [89.375, 19.625], [89.125, 19.625], [89.125, 19.375]]]}, "properties": {"time": "2019-11-08T12:00:00", "variable": "ws", "tier": "moderate", "percentile": 99.6, "z": 5.86, "wind_ms": 17.58, "value": 17.58, "lat": 19.5, "lon": 89.25}}, {"type": "Feature", "geometry": {"type": "Polygon", "coordinates": [[[89.375, 19.375], [89.625, 19.375], [89.625, 19.625], [89.375, 19.625], [89.375, 19.375]]]}, "properties": {"time": "2019-11-08T12:00:00", "variable": "ws", "tier": "moderate", "percentile": 99.6, "z": 5.77, "wind_ms": 17.22, "value": 17.22, "lat": 19.5, "lon": 89.5}}, {"type": "Feature", "geometry": {"type": "Polygon", "coordinates": [[[89.625, 19.375], [89.875, 19.375], [89.875, 19.625], [89.625, 19.625], [89.625, 19.375]]]}, "properties": {"time": "2019-11-08T12:00:00", "variable": "ws", "tier": "low", "percentile": 99.6, "z": 5.37, "wind_ms": 16.11, "value": 16.11, "lat": 19.5, "lon": 89.75}}, {"type": "Feature", "geometry": {"type": "Polygon", "coordinates": [[[89.875, 19.375], [90.125, 19.375], [90.125, 19.625], [89.875, 19.625], [89.875, 19.375]]]}, "properties": {"time": "2019-11-08T12:00:00", "variable": "ws", "tier": "low", "percentile": 99.6, "z": 5.09, "wind_ms": 15.28, "value": 15.28, "lat": 19.5, "lon": 90.0}}, {"type": "Feature", "geometry": {"type": "Polygon", "coordinates": [[[90.125, 19.375], [90.375, 19.375], [90.375, 19.625], [90.125, 19.625], [90.125, 19.375]]]}, "properties": {"time": "2019-11-08T12:00:00", "variable": "ws", "tier": "low", "percentile": 99.6, "z": 5.0, "wind_ms": 14.68, "value": 14.68, "lat": 19.5, "lon": 90.25}}, {"type": "Feature", "geometry": {"type": "Polygon", "coordinates": [[[90.375, 19.375], [90.625, 19.375], [90.625, 19.625], [90.375, 19.625], [90.375, 19.375]]]}, "properties": {"time": "2019-11-08T12:00:00", "variable": "ws", "tier": "low", "percentile": 99.6, "z": 4.85, "wind_ms": 14.15, "value": 14.15, "lat": 19.5, "lon": 90.5}}, {"type": "Feature", "geometry": {"type": "Polygon", "coordinates": [[[85.375, 19.625], [85.625, 19.625], [85.625, 19.875], [85.375, 19.875], [85.375, 19.625]]]}, "properties": {"time": "2019-11-08T12:00:00", "variable": "ws", "tier": "low", "percentile": 99.6, "z": 4.35, "wind_ms": 9.71, "value": 9.71, "lat": 19.75, "lon": 85.5}}, {"type": "Feature", "geometry": {"type": "Polygon", "coordinates": [[[85.625, 19.625], [85.875, 19.625], [85.875, 19.875], [85.625, 19.875], [85.625, 19.625]]]}, "properties": {"time": "2019-11-08T12:00:00", "variable": "ws", "tier": "low", "percentile": 99.6, "z": 5.2, "wind_ms": 9.75, "value": 9.75, "lat": 19.75, "lon": 85.75}}, {"type": "Feature", "geometry": {"type": "Polygon", "coordinates": [[[85.875, 19.625], [86.125, 19.625], [86.125, 19.875], [85.875, 19.875], [85.875, 19.625]]]}, "properties": {"time": "2019-11-08T12:00:00", "variable": "ws", "tier": "low", "percentile": 99.6, "z": 4.96, "wind_ms": 12.8, "value": 12.8, "lat": 19.75, "lon": 86.0}}, {"type": "Feature", "geometry": {"type": "Polygon", "coordinates": [[[86.125, 19.625], [86.375, 19.625], [86.375, 19.875], [86.125, 19.875], [86.125, 19.625]]]}, "properties": {"time": "2019-11-08T12:00:00", "variable": "ws", "tier": "low", "percentile": 99.6, "z": 4.76, "wind_ms": 14.46, "value": 14.46, "lat": 19.75, "lon": 86.25}}, {"type": "Feature", "geometry": {"type": "Polygon", "coordinates": [[[86.375, 19.625], [86.625, 19.625], [86.625, 19.875], [86.375, 19.875], [86.375, 19.625]]]}, "properties": {"time": "2019-11-08T12:00:00", "variable": "ws", "tier": "low", "percentile": 99.6, "z": 4.6, "wind_ms": 16.08, "value": 16.08, "lat": 19.75, "lon": 86.5}}, {"type": "Feature", "geometry": {"type": "Polygon", "coordinates": [[[86.625, 19.625], [86.875, 19.625], [86.875, 19.875], [86.625, 19.875], [86.625, 19.625]]]}, "properties": {"time": "2019-11-08T12:00:00", "variable": "ws", "tier": "moderate", "percentile": 99.6, "z": 4.79, "wind_ms": 17.2, "value": 17.2, "lat": 19.75, "lon": 86.75}}, {"type": "Feature", "geometry": {"type": "Polygon", "coordinates": [[[86.875, 19.625], [87.125, 19.625], [87.125, 19.875], [86.875, 19.875], [86.875, 19.625]]]}, "properties": {"time": "2019-11-08T12:00:00", "variable": "ws", "tier": "moderate", "percentile": 99.6, "z": 4.95, "wind_ms": 17.68, "value": 17.68, "lat": 19.75, "lon": 87.0}}, {"type": "Feature", "geometry": {"type": "Polygon", "coordinates": [[[87.125, 19.625], [87.375, 19.625], [87.375, 19.875], [87.125, 19.875], [87.125, 19.625]]]}, "properties": {"time": "2019-11-08T12:00:00", "variable": "ws", "tier": "moderate", "percentile": 99.6, "z": 4.88, "wind_ms": 17.17, "value": 17.17, "lat": 19.75, "lon": 87.25}}, {"type": "Feature", "geometry": {"type": "Polygon", "coordinates": [[[87.375, 19.625], [87.625, 19.625], [87.625, 19.875], [87.375, 19.875], [87.375, 19.625]]]}, "properties": {"time": "2019-11-08T12:00:00", "variable": "ws", "tier": "moderate", "percentile": 99.6, "z": 4.84, "wind_ms": 17.71, "value": 17.71, "lat": 19.75, "lon": 87.5}}, {"type": "Feature", "geometry": {"type": "Polygon", "coordinates": [[[87.625, 19.625], [87.875, 19.625], [87.875, 19.875], [87.625, 19.875], [87.625, 19.625]]]}, "properties": {"time": "2019-11-08T12:00:00", "variable": "ws", "tier": "moderate", "percentile": 99.6, "z": 4.95, "wind_ms": 17.91, "value": 17.91, "lat": 19.75, "lon": 87.75}}, {"type": "Feature", "geometry": {"type": "Polygon", "coordinates": [[[87.875, 19.625], [88.125, 19.625], [88.125, 19.875], [87.875, 19.875], [87.875, 19.625]]]}, "properties": {"time": "2019-11-08T12:00:00", "variable": "ws", "tier": "moderate", "percentile": 99.6, "z": 5.01, "wind_ms": 18.05, "value": 18.05, "lat": 19.75, "lon": 88.0}}, {"type": "Feature", "geometry": {"type": "Polygon", "coordinates": [[[88.125, 19.625], [88.375, 19.625], [88.375, 19.875], [88.125, 19.875], [88.125, 19.625]]]}, "properties": {"time": "2019-11-08T12:00:00", "variable": "ws", "tier": "moderate", "percentile": 99.6, "z": 5.11, "wind_ms": 17.97, "value": 17.97, "lat": 19.75, "lon": 88.25}}, {"type": "Feature", "geometry": {"type": "Polygon", "coordinates": [[[88.375, 19.625], [88.625, 19.625], [88.625, 19.875], [88.375, 19.875], [88.375, 19.625]]]}, "properties": {"time": "2019-11-08T12:00:00", "variable": "ws", "tier": "moderate", "percentile": 99.6, "z": 5.38, "wind_ms": 17.7, "value": 17.7, "lat": 19.75, "lon": 88.5}}, {"type": "Feature", "geometry": {"type": "Polygon", "coordinates": [[[88.625, 19.625], [88.875, 19.625], [88.875, 19.875], [88.625, 19.875], [88.625, 19.625]]]}, "properties": {"time": "2019-11-08T12:00:00", "variable": "ws", "tier": "moderate", "percentile": 99.6, "z": 5.48, "wind_ms": 17.44, "value": 17.44, "lat": 19.75, "lon": 88.75}}, {"type": "Feature", "geometry": {"type": "Polygon", "coordinates": [[[88.875, 19.625], [89.125, 19.625], [89.125, 19.875], [88.875, 19.875], [88.875, 19.625]]]}, "properties": {"time": "2019-11-08T12:00:00", "variable": "ws", "tier": "low", "percentile": 99.6, "z": 5.42, "wind_ms": 16.91, "value": 16.91, "lat": 19.75, "lon": 89.0}}, {"type": "Feature", "geometry": {"type": "Polygon", "coordinates": [[[89.125, 19.625], [89.375, 19.625], [89.375, 19.875], [89.125, 19.875], [89.125, 19.625]]]}, "properties": {"time": "2019-11-08T12:00:00", "variable": "ws", "tier": "low", "percentile": 99.6, "z": 5.3, "wind_ms": 16.3, "value": 16.3, "lat": 19.75, "lon": 89.25}}, {"type": "Feature", "geometry": {"type": "Polygon", "coordinates": [[[89.375, 19.625], [89.625, 19.625], [89.625, 19.875], [89.375, 19.875], [89.375, 19.625]]]}, "properties": {"time": "2019-11-08T12:00:00", "variable": "ws", "tier": "low", "percentile": 99.6, "z": 5.16, "wind_ms": 15.77, "value": 15.77, "lat": 19.75, "lon": 89.5}}, {"type": "Feature", "geometry": {"type": "Polygon", "coordinates": [[[89.625, 19.625], [89.875, 19.625], [89.875, 19.875], [89.625, 19.875], [89.625, 19.625]]]}, "properties": {"time": "2019-11-08T12:00:00", "variable": "ws", "tier": "low", "percentile": 99.6, "z": 5.11, "wind_ms": 15.47, "value": 15.47, "lat": 19.75, "lon": 89.75}}, {"type": "Feature", "geometry": {"type": "Polygon", "coordinates": [[[89.875, 19.625], [90.125, 19.625], [90.125, 19.875], [89.875, 19.875], [89.875, 19.625]]]}, "properties": {"time": "2019-11-08T12:00:00", "variable": "ws", "tier": "low", "percentile": 99.6, "z": 4.95, "wind_ms": 15.0, "value": 15.0, "lat": 19.75, "lon": 90.0}}, {"type": "Feature", "geometry": {"type": "Polygon", "coordinates": [[[90.125, 19.625], [90.375, 19.625], [90.375, 19.875], [90.125, 19.875], [90.125, 19.625]]]}, "properties": {"time": "2019-11-08T12:00:00", "variable": "ws", "tier": "low", "percentile": 99.6, "z": 4.94, "wind_ms": 14.72, "value": 14.72, "lat": 19.75, "lon": 90.25}}, {"type": "Feature", "geometry": {"type": "Polygon", "coordinates": [[[90.375, 19.625], [90.625, 19.625], [90.625, 19.875], [90.375, 19.875], [90.375, 19.625]]]}, "properties": {"time": "2019-11-08T12:00:00", "variable": "ws", "tier": "low", "percentile": 99.6, "z": 4.94, "wind_ms": 14.38, "value": 14.38, "lat": 19.75, "lon": 90.5}}, {"type": "Feature", "geometry": {"type": "Polygon", "coordinates": [[[85.875, 19.875], [86.125, 19.875], [86.125, 20.125], [85.875, 20.125], [85.875, 19.875]]]}, "properties": {"time": "2019-11-08T12:00:00", "variable": "ws", "tier": "low", "percentile": 99.6, "z": 5.67, "wind_ms": 9.37, "value": 9.37, "lat": 20.0, "lon": 86.0}}, {"type": "Feature", "geometry": {"type": "Polygon", "coordinates": [[[86.125, 19.875], [86.375, 19.875], [86.375, 20.125], [86.125, 20.125], [86.125, 19.875]]]}, "properties": {"time": "2019-11-08T12:00:00", "variable": "ws", "tier": "low", "percentile": 99.6, "z": 5.62, "wind_ms": 10.43, "value": 10.43, "lat": 20.0, "lon": 86.25}}, {"type": "Feature", "geometry": {"type": "Polygon", "coordinates": [[[86.375, 19.875], [86.625, 19.875], [86.625, 20.125], [86.375, 20.125], [86.375, 19.875]]]}, "properties": {"time": "2019-11-08T12:00:00", "variable": "ws", "tier": "low", "percentile": 99.6, "z": 5.25, "wind_ms": 12.67, "value": 12.67, "lat": 20.0, "lon": 86.5}}, {"type": "Feature", "geometry": {"type": "Polygon", "coordinates": [[[86.625, 19.875], [86.875, 19.875], [86.875, 20.125], [86.625, 20.125], [86.625, 19.875]]]}, "properties": {"time": "2019-11-08T12:00:00", "variable": "ws", "tier": "low", "percentile": 99.6, "z": 4.94, "wind_ms": 16.1, "value": 16.1, "lat": 20.0, "lon": 86.75}}, {"type": "Feature", "geometry": {"type": "Polygon", "coordinates": [[[86.875, 19.875], [87.125, 19.875], [87.125, 20.125], [86.875, 20.125], [86.875, 19.875]]]}, "properties": {"time": "2019-11-08T12:00:00", "variable": "ws", "tier": "moderate", "percentile": 99.6, "z": 5.05, "wind_ms": 17.24, "value": 17.24, "lat": 20.0, "lon": 87.0}}, {"type": "Feature", "geometry": {"type": "Polygon", "coordinates": [[[87.125, 19.875], [87.375, 19.875], [87.375, 20.125], [87.125, 20.125], [87.125, 19.875]]]}, "properties": {"time": "2019-11-08T12:00:00", "variable": "ws", "tier": "moderate", "percentile": 99.6, "z": 4.97, "wind_ms": 17.19, "value": 17.19, "lat": 20.0, "lon": 87.25}}, {"type": "Feature", "geometry": {"type": "Polygon", "coordinates": [[[87.375, 19.875], [87.625, 19.875], [87.625, 20.125], [87.375, 20.125], [87.375, 19.875]]]}, "properties": {"time": "2019-11-08T12:00:00", "variable": "ws", "tier": "moderate", "percentile": 99.6, "z": 4.86, "wind_ms": 17.47, "value": 17.47, "lat": 20.0, "lon": 87.5}}, {"type": "Feature", "geometry": {"type": "Polygon", "coordinates": [[[87.625, 19.875], [87.875, 19.875], [87.875, 20.125], [87.625, 20.125], [87.625, 19.875]]]}, "properties": {"time": "2019-11-08T12:00:00", "variable": "ws", "tier": "moderate", "percentile": 98.9, "z": 4.81, "wind_ms": 17.52, "value": 17.52, "lat": 20.0, "lon": 87.75}}, {"type": "Feature", "geometry": {"type": "Polygon", "coordinates": [[[87.875, 19.875], [88.125, 19.875], [88.125, 20.125], [87.875, 20.125], [87.875, 19.875]]]}, "properties": {"time": "2019-11-08T12:00:00", "variable": "ws", "tier": "moderate", "percentile": 98.9, "z": 4.75, "wind_ms": 17.22, "value": 17.22, "lat": 20.0, "lon": 88.0}}, {"type": "Feature", "geometry": {"type": "Polygon", "coordinates": [[[88.125, 19.875], [88.375, 19.875], [88.375, 20.125], [88.125, 20.125], [88.125, 19.875]]]}, "properties": {"time": "2019-11-08T12:00:00", "variable": "ws", "tier": "low", "percentile": 98.9, "z": 4.74, "wind_ms": 16.96, "value": 16.96, "lat": 20.0, "lon": 88.25}}, {"type": "Feature", "geometry": {"type": "Polygon", "coordinates": [[[88.375, 19.875], [88.625, 19.875], [88.625, 20.125], [88.375, 20.125], [88.375, 19.875]]]}, "properties": {"time": "2019-11-08T12:00:00", "variable": "ws", "tier": "moderate", "percentile": 98.9, "z": 5.04, "wind_ms": 17.17, "value": 17.17, "lat": 20.0, "lon": 88.5}}, {"type": "Feature", "geometry": {"type": "Polygon", "coordinates": [[[88.625, 19.875], [88.875, 19.875], [88.875, 20.125], [88.625, 20.125], [88.625, 19.875]]]}, "properties": {"time": "2019-11-08T12:00:00", "variable": "ws", "tier": "low", "percentile": 98.9, "z": 5.2, "wind_ms": 16.69, "value": 16.69, "lat": 20.0, "lon": 88.75}}, {"type": "Feature", "geometry": {"type": "Polygon", "coordinates": [[[88.875, 19.875], [89.125, 19.875], [89.125, 20.125], [88.875, 20.125], [88.875, 19.875]]]}, "properties": {"time": "2019-11-08T12:00:00", "variable": "ws", "tier": "low", "percentile": 98.9, "z": 5.01, "wind_ms": 16.15, "value": 16.15, "lat": 20.0, "lon": 89.0}}, {"type": "Feature", "geometry": {"type": "Polygon", "coordinates": [[[89.125, 19.875], [89.375, 19.875], [89.375, 20.125], [89.125, 20.125], [89.125, 19.875]]]}, "properties": {"time": "2019-11-08T12:00:00", "variable": "ws", "tier": "low", "percentile": 98.9, "z": 4.83, "wind_ms": 15.5, "value": 15.5, "lat": 20.0, "lon": 89.25}}, {"type": "Feature", "geometry": {"type": "Polygon", "coordinates": [[[89.375, 19.875], [89.625, 19.875], [89.625, 20.125], [89.375, 20.125], [89.375, 19.875]]]}, "properties": {"time": "2019-11-08T12:00:00", "variable": "ws", "tier": "low", "percentile": 98.9, "z": 4.83, "wind_ms": 15.17, "value": 15.17, "lat": 20.0, "lon": 89.5}}, {"type": "Feature", "geometry": {"type": "Polygon", "coordinates": [[[89.625, 19.875], [89.875, 19.875], [89.875, 20.125], [89.625, 20.125], [89.625, 19.875]]]}, "properties": {"time": "2019-11-08T12:00:00", "variable": "ws", "tier": "low", "percentile": 99.6, "z": 4.81, "wind_ms": 14.93, "value": 14.93, "lat": 20.0, "lon": 89.75}}, {"type": "Feature", "geometry": {"type": "Polygon", "coordinates": [[[89.875, 19.875], [90.125, 19.875], [90.125, 20.125], [89.875, 20.125], [89.875, 19.875]]]}, "properties": {"time": "2019-11-08T12:00:00", "variable": "ws", "tier": "low", "percentile": 99.6, "z": 4.8, "wind_ms": 14.7, "value": 14.7, "lat": 20.0, "lon": 90.0}}, {"type": "Feature", "geometry": {"type": "Polygon", "coordinates": [[[90.125, 19.875], [90.375, 19.875], [90.375, 20.125], [90.125, 20.125], [90.125, 19.875]]]}, "properties": {"time": "2019-11-08T12:00:00", "variable": "ws", "tier": "low", "percentile": 99.6, "z": 4.91, "wind_ms": 14.8, "value": 14.8, "lat": 20.0, "lon": 90.25}}, {"type": "Feature", "geometry": {"type": "Polygon", "coordinates": [[[90.375, 19.875], [90.625, 19.875], [90.625, 20.125], [90.375, 20.125], [90.375, 19.875]]]}, "properties": {"time": "2019-11-08T12:00:00", "variable": "ws", "tier": "low", "percentile": 99.6, "z": 4.83, "wind_ms": 14.41, "value": 14.41, "lat": 20.0, "lon": 90.5}}, {"type": "Feature", "geometry": {"type": "Polygon", "coordinates": [[[86.375, 20.125], [86.625, 20.125], [86.625, 20.375], [86.375, 20.375], [86.375, 20.125]]]}, "properties": {"time": "2019-11-08T12:00:00", "variable": "ws", "tier": "low", "percentile": 99.6, "z": 5.91, "wind_ms": 9.33, "value": 9.33, "lat": 20.25, "lon": 86.5}}, {"type": "Feature", "geometry": {"type": "Polygon", "coordinates": [[[86.625, 20.125], [86.875, 20.125], [86.875, 20.375], [86.625, 20.375], [86.625, 20.125]]]}, "properties": {"time": "2019-11-08T12:00:00", "variable": "ws", "tier": "low", "percentile": 99.6, "z": 5.59, "wind_ms": 12.81, "value": 12.81, "lat": 20.25, "lon": 86.75}}, {"type": "Feature", "geometry": {"type": "Polygon", "coordinates": [[[86.875, 20.125], [87.125, 20.125], [87.125, 20.375], [86.875, 20.375], [86.875, 20.125]]]}, "properties": {"time": "2019-11-08T12:00:00", "variable": "ws", "tier": "low", "percentile": 99.6, "z": 5.0, "wind_ms": 15.88, "value": 15.88, "lat": 20.25, "lon": 87.0}}, {"type": "Feature", "geometry": {"type": "Polygon", "coordinates": [[[87.125, 20.125], [87.375, 20.125], [87.375, 20.375], [87.125, 20.375], [87.125, 20.125]]]}, "properties": {"time": "2019-11-08T12:00:00", "variable": "ws", "tier": "low", "percentile": 99.6, "z": 4.87, "wind_ms": 16.56, "value": 16.56, "lat": 20.25, "lon": 87.25}}, {"type": "Feature", "geometry": {"type": "Polygon", "coordinates": [[[87.375, 20.125], [87.625, 20.125], [87.625, 20.375], [87.375, 20.375], [87.375, 20.125]]]}, "properties": {"time": "2019-11-08T12:00:00", "variable": "ws", "tier": "low", "percentile": 98.9, "z": 4.59, "wind_ms": 16.21, "value": 16.21, "lat": 20.25, "lon": 87.5}}, {"type": "Feature", "geometry": {"type": "Polygon", "coordinates": [[[87.625, 20.125], [87.875, 20.125], [87.875, 20.375], [87.625, 20.375], [87.625, 20.125]]]}, "properties": {"time": "2019-11-08T12:00:00", "variable": "ws", "tier": "low", "percentile": 98.9, "z": 4.41, "wind_ms": 16.04, "value": 16.04, "lat": 20.25, "lon": 87.75}}, {"type": "Feature", "geometry": {"type": "Polygon", "coordinates": [[[87.875, 20.125], [88.125, 20.125], [88.125, 20.375], [87.875, 20.375], [87.875, 20.125]]]}, "properties": {"time": "2019-11-08T12:00:00", "variable": "ws", "tier": "low", "percentile": 98.9, "z": 4.28, "wind_ms": 15.86, "value": 15.86, "lat": 20.25, "lon": 88.0}}, {"type": "Feature", "geometry": {"type": "Polygon", "coordinates": [[[88.125, 20.125], [88.375, 20.125], [88.375, 20.375], [88.125, 20.375], [88.125, 20.125]]]}, "properties": {"time": "2019-11-08T12:00:00", "variable": "ws", "tier": "low", "percentile": 98.1, "z": 4.29, "wind_ms": 15.72, "value": 15.72, "lat": 20.25, "lon": 88.25}}, {"type": "Feature", "geometry": {"type": "Polygon", "coordinates": [[[88.375, 20.125], [88.625, 20.125], [88.625, 20.375], [88.375, 20.375], [88.375, 20.125]]]}, "properties": {"time": "2019-11-08T12:00:00", "variable": "ws", "tier": "low", "percentile": 98.9, "z": 4.53, "wind_ms": 15.67, "value": 15.67, "lat": 20.25, "lon": 88.5}}, {"type": "Feature", "geometry": {"type": "Polygon", "coordinates": [[[88.625, 20.125], [88.875, 20.125], [88.875, 20.375], [88.625, 20.375], [88.625, 20.125]]]}, "properties": {"time": "2019-11-08T12:00:00", "variable": "ws", "tier": "low", "percentile": 98.9, "z": 4.96, "wind_ms": 15.84, "value": 15.84, "lat": 20.25, "lon": 88.75}}, {"type": "Feature", "geometry": {"type": "Polygon", "coordinates": [[[88.875, 20.125], [89.125, 20.125], [89.125, 20.375], [88.875, 20.375], [88.875, 20.125]]]}, "properties": {"time": "2019-11-08T12:00:00", "variable": "ws", "tier": "low", "percentile": 98.9, "z": 4.77, "wind_ms": 15.21, "value": 15.21, "lat": 20.25, "lon": 89.0}}, {"type": "Feature", "geometry": {"type": "Polygon", "coordinates": [[[89.125, 20.125], [89.375, 20.125], [89.375, 20.375], [89.125, 20.375], [89.125, 20.125]]]}, "properties": {"time": "2019-11-08T12:00:00", "variable": "ws", "tier": "low", "percentile": 98.9, "z": 4.68, "wind_ms": 15.07, "value": 15.07, "lat": 20.25, "lon": 89.25}}, {"type": "Feature", "geometry": {"type": "Polygon", "coordinates": [[[89.375, 20.125], [89.625, 20.125], [89.625, 20.375], [89.375, 20.375], [89.375, 20.125]]]}, "properties": {"time": "2019-11-08T12:00:00", "variable": "ws", "tier": "low", "percentile": 98.9, "z": 4.63, "wind_ms": 14.72, "value": 14.72, "lat": 20.25, "lon": 89.5}}, {"type": "Feature", "geometry": {"type": "Polygon", "coordinates": [[[89.625, 20.125], [89.875, 20.125], [89.875, 20.375], [89.625, 20.375], [89.625, 20.125]]]}, "properties": {"time": "2019-11-08T12:00:00", "variable": "ws", "tier": "low", "percentile": 99.6, "z": 4.64, "wind_ms": 14.6, "value": 14.6, "lat": 20.25, "lon": 89.75}}, {"type": "Feature", "geometry": {"type": "Polygon", "coordinates": [[[89.875, 20.125], [90.125, 20.125], [90.125, 20.375], [89.875, 20.375], [89.875, 20.125]]]}, "properties": {"time": "2019-11-08T12:00:00", "variable": "ws", "tier": "low", "percentile": 99.6, "z": 4.71, "wind_ms": 14.56, "value": 14.56, "lat": 20.25, "lon": 90.0}}, {"type": "Feature", "geometry": {"type": "Polygon", "coordinates": [[[90.125, 20.125], [90.375, 20.125], [90.375, 20.375], [90.125, 20.375], [90.125, 20.125]]]}, "properties": {"time": "2019-11-08T12:00:00", "variable": "ws", "tier": "low", "percentile": 99.6, "z": 4.83, "wind_ms": 14.65, "value": 14.65, "lat": 20.25, "lon": 90.25}}, {"type": "Feature", "geometry": {"type": "Polygon", "coordinates": [[[90.375, 20.125], [90.625, 20.125], [90.625, 20.375], [90.375, 20.375], [90.375, 20.125]]]}, "properties": {"time": "2019-11-08T12:00:00", "variable": "ws", "tier": "low", "percentile": 99.6, "z": 4.65, "wind_ms": 14.12, "value": 14.12, "lat": 20.25, "lon": 90.5}}, {"type": "Feature", "geometry": {"type": "Polygon", "coordinates": [[[86.625, 20.375], [86.875, 20.375], [86.875, 20.625], [86.625, 20.625], [86.625, 20.375]]]}, "properties": {"time": "2019-11-08T12:00:00", "variable": "ws", "tier": "low", "percentile": 99.6, "z": 5.74, "wind_ms": 9.62, "value": 9.62, "lat": 20.5, "lon": 86.75}}, {"type": "Feature", "geometry": {"type": "Polygon", "coordinates": [[[86.875, 20.375], [87.125, 20.375], [87.125, 20.625], [86.875, 20.625], [86.875, 20.375]]]}, "properties": {"time": "2019-11-08T12:00:00", "variable": "ws", "tier": "low", "percentile": 99.6, "z": 5.2, "wind_ms": 12.78, "value": 12.78, "lat": 20.5, "lon": 87.0}}, {"type": "Feature", "geometry": {"type": "Polygon", "coordinates": [[[87.125, 20.375], [87.375, 20.375], [87.375, 20.625], [87.125, 20.625], [87.125, 20.375]]]}, "properties": {"time": "2019-11-08T12:00:00", "variable": "ws", "tier": "low", "percentile": 98.9, "z": 4.54, "wind_ms": 15.47, "value": 15.47, "lat": 20.5, "lon": 87.25}}, {"type": "Feature", "geometry": {"type": "Polygon", "coordinates": [[[87.375, 20.375], [87.625, 20.375], [87.625, 20.625], [87.375, 20.625], [87.375, 20.375]]]}, "properties": {"time": "2019-11-08T12:00:00", "variable": "ws", "tier": "low", "percentile": 98.9, "z": 4.26, "wind_ms": 15.23, "value": 15.23, "lat": 20.5, "lon": 87.5}}, {"type": "Feature", "geometry": {"type": "Polygon", "coordinates": [[[87.625, 20.375], [87.875, 20.375], [87.875, 20.625], [87.625, 20.625], [87.625, 20.375]]]}, "properties": {"time": "2019-11-08T12:00:00", "variable": "ws", "tier": "low", "percentile": 98.9, "z": 4.21, "wind_ms": 14.91, "value": 14.91, "lat": 20.5, "lon": 87.75}}, {"type": "Feature", "geometry": {"type": "Polygon", "coordinates": [[[87.875, 20.375], [88.125, 20.375], [88.125, 20.625], [87.875, 20.625], [87.875, 20.375]]]}, "properties": {"time": "2019-11-08T12:00:00", "variable": "ws", "tier": "low", "percentile": 98.1, "z": 4.09, "wind_ms": 14.77, "value": 14.77, "lat": 20.5, "lon": 88.0}}, {"type": "Feature", "geometry": {"type": "Polygon", "coordinates": [[[88.125, 20.375], [88.375, 20.375], [88.375, 20.625], [88.125, 20.625], [88.125, 20.375]]]}, "properties": {"time": "2019-11-08T12:00:00", "variable": "ws", "tier": "low", "percentile": 98.1, "z": 4.03, "wind_ms": 14.57, "value": 14.57, "lat": 20.5, "lon": 88.25}}, {"type": "Feature", "geometry": {"type": "Polygon", "coordinates": [[[88.375, 20.375], [88.625, 20.375], [88.625, 20.625], [88.375, 20.625], [88.375, 20.375]]]}, "properties": {"time": "2019-11-08T12:00:00", "variable": "ws", "tier": "low", "percentile": 98.1, "z": 4.15, "wind_ms": 14.69, "value": 14.69, "lat": 20.5, "lon": 88.5}}, {"type": "Feature", "geometry": {"type": "Polygon", "coordinates": [[[88.625, 20.375], [88.875, 20.375], [88.875, 20.625], [88.625, 20.625], [88.625, 20.375]]]}, "properties": {"time": "2019-11-08T12:00:00", "variable": "ws", "tier": "low", "percentile": 98.9, "z": 4.62, "wind_ms": 14.71, "value": 14.71, "lat": 20.5, "lon": 88.75}}, {"type": "Feature", "geometry": {"type": "Polygon", "coordinates": [[[88.875, 20.375], [89.125, 20.375], [89.125, 20.625], [88.875, 20.625], [88.875, 20.375]]]}, "properties": {"time": "2019-11-08T12:00:00", "variable": "ws", "tier": "low", "percentile": 98.9, "z": 4.95, "wind_ms": 15.02, "value": 15.02, "lat": 20.5, "lon": 89.0}}, {"type": "Feature", "geometry": {"type": "Polygon", "coordinates": [[[89.125, 20.375], [89.375, 20.375], [89.375, 20.625], [89.125, 20.625], [89.125, 20.375]]]}, "properties": {"time": "2019-11-08T12:00:00", "variable": "ws", "tier": "low", "percentile": 98.9, "z": 4.87, "wind_ms": 14.88, "value": 14.88, "lat": 20.5, "lon": 89.25}}, {"type": "Feature", "geometry": {"type": "Polygon", "coordinates": [[[89.375, 20.375], [89.625, 20.375], [89.625, 20.625], [89.375, 20.625], [89.375, 20.375]]]}, "properties": {"time": "2019-11-08T12:00:00", "variable": "ws", "tier": "low", "percentile": 98.9, "z": 4.76, "wind_ms": 14.55, "value": 14.55, "lat": 20.5, "lon": 89.5}}, {"type": "Feature", "geometry": {"type": "Polygon", "coordinates": [[[89.625, 20.375], [89.875, 20.375], [89.875, 20.625], [89.625, 20.625], [89.625, 20.375]]]}, "properties": {"time": "2019-11-08T12:00:00", "variable": "ws", "tier": "low", "percentile": 99.6, "z": 4.67, "wind_ms": 14.38, "value": 14.38, "lat": 20.5, "lon": 89.75}}, {"type": "Feature", "geometry": {"type": "Polygon", "coordinates": [[[89.875, 20.375], [90.125, 20.375], [90.125, 20.625], [89.875, 20.625], [89.875, 20.375]]]}, "properties": {"time": "2019-11-08T12:00:00", "variable": "ws", "tier": "low", "percentile": 99.6, "z": 4.66, "wind_ms": 14.48, "value": 14.48, "lat": 20.5, "lon": 90.0}}, {"type": "Feature", "geometry": {"type": "Polygon", "coordinates": [[[90.125, 20.375], [90.375, 20.375], [90.375, 20.625], [90.125, 20.625], [90.125, 20.375]]]}, "properties": {"time": "2019-11-08T12:00:00", "variable": "ws", "tier": "low", "percentile": 99.6, "z": 4.68, "wind_ms": 14.33, "value": 14.33, "lat": 20.5, "lon": 90.25}}, {"type": "Feature", "geometry": {"type": "Polygon", "coordinates": [[[90.375, 20.375], [90.625, 20.375], [90.625, 20.625], [90.375, 20.625], [90.375, 20.375]]]}, "properties": {"time": "2019-11-08T12:00:00", "variable": "ws", "tier": "low", "percentile": 99.6, "z": 4.48, "wind_ms": 13.73, "value": 13.73, "lat": 20.5, "lon": 90.5}}, {"type": "Feature", "geometry": {"type": "Polygon", "coordinates": [[[86.875, 20.625], [87.125, 20.625], [87.125, 20.875], [86.875, 20.875], [86.875, 20.625]]]}, "properties": {"time": "2019-11-08T12:00:00", "variable": "ws", "tier": "low", "percentile": 98.9, "z": 4.91, "wind_ms": 11.77, "value": 11.77, "lat": 20.75, "lon": 87.0}}, {"type": "Feature", "geometry": {"type": "Polygon", "coordinates": [[[87.125, 20.625], [87.375, 20.625], [87.375, 20.875], [87.125, 20.875], [87.125, 20.625]]]}, "properties": {"time": "2019-11-08T12:00:00", "variable": "ws", "tier": "low", "percentile": 98.9, "z": 4.36, "wind_ms": 14.51, "value": 14.51, "lat": 20.75, "lon": 87.25}}, {"type": "Feature", "geometry": {"type": "Polygon", "coordinates": [[[87.375, 20.625], [87.625, 20.625], [87.625, 20.875], [87.375, 20.875], [87.375, 20.625]]]}, "properties": {"time": "2019-11-08T12:00:00", "variable": "ws", "tier": "low", "percentile": 98.9, "z": 4.2, "wind_ms": 14.95, "value": 14.95, "lat": 20.75, "lon": 87.5}}, {"type": "Feature", "geometry": {"type": "Polygon", "coordinates": [[[87.625, 20.625], [87.875, 20.625], [87.875, 20.875], [87.625, 20.875], [87.625, 20.625]]]}, "properties": {"time": "2019-11-08T12:00:00", "variable": "ws", "tier": "low", "percentile": 98.9, "z": 4.37, "wind_ms": 14.64, "value": 14.64, "lat": 20.75, "lon": 87.75}}, {"type": "Feature", "geometry": {"type": "Polygon", "coordinates": [[[87.875, 20.625], [88.125, 20.625], [88.125, 20.875], [87.875, 20.875], [87.875, 20.625]]]}, "properties": {"time": "2019-11-08T12:00:00", "variable": "ws", "tier": "low", "percentile": 99.6, "z": 4.33, "wind_ms": 14.36, "value": 14.36, "lat": 20.75, "lon": 88.0}}, {"type": "Feature", "geometry": {"type": "Polygon", "coordinates": [[[88.125, 20.625], [88.375, 20.625], [88.375, 20.875], [88.125, 20.875], [88.125, 20.625]]]}, "properties": {"time": "2019-11-08T12:00:00", "variable": "ws", "tier": "low", "percentile": 98.1, "z": 4.08, "wind_ms": 14.1, "value": 14.1, "lat": 20.75, "lon": 88.25}}, {"type": "Feature", "geometry": {"type": "Polygon", "coordinates": [[[88.375, 20.625], [88.625, 20.625], [88.625, 20.875], [88.375, 20.875], [88.375, 20.625]]]}, "properties": {"time": "2019-11-08T12:00:00", "variable": "ws", "tier": "low", "percentile": 98.1, "z": 3.99, "wind_ms": 14.11, "value": 14.11, "lat": 20.75, "lon": 88.5}}, {"type": "Feature", "geometry": {"type": "Polygon", "coordinates": [[[88.625, 20.625], [88.875, 20.625], [88.875, 20.875], [88.625, 20.875], [88.625, 20.625]]]}, "properties": {"time": "2019-11-08T12:00:00", "variable": "ws", "tier": "low", "percentile": 98.9, "z": 4.33, "wind_ms": 14.38, "value": 14.38, "lat": 20.75, "lon": 88.75}}, {"type": "Feature", "geometry": {"type": "Polygon", "coordinates": [[[88.875, 20.625], [89.125, 20.625], [89.125, 20.875], [88.875, 20.875], [88.875, 20.625]]]}, "properties": {"time": "2019-11-08T12:00:00", "variable": "ws", "tier": "low", "percentile": 98.9, "z": 4.66, "wind_ms": 14.62, "value": 14.62, "lat": 20.75, "lon": 89.0}}, {"type": "Feature", "geometry": {"type": "Polygon", "coordinates": [[[89.125, 20.625], [89.375, 20.625], [89.375, 20.875], [89.125, 20.875], [89.125, 20.625]]]}, "properties": {"time": "2019-11-08T12:00:00", "variable": "ws", "tier": "low", "percentile": 98.9, "z": 4.79, "wind_ms": 14.7, "value": 14.7, "lat": 20.75, "lon": 89.25}}, {"type": "Feature", "geometry": {"type": "Polygon", "coordinates": [[[89.375, 20.625], [89.625, 20.625], [89.625, 20.875], [89.375, 20.875], [89.375, 20.625]]]}, "properties": {"time": "2019-11-08T12:00:00", "variable": "ws", "tier": "low", "percentile": 98.9, "z": 4.72, "wind_ms": 14.49, "value": 14.49, "lat": 20.75, "lon": 89.5}}, {"type": "Feature", "geometry": {"type": "Polygon", "coordinates": [[[89.625, 20.625], [89.875, 20.625], [89.875, 20.875], [89.625, 20.875], [89.625, 20.625]]]}, "properties": {"time": "2019-11-08T12:00:00", "variable": "ws", "tier": "low", "percentile": 99.6, "z": 4.69, "wind_ms": 14.36, "value": 14.36, "lat": 20.75, "lon": 89.75}}, {"type": "Feature", "geometry": {"type": "Polygon", "coordinates": [[[89.875, 20.625], [90.125, 20.625], [90.125, 20.875], [89.875, 20.875], [89.875, 20.625]]]}, "properties": {"time": "2019-11-08T12:00:00", "variable": "ws", "tier": "low", "percentile": 99.6, "z": 4.62, "wind_ms": 14.28, "value": 14.28, "lat": 20.75, "lon": 90.0}}, {"type": "Feature", "geometry": {"type": "Polygon", "coordinates": [[[90.125, 20.625], [90.375, 20.625], [90.375, 20.875], [90.125, 20.875], [90.125, 20.625]]]}, "properties": {"time": "2019-11-08T12:00:00", "variable": "ws", "tier": "low", "percentile": 99.6, "z": 4.56, "wind_ms": 13.96, "value": 13.96, "lat": 20.75, "lon": 90.25}}, {"type": "Feature", "geometry": {"type": "Polygon", "coordinates": [[[90.375, 20.625], [90.625, 20.625], [90.625, 20.875], [90.375, 20.875], [90.375, 20.625]]]}, "properties": {"time": "2019-11-08T12:00:00", "variable": "ws", "tier": "low", "percentile": 99.6, "z": 4.34, "wind_ms": 13.29, "value": 13.29, "lat": 20.75, "lon": 90.5}}, {"type": "Feature", "geometry": {"type": "Polygon", "coordinates": [[[86.875, 20.875], [87.125, 20.875], [87.125, 21.125], [86.875, 21.125], [86.875, 20.875]]]}, "properties": {"time": "2019-11-08T12:00:00", "variable": "ws", "tier": "low", "percentile": 98.9, "z": 4.52, "wind_ms": 12.1, "value": 12.1, "lat": 21.0, "lon": 87.0}}, {"type": "Feature", "geometry": {"type": "Polygon", "coordinates": [[[87.125, 20.875], [87.375, 20.875], [87.375, 21.125], [87.125, 21.125], [87.125, 20.875]]]}, "properties": {"time": "2019-11-08T12:00:00", "variable": "ws", "tier": "low", "percentile": 98.9, "z": 4.22, "wind_ms": 14.41, "value": 14.41, "lat": 21.0, "lon": 87.25}}, {"type": "Feature", "geometry": {"type": "Polygon", "coordinates": [[[87.375, 20.875], [87.625, 20.875], [87.625, 21.125], [87.375, 21.125], [87.375, 20.875]]]}, "properties": {"time": "2019-11-08T12:00:00", "variable": "ws", "tier": "low", "percentile": 98.9, "z": 4.14, "wind_ms": 14.6, "value": 14.6, "lat": 21.0, "lon": 87.5}}, {"type": "Feature", "geometry": {"type": "Polygon", "coordinates": [[[87.625, 20.875], [87.875, 20.875], [87.875, 21.125], [87.625, 21.125], [87.625, 20.875]]]}, "properties": {"time": "2019-11-08T12:00:00", "variable": "ws", "tier": "low", "percentile": 99.6, "z": 4.5, "wind_ms": 14.37, "value": 14.37, "lat": 21.0, "lon": 87.75}}, {"type": "Feature", "geometry": {"type": "Polygon", "coordinates": [[[87.875, 20.875], [88.125, 20.875], [88.125, 21.125], [87.875, 21.125], [87.875, 20.875]]]}, "properties": {"time": "2019-11-08T12:00:00", "variable": "ws", "tier": "low", "percentile": 99.6, "z": 4.66, "wind_ms": 14.38, "value": 14.38, "lat": 21.0, "lon": 88.0}}, {"type": "Feature", "geometry": {"type": "Polygon", "coordinates": [[[88.125, 20.875], [88.375, 20.875], [88.375, 21.125], [88.125, 21.125], [88.125, 20.875]]]}, "properties": {"time": "2019-11-08T12:00:00", "variable": "ws", "tier": "low", "percentile": 99.6, "z": 4.27, "wind_ms": 13.99, "value": 13.99, "lat": 21.0, "lon": 88.25}}, {"type": "Feature", "geometry": {"type": "Polygon", "coordinates": [[[88.375, 20.875], [88.625, 20.875], [88.625, 21.125], [88.375, 21.125], [88.375, 20.875]]]}, "properties": {"time": "2019-11-08T12:00:00", "variable": "ws", "tier": "low", "percentile": 98.1, "z": 3.93, "wind_ms": 13.74, "value": 13.74, "lat": 21.0, "lon": 88.5}}, {"type": "Feature", "geometry": {"type": "Polygon", "coordinates": [[[88.625, 20.875], [88.875, 20.875], [88.875, 21.125], [88.625, 21.125], [88.625, 20.875]]]}, "properties": {"time": "2019-11-08T12:00:00", "variable": "ws", "tier": "low", "percentile": 98.9, "z": 3.87, "wind_ms": 13.65, "value": 13.65, "lat": 21.0, "lon": 88.75}}, {"type": "Feature", "geometry": {"type": "Polygon", "coordinates": [[[88.875, 20.875], [89.125, 20.875], [89.125, 21.125], [88.875, 21.125], [88.875, 20.875]]]}, "properties": {"time": "2019-11-08T12:00:00", "variable": "ws", "tier": "low", "percentile": 98.9, "z": 4.11, "wind_ms": 14.14, "value": 14.14, "lat": 21.0, "lon": 89.0}}, {"type": "Feature", "geometry": {"type": "Polygon", "coordinates": [[[89.125, 20.875], [89.375, 20.875], [89.375, 21.125], [89.125, 21.125], [89.125, 20.875]]]}, "properties": {"time": "2019-11-08T12:00:00", "variable": "ws", "tier": "low", "percentile": 98.9, "z": 4.5, "wind_ms": 14.33, "value": 14.33, "lat": 21.0, "lon": 89.25}}, {"type": "Feature", "geometry": {"type": "Polygon", "coordinates": [[[89.375, 20.875], [89.625, 20.875], [89.625, 21.125], [89.375, 21.125], [89.375, 20.875]]]}, "properties": {"time": "2019-11-08T12:00:00", "variable": "ws", "tier": "low", "percentile": 98.9, "z": 4.55, "wind_ms": 14.14, "value": 14.14, "lat": 21.0, "lon": 89.5}}, {"type": "Feature", "geometry": {"type": "Polygon", "coordinates": [[[89.625, 20.875], [89.875, 20.875], [89.875, 21.125], [89.625, 21.125], [89.625, 20.875]]]}, "properties": {"time": "2019-11-08T12:00:00", "variable": "ws", "tier": "low", "percentile": 99.6, "z": 4.56, "wind_ms": 14.2, "value": 14.2, "lat": 21.0, "lon": 89.75}}, {"type": "Feature", "geometry": {"type": "Polygon", "coordinates": [[[89.875, 20.875], [90.125, 20.875], [90.125, 21.125], [89.875, 21.125], [89.875, 20.875]]]}, "properties": {"time": "2019-11-08T12:00:00", "variable": "ws", "tier": "low", "percentile": 99.6, "z": 4.48, "wind_ms": 13.83, "value": 13.83, "lat": 21.0, "lon": 90.0}}, {"type": "Feature", "geometry": {"type": "Polygon", "coordinates": [[[90.125, 20.875], [90.375, 20.875], [90.375, 21.125], [90.125, 21.125], [90.125, 20.875]]]}, "properties": {"time": "2019-11-08T12:00:00", "variable": "ws", "tier": "low", "percentile": 99.6, "z": 4.33, "wind_ms": 13.4, "value": 13.4, "lat": 21.0, "lon": 90.25}}, {"type": "Feature", "geometry": {"type": "Polygon", "coordinates": [[[90.375, 20.875], [90.625, 20.875], [90.625, 21.125], [90.375, 21.125], [90.375, 20.875]]]}, "properties": {"time": "2019-11-08T12:00:00", "variable": "ws", "tier": "low", "percentile": 99.6, "z": 4.15, "wind_ms": 12.85, "value": 12.85, "lat": 21.0, "lon": 90.5}}], "properties": {"thresholds": {"low_z": 1.5, "low_ws": 8.7, "moderate_z": 2.0, "moderate_ws": 17.0, "severe_z": 3.0, "severe_ws": 25.0}, "note": "Tiers: z-score AND wind >= 8.7/17/25 m/s (IMD D/CS/SCS), only inside tracked-object boxes + 1 deg. Adjusted after observing results; not validated against impacts. Per-hour ERA5 reanalysis climatology; single member, not an ensemble EFI."}}