{"type": "FeatureCollection", "features": [{"type": "Feature", "geometry": {"type": "Polygon", "coordinates": [[[86.625, 17.125], [86.875, 17.125], [86.875, 17.375], [86.625, 17.375], [86.625, 17.125]]]}, "properties": {"time": "2021-05-26T00:00:00", "variable": "ws", "tier": "low", "percentile": 98.3, "z": 1.77, "wind_ms": 10.38, "value": 10.38, "lat": 17.25, "lon": 86.75}}, {"type": "Feature", "geometry": {"type": "Polygon", "coordinates": [[[86.875, 17.125], [87.125, 17.125], [87.125, 17.375], [86.875, 17.375], [86.875, 17.125]]]}, "properties": {"time": "2021-05-26T00:00:00", "variable": "ws", "tier": "low", "percentile": 98.3, "z": 2.15, "wind_ms": 11.21, "value": 11.21, "lat": 17.25, "lon": 87.0}}, {"type": "Feature", "geometry": {"type": "Polygon", "coordinates": [[[87.125, 17.125], [87.375, 17.125], [87.375, 17.375], [87.125, 17.375], [87.125, 17.125]]]}, "properties": {"time": "2021-05-26T00:00:00", "variable": "ws", "tier": "low", "percentile": 98.3, "z": 2.27, "wind_ms": 11.45, "value": 11.45, "lat": 17.25, "lon": 87.25}}, {"type": "Feature", "geometry": {"type": "Polygon", "coordinates": [[[87.375, 17.125], [87.625, 17.125], [87.625, 17.375], [87.375, 17.375], [87.375, 17.125]]]}, "properties": {"time": "2021-05-26T00:00:00", "variable": "ws", "tier": "low", "percentile": 98.3, "z": 2.31, "wind_ms": 11.59, "value": 11.59, "lat": 17.25, "lon": 87.5}}, {"type": "Feature", "geometry": {"type": "Polygon", "coordinates": [[[87.625, 17.125], [87.875, 17.125], [87.875, 17.375], [87.625, 17.375], [87.625, 17.125]]]}, "properties": {"time": "2021-05-26T00:00:00", "variable": "ws", "tier": "low", "percentile": 98.3, "z": 2.32, "wind_ms": 11.59, "value": 11.59, "lat": 17.25, "lon": 87.75}}, {"type": "Feature", "geometry": {"type": "Polygon", "coordinates": [[[87.875, 17.125], [88.125, 17.125], [88.125, 17.375], [87.875, 17.375], [87.875, 17.125]]]}, "properties": {"time": "2021-05-26T00:00:00", "variable": "ws", "tier": "low", "percentile": 98.3, "z": 2.44, "wind_ms": 11.76, "value": 11.76, "lat": 17.25, "lon": 88.0}}, {"type": "Feature", "geometry": {"type": "Polygon", "coordinates": [[[88.125, 17.125], [88.375, 17.125], [88.375, 17.375], [88.125, 17.375], [88.125, 17.125]]]}, "properties": {"time": "2021-05-26T00:00:00", "variable": "ws", "tier": "low", "percentile": 98.3, "z": 2.59, "wind_ms": 11.94, "value": 11.94, "lat": 17.25, "lon": 88.25}}, {"type": "Feature", "geometry": {"type": "Polygon", "coordinates": [[[88.375, 17.125], [88.625, 17.125], [88.625, 17.375], [88.375, 17.375], [88.375, 17.125]]]}, "properties": {"time": "2021-05-26T00:00:00", "variable": "ws", "tier": "low", "percentile": 98.3, "z": 2.74, "wind_ms": 12.14, "value": 12.14, "lat": 17.25, "lon": 88.5}}, {"type": "Feature", "geometry": {"type": "Polygon", "coordinates": [[[88.625, 17.125], [88.875, 17.125], [88.875, 17.375], [88.625, 17.375], [88.625, 17.125]]]}, "properties": {"time": "2021-05-26T00:00:00", "variable": "ws", "tier": "low", "percentile": 99.1, "z": 2.79, "wind_ms": 12.18, "value": 12.18, "lat": 17.25, "lon": 88.75}}, {"type": "Feature", "geometry": {"type": "Polygon", "coordinates": [[[88.875, 17.125], [89.125, 17.125], [89.125, 17.375], [88.875, 17.375], [88.875, 17.125]]]}, "properties": {"time": "2021-05-26T00:00:00", "variable": "ws", "tier": "low", "percentile": 99.1, "z": 2.65, "wind_ms": 11.87, "value": 11.87, "lat": 17.25, "lon": 89.0}}, {"type": "Feature", "geometry": {"type": "Polygon", "coordinates": [[[89.125, 17.125], [89.375, 17.125], [89.375, 17.375], [89.125, 17.375], [89.125, 17.125]]]}, "properties": {"time": "2021-05-26T00:00:00", "variable": "ws", "tier": "low", "percentile": 96.5, "z": 2.46, "wind_ms": 11.53, "value": 11.53, "lat": 17.25, "lon": 89.25}}, {"type": "Feature", "geometry": {"type": "Polygon", "coordinates": [[[89.375, 17.125], [89.625, 17.125], [89.625, 17.375], [89.375, 17.375], [89.375, 17.125]]]}, "properties": {"time": "2021-05-26T00:00:00", "variable": "ws", "tier": "low", "percentile": 96.5, "z": 2.27, "wind_ms": 11.21, "value": 11.21, "lat": 17.25, "lon": 89.5}}, {"type": "Feature", "geometry": {"type": "Polygon", "coordinates": [[[89.625, 17.125], [89.875, 17.125], [89.875, 17.375], [89.625, 17.375], [89.625, 17.125]]]}, "properties": {"time": "2021-05-26T00:00:00", "variable": "ws", "tier": "low", "percentile": 97.4, "z": 2.38, "wind_ms": 11.6, "value": 11.6, "lat": 17.25, "lon": 89.75}}, {"type": "Feature", "geometry": {"type": "Polygon", "coordinates": [[[89.875, 17.125], [90.125, 17.125], [90.125, 17.375], [89.875, 17.375], [89.875, 17.125]]]}, "properties": {"time": "2021-05-26T00:00:00", "variable": "ws", "tier": "low", "percentile": 97.4, "z": 2.59, "wind_ms": 12.11, "value": 12.11, "lat": 17.25, "lon": 90.0}}, {"type": "Feature", "geometry": {"type": "Polygon", "coordinates": [[[90.125, 17.125], [90.375, 17.125], [90.375, 17.375], [90.125, 17.375], [90.125, 17.125]]]}, "properties": {"time": "2021-05-26T00:00:00", "variable": "ws", "tier": "low", "percentile": 97.4, "z": 2.76, "wind_ms": 12.33, "value": 12.33, "lat": 17.25, "lon": 90.25}}, {"type": "Feature", "geometry": {"type": "Polygon", "coordinates": [[[90.375, 17.125], [90.625, 17.125], [90.625, 17.375], [90.375, 17.375], [90.375, 17.125]]]}, "properties": {"time": "2021-05-26T00:00:00", "variable": "ws", "tier": "low", "percentile": 98.3, "z": 2.88, "wind_ms": 12.26, "value": 12.26, "lat": 17.25, "lon": 90.5}}, {"type": "Feature", "geometry": {"type": "Polygon", "coordinates": [[[90.625, 17.125], [90.875, 17.125], [90.875, 17.375], [90.625, 17.375], [90.625, 17.125]]]}, "properties": {"time": "2021-05-26T00:00:00", "variable": "ws", "tier": "low", "percentile": 97.4, "z": 2.93, "wind_ms": 12.14, "value": 12.14, "lat": 17.25, "lon": 90.75}}, {"type": "Feature", "geometry": {"type": "Polygon", "coordinates": [[[90.875, 17.125], [91.125, 17.125], [91.125, 17.375], [90.875, 17.375], [90.875, 17.125]]]}, "properties": {"time": "2021-05-26T00:00:00", "variable": "ws", "tier": "low", "percentile": 98.3, "z": 3.06, "wind_ms": 12.38, "value": 12.38, "lat": 17.25, "lon": 91.0}}, {"type": "Feature", "geometry": {"type": "Polygon", "coordinates": [[[86.375, 17.375], [86.625, 17.375], [86.625, 17.625], [86.375, 17.625], [86.375, 17.375]]]}, "properties": {"time": "2021-05-26T00:00:00", "variable": "ws", "tier": "low", "percentile": 98.3, "z": 1.86, "wind_ms": 10.59, "value": 10.59, "lat": 17.5, "lon": 86.5}}, {"type": "Feature", "geometry": {"type": "Polygon", "coordinates": [[[86.625, 17.375], [86.875, 17.375], [86.875, 17.625], [86.625, 17.625], [86.625, 17.375]]]}, "properties": {"time": "2021-05-26T00:00:00", "variable": "ws", "tier": "low", "percentile": 99.1, "z": 2.42, "wind_ms": 11.74, "value": 11.74, "lat": 17.5, "lon": 86.75}}, {"type": "Feature", "geometry": {"type": "Polygon", "coordinates": [[[86.875, 17.375], [87.125, 17.375], [87.125, 17.625], [86.875, 17.625], [86.875, 17.375]]]}, "properties": {"time": "2021-05-26T00:00:00", "variable": "ws", "tier": "low", "percentile": 99.1, "z": 2.78, "wind_ms": 12.51, "value": 12.51, "lat": 17.5, "lon": 87.0}}, {"type": "Feature", "geometry": {"type": "Polygon", "coordinates": [[[87.125, 17.375], [87.375, 17.375], [87.375, 17.625], [87.125, 17.625], [87.125, 17.375]]]}, "properties": {"time": "2021-05-26T00:00:00", "variable": "ws", "tier": "low", "percentile": 99.1, "z": 2.97, "wind_ms": 12.92, "value": 12.92, "lat": 17.5, "lon": 87.25}}, {"type": "Feature", "geometry": {"type": "Polygon", "coordinates": [[[87.375, 17.375], [87.625, 17.375], [87.625, 17.625], [87.375, 17.625], [87.375, 17.375]]]}, "properties": {"time": "2021-05-26T00:00:00", "variable": "ws", "tier": "low", "percentile": 99.1, "z": 3.09, "wind_ms": 13.22, "value": 13.22, "lat": 17.5, "lon": 87.5}}, {"type": "Feature", "geometry": {"type": "Polygon", "coordinates": [[[87.625, 17.375], [87.875, 17.375], [87.875, 17.625], [87.625, 17.625], [87.625, 17.375]]]}, "properties": {"time": "2021-05-26T00:00:00", "variable": "ws", "tier": "low", "percentile": 99.1, "z": 3.15, "wind_ms": 13.29, "value": 13.29, "lat": 17.5, "lon": 87.75}}, {"type": "Feature", "geometry": {"type": "Polygon", "coordinates": [[[87.875, 17.375], [88.125, 17.375], [88.125, 17.625], [87.875, 17.625], [87.875, 17.375]]]}, "properties": {"time": "2021-05-26T00:00:00", "variable": "ws", "tier": "low", "percentile": 100.0, "z": 3.31, "wind_ms": 13.53, "value": 13.53, "lat": 17.5, "lon": 88.0}}, {"type": "Feature", "geometry": {"type": "Polygon", "coordinates": [[[88.125, 17.375], [88.375, 17.375], [88.375, 17.625], [88.125, 17.625], [88.125, 17.375]]]}, "properties": {"time": "2021-05-26T00:00:00", "variable": "ws", "tier": "low", "percentile": 100.0, "z": 3.5, "wind_ms": 13.78, "value": 13.78, "lat": 17.5, "lon": 88.25}}, {"type": "Feature", "geometry": {"type": "Polygon", "coordinates": [[[88.375, 17.375], [88.625, 17.375], [88.625, 17.625], [88.375, 17.625], [88.375, 17.375]]]}, "properties": {"time": "2021-05-26T00:00:00", "variable": "ws", "tier": "low", "percentile": 100.0, "z": 3.67, "wind_ms": 14.02, "value": 14.02, "lat": 17.5, "lon": 88.5}}, {"type": "Feature", "geometry": {"type": "Polygon", "coordinates": [[[88.625, 17.375], [88.875, 17.375], [88.875, 17.625], [88.625, 17.625], [88.625, 17.375]]]}, "properties": {"time": "2021-05-26T00:00:00", "variable": "ws", "tier": "low", "percentile": 100.0, "z": 3.72, "wind_ms": 14.06, "value": 14.06, "lat": 17.5, "lon": 88.75}}, {"type": "Feature", "geometry": {"type": "Polygon", "coordinates": [[[88.875, 17.375], [89.125, 17.375], [89.125, 17.625], [88.875, 17.625], [88.875, 17.375]]]}, "properties": {"time": "2021-05-26T00:00:00", "variable": "ws", "tier": "low", "percentile": 100.0, "z": 3.58, "wind_ms": 13.79, "value": 13.79, "lat": 17.5, "lon": 89.0}}, {"type": "Feature", "geometry": {"type": "Polygon", "coordinates": [[[89.125, 17.375], [89.375, 17.375], [89.375, 17.625], [89.125, 17.625], [89.125, 17.375]]]}, "properties": {"time": "2021-05-26T00:00:00", "variable": "ws", "tier": "low", "percentile": 100.0, "z": 3.34, "wind_ms": 13.38, "value": 13.38, "lat": 17.5, "lon": 89.25}}, {"type": "Feature", "geometry": {"type": "Polygon", "coordinates": [[[89.375, 17.375], [89.625, 17.375], [89.625, 17.625], [89.375, 17.625], [89.375, 17.375]]]}, "properties": {"time": "2021-05-26T00:00:00", "variable": "ws", "tier": "low", "percentile": 98.3, "z": 3.08, "wind_ms": 13.0, "value": 13.0, "lat": 17.5, "lon": 89.5}}, {"type": "Feature", "geometry": {"type": "Polygon", "coordinates": [[[89.625, 17.375], [89.875, 17.375], [89.875, 17.625], [89.625, 17.625], [89.625, 17.375]]]}, "properties": {"time": "2021-05-26T00:00:00", "variable": "ws", "tier": "low", "percentile": 98.3, "z": 2.78, "wind_ms": 12.35, "value": 12.35, "lat": 17.5, "lon": 89.75}}, {"type": "Feature", "geometry": {"type": "Polygon", "coordinates": [[[89.875, 17.375], [90.125, 17.375], [90.125, 17.625], [89.875, 17.625], [89.875, 17.375]]]}, "properties": {"time": "2021-05-26T00:00:00", "variable": "ws", "tier": "low", "percentile": 97.4, "z": 2.74, "wind_ms": 12.27, "value": 12.27, "lat": 17.5, "lon": 90.0}}, {"type": "Feature", "geometry": {"type": "Polygon", "coordinates": [[[90.125, 17.375], [90.375, 17.375], [90.375, 17.625], [90.125, 17.625], [90.125, 17.375]]]}, "properties": {"time": "2021-05-26T00:00:00", "variable": "ws", "tier": "low", "percentile": 97.4, "z": 2.78, "wind_ms": 12.17, "value": 12.17, "lat": 17.5, "lon": 90.25}}, {"type": "Feature", "geometry": {"type": "Polygon", "coordinates": [[[90.375, 17.375], [90.625, 17.375], [90.625, 17.625], [90.375, 17.625], [90.375, 17.375]]]}, "properties": {"time": "2021-05-26T00:00:00", "variable": "ws", "tier": "low", "percentile": 98.3, "z": 2.83, "wind_ms": 11.87, "value": 11.87, "lat": 17.5, "lon": 90.5}}, {"type": "Feature", "geometry": {"type": "Polygon", "coordinates": [[[90.625, 17.375], [90.875, 17.375], [90.875, 17.625], [90.625, 17.625], [90.625, 17.375]]]}, "properties": {"time": "2021-05-26T00:00:00", "variable": "ws", "tier": "low", "percentile": 97.4, "z": 2.83, "wind_ms": 11.63, "value": 11.63, "lat": 17.5, "lon": 90.75}}, {"type": "Feature", "geometry": {"type": "Polygon", "coordinates": [[[90.875, 17.375], [91.125, 17.375], [91.125, 17.625], [90.875, 17.625], [90.875, 17.375]]]}, "properties": {"time": "2021-05-26T00:00:00", "variable": "ws", "tier": "low", "percentile": 97.4, "z": 2.87, "wind_ms": 11.7, "value": 11.7, "lat": 17.5, "lon": 91.0}}, {"type": "Feature", "geometry": {"type": "Polygon", "coordinates": [[[85.875, 17.625], [86.125, 17.625], [86.125, 17.875], [85.875, 17.875], [85.875, 17.625]]]}, "properties": {"time": "2021-05-26T00:00:00", "variable": "ws", "tier": "low", "percentile": 96.5, "z": 1.62, "wind_ms": 10.23, "value": 10.23, "lat": 17.75, "lon": 86.0}}, {"type": "Feature", "geometry": {"type": "Polygon", "coordinates": [[[86.125, 17.625], [86.375, 17.625], [86.375, 17.875], [86.125, 17.875], [86.125, 17.625]]]}, "properties": {"time": "2021-05-26T00:00:00", "variable": "ws", "tier": "low", "percentile": 99.1, "z": 2.22, "wind_ms": 11.4, "value": 11.4, "lat": 17.75, "lon": 86.25}}, {"type": "Feature", "geometry": {"type": "Polygon", "coordinates": [[[86.375, 17.625], [86.625, 17.625], [86.625, 17.875], [86.375, 17.875], [86.375, 17.625]]]}, "properties": {"time": "2021-05-26T00:00:00", "variable": "ws", "tier": "low", "percentile": 99.1, "z": 2.88, "wind_ms": 12.65, "value": 12.65, "lat": 17.75, "lon": 86.5}}, {"type": "Feature", "geometry": {"type": "Polygon", "coordinates": [[[86.625, 17.625], [86.875, 17.625], [86.875, 17.875], [86.625, 17.875], [86.625, 17.625]]]}, "properties": {"time": "2021-05-26T00:00:00", "variable": "ws", "tier": "low", "percentile": 99.1, "z": 3.22, "wind_ms": 13.29, "value": 13.29, "lat": 17.75, "lon": 86.75}}, {"type": "Feature", "geometry": {"type": "Polygon", "coordinates": [[[86.875, 17.625], [87.125, 17.625], [87.125, 17.875], [86.875, 17.875], [86.875, 17.625]]]}, "properties": {"time": "2021-05-26T00:00:00", "variable": "ws", "tier": "low", "percentile": 99.1, "z": 3.53, "wind_ms": 13.93, "value": 13.93, "lat": 17.75, "lon": 87.0}}, {"type": "Feature", "geometry": {"type": "Polygon", "coordinates": [[[87.125, 17.625], [87.375, 17.625], [87.375, 17.875], [87.125, 17.875], [87.125, 17.625]]]}, "properties": {"time": "2021-05-26T00:00:00", "variable": "ws", "tier": "low", "percentile": 99.1, "z": 3.63, "wind_ms": 14.07, "value": 14.07, "lat": 17.75, "lon": 87.25}}, {"type": "Feature", "geometry": {"type": "Polygon", "coordinates": [[[87.375, 17.625], [87.625, 17.625], [87.625, 17.875], [87.375, 17.875], [87.375, 17.625]]]}, "properties": {"time": "2021-05-26T00:00:00", "variable": "ws", "tier": "low", "percentile": 100.0, "z": 3.71, "wind_ms": 14.28, "value": 14.28, "lat": 17.75, "lon": 87.5}}, {"type": "Feature", "geometry": {"type": "Polygon", "coordinates": [[[87.625, 17.625], [87.875, 17.625], [87.875, 17.875], [87.625, 17.875], [87.625, 17.625]]]}, "properties": {"time": "2021-05-26T00:00:00", "variable": "ws", "tier": "low", "percentile": 100.0, "z": 3.83, "wind_ms": 14.48, "value": 14.48, "lat": 17.75, "lon": 87.75}}, {"type": "Feature", "geometry": {"type": "Polygon", "coordinates": [[[87.875, 17.625], [88.125, 17.625], [88.125, 17.875], [87.875, 17.875], [87.875, 17.625]]]}, "properties": {"time": "2021-05-26T00:00:00", "variable": "ws", "tier": "low", "percentile": 100.0, "z": 4.06, "wind_ms": 14.87, "value": 14.87, "lat": 17.75, "lon": 88.0}}, {"type": "Feature", "geometry": {"type": "Polygon", "coordinates": [[[88.125, 17.625], [88.375, 17.625], [88.375, 17.875], [88.125, 17.875], [88.125, 17.625]]]}, "properties": {"time": "2021-05-26T00:00:00", "variable": "ws", "tier": "low", "percentile": 100.0, "z": 4.29, "wind_ms": 15.19, "value": 15.19, "lat": 17.75, "lon": 88.25}}, {"type": "Feature", "geometry": {"type": "Polygon", "coordinates": [[[88.375, 17.625], [88.625, 17.625], [88.625, 17.875], [88.375, 17.875], [88.375, 17.625]]]}, "properties": {"time": "2021-05-26T00:00:00", "variable": "ws", "tier": "low", "percentile": 100.0, "z": 4.47, "wind_ms": 15.6, "value": 15.6, "lat": 17.75, "lon": 88.5}}, {"type": "Feature", "geometry": {"type": "Polygon", "coordinates": [[[88.625, 17.625], [88.875, 17.625], [88.875, 17.875], [88.625, 17.875], [88.625, 17.625]]]}, "properties": {"time": "2021-05-26T00:00:00", "variable": "ws", "tier": "low", "percentile": 100.0, "z": 4.53, "wind_ms": 15.68, "value": 15.68, "lat": 17.75, "lon": 88.75}}, {"type": "Feature", "geometry": {"type": "Polygon", "coordinates": [[[88.875, 17.625], [89.125, 17.625], [89.125, 17.875], [88.875, 17.875], [88.875, 17.625]]]}, "properties": {"time": "2021-05-26T00:00:00", "variable": "ws", "tier": "low", "percentile": 100.0, "z": 4.51, "wind_ms": 15.61, "value": 15.61, "lat": 17.75, "lon": 89.0}}, {"type": "Feature", "geometry": {"type": "Polygon", "coordinates": [[[89.125, 17.625], [89.375, 17.625], [89.375, 17.875], [89.125, 17.875], [89.125, 17.625]]]}, "properties": {"time": "2021-05-26T00:00:00", "variable": "ws", "tier": "low", "percentile": 100.0, "z": 4.25, "wind_ms": 15.2, "value": 15.2, "lat": 17.75, "lon": 89.25}}, {"type": "Feature", "geometry": {"type": "Polygon", "coordinates": [[[89.375, 17.625], [89.625, 17.625], [89.625, 17.875], [89.375, 17.875], [89.375, 17.625]]]}, "properties": {"time": "2021-05-26T00:00:00", "variable": "ws", "tier": "low", "percentile": 100.0, "z": 3.92, "wind_ms": 14.66, "value": 14.66, "lat": 17.75, "lon": 89.5}}, {"type": "Feature", "geometry": {"type": "Polygon", "coordinates": [[[89.625, 17.625], [89.875, 17.625], [89.875, 17.875], [89.625, 17.875], [89.625, 17.625]]]}, "properties": {"time": "2021-05-26T00:00:00", "variable": "ws", "tier": "low", "percentile": 99.1, "z": 3.58, "wind_ms": 13.98, "value": 13.98, "lat": 17.75, "lon": 89.75}}, {"type": "Feature", "geometry": {"type": "Polygon", "coordinates": [[[89.875, 17.625], [90.125, 17.625], [90.125, 17.875], [89.875, 17.875], [89.875, 17.625]]]}, "properties": {"time": "2021-05-26T00:00:00", "variable": "ws", "tier": "low", "percentile": 98.3, "z": 3.23, "wind_ms": 13.3, "value": 13.3, "lat": 17.75, "lon": 90.0}}, {"type": "Feature", "geometry": {"type": "Polygon", "coordinates": [[[90.125, 17.625], [90.375, 17.625], [90.375, 17.875], [90.125, 17.875], [90.125, 17.625]]]}, "properties": {"time": "2021-05-26T00:00:00", "variable": "ws", "tier": "low", "percentile": 98.3, "z": 3.05, "wind_ms": 12.69, "value": 12.69, "lat": 17.75, "lon": 90.25}}, {"type": "Feature", "geometry": {"type": "Polygon", "coordinates": [[[90.375, 17.625], [90.625, 17.625], [90.625, 17.875], [90.375, 17.875], [90.375, 17.625]]]}, "properties": {"time": "2021-05-26T00:00:00", "variable": "ws", "tier": "low", "percentile": 98.3, "z": 3.07, "wind_ms": 12.31, "value": 12.31, "lat": 17.75, "lon": 90.5}}, {"type": "Feature", "geometry": {"type": "Polygon", "coordinates": [[[90.625, 17.625], [90.875, 17.625], [90.875, 17.875], [90.625, 17.875], [90.625, 17.625]]]}, "properties": {"time": "2021-05-26T00:00:00", "variable": "ws", "tier": "low", "percentile": 97.4, "z": 2.92, "wind_ms": 11.66, "value": 11.66, "lat": 17.75, "lon": 90.75}}, {"type": "Feature", "geometry": {"type": "Polygon", "coordinates": [[[90.875, 17.625], [91.125, 17.625], [91.125, 17.875], [90.875, 17.875], [90.875, 17.625]]]}, "properties": {"time": "2021-05-26T00:00:00", "variable": "ws", "tier": "low", "percentile": 97.4, "z": 2.91, "wind_ms": 11.64, "value": 11.64, "lat": 17.75, "lon": 91.0}}, {"type": "Feature", "geometry": {"type": "Polygon", "coordinates": [[[85.375, 17.875], [85.625, 17.875], [85.625, 18.125], [85.375, 18.125], [85.375, 17.875]]]}, "properties": {"time": "2021-05-26T00:00:00", "variable": "ws", "tier": "low", "percentile": 99.1, "z": 2.11, "wind_ms": 11.11, "value": 11.11, "lat": 18.0, "lon": 85.5}}, {"type": "Feature", "geometry": {"type": "Polygon", "coordinates": [[[85.625, 17.875], [85.875, 17.875], [85.875, 18.125], [85.625, 18.125], [85.625, 17.875]]]}, "properties": {"time": "2021-05-26T00:00:00", "variable": "ws", "tier": "low", "percentile": 99.1, "z": 2.85, "wind_ms": 12.71, "value": 12.71, "lat": 18.0, "lon": 85.75}}, {"type": "Feature", "geometry": {"type": "Polygon", "coordinates": [[[85.875, 17.875], [86.125, 17.875], [86.125, 18.125], [85.875, 18.125], [85.875, 17.875]]]}, "properties": {"time": "2021-05-26T00:00:00", "variable": "ws", "tier": "low", "percentile": 99.1, "z": 3.45, "wind_ms": 13.88, "value": 13.88, "lat": 18.0, "lon": 86.0}}, {"type": "Feature", "geometry": {"type": "Polygon", "coordinates": [[[86.125, 17.875], [86.375, 17.875], [86.375, 18.125], [86.125, 18.125], [86.125, 17.875]]]}, "properties": {"time": "2021-05-26T00:00:00", "variable": "ws", "tier": "low", "percentile": 100.0, "z": 4.09, "wind_ms": 15.0, "value": 15.0, "lat": 18.0, "lon": 86.25}}, {"type": "Feature", "geometry": {"type": "Polygon", "coordinates": [[[86.375, 17.875], [86.625, 17.875], [86.625, 18.125], [86.375, 18.125], [86.375, 17.875]]]}, "properties": {"time": "2021-05-26T00:00:00", "variable": "ws", "tier": "low", "percentile": 100.0, "z": 4.43, "wind_ms": 15.52, "value": 15.52, "lat": 18.0, "lon": 86.5}}, {"type": "Feature", "geometry": {"type": "Polygon", "coordinates": [[[86.625, 17.875], [86.875, 17.875], [86.875, 18.125], [86.625, 18.125], [86.625, 17.875]]]}, "properties": {"time": "2021-05-26T00:00:00", "variable": "ws", "tier": "low", "percentile": 100.0, "z": 4.81, "wind_ms": 16.19, "value": 16.19, "lat": 18.0, "lon": 86.75}}, {"type": "Feature", "geometry": {"type": "Polygon", "coordinates": [[[86.875, 17.875], [87.125, 17.875], [87.125, 18.125], [86.875, 18.125], [86.875, 17.875]]]}, "properties": {"time": "2021-05-26T00:00:00", "variable": "ws", "tier": "low", "percentile": 100.0, "z": 4.94, "wind_ms": 16.35, "value": 16.35, "lat": 18.0, "lon": 87.0}}, {"type": "Feature", "geometry": {"type": "Polygon", "coordinates": [[[87.125, 17.875], [87.375, 17.875], [87.375, 18.125], [87.125, 18.125], [87.125, 17.875]]]}, "properties": {"time": "2021-05-26T00:00:00", "variable": "ws", "tier": "low", "percentile": 100.0, "z": 4.94, "wind_ms": 16.32, "value": 16.32, "lat": 18.0, "lon": 87.25}}, {"type": "Feature", "geometry": {"type": "Polygon", "coordinates": [[[87.375, 17.875], [87.625, 17.875], [87.625, 18.125], [87.375, 18.125], [87.375, 17.875]]]}, "properties": {"time": "2021-05-26T00:00:00", "variable": "ws", "tier": "low", "percentile": 100.0, "z": 4.74, "wind_ms": 16.06, "value": 16.06, "lat": 18.0, "lon": 87.5}}, {"type": "Feature", "geometry": {"type": "Polygon", "coordinates": [[[87.625, 17.875], [87.875, 17.875], [87.875, 18.125], [87.625, 18.125], [87.625, 17.875]]]}, "properties": {"time": "2021-05-26T00:00:00", "variable": "ws", "tier": "low", "percentile": 100.0, "z": 4.69, "wind_ms": 15.92, "value": 15.92, "lat": 18.0, "lon": 87.75}}, {"type": "Feature", "geometry": {"type": "Polygon", "coordinates": [[[87.875, 17.875], [88.125, 17.875], [88.125, 18.125], [87.875, 18.125], [87.875, 17.875]]]}, "properties": {"time": "2021-05-26T00:00:00", "variable": "ws", "tier": "low", "percentile": 100.0, "z": 4.78, "wind_ms": 16.11, "value": 16.11, "lat": 18.0, "lon": 88.0}}, {"type": "Feature", "geometry": {"type": "Polygon", "coordinates": [[[88.125, 17.875], [88.375, 17.875], [88.375, 18.125], [88.125, 18.125], [88.125, 17.875]]]}, "properties": {"time": "2021-05-26T00:00:00", "variable": "ws", "tier": "low", "percentile": 100.0, "z": 4.93, "wind_ms": 16.32, "value": 16.32, "lat": 18.0, "lon": 88.25}}, {"type": "Feature", "geometry": {"type": "Polygon", "coordinates": [[[88.375, 17.875], [88.625, 17.875], [88.625, 18.125], [88.375, 18.125], [88.375, 17.875]]]}, "properties": {"time": "2021-05-26T00:00:00", "variable": "ws", "tier": "low", "percentile": 100.0, "z": 5.09, "wind_ms": 16.65, "value": 16.65, "lat": 18.0, "lon": 88.5}}, {"type": "Feature", "geometry": {"type": "Polygon", "coordinates": [[[88.625, 17.875], [88.875, 17.875], [88.875, 18.125], [88.625, 18.125], [88.625, 17.875]]]}, "properties": {"time": "2021-05-26T00:00:00", "variable": "ws", "tier": "low", "percentile": 100.0, "z": 5.15, "wind_ms": 16.81, "value": 16.81, "lat": 18.0, "lon": 88.75}}, {"type": "Feature", "geometry": {"type": "Polygon", "coordinates": [[[88.875, 17.875], [89.125, 17.875], [89.125, 18.125], [88.875, 18.125], [88.875, 17.875]]]}, "properties": {"time": "2021-05-26T00:00:00", "variable": "ws", "tier": "low", "percentile": 100.0, "z": 5.12, "wind_ms": 16.73, "value": 16.73, "lat": 18.0, "lon": 89.0}}, {"type": "Feature", "geometry": {"type": "Polygon", "coordinates": [[[89.125, 17.875], [89.375, 17.875], [89.375, 18.125], [89.125, 18.125], [89.125, 17.875]]]}, "properties": {"time": "2021-05-26T00:00:00", "variable": "ws", "tier": "low", "percentile": 100.0, "z": 4.99, "wind_ms": 16.61, "value": 16.61, "lat": 18.0, "lon": 89.25}}, {"type": "Feature", "geometry": {"type": "Polygon", "coordinates": [[[89.375, 17.875], [89.625, 17.875], [89.625, 18.125], [89.375, 18.125], [89.375, 17.875]]]}, "properties": {"time": "2021-05-26T00:00:00", "variable": "ws", "tier": "low", "percentile": 100.0, "z": 4.68, "wind_ms": 16.15, "value": 16.15, "lat": 18.0, "lon": 89.5}}, {"type": "Feature", "geometry": {"type": "Polygon", "coordinates": [[[89.625, 17.875], [89.875, 17.875], [89.875, 18.125], [89.625, 18.125], [89.625, 17.875]]]}, "properties": {"time": "2021-05-26T00:00:00", "variable": "ws", "tier": "low", "percentile": 100.0, "z": 4.32, "wind_ms": 15.53, "value": 15.53, "lat": 18.0, "lon": 89.75}}, {"type": "Feature", "geometry": {"type": "Polygon", "coordinates": [[[89.875, 17.875], [90.125, 17.875], [90.125, 18.125], [89.875, 18.125], [89.875, 17.875]]]}, "properties": {"time": "2021-05-26T00:00:00", "variable": "ws", "tier": "low", "percentile": 99.1, "z": 3.87, "wind_ms": 14.67, "value": 14.67, "lat": 18.0, "lon": 90.0}}, {"type": "Feature", "geometry": {"type": "Polygon", "coordinates": [[[90.125, 17.875], [90.375, 17.875], [90.375, 18.125], [90.125, 18.125], [90.125, 17.875]]]}, "properties": {"time": "2021-05-26T00:00:00", "variable": "ws", "tier": "low", "percentile": 98.3, "z": 3.55, "wind_ms": 13.82, "value": 13.82, "lat": 18.0, "lon": 90.25}}, {"type": "Feature", "geometry": {"type": "Polygon", "coordinates": [[[90.375, 17.875], [90.625, 17.875], [90.625, 18.125], [90.375, 18.125], [90.375, 17.875]]]}, "properties": {"time": "2021-05-26T00:00:00", "variable": "ws", "tier": "low", "percentile": 99.1, "z": 3.39, "wind_ms": 13.1, "value": 13.1, "lat": 18.0, "lon": 90.5}}, {"type": "Feature", "geometry": {"type": "Polygon", "coordinates": [[[90.625, 17.875], [90.875, 17.875], [90.875, 18.125], [90.625, 18.125], [90.625, 17.875]]]}, "properties": {"time": "2021-05-26T00:00:00", "variable": "ws", "tier": "low", "percentile": 98.3, "z": 3.27, "wind_ms": 12.45, "value": 12.45, "lat": 18.0, "lon": 90.75}}, {"type": "Feature", "geometry": {"type": "Polygon", "coordinates": [[[90.875, 17.875], [91.125, 17.875], [91.125, 18.125], [90.875, 18.125], [90.875, 17.875]]]}, "properties": {"time": "2021-05-26T00:00:00", "variable": "ws", "tier": "low", "percentile": 97.4, "z": 3.05, "wind_ms": 11.84, "value": 11.84, "lat": 18.0, "lon": 91.0}}, {"type": "Feature", "geometry": {"type": "Polygon", "coordinates": [[[85.375, 18.125], [85.625, 18.125], [85.625, 18.375], [85.375, 18.375], [85.375, 18.125]]]}, "properties": {"time": "2021-05-26T00:00:00", "variable": "ws", "tier": "low", "percentile": 99.1, "z": 3.33, "wind_ms": 13.53, "value": 13.53, "lat": 18.25, "lon": 85.5}}, {"type": "Feature", "geometry": {"type": "Polygon", "coordinates": [[[85.625, 18.125], [85.875, 18.125], [85.875, 18.375], [85.625, 18.375], [85.625, 18.125]]]}, "properties": {"time": "2021-05-26T00:00:00", "variable": "ws", "tier": "low", "percentile": 100.0, "z": 3.96, "wind_ms": 14.76, "value": 14.76, "lat": 18.25, "lon": 85.75}}, {"type": "Feature", "geometry": {"type": "Polygon", "coordinates": [[[85.875, 18.125], [86.125, 18.125], [86.125, 18.375], [85.875, 18.375], [85.875, 18.125]]]}, "properties": {"time": "2021-05-26T00:00:00", "variable": "ws", "tier": "low", "percentile": 100.0, "z": 4.61, "wind_ms": 15.98, "value": 15.98, "lat": 18.25, "lon": 86.0}}, {"type": "Feature", "geometry": {"type": "Polygon", "coordinates": [[[86.125, 18.125], [86.375, 18.125], [86.375, 18.375], [86.125, 18.375], [86.125, 18.125]]]}, "properties": {"time": "2021-05-26T00:00:00", "variable": "ws", "tier": "low", "percentile": 100.0, "z": 5.15, "wind_ms": 16.86, "value": 16.86, "lat": 18.25, "lon": 86.25}}, {"type": "Feature", "geometry": {"type": "Polygon", "coordinates": [[[86.375, 18.125], [86.625, 18.125], [86.625, 18.375], [86.375, 18.375], [86.375, 18.125]]]}, "properties": {"time": "2021-05-26T00:00:00", "variable": "ws", "tier": "moderate", "percentile": 100.0, "z": 5.55, "wind_ms": 17.42, "value": 17.42, "lat": 18.25, "lon": 86.5}}, {"type": "Feature", "geometry": {"type": "Polygon", "coordinates": [[[86.625, 18.125], [86.875, 18.125], [86.875, 18.375], [86.625, 18.375], [86.625, 18.125]]]}, "properties": {"time": "2021-05-26T00:00:00", "variable": "ws", "tier": "moderate", "percentile": 100.0, "z": 5.96, "wind_ms": 17.96, "value": 17.96, "lat": 18.25, "lon": 86.75}}, {"type": "Feature", "geometry": {"type": "Polygon", "coordinates": [[[86.875, 18.125], [87.125, 18.125], [87.125, 18.375], [86.875, 18.375], [86.875, 18.125]]]}, "properties": {"time": "2021-05-26T00:00:00", "variable": "ws", "tier": "moderate", "percentile": 100.0, "z": 6.13, "wind_ms": 18.11, "value": 18.11, "lat": 18.25, "lon": 87.0}}, {"type": "Feature", "geometry": {"type": "Polygon", "coordinates": [[[87.125, 18.125], [87.375, 18.125], [87.375, 18.375], [87.125, 18.375], [87.125, 18.125]]]}, "properties": {"time": "2021-05-26T00:00:00", "variable": "ws", "tier": "moderate", "percentile": 100.0, "z": 6.14, "wind_ms": 18.12, "value": 18.12, "lat": 18.25, "lon": 87.25}}, {"type": "Feature", "geometry": {"type": "Polygon", "coordinates": [[[87.375, 18.125], [87.625, 18.125], [87.625, 18.375], [87.375, 18.375], [87.375, 18.125]]]}, "properties": {"time": "2021-05-26T00:00:00", "variable": "ws", "tier": "moderate", "percentile": 100.0, "z": 5.87, "wind_ms": 17.79, "value": 17.79, "lat": 18.25, "lon": 87.5}}, {"type": "Feature", "geometry": {"type": "Polygon", "coordinates": [[[87.625, 18.125], [87.875, 18.125], [87.875, 18.375], [87.625, 18.375], [87.625, 18.125]]]}, "properties": {"time": "2021-05-26T00:00:00", "variable": "ws", "tier": "moderate", "percentile": 100.0, "z": 5.64, "wind_ms": 17.38, "value": 17.38, "lat": 18.25, "lon": 87.75}}, {"type": "Feature", "geometry": {"type": "Polygon", "coordinates": [[[87.875, 18.125], [88.125, 18.125], [88.125, 18.375], [87.875, 18.375], [87.875, 18.125]]]}, "properties": {"time": "2021-05-26T00:00:00", "variable": "ws", "tier": "moderate", "percentile": 100.0, "z": 5.51, "wind_ms": 17.17, "value": 17.17, "lat": 18.25, "lon": 88.0}}, {"type": "Feature", "geometry": {"type": "Polygon", "coordinates": [[[88.125, 18.125], [88.375, 18.125], [88.375, 18.375], [88.125, 18.375], [88.125, 18.125]]]}, "properties": {"time": "2021-05-26T00:00:00", "variable": "ws", "tier": "moderate", "percentile": 100.0, "z": 5.52, "wind_ms": 17.24, "value": 17.24, "lat": 18.25, "lon": 88.25}}, {"type": "Feature", "geometry": {"type": "Polygon", "coordinates": [[[88.375, 18.125], [88.625, 18.125], [88.625, 18.375], [88.375, 18.375], [88.375, 18.125]]]}, "properties": {"time": "2021-05-26T00:00:00", "variable": "ws", "tier": "moderate", "percentile": 100.0, "z": 5.51, "wind_ms": 17.27, "value": 17.27, "lat": 18.25, "lon": 88.5}}, {"type": "Feature", "geometry": {"type": "Polygon", "coordinates": [[[88.625, 18.125], [88.875, 18.125], [88.875, 18.375], [88.625, 18.375], [88.625, 18.125]]]}, "properties": {"time": "2021-05-26T00:00:00", "variable": "ws", "tier": "moderate", "percentile": 100.0, "z": 5.54, "wind_ms": 17.4, "value": 17.4, "lat": 18.25, "lon": 88.75}}, {"type": "Feature", "geometry": {"type": "Polygon", "coordinates": [[[88.875, 18.125], [89.125, 18.125], [89.125, 18.375], [88.875, 18.375], [88.875, 18.125]]]}, "properties": {"time": "2021-05-26T00:00:00", "variable": "ws", "tier": "moderate", "percentile": 100.0, "z": 5.42, "wind_ms": 17.28, "value": 17.28, "lat": 18.25, "lon": 89.0}}, {"type": "Feature", "geometry": {"type": "Polygon", "coordinates": [[[89.125, 18.125], [89.375, 18.125], [89.375, 18.375], [89.125, 18.375], [89.125, 18.125]]]}, "properties": {"time": "2021-05-26T00:00:00", "variable": "ws", "tier": "moderate", "percentile": 100.0, "z": 5.28, "wind_ms": 17.16, "value": 17.16, "lat": 18.25, "lon": 89.25}}, {"type": "Feature", "geometry": {"type": "Polygon", "coordinates": [[[89.375, 18.125], [89.625, 18.125], [89.625, 18.375], [89.375, 18.375], [89.375, 18.125]]]}, "properties": {"time": "2021-05-26T00:00:00", "variable": "ws", "tier": "low", "percentile": 100.0, "z": 5.09, "wind_ms": 16.99, "value": 16.99, "lat": 18.25, "lon": 89.5}}, {"type": "Feature", "geometry": {"type": "Polygon", "coordinates": [[[89.625, 18.125], [89.875, 18.125], [89.875, 18.375], [89.625, 18.375], [89.625, 18.125]]]}, "properties": {"time": "2021-05-26T00:00:00", "variable": "ws", "tier": "low", "percentile": 99.1, "z": 4.77, "wind_ms": 16.51, "value": 16.51, "lat": 18.25, "lon": 89.75}}, {"type": "Feature", "geometry": {"type": "Polygon", "coordinates": [[[89.875, 18.125], [90.125, 18.125], [90.125, 18.375], [89.875, 18.375], [89.875, 18.125]]]}, "properties": {"time": "2021-05-26T00:00:00", "variable": "ws", "tier": "low", "percentile": 99.1, "z": 4.43, "wind_ms": 15.83, "value": 15.83, "lat": 18.25, "lon": 90.0}}, {"type": "Feature", "geometry": {"type": "Polygon", "coordinates": [[[90.125, 18.125], [90.375, 18.125], [90.375, 18.375], [90.125, 18.375], [90.125, 18.125]]]}, "properties": {"time": "2021-05-26T00:00:00", "variable": "ws", "tier": "low", "percentile": 99.1, "z": 4.05, "wind_ms": 14.94, "value": 14.94, "lat": 18.25, "lon": 90.25}}, {"type": "Feature", "geometry": {"type": "Polygon", "coordinates": [[[90.375, 18.125], [90.625, 18.125], [90.625, 18.375], [90.375, 18.375], [90.375, 18.125]]]}, "properties": {"time": "2021-05-26T00:00:00", "variable": "ws", "tier": "low", "percentile": 99.1, "z": 3.79, "wind_ms": 14.09, "value": 14.09, "lat": 18.25, "lon": 90.5}}, {"type": "Feature", "geometry": {"type": "Polygon", "coordinates": [[[90.625, 18.125], [90.875, 18.125], [90.875, 18.375], [90.625, 18.375], [90.625, 18.125]]]}, "properties": {"time": "2021-05-26T00:00:00", "variable": "ws", "tier": "low", "percentile": 99.1, "z": 3.58, "wind_ms": 13.37, "value": 13.37, "lat": 18.25, "lon": 90.75}}, {"type": "Feature", "geometry": {"type": "Polygon", "coordinates": [[[90.875, 18.125], [91.125, 18.125], [91.125, 18.375], [90.875, 18.375], [90.875, 18.125]]]}, "properties": {"time": "2021-05-26T00:00:00", "variable": "ws", "tier": "low", "percentile": 98.3, "z": 3.44, "wind_ms": 12.76, "value": 12.76, "lat": 18.25, "lon": 91.0}}, {"type": "Feature", "geometry": {"type": "Polygon", "coordinates": [[[85.375, 18.375], [85.625, 18.375], [85.625, 18.625], [85.375, 18.625], [85.375, 18.375]]]}, "properties": {"time": "2021-05-26T00:00:00", "variable": "ws", "tier": "low", "percentile": 100.0, "z": 2.74, "wind_ms": 12.82, "value": 12.82, "lat": 18.5, "lon": 85.5}}, {"type": "Feature", "geometry": {"type": "Polygon", "coordinates": [[[85.625, 18.375], [85.875, 18.375], [85.875, 18.625], [85.625, 18.625], [85.625, 18.375]]]}, "properties": {"time": "2021-05-26T00:00:00", "variable": "ws", "tier": "low", "percentile": 100.0, "z": 3.43, "wind_ms": 13.96, "value": 13.96, "lat": 18.5, "lon": 85.75}}, {"type": "Feature", "geometry": {"type": "Polygon", "coordinates": [[[85.875, 18.375], [86.125, 18.375], [86.125, 18.625], [85.875, 18.625], [85.875, 18.375]]]}, "properties": {"time": "2021-05-26T00:00:00", "variable": "ws", "tier": "low", "percentile": 100.0, "z": 4.12, "wind_ms": 15.13, "value": 15.13, "lat": 18.5, "lon": 86.0}}, {"type": "Feature", "geometry": {"type": "Polygon", "coordinates": [[[86.125, 18.375], [86.375, 18.375], [86.375, 18.625], [86.125, 18.625], [86.125, 18.375]]]}, "properties": {"time": "2021-05-26T00:00:00", "variable": "ws", "tier": "low", "percentile": 100.0, "z": 4.74, "wind_ms": 16.14, "value": 16.14, "lat": 18.5, "lon": 86.25}}, {"type": "Feature", "geometry": {"type": "Polygon", "coordinates": [[[86.375, 18.375], [86.625, 18.375], [86.625, 18.625], [86.375, 18.625], [86.375, 18.375]]]}, "properties": {"time": "2021-05-26T00:00:00", "variable": "ws", "tier": "moderate", "percentile": 100.0, "z": 5.45, "wind_ms": 17.03, "value": 17.03, "lat": 18.5, "lon": 86.5}}, {"type": "Feature", "geometry": {"type": "Polygon", "coordinates": [[[86.625, 18.375], [86.875, 18.375], [86.875, 18.625], [86.625, 18.625], [86.625, 18.375]]]}, "properties": {"time": "2021-05-26T00:00:00", "variable": "ws", "tier": "moderate", "percentile": 100.0, "z": 5.92, "wind_ms": 17.58, "value": 17.58, "lat": 18.5, "lon": 86.75}}, {"type": "Feature", "geometry": {"type": "Polygon", "coordinates": [[[86.875, 18.375], [87.125, 18.375], [87.125, 18.625], [86.875, 18.625], [86.875, 18.375]]]}, "properties": {"time": "2021-05-26T00:00:00", "variable": "ws", "tier": "moderate", "percentile": 100.0, "z": 6.34, "wind_ms": 18.26, "value": 18.26, "lat": 18.5, "lon": 87.0}}, {"type": "Feature", "geometry": {"type": "Polygon", "coordinates": [[[87.125, 18.375], [87.375, 18.375], [87.375, 18.625], [87.125, 18.625], [87.125, 18.375]]]}, "properties": {"time": "2021-05-26T00:00:00", "variable": "ws", "tier": "moderate", "percentile": 100.0, "z": 6.42, "wind_ms": 18.29, "value": 18.29, "lat": 18.5, "lon": 87.25}}, {"type": "Feature", "geometry": {"type": "Polygon", "coordinates": [[[87.375, 18.375], [87.625, 18.375], [87.625, 18.625], [87.375, 18.625], [87.375, 18.375]]]}, "properties": {"time": "2021-05-26T00:00:00", "variable": "ws", "tier": "moderate", "percentile": 100.0, "z": 6.46, "wind_ms": 18.39, "value": 18.39, "lat": 18.5, "lon": 87.5}}, {"type": "Feature", "geometry": {"type": "Polygon", "coordinates": [[[87.625, 18.375], [87.875, 18.375], [87.875, 18.625], [87.625, 18.625], [87.625, 18.375]]]}, "properties": {"time": "2021-05-26T00:00:00", "variable": "ws", "tier": "moderate", "percentile": 100.0, "z": 6.31, "wind_ms": 18.24, "value": 18.24, "lat": 18.5, "lon": 87.75}}, {"type": "Feature", "geometry": {"type": "Polygon", "coordinates": [[[87.875, 18.375], [88.125, 18.375], [88.125, 18.625], [87.875, 18.625], [87.875, 18.375]]]}, "properties": {"time": "2021-05-26T00:00:00", "variable": "ws", "tier": "moderate", "percentile": 100.0, "z": 6.08, "wind_ms": 17.97, "value": 17.97, "lat": 18.5, "lon": 88.0}}, {"type": "Feature", "geometry": {"type": "Polygon", "coordinates": [[[88.125, 18.375], [88.375, 18.375], [88.375, 18.625], [88.125, 18.625], [88.125, 18.375]]]}, "properties": {"time": "2021-05-26T00:00:00", "variable": "ws", "tier": "moderate", "percentile": 100.0, "z": 5.9, "wind_ms": 17.83, "value": 17.83, "lat": 18.5, "lon": 88.25}}, {"type": "Feature", "geometry": {"type": "Polygon", "coordinates": [[[88.375, 18.375], [88.625, 18.375], [88.625, 18.625], [88.375, 18.625], [88.375, 18.375]]]}, "properties": {"time": "2021-05-26T00:00:00", "variable": "ws", "tier": "moderate", "percentile": 100.0, "z": 5.81, "wind_ms": 17.79, "value": 17.79, "lat": 18.5, "lon": 88.5}}, {"type": "Feature", "geometry": {"type": "Polygon", "coordinates": [[[88.625, 18.375], [88.875, 18.375], [88.875, 18.625], [88.625, 18.625], [88.625, 18.375]]]}, "properties": {"time": "2021-05-26T00:00:00", "variable": "ws", "tier": "moderate", "percentile": 100.0, "z": 5.68, "wind_ms": 17.6, "value": 17.6, "lat": 18.5, "lon": 88.75}}, {"type": "Feature", "geometry": {"type": "Polygon", "coordinates": [[[88.875, 18.375], [89.125, 18.375], [89.125, 18.625], [88.875, 18.625], [88.875, 18.375]]]}, "properties": {"time": "2021-05-26T00:00:00", "variable": "ws", "tier": "moderate", "percentile": 100.0, "z": 5.54, "wind_ms": 17.47, "value": 17.47, "lat": 18.5, "lon": 89.0}}, {"type": "Feature", "geometry": {"type": "Polygon", "coordinates": [[[89.125, 18.375], [89.375, 18.375], [89.375, 18.625], [89.125, 18.625], [89.125, 18.375]]]}, "properties": {"time": "2021-05-26T00:00:00", "variable": "ws", "tier": "moderate", "percentile": 100.0, "z": 5.35, "wind_ms": 17.22, "value": 17.22, "lat": 18.5, "lon": 89.25}}, {"type": "Feature", "geometry": {"type": "Polygon", "coordinates": [[[89.375, 18.375], [89.625, 18.375], [89.625, 18.625], [89.375, 18.625], [89.375, 18.375]]]}, "properties": {"time": "2021-05-26T00:00:00", "variable": "ws", "tier": "moderate", "percentile": 100.0, "z": 5.17, "wind_ms": 17.07, "value": 17.07, "lat": 18.5, "lon": 89.5}}, {"type": "Feature", "geometry": {"type": "Polygon", "coordinates": [[[89.625, 18.375], [89.875, 18.375], [89.875, 18.625], [89.625, 18.625], [89.625, 18.375]]]}, "properties": {"time": "2021-05-26T00:00:00", "variable": "ws", "tier": "low", "percentile": 99.1, "z": 4.97, "wind_ms": 16.8, "value": 16.8, "lat": 18.5, "lon": 89.75}}, {"type": "Feature", "geometry": {"type": "Polygon", "coordinates": [[[89.875, 18.375], [90.125, 18.375], [90.125, 18.625], [89.875, 18.625], [89.875, 18.375]]]}, "properties": {"time": "2021-05-26T00:00:00", "variable": "ws", "tier": "low", "percentile": 99.1, "z": 4.77, "wind_ms": 16.34, "value": 16.34, "lat": 18.5, "lon": 90.0}}, {"type": "Feature", "geometry": {"type": "Polygon", "coordinates": [[[90.125, 18.375], [90.375, 18.375], [90.375, 18.625], [90.125, 18.625], [90.125, 18.375]]]}, "properties": {"time": "2021-05-26T00:00:00", "variable": "ws", "tier": "low", "percentile": 99.1, "z": 4.42, "wind_ms": 15.62, "value": 15.62, "lat": 18.5, "lon": 90.25}}, {"type": "Feature", "geometry": {"type": "Polygon", "coordinates": [[[90.375, 18.375], [90.625, 18.375], [90.625, 18.625], [90.375, 18.625], [90.375, 18.375]]]}, "properties": {"time": "2021-05-26T00:00:00", "variable": "ws", "tier": "low", "percentile": 99.1, "z": 4.13, "wind_ms": 14.82, "value": 14.82, "lat": 18.5, "lon": 90.5}}, {"type": "Feature", "geometry": {"type": "Polygon", "coordinates": [[[90.625, 18.375], [90.875, 18.375], [90.875, 18.625], [90.625, 18.625], [90.625, 18.375]]]}, "properties": {"time": "2021-05-26T00:00:00", "variable": "ws", "tier": "low", "percentile": 99.1, "z": 3.92, "wind_ms": 14.15, "value": 14.15, "lat": 18.5, "lon": 90.75}}, {"type": "Feature", "geometry": {"type": "Polygon", "coordinates": [[[90.875, 18.375], [91.125, 18.375], [91.125, 18.625], [90.875, 18.625], [90.875, 18.375]]]}, "properties": {"time": "2021-05-26T00:00:00", "variable": "ws", "tier": "low", "percentile": 98.3, "z": 3.8, "wind_ms": 13.66, "value": 13.66, "lat": 18.5, "lon": 91.0}}, {"type": "Feature", "geometry": {"type": "Polygon", "coordinates": [[[85.375, 18.625], [85.625, 18.625], [85.625, 18.875], [85.375, 18.875], [85.375, 18.625]]]}, "properties": {"time": "2021-05-26T00:00:00", "variable": "ws", "tier": "low", "percentile": 100.0, "z": 1.97, "wind_ms": 11.55, "value": 11.55, "lat": 18.75, "lon": 85.5}}, {"type": "Feature", "geometry": {"type": "Polygon", "coordinates": [[[85.625, 18.625], [85.875, 18.625], [85.875, 18.875], [85.625, 18.875], [85.625, 18.625]]]}, "properties": {"time": "2021-05-26T00:00:00", "variable": "ws", "tier": "low", "percentile": 100.0, "z": 2.93, "wind_ms": 13.29, "value": 13.29, "lat": 18.75, "lon": 85.75}}, {"type": "Feature", "geometry": {"type": "Polygon", "coordinates": [[[85.875, 18.625], [86.125, 18.625], [86.125, 18.875], [85.875, 18.875], [85.875, 18.625]]]}, "properties": {"time": "2021-05-26T00:00:00", "variable": "ws", "tier": "low", "percentile": 100.0, "z": 3.64, "wind_ms": 14.39, "value": 14.39, "lat": 18.75, "lon": 86.0}}, {"type": "Feature", "geometry": {"type": "Polygon", "coordinates": [[[86.125, 18.625], [86.375, 18.625], [86.375, 18.875], [86.125, 18.875], [86.125, 18.625]]]}, "properties": {"time": "2021-05-26T00:00:00", "variable": "ws", "tier": "low", "percentile": 100.0, "z": 4.31, "wind_ms": 15.28, "value": 15.28, "lat": 18.75, "lon": 86.25}}, {"type": "Feature", "geometry": {"type": "Polygon", "coordinates": [[[86.375, 18.625], [86.625, 18.625], [86.625, 18.875], [86.375, 18.875], [86.375, 18.625]]]}, "properties": {"time": "2021-05-26T00:00:00", "variable": "ws", "tier": "low", "percentile": 100.0, "z": 4.95, "wind_ms": 16.09, "value": 16.09, "lat": 18.75, "lon": 86.5}}, {"type": "Feature", "geometry": {"type": "Polygon", "coordinates": [[[86.625, 18.625], [86.875, 18.625], [86.875, 18.875], [86.625, 18.875], [86.625, 18.625]]]}, "properties": {"time": "2021-05-26T00:00:00", "variable": "ws", "tier": "low", "percentile": 100.0, "z": 5.48, "wind_ms": 16.75, "value": 16.75, "lat": 18.75, "lon": 86.75}}, {"type": "Feature", "geometry": {"type": "Polygon", "coordinates": [[[86.875, 18.625], [87.125, 18.625], [87.125, 18.875], [86.875, 18.875], [86.875, 18.625]]]}, "properties": {"time": "2021-05-26T00:00:00", "variable": "ws", "tier": "moderate", "percentile": 100.0, "z": 5.93, "wind_ms": 17.47, "value": 17.47, "lat": 18.75, "lon": 87.0}}, {"type": "Feature", "geometry": {"type": "Polygon", "coordinates": [[[87.125, 18.625], [87.375, 18.625], [87.375, 18.875], [87.125, 18.875], [87.125, 18.625]]]}, "properties": {"time": "2021-05-26T00:00:00", "variable": "ws", "tier": "moderate", "percentile": 100.0, "z": 6.37, "wind_ms": 18.13, "value": 18.13, "lat": 18.75, "lon": 87.25}}, {"type": "Feature", "geometry": {"type": "Polygon", "coordinates": [[[87.375, 18.625], [87.625, 18.625], [87.625, 18.875], [87.375, 18.875], [87.375, 18.625]]]}, "properties": {"time": "2021-05-26T00:00:00", "variable": "ws", "tier": "moderate", "percentile": 100.0, "z": 6.63, "wind_ms": 18.35, "value": 18.35, "lat": 18.75, "lon": 87.5}}, {"type": "Feature", "geometry": {"type": "Polygon", "coordinates": [[[87.625, 18.625], [87.875, 18.625], [87.875, 18.875], [87.625, 18.875], [87.625, 18.625]]]}, "properties": {"time": "2021-05-26T00:00:00", "variable": "ws", "tier": "moderate", "percentile": 100.0, "z": 6.63, "wind_ms": 18.62, "value": 18.62, "lat": 18.75, "lon": 87.75}}, {"type": "Feature", "geometry": {"type": "Polygon", "coordinates": [[[87.875, 18.625], [88.125, 18.625], [88.125, 18.875], [87.875, 18.875], [87.875, 18.625]]]}, "properties": {"time": "2021-05-26T00:00:00", "variable": "ws", "tier": "moderate", "percentile": 100.0, "z": 6.38, "wind_ms": 18.55, "value": 18.55, "lat": 18.75, "lon": 88.0}}, {"type": "Feature", "geometry": {"type": "Polygon", "coordinates": [[[88.125, 18.625], [88.375, 18.625], [88.375, 18.875], [88.125, 18.875], [88.125, 18.625]]]}, "properties": {"time": "2021-05-26T00:00:00", "variable": "ws", "tier": "moderate", "percentile": 100.0, "z": 6.1, "wind_ms": 18.28, "value": 18.28, "lat": 18.75, "lon": 88.25}}, {"type": "Feature", "geometry": {"type": "Polygon", "coordinates": [[[88.375, 18.625], [88.625, 18.625], [88.625, 18.875], [88.375, 18.875], [88.375, 18.625]]]}, "properties": {"time": "2021-05-26T00:00:00", "variable": "ws", "tier": "moderate", "percentile": 100.0, "z": 5.99, "wind_ms": 18.1, "value": 18.1, "lat": 18.75, "lon": 88.5}}, {"type": "Feature", "geometry": {"type": "Polygon", "coordinates": [[[88.625, 18.625], [88.875, 18.625], [88.875, 18.875], [88.625, 18.875], [88.625, 18.625]]]}, "properties": {"time": "2021-05-26T00:00:00", "variable": "ws", "tier": "moderate", "percentile": 100.0, "z": 5.82, "wind_ms": 17.88, "value": 17.88, "lat": 18.75, "lon": 88.75}}, {"type": "Feature", "geometry": {"type": "Polygon", "coordinates": [[[88.875, 18.625], [89.125, 18.625], [89.125, 18.875], [88.875, 18.875], [88.875, 18.625]]]}, "properties": {"time": "2021-05-26T00:00:00", "variable": "ws", "tier": "moderate", "percentile": 100.0, "z": 5.59, "wind_ms": 17.52, "value": 17.52, "lat": 18.75, "lon": 89.0}}, {"type": "Feature", "geometry": {"type": "Polygon", "coordinates": [[[89.125, 18.625], [89.375, 18.625], [89.375, 18.875], [89.125, 18.875], [89.125, 18.625]]]}, "properties": {"time": "2021-05-26T00:00:00", "variable": "ws", "tier": "moderate", "percentile": 100.0, "z": 5.41, "wind_ms": 17.27, "value": 17.27, "lat": 18.75, "lon": 89.25}}, {"type": "Feature", "geometry": {"type": "Polygon", "coordinates": [[[89.375, 18.625], [89.625, 18.625], [89.625, 18.875], [89.375, 18.875], [89.375, 18.625]]]}, "properties": {"time": "2021-05-26T00:00:00", "variable": "ws", "tier": "low", "percentile": 99.1, "z": 5.16, "wind_ms": 16.88, "value": 16.88, "lat": 18.75, "lon": 89.5}}, {"type": "Feature", "geometry": {"type": "Polygon", "coordinates": [[[89.625, 18.625], [89.875, 18.625], [89.875, 18.875], [89.625, 18.875], [89.625, 18.625]]]}, "properties": {"time": "2021-05-26T00:00:00", "variable": "ws", "tier": "low", "percentile": 99.1, "z": 4.95, "wind_ms": 16.6, "value": 16.6, "lat": 18.75, "lon": 89.75}}, {"type": "Feature", "geometry": {"type": "Polygon", "coordinates": [[[89.875, 18.625], [90.125, 18.625], [90.125, 18.875], [89.875, 18.875], [89.875, 18.625]]]}, "properties": {"time": "2021-05-26T00:00:00", "variable": "ws", "tier": "low", "percentile": 99.1, "z": 4.83, "wind_ms": 16.13, "value": 16.13, "lat": 18.75, "lon": 90.0}}, {"type": "Feature", "geometry": {"type": "Polygon", "coordinates": [[[90.125, 18.625], [90.375, 18.625], [90.375, 18.875], [90.125, 18.875], [90.125, 18.625]]]}, "properties": {"time": "2021-05-26T00:00:00", "variable": "ws", "tier": "low", "percentile": 99.1, "z": 4.68, "wind_ms": 15.77, "value": 15.77, "lat": 18.75, "lon": 90.25}}, {"type": "Feature", "geometry": {"type": "Polygon", "coordinates": [[[90.375, 18.625], [90.625, 18.625], [90.625, 18.875], [90.375, 18.875], [90.375, 18.625]]]}, "properties": {"time": "2021-05-26T00:00:00", "variable": "ws", "tier": "low", "percentile": 99.1, "z": 4.45, "wind_ms": 15.16, "value": 15.16, "lat": 18.75, "lon": 90.5}}, {"type": "Feature", "geometry": {"type": "Polygon", "coordinates": [[[90.625, 18.625], [90.875, 18.625], [90.875, 18.875], [90.625, 18.875], [90.625, 18.625]]]}, "properties": {"time": "2021-05-26T00:00:00", "variable": "ws", "tier": "low", "percentile": 98.3, "z": 4.25, "wind_ms": 14.7, "value": 14.7, "lat": 18.75, "lon": 90.75}}, {"type": "Feature", "geometry": {"type": "Polygon", "coordinates": [[[90.875, 18.625], [91.125, 18.625], [91.125, 18.875], [90.875, 18.875], [90.875, 18.625]]]}, "properties": {"time": "2021-05-26T00:00:00", "variable": "ws", "tier": "low", "percentile": 98.3, "z": 4.13, "wind_ms": 14.27, "value": 14.27, "lat": 18.75, "lon": 91.0}}, {"type": "Feature", "geometry": {"type": "Polygon", "coordinates": [[[85.375, 18.875], [85.625, 18.875], [85.625, 19.125], [85.375, 19.125], [85.375, 18.875]]]}, "properties": {"time": "2021-05-26T00:00:00", "variable": "ws", "tier": "low", "percentile": 100.0, "z": 1.85, "wind_ms": 11.45, "value": 11.45, "lat": 19.0, "lon": 85.5}}, {"type": "Feature", "geometry": {"type": "Polygon", "coordinates": [[[85.625, 18.875], [85.875, 18.875], [85.875, 19.125], [85.625, 19.125], [85.625, 18.875]]]}, "properties": {"time": "2021-05-26T00:00:00", "variable": "ws", "tier": "low", "percentile": 100.0, "z": 3.08, "wind_ms": 13.8, "value": 13.8, "lat": 19.0, "lon": 85.75}}, {"type": "Feature", "geometry": {"type": "Polygon", "coordinates": [[[85.875, 18.875], [86.125, 18.875], [86.125, 19.125], [85.875, 19.125], [85.875, 18.875]]]}, "properties": {"time": "2021-05-26T00:00:00", "variable": "ws", "tier": "low", "percentile": 100.0, "z": 3.81, "wind_ms": 14.84, "value": 14.84, "lat": 19.0, "lon": 86.0}}, {"type": "Feature", "geometry": {"type": "Polygon", "coordinates": [[[86.125, 18.875], [86.375, 18.875], [86.375, 19.125], [86.125, 19.125], [86.125, 18.875]]]}, "properties": {"time": "2021-05-26T00:00:00", "variable": "ws", "tier": "low", "percentile": 100.0, "z": 4.36, "wind_ms": 15.5, "value": 15.5, "lat": 19.0, "lon": 86.25}}, {"type": "Feature", "geometry": {"type": "Polygon", "coordinates": [[[86.375, 18.875], [86.625, 18.875], [86.625, 19.125], [86.375, 19.125], [86.375, 18.875]]]}, "properties": {"time": "2021-05-26T00:00:00", "variable": "ws", "tier": "low", "percentile": 100.0, "z": 4.88, "wind_ms": 16.04, "value": 16.04, "lat": 19.0, "lon": 86.5}}, {"type": "Feature", "geometry": {"type": "Polygon", "coordinates": [[[86.625, 18.875], [86.875, 18.875], [86.875, 19.125], [86.625, 19.125], [86.625, 18.875]]]}, "properties": {"time": "2021-05-26T00:00:00", "variable": "ws", "tier": "low", "percentile": 100.0, "z": 5.34, "wind_ms": 16.52, "value": 16.52, "lat": 19.0, "lon": 86.75}}, {"type": "Feature", "geometry": {"type": "Polygon", "coordinates": [[[86.875, 18.875], [87.125, 18.875], [87.125, 19.125], [86.875, 19.125], [86.875, 18.875]]]}, "properties": {"time": "2021-05-26T00:00:00", "variable": "ws", "tier": "moderate", "percentile": 100.0, "z": 5.71, "wind_ms": 17.04, "value": 17.04, "lat": 19.0, "lon": 87.0}}, {"type": "Feature", "geometry": {"type": "Polygon", "coordinates": [[[87.125, 18.875], [87.375, 18.875], [87.375, 19.125], [87.125, 19.125], [87.125, 18.875]]]}, "properties": {"time": "2021-05-26T00:00:00", "variable": "ws", "tier": "moderate", "percentile": 100.0, "z": 6.16, "wind_ms": 17.94, "value": 17.94, "lat": 19.0, "lon": 87.25}}, {"type": "Feature", "geometry": {"type": "Polygon", "coordinates": [[[87.375, 18.875], [87.625, 18.875], [87.625, 19.125], [87.375, 19.125], [87.375, 18.875]]]}, "properties": {"time": "2021-05-26T00:00:00", "variable": "ws", "tier": "moderate", "percentile": 100.0, "z": 6.6, "wind_ms": 18.55, "value": 18.55, "lat": 19.0, "lon": 87.5}}, {"type": "Feature", "geometry": {"type": "Polygon", "coordinates": [[[87.625, 18.875], [87.875, 18.875], [87.875, 19.125], [87.625, 19.125], [87.625, 18.875]]]}, "properties": {"time": "2021-05-26T00:00:00", "variable": "ws", "tier": "moderate", "percentile": 100.0, "z": 6.68, "wind_ms": 18.7, "value": 18.7, "lat": 19.0, "lon": 87.75}}, {"type": "Feature", "geometry": {"type": "Polygon", "coordinates": [[[87.875, 18.875], [88.125, 18.875], [88.125, 19.125], [87.875, 19.125], [87.875, 18.875]]]}, "properties": {"time": "2021-05-26T00:00:00", "variable": "ws", "tier": "moderate", "percentile": 100.0, "z": 6.53, "wind_ms": 18.76, "value": 18.76, "lat": 19.0, "lon": 88.0}}, {"type": "Feature", "geometry": {"type": "Polygon", "coordinates": [[[88.125, 18.875], [88.375, 18.875], [88.375, 19.125], [88.125, 19.125], [88.125, 18.875]]]}, "properties": {"time": "2021-05-26T00:00:00", "variable": "ws", "tier": "moderate", "percentile": 100.0, "z": 6.43, "wind_ms": 18.79, "value": 18.79, "lat": 19.0, "lon": 88.25}}, {"type": "Feature", "geometry": {"type": "Polygon", "coordinates": [[[88.375, 18.875], [88.625, 18.875], [88.625, 19.125], [88.375, 19.125], [88.375, 18.875]]]}, "properties": {"time": "2021-05-26T00:00:00", "variable": "ws", "tier": "moderate", "percentile": 100.0, "z": 6.37, "wind_ms": 18.64, "value": 18.64, "lat": 19.0, "lon": 88.5}}, {"type": "Feature", "geometry": {"type": "Polygon", "coordinates": [[[88.625, 18.875], [88.875, 18.875], [88.875, 19.125], [88.625, 19.125], [88.625, 18.875]]]}, "properties": {"time": "2021-05-26T00:00:00", "variable": "ws", "tier": "moderate", "percentile": 100.0, "z": 6.16, "wind_ms": 18.22, "value": 18.22, "lat": 19.0, "lon": 88.75}}, {"type": "Feature", "geometry": {"type": "Polygon", "coordinates": [[[88.875, 18.875], [89.125, 18.875], [89.125, 19.125], [88.875, 19.125], [88.875, 18.875]]]}, "properties": {"time": "2021-05-26T00:00:00", "variable": "ws", "tier": "moderate", "percentile": 100.0, "z": 5.84, "wind_ms": 17.73, "value": 17.73, "lat": 19.0, "lon": 89.0}}, {"type": "Feature", "geometry": {"type": "Polygon", "coordinates": [[[89.125, 18.875], [89.375, 18.875], [89.375, 19.125], [89.125, 19.125], [89.125, 18.875]]]}, "properties": {"time": "2021-05-26T00:00:00", "variable": "ws", "tier": "moderate", "percentile": 100.0, "z": 5.5, "wind_ms": 17.22, "value": 17.22, "lat": 19.0, "lon": 89.25}}, {"type": "Feature", "geometry": {"type": "Polygon", "coordinates": [[[89.375, 18.875], [89.625, 18.875], [89.625, 19.125], [89.375, 19.125], [89.375, 18.875]]]}, "properties": {"time": "2021-05-26T00:00:00", "variable": "ws", "tier": "low", "percentile": 99.1, "z": 5.2, "wind_ms": 16.74, "value": 16.74, "lat": 19.0, "lon": 89.5}}, {"type": "Feature", "geometry": {"type": "Polygon", "coordinates": [[[89.625, 18.875], [89.875, 18.875], [89.875, 19.125], [89.625, 19.125], [89.625, 18.875]]]}, "properties": {"time": "2021-05-26T00:00:00", "variable": "ws", "tier": "low", "percentile": 99.1, "z": 4.86, "wind_ms": 16.31, "value": 16.31, "lat": 19.0, "lon": 89.75}}, {"type": "Feature", "geometry": {"type": "Polygon", "coordinates": [[[89.875, 18.875], [90.125, 18.875], [90.125, 19.125], [89.875, 19.125], [89.875, 18.875]]]}, "properties": {"time": "2021-05-26T00:00:00", "variable": "ws", "tier": "low", "percentile": 99.1, "z": 4.72, "wind_ms": 15.81, "value": 15.81, "lat": 19.0, "lon": 90.0}}, {"type": "Feature", "geometry": {"type": "Polygon", "coordinates": [[[90.125, 18.875], [90.375, 18.875], [90.375, 19.125], [90.125, 19.125], [90.125, 18.875]]]}, "properties": {"time": "2021-05-26T00:00:00", "variable": "ws", "tier": "low", "percentile": 99.1, "z": 4.85, "wind_ms": 15.74, "value": 15.74, "lat": 19.0, "lon": 90.25}}, {"type": "Feature", "geometry": {"type": "Polygon", "coordinates": [[[90.375, 18.875], [90.625, 18.875], [90.625, 19.125], [90.375, 19.125], [90.375, 18.875]]]}, "properties": {"time": "2021-05-26T00:00:00", "variable": "ws", "tier": "low", "percentile": 99.1, "z": 4.87, "wind_ms": 15.54, "value": 15.54, "lat": 19.0, "lon": 90.5}}, {"type": "Feature", "geometry": {"type": "Polygon", "coordinates": [[[90.625, 18.875], [90.875, 18.875], [90.875, 19.125], [90.625, 19.125], [90.625, 18.875]]]}, "properties": {"time": "2021-05-26T00:00:00", "variable": "ws", "tier": "low", "percentile": 99.1, "z": 4.7, "wind_ms": 15.15, "value": 15.15, "lat": 19.0, "lon": 90.75}}, {"type": "Feature", "geometry": {"type": "Polygon", "coordinates": [[[90.875, 18.875], [91.125, 18.875], [91.125, 19.125], [90.875, 19.125], [90.875, 18.875]]]}, "properties": {"time": "2021-05-26T00:00:00", "variable": "ws", "tier": "low", "percentile": 99.1, "z": 4.62, "wind_ms": 14.99, "value": 14.99, "lat": 19.0, "lon": 91.0}}, {"type": "Feature", "geometry": {"type": "Polygon", "coordinates": [[[85.375, 19.125], [85.625, 19.125], [85.625, 19.375], [85.375, 19.375], [85.375, 19.125]]]}, "properties": {"time": "2021-05-26T00:00:00", "variable": "ws", "tier": "low", "percentile": 100.0, "z": 2.86, "wind_ms": 13.26, "value": 13.26, "lat": 19.25, "lon": 85.5}}, {"type": "Feature", "geometry": {"type": "Polygon", "coordinates": [[[85.625, 19.125], [85.875, 19.125], [85.875, 19.375], [85.625, 19.375], [85.625, 19.125]]]}, "properties": {"time": "2021-05-26T00:00:00", "variable": "ws", "tier": "low", "percentile": 100.0, "z": 3.64, "wind_ms": 15.0, "value": 15.0, "lat": 19.25, "lon": 85.75}}, {"type": "Feature", "geometry": {"type": "Polygon", "coordinates": [[[85.875, 19.125], [86.125, 19.125], [86.125, 19.375], [85.875, 19.375], [85.875, 19.125]]]}, "properties": {"time": "2021-05-26T00:00:00", "variable": "ws", "tier": "low", "percentile": 100.0, "z": 4.24, "wind_ms": 15.94, "value": 15.94, "lat": 19.25, "lon": 86.0}}, {"type": "Feature", "geometry": {"type": "Polygon", "coordinates": [[[86.125, 19.125], [86.375, 19.125], [86.375, 19.375], [86.125, 19.375], [86.125, 19.125]]]}, "properties": {"time": "2021-05-26T00:00:00", "variable": "ws", "tier": "low", "percentile": 100.0, "z": 4.8, "wind_ms": 16.26, "value": 16.26, "lat": 19.25, "lon": 86.25}}, {"type": "Feature", "geometry": {"type": "Polygon", "coordinates": [[[86.375, 19.125], [86.625, 19.125], [86.625, 19.375], [86.375, 19.375], [86.375, 19.125]]]}, "properties": {"time": "2021-05-26T00:00:00", "variable": "ws", "tier": "low", "percentile": 100.0, "z": 5.34, "wind_ms": 16.83, "value": 16.83, "lat": 19.25, "lon": 86.5}}, {"type": "Feature", "geometry": {"type": "Polygon", "coordinates": [[[86.625, 19.125], [86.875, 19.125], [86.875, 19.375], [86.625, 19.375], [86.625, 19.125]]]}, "properties": {"time": "2021-05-26T00:00:00", "variable": "ws", "tier": "moderate", "percentile": 100.0, "z": 5.73, "wind_ms": 17.45, "value": 17.45, "lat": 19.25, "lon": 86.75}}, {"type": "Feature", "geometry": {"type": "Polygon", "coordinates": [[[86.875, 19.125], [87.125, 19.125], [87.125, 19.375], [86.875, 19.375], [86.875, 19.125]]]}, "properties": {"time": "2021-05-26T00:00:00", "variable": "ws", "tier": "moderate", "percentile": 100.0, "z": 6.04, "wind_ms": 17.93, "value": 17.93, "lat": 19.25, "lon": 87.0}}, {"type": "Feature", "geometry": {"type": "Polygon", "coordinates": [[[87.125, 19.125], [87.375, 19.125], [87.375, 19.375], [87.125, 19.375], [87.125, 19.125]]]}, "properties": {"time": "2021-05-26T00:00:00", "variable": "ws", "tier": "moderate", "percentile": 100.0, "z": 6.39, "wind_ms": 18.5, "value": 18.5, "lat": 19.25, "lon": 87.25}}, {"type": "Feature", "geometry": {"type": "Polygon", "coordinates": [[[87.375, 19.125], [87.625, 19.125], [87.625, 19.375], [87.375, 19.375], [87.375, 19.125]]]}, "properties": {"time": "2021-05-26T00:00:00", "variable": "ws", "tier": "moderate", "percentile": 100.0, "z": 6.77, "wind_ms": 19.12, "value": 19.12, "lat": 19.25, "lon": 87.5}}, {"type": "Feature", "geometry": {"type": "Polygon", "coordinates": [[[87.625, 19.125], [87.875, 19.125], [87.875, 19.375], [87.625, 19.375], [87.625, 19.125]]]}, "properties": {"time": "2021-05-26T00:00:00", "variable": "ws", "tier": "moderate", "percentile": 100.0, "z": 6.95, "wind_ms": 19.4, "value": 19.4, "lat": 19.25, "lon": 87.75}}, {"type": "Feature", "geometry": {"type": "Polygon", "coordinates": [[[87.875, 19.125], [88.125, 19.125], [88.125, 19.375], [87.875, 19.375], [87.875, 19.125]]]}, "properties": {"time": "2021-05-26T00:00:00", "variable": "ws", "tier": "moderate", "percentile": 100.0, "z": 6.85, "wind_ms": 19.29, "value": 19.29, "lat": 19.25, "lon": 88.0}}, {"type": "Feature", "geometry": {"type": "Polygon", "coordinates": [[[88.125, 19.125], [88.375, 19.125], [88.375, 19.375], [88.125, 19.375], [88.125, 19.125]]]}, "properties": {"time": "2021-05-26T00:00:00", "variable": "ws", "tier": "moderate", "percentile": 100.0, "z": 6.79, "wind_ms": 19.06, "value": 19.06, "lat": 19.25, "lon": 88.25}}, {"type": "Feature", "geometry": {"type": "Polygon", "coordinates": [[[88.375, 19.125], [88.625, 19.125], [88.625, 19.375], [88.375, 19.375], [88.375, 19.125]]]}, "properties": {"time": "2021-05-26T00:00:00", "variable": "ws", "tier": "moderate", "percentile": 100.0, "z": 6.51, "wind_ms": 18.85, "value": 18.85, "lat": 19.25, "lon": 88.5}}, {"type": "Feature", "geometry": {"type": "Polygon", "coordinates": [[[88.625, 19.125], [88.875, 19.125], [88.875, 19.375], [88.625, 19.375], [88.625, 19.125]]]}, "properties": {"time": "2021-05-26T00:00:00", "variable": "ws", "tier": "moderate", "percentile": 100.0, "z": 6.27, "wind_ms": 18.48, "value": 18.48, "lat": 19.25, "lon": 88.75}}, {"type": "Feature", "geometry": {"type": "Polygon", "coordinates": [[[88.875, 19.125], [89.125, 19.125], [89.125, 19.375], [88.875, 19.375], [88.875, 19.125]]]}, "properties": {"time": "2021-05-26T00:00:00", "variable": "ws", "tier": "moderate", "percentile": 100.0, "z": 6.01, "wind_ms": 18.04, "value": 18.04, "lat": 19.25, "lon": 89.0}}, {"type": "Feature", "geometry": {"type": "Polygon", "coordinates": [[[89.125, 19.125], [89.375, 19.125], [89.375, 19.375], [89.125, 19.375], [89.125, 19.125]]]}, "properties": {"time": "2021-05-26T00:00:00", "variable": "ws", "tier": "moderate", "percentile": 100.0, "z": 5.69, "wind_ms": 17.5, "value": 17.5, "lat": 19.25, "lon": 89.25}}, {"type": "Feature", "geometry": {"type": "Polygon", "coordinates": [[[89.375, 19.125], [89.625, 19.125], [89.625, 19.375], [89.375, 19.375], [89.375, 19.125]]]}, "properties": {"time": "2021-05-26T00:00:00", "variable": "ws", "tier": "low", "percentile": 99.1, "z": 5.3, "wind_ms": 16.8, "value": 16.8, "lat": 19.25, "lon": 89.5}}, {"type": "Feature", "geometry": {"type": "Polygon", "coordinates": [[[89.625, 19.125], [89.875, 19.125], [89.875, 19.375], [89.625, 19.375], [89.625, 19.125]]]}, "properties": {"time": "2021-05-26T00:00:00", "variable": "ws", "tier": "low", "percentile": 99.1, "z": 4.85, "wind_ms": 16.16, "value": 16.16, "lat": 19.25, "lon": 89.75}}, {"type": "Feature", "geometry": {"type": "Polygon", "coordinates": [[[89.875, 19.125], [90.125, 19.125], [90.125, 19.375], [89.875, 19.375], [89.875, 19.125]]]}, "properties": {"time": "2021-05-26T00:00:00", "variable": "ws", "tier": "low", "percentile": 99.1, "z": 4.81, "wind_ms": 16.02, "value": 16.02, "lat": 19.25, "lon": 90.0}}, {"type": "Feature", "geometry": {"type": "Polygon", "coordinates": [[[90.125, 19.125], [90.375, 19.125], [90.375, 19.375], [90.125, 19.375], [90.125, 19.125]]]}, "properties": {"time": "2021-05-26T00:00:00", "variable": "ws", "tier": "low", "percentile": 99.1, "z": 5.17, "wind_ms": 16.18, "value": 16.18, "lat": 19.25, "lon": 90.25}}, {"type": "Feature", "geometry": {"type": "Polygon", "coordinates": [[[90.375, 19.125], [90.625, 19.125], [90.625, 19.375], [90.375, 19.375], [90.375, 19.125]]]}, "properties": {"time": "2021-05-26T00:00:00", "variable": "ws", "tier": "low", "percentile": 100.0, "z": 5.28, "wind_ms": 15.98, "value": 15.98, "lat": 19.25, "lon": 90.5}}, {"type": "Feature", "geometry": {"type": "Polygon", "coordinates": [[[90.625, 19.125], [90.875, 19.125], [90.875, 19.375], [90.625, 19.375], [90.625, 19.125]]]}, "properties": {"time": "2021-05-26T00:00:00", "variable": "ws", "tier": "low", "percentile": 99.1, "z": 5.17, "wind_ms": 15.63, "value": 15.63, "lat": 19.25, "lon": 90.75}}, {"type": "Feature", "geometry": {"type": "Polygon", "coordinates": [[[90.875, 19.125], [91.125, 19.125], [91.125, 19.375], [90.875, 19.375], [90.875, 19.125]]]}, "properties": {"time": "2021-05-26T00:00:00", "variable": "ws", "tier": "low", "percentile": 99.1, "z": 5.1, "wind_ms": 15.52, "value": 15.52, "lat": 19.25, "lon": 91.0}}, {"type": "Feature", "geometry": {"type": "Polygon", "coordinates": [[[85.375, 19.375], [85.625, 19.375], [85.625, 19.625], [85.375, 19.625], [85.375, 19.375]]]}, "properties": {"time": "2021-05-26T00:00:00", "variable": "ws", "tier": "low", "percentile": 100.0, "z": 3.58, "wind_ms": 14.56, "value": 14.56, "lat": 19.5, "lon": 85.5}}, {"type": "Feature", "geometry": {"type": "Polygon", "coordinates": [[[85.625, 19.375], [85.875, 19.375], [85.875, 19.625], [85.625, 19.625], [85.625, 19.375]]]}, "properties": {"time": "2021-05-26T00:00:00", "variable": "ws", "tier": "low", "percentile": 100.0, "z": 3.73, "wind_ms": 14.3, "value": 14.3, "lat": 19.5, "lon": 85.75}}, {"type": "Feature", "geometry": {"type": "Polygon", "coordinates": [[[85.875, 19.375], [86.125, 19.375], [86.125, 19.625], [85.875, 19.625], [85.875, 19.375]]]}, "properties": {"time": "2021-05-26T00:00:00", "variable": "ws", "tier": "low", "percentile": 100.0, "z": 4.3, "wind_ms": 15.73, "value": 15.73, "lat": 19.5, "lon": 86.0}}, {"type": "Feature", "geometry": {"type": "Polygon", "coordinates": [[[86.125, 19.375], [86.375, 19.375], [86.375, 19.625], [86.125, 19.625], [86.125, 19.375]]]}, "properties": {"time": "2021-05-26T00:00:00", "variable": "ws", "tier": "low", "percentile": 100.0, "z": 4.9, "wind_ms": 16.58, "value": 16.58, "lat": 19.5, "lon": 86.25}}, {"type": "Feature", "geometry": {"type": "Polygon", "coordinates": [[[86.375, 19.375], [86.625, 19.375], [86.625, 19.625], [86.375, 19.625], [86.375, 19.375]]]}, "properties": {"time": "2021-05-26T00:00:00", "variable": "ws", "tier": "moderate", "percentile": 100.0, "z": 5.53, "wind_ms": 17.11, "value": 17.11, "lat": 19.5, "lon": 86.5}}, {"type": "Feature", "geometry": {"type": "Polygon", "coordinates": [[[86.625, 19.375], [86.875, 19.375], [86.875, 19.625], [86.625, 19.625], [86.625, 19.375]]]}, "properties": {"time": "2021-05-26T00:00:00", "variable": "ws", "tier": "moderate", "percentile": 100.0, "z": 6.11, "wind_ms": 17.99, "value": 17.99, "lat": 19.5, "lon": 86.75}}, {"type": "Feature", "geometry": {"type": "Polygon", "coordinates": [[[86.875, 19.375], [87.125, 19.375], [87.125, 19.625], [86.875, 19.625], [86.875, 19.375]]]}, "properties": {"time": "2021-05-26T00:00:00", "variable": "ws", "tier": "moderate", "percentile": 100.0, "z": 6.44, "wind_ms": 18.83, "value": 18.83, "lat": 19.5, "lon": 87.0}}, {"type": "Feature", "geometry": {"type": "Polygon", "coordinates": [[[87.125, 19.375], [87.375, 19.375], [87.375, 19.625], [87.125, 19.625], [87.125, 19.375]]]}, "properties": {"time": "2021-05-26T00:00:00", "variable": "ws", "tier": "moderate", "percentile": 100.0, "z": 6.65, "wind_ms": 19.29, "value": 19.29, "lat": 19.5, "lon": 87.25}}, {"type": "Feature", "geometry": {"type": "Polygon", "coordinates": [[[87.375, 19.375], [87.625, 19.375], [87.625, 19.625], [87.375, 19.625], [87.375, 19.375]]]}, "properties": {"time": "2021-05-26T00:00:00", "variable": "ws", "tier": "moderate", "percentile": 100.0, "z": 6.92, "wind_ms": 19.68, "value": 19.68, "lat": 19.5, "lon": 87.5}}, {"type": "Feature", "geometry": {"type": "Polygon", "coordinates": [[[87.625, 19.375], [87.875, 19.375], [87.875, 19.625], [87.625, 19.625], [87.625, 19.375]]]}, "properties": {"time": "2021-05-26T00:00:00", "variable": "ws", "tier": "moderate", "percentile": 100.0, "z": 7.23, "wind_ms": 19.92, "value": 19.92, "lat": 19.5, "lon": 87.75}}, {"type": "Feature", "geometry": {"type": "Polygon", "coordinates": [[[87.875, 19.375], [88.125, 19.375], [88.125, 19.625], [87.875, 19.625], [87.875, 19.375]]]}, "properties": {"time": "2021-05-26T00:00:00", "variable": "ws", "tier": "moderate", "percentile": 100.0, "z": 7.15, "wind_ms": 20.03, "value": 20.03, "lat": 19.5, "lon": 88.0}}, {"type": "Feature", "geometry": {"type": "Polygon", "coordinates": [[[88.125, 19.375], [88.375, 19.375], [88.375, 19.625], [88.125, 19.625], [88.125, 19.375]]]}, "properties": {"time": "2021-05-26T00:00:00", "variable": "ws", "tier": "moderate", "percentile": 100.0, "z": 7.16, "wind_ms": 19.72, "value": 19.72, "lat": 19.5, "lon": 88.25}}, {"type": "Feature", "geometry": {"type": "Polygon", "coordinates": [[[88.375, 19.375], [88.625, 19.375], [88.625, 19.625], [88.375, 19.625], [88.375, 19.375]]]}, "properties": {"time": "2021-05-26T00:00:00", "variable": "ws", "tier": "moderate", "percentile": 100.0, "z": 6.92, "wind_ms": 19.3, "value": 19.3, "lat": 19.5, "lon": 88.5}}, {"type": "Feature", "geometry": {"type": "Polygon", "coordinates": [[[88.625, 19.375], [88.875, 19.375], [88.875, 19.625], [88.625, 19.625], [88.625, 19.375]]]}, "properties": {"time": "2021-05-26T00:00:00", "variable": "ws", "tier": "moderate", "percentile": 100.0, "z": 6.55, "wind_ms": 18.84, "value": 18.84, "lat": 19.5, "lon": 88.75}}, {"type": "Feature", "geometry": {"type": "Polygon", "coordinates": [[[88.875, 19.375], [89.125, 19.375], [89.125, 19.625], [88.875, 19.625], [88.875, 19.375]]]}, "properties": {"time": "2021-05-26T00:00:00", "variable": "ws", "tier": "moderate", "percentile": 100.0, "z": 6.11, "wind_ms": 18.31, "value": 18.31, "lat": 19.5, "lon": 89.0}}, {"type": "Feature", "geometry": {"type": "Polygon", "coordinates": [[[89.125, 19.375], [89.375, 19.375], [89.375, 19.625], [89.125, 19.625], [89.125, 19.375]]]}, "properties": {"time": "2021-05-26T00:00:00", "variable": "ws", "tier": "moderate", "percentile": 99.1, "z": 5.71, "wind_ms": 17.78, "value": 17.78, "lat": 19.5, "lon": 89.25}}, {"type": "Feature", "geometry": {"type": "Polygon", "coordinates": [[[89.375, 19.375], [89.625, 19.375], [89.625, 19.625], [89.375, 19.625], [89.375, 19.375]]]}, "properties": {"time": "2021-05-26T00:00:00", "variable": "ws", "tier": "moderate", "percentile": 99.1, "z": 5.31, "wind_ms": 17.07, "value": 17.07, "lat": 19.5, "lon": 89.5}}, {"type": "Feature", "geometry": {"type": "Polygon", "coordinates": [[[89.625, 19.375], [89.875, 19.375], [89.875, 19.625], [89.625, 19.625], [89.625, 19.375]]]}, "properties": {"time": "2021-05-26T00:00:00", "variable": "ws", "tier": "low", "percentile": 99.1, "z": 4.91, "wind_ms": 16.34, "value": 16.34, "lat": 19.5, "lon": 89.75}}, {"type": "Feature", "geometry": {"type": "Polygon", "coordinates": [[[89.875, 19.375], [90.125, 19.375], [90.125, 19.625], [89.875, 19.625], [89.875, 19.375]]]}, "properties": {"time": "2021-05-26T00:00:00", "variable": "ws", "tier": "low", "percentile": 99.1, "z": 4.89, "wind_ms": 16.22, "value": 16.22, "lat": 19.5, "lon": 90.0}}, {"type": "Feature", "geometry": {"type": "Polygon", "coordinates": [[[90.125, 19.375], [90.375, 19.375], [90.375, 19.625], [90.125, 19.625], [90.125, 19.375]]]}, "properties": {"time": "2021-05-26T00:00:00", "variable": "ws", "tier": "low", "percentile": 99.1, "z": 5.41, "wind_ms": 16.6, "value": 16.6, "lat": 19.5, "lon": 90.25}}, {"type": "Feature", "geometry": {"type": "Polygon", "coordinates": [[[90.375, 19.375], [90.625, 19.375], [90.625, 19.625], [90.375, 19.625], [90.375, 19.375]]]}, "properties": {"time": "2021-05-26T00:00:00", "variable": "ws", "tier": "low", "percentile": 100.0, "z": 5.74, "wind_ms": 16.68, "value": 16.68, "lat": 19.5, "lon": 90.5}}, {"type": "Feature", "geometry": {"type": "Polygon", "coordinates": [[[90.625, 19.375], [90.875, 19.375], [90.875, 19.625], [90.625, 19.625], [90.625, 19.375]]]}, "properties": {"time": "2021-05-26T00:00:00", "variable": "ws", "tier": "low", "percentile": 100.0, "z": 5.52, "wind_ms": 16.12, "value": 16.12, "lat": 19.5, "lon": 90.75}}, {"type": "Feature", "geometry": {"type": "Polygon", "coordinates": [[[90.875, 19.375], [91.125, 19.375], [91.125, 19.625], [90.875, 19.625], [90.875, 19.375]]]}, "properties": {"time": "2021-05-26T00:00:00", "variable": "ws", "tier": "low", "percentile": 99.1, "z": 5.3, "wind_ms": 15.76, "value": 15.76, "lat": 19.5, "lon": 91.0}}, {"type": "Feature", "geometry": {"type": "Polygon", "coordinates": [[[85.375, 19.625], [85.625, 19.625], [85.625, 19.875], [85.375, 19.875], [85.375, 19.625]]]}, "properties": {"time": "2021-05-26T00:00:00", "variable": "ws", "tier": "low", "percentile": 100.0, "z": 3.45, "wind_ms": 11.5, "value": 11.5, "lat": 19.75, "lon": 85.5}}, {"type": "Feature", "geometry": {"type": "Polygon", "coordinates": [[[85.625, 19.625], [85.875, 19.625], [85.875, 19.875], [85.625, 19.875], [85.625, 19.625]]]}, "properties": {"time": "2021-05-26T00:00:00", "variable": "ws", "tier": "low", "percentile": 100.0, "z": 3.42, "wind_ms": 10.62, "value": 10.62, "lat": 19.75, "lon": 85.75}}, {"type": "Feature", "geometry": {"type": "Polygon", "coordinates": [[[85.875, 19.625], [86.125, 19.625], [86.125, 19.875], [85.875, 19.875], [85.875, 19.625]]]}, "properties": {"time": "2021-05-26T00:00:00", "variable": "ws", "tier": "low", "percentile": 100.0, "z": 3.95, "wind_ms": 12.83, "value": 12.83, "lat": 19.75, "lon": 86.0}}, {"type": "Feature", "geometry": {"type": "Polygon", "coordinates": [[[86.125, 19.625], [86.375, 19.625], [86.375, 19.875], [86.125, 19.875], [86.125, 19.625]]]}, "properties": {"time": "2021-05-26T00:00:00", "variable": "ws", "tier": "low", "percentile": 100.0, "z": 4.61, "wind_ms": 14.81, "value": 14.81, "lat": 19.75, "lon": 86.25}}, {"type": "Feature", "geometry": {"type": "Polygon", "coordinates": [[[86.375, 19.625], [86.625, 19.625], [86.625, 19.875], [86.375, 19.875], [86.375, 19.625]]]}, "properties": {"time": "2021-05-26T00:00:00", "variable": "ws", "tier": "moderate", "percentile": 100.0, "z": 5.57, "wind_ms": 17.17, "value": 17.17, "lat": 19.75, "lon": 86.5}}, {"type": "Feature", "geometry": {"type": "Polygon", "coordinates": [[[86.625, 19.625], [86.875, 19.625], [86.875, 19.875], [86.625, 19.875], [86.625, 19.625]]]}, "properties": {"time": "2021-05-26T00:00:00", "variable": "ws", "tier": "moderate", "percentile": 100.0, "z": 6.31, "wind_ms": 18.43, "value": 18.43, "lat": 19.75, "lon": 86.75}}, {"type": "Feature", "geometry": {"type": "Polygon", "coordinates": [[[86.875, 19.625], [87.125, 19.625], [87.125, 19.875], [86.875, 19.875], [86.875, 19.625]]]}, "properties": {"time": "2021-05-26T00:00:00", "variable": "ws", "tier": "moderate", "percentile": 100.0, "z": 7.03, "wind_ms": 19.65, "value": 19.65, "lat": 19.75, "lon": 87.0}}, {"type": "Feature", "geometry": {"type": "Polygon", "coordinates": [[[87.125, 19.625], [87.375, 19.625], [87.375, 19.875], [87.125, 19.875], [87.125, 19.625]]]}, "properties": {"time": "2021-05-26T00:00:00", "variable": "ws", "tier": "moderate", "percentile": 100.0, "z": 7.44, "wind_ms": 20.23, "value": 20.23, "lat": 19.75, "lon": 87.25}}, {"type": "Feature", "geometry": {"type": "Polygon", "coordinates": [[[87.375, 19.625], [87.625, 19.625], [87.625, 19.875], [87.375, 19.875], [87.375, 19.625]]]}, "properties": {"time": "2021-05-26T00:00:00", "variable": "ws", "tier": "moderate", "percentile": 100.0, "z": 7.65, "wind_ms": 21.15, "value": 21.15, "lat": 19.75, "lon": 87.5}}, {"type": "Feature", "geometry": {"type": "Polygon", "coordinates": [[[87.625, 19.625], [87.875, 19.625], [87.875, 19.875], [87.625, 19.875], [87.625, 19.625]]]}, "properties": {"time": "2021-05-26T00:00:00", "variable": "ws", "tier": "moderate", "percentile": 100.0, "z": 7.65, "wind_ms": 21.04, "value": 21.04, "lat": 19.75, "lon": 87.75}}, {"type": "Feature", "geometry": {"type": "Polygon", "coordinates": [[[87.875, 19.625], [88.125, 19.625], [88.125, 19.875], [87.875, 19.875], [87.875, 19.625]]]}, "properties": {"time": "2021-05-26T00:00:00", "variable": "ws", "tier": "moderate", "percentile": 100.0, "z": 7.31, "wind_ms": 20.7, "value": 20.7, "lat": 19.75, "lon": 88.0}}, {"type": "Feature", "geometry": {"type": "Polygon", "coordinates": [[[88.125, 19.625], [88.375, 19.625], [88.375, 19.875], [88.125, 19.875], [88.125, 19.625]]]}, "properties": {"time": "2021-05-26T00:00:00", "variable": "ws", "tier": "moderate", "percentile": 100.0, "z": 7.06, "wind_ms": 20.17, "value": 20.17, "lat": 19.75, "lon": 88.25}}, {"type": "Feature", "geometry": {"type": "Polygon", "coordinates": [[[88.375, 19.625], [88.625, 19.625], [88.625, 19.875], [88.375, 19.875], [88.375, 19.625]]]}, "properties": {"time": "2021-05-26T00:00:00", "variable": "ws", "tier": "moderate", "percentile": 100.0, "z": 6.9, "wind_ms": 19.78, "value": 19.78, "lat": 19.75, "lon": 88.5}}, {"type": "Feature", "geometry": {"type": "Polygon", "coordinates": [[[88.625, 19.625], [88.875, 19.625], [88.875, 19.875], [88.625, 19.875], [88.625, 19.625]]]}, "properties": {"time": "2021-05-26T00:00:00", "variable": "ws", "tier": "moderate", "percentile": 100.0, "z": 6.52, "wind_ms": 19.28, "value": 19.28, "lat": 19.75, "lon": 88.75}}, {"type": "Feature", "geometry": {"type": "Polygon", "coordinates": [[[88.875, 19.625], [89.125, 19.625], [89.125, 19.875], [88.875, 19.875], [88.875, 19.625]]]}, "properties": {"time": "2021-05-26T00:00:00", "variable": "ws", "tier": "moderate", "percentile": 99.1, "z": 6.16, "wind_ms": 18.77, "value": 18.77, "lat": 19.75, "lon": 89.0}}, {"type": "Feature", "geometry": {"type": "Polygon", "coordinates": [[[89.125, 19.625], [89.375, 19.625], [89.375, 19.875], [89.125, 19.875], [89.125, 19.625]]]}, "properties": {"time": "2021-05-26T00:00:00", "variable": "ws", "tier": "moderate", "percentile": 99.1, "z": 5.76, "wind_ms": 18.1, "value": 18.1, "lat": 19.75, "lon": 89.25}}, {"type": "Feature", "geometry": {"type": "Polygon", "coordinates": [[[89.375, 19.625], [89.625, 19.625], [89.625, 19.875], [89.375, 19.875], [89.375, 19.625]]]}, "properties": {"time": "2021-05-26T00:00:00", "variable": "ws", "tier": "moderate", "percentile": 99.1, "z": 5.33, "wind_ms": 17.39, "value": 17.39, "lat": 19.75, "lon": 89.5}}, {"type": "Feature", "geometry": {"type": "Polygon", "coordinates": [[[89.625, 19.625], [89.875, 19.625], [89.875, 19.875], [89.625, 19.875], [89.625, 19.625]]]}, "properties": {"time": "2021-05-26T00:00:00", "variable": "ws", "tier": "low", "percentile": 99.1, "z": 5.01, "wind_ms": 16.74, "value": 16.74, "lat": 19.75, "lon": 89.75}}, {"type": "Feature", "geometry": {"type": "Polygon", "coordinates": [[[89.875, 19.625], [90.125, 19.625], [90.125, 19.875], [89.875, 19.875], [89.875, 19.625]]]}, "properties": {"time": "2021-05-26T00:00:00", "variable": "ws", "tier": "low", "percentile": 99.1, "z": 5.08, "wind_ms": 16.6, "value": 16.6, "lat": 19.75, "lon": 90.0}}, {"type": "Feature", "geometry": {"type": "Polygon", "coordinates": [[[90.125, 19.625], [90.375, 19.625], [90.375, 19.875], [90.125, 19.875], [90.125, 19.625]]]}, "properties": {"time": "2021-05-26T00:00:00", "variable": "ws", "tier": "moderate", "percentile": 100.0, "z": 5.7, "wind_ms": 17.02, "value": 17.02, "lat": 19.75, "lon": 90.25}}, {"type": "Feature", "geometry": {"type": "Polygon", "coordinates": [[[90.375, 19.625], [90.625, 19.625], [90.625, 19.875], [90.375, 19.875], [90.375, 19.625]]]}, "properties": {"time": "2021-05-26T00:00:00", "variable": "ws", "tier": "low", "percentile": 100.0, "z": 6.12, "wind_ms": 16.98, "value": 16.98, "lat": 19.75, "lon": 90.5}}, {"type": "Feature", "geometry": {"type": "Polygon", "coordinates": [[[90.625, 19.625], [90.875, 19.625], [90.875, 19.875], [90.625, 19.875], [90.625, 19.625]]]}, "properties": {"time": "2021-05-26T00:00:00", "variable": "ws", "tier": "low", "percentile": 100.0, "z": 5.78, "wind_ms": 16.26, "value": 16.26, "lat": 19.75, "lon": 90.75}}, {"type": "Feature", "geometry": {"type": "Polygon", "coordinates": [[[90.875, 19.625], [91.125, 19.625], [91.125, 19.875], [90.875, 19.875], [90.875, 19.625]]]}, "properties": {"time": "2021-05-26T00:00:00", "variable": "ws", "tier": "low", "percentile": 100.0, "z": 5.46, "wind_ms": 15.79, "value": 15.79, "lat": 19.75, "lon": 91.0}}, {"type": "Feature", "geometry": {"type": "Polygon", "coordinates": [[[85.375, 19.875], [85.625, 19.875], [85.625, 20.125], [85.375, 20.125], [85.375, 19.875]]]}, "properties": {"time": "2021-05-26T00:00:00", "variable": "ws", "tier": "low", "percentile": 100.0, "z": 4.14, "wind_ms": 8.87, "value": 8.87, "lat": 20.0, "lon": 85.5}}, {"type": "Feature", "geometry": {"type": "Polygon", "coordinates": [[[85.875, 19.875], [86.125, 19.875], [86.125, 20.125], [85.875, 20.125], [85.875, 19.875]]]}, "properties": {"time": "2021-05-26T00:00:00", "variable": "ws", "tier": "low", "percentile": 100.0, "z": 4.33, "wind_ms": 9.7, "value": 9.7, "lat": 20.0, "lon": 86.0}}, {"type": "Feature", "geometry": {"type": "Polygon", "coordinates": [[[86.125, 19.875], [86.375, 19.875], [86.375, 20.125], [86.125, 20.125], [86.125, 19.875]]]}, "properties": {"time": "2021-05-26T00:00:00", "variable": "ws", "tier": "low", "percentile": 100.0, "z": 4.82, "wind_ms": 11.12, "value": 11.12, "lat": 20.0, "lon": 86.25}}, {"type": "Feature", "geometry": {"type": "Polygon", "coordinates": [[[86.375, 19.875], [86.625, 19.875], [86.625, 20.125], [86.375, 20.125], [86.375, 19.875]]]}, "properties": {"time": "2021-05-26T00:00:00", "variable": "ws", "tier": "low", "percentile": 100.0, "z": 5.95, "wind_ms": 14.15, "value": 14.15, "lat": 20.0, "lon": 86.5}}, {"type": "Feature", "geometry": {"type": "Polygon", "coordinates": [[[86.625, 19.875], [86.875, 19.875], [86.875, 20.125], [86.625, 20.125], [86.625, 19.875]]]}, "properties": {"time": "2021-05-26T00:00:00", "variable": "ws", "tier": "moderate", "percentile": 100.0, "z": 6.95, "wind_ms": 18.9, "value": 18.9, "lat": 20.0, "lon": 86.75}}, {"type": "Feature", "geometry": {"type": "Polygon", "coordinates": [[[86.875, 19.875], [87.125, 19.875], [87.125, 20.125], [86.875, 20.125], [86.875, 19.875]]]}, "properties": {"time": "2021-05-26T00:00:00", "variable": "ws", "tier": "moderate", "percentile": 100.0, "z": 7.62, "wind_ms": 20.76, "value": 20.76, "lat": 20.0, "lon": 87.0}}, {"type": "Feature", "geometry": {"type": "Polygon", "coordinates": [[[87.125, 19.875], [87.375, 19.875], [87.375, 20.125], [87.125, 20.125], [87.125, 19.875]]]}, "properties": {"time": "2021-05-26T00:00:00", "variable": "ws", "tier": "moderate", "percentile": 100.0, "z": 8.39, "wind_ms": 21.97, "value": 21.97, "lat": 20.0, "lon": 87.25}}, {"type": "Feature", "geometry": {"type": "Polygon", "coordinates": [[[87.375, 19.875], [87.625, 19.875], [87.625, 20.125], [87.375, 20.125], [87.375, 19.875]]]}, "properties": {"time": "2021-05-26T00:00:00", "variable": "ws", "tier": "moderate", "percentile": 100.0, "z": 8.45, "wind_ms": 22.72, "value": 22.72, "lat": 20.0, "lon": 87.5}}, {"type": "Feature", "geometry": {"type": "Polygon", "coordinates": [[[87.625, 19.875], [87.875, 19.875], [87.875, 20.125], [87.625, 20.125], [87.625, 19.875]]]}, "properties": {"time": "2021-05-26T00:00:00", "variable": "ws", "tier": "moderate", "percentile": 100.0, "z": 8.15, "wind_ms": 22.45, "value": 22.45, "lat": 20.0, "lon": 87.75}}, {"type": "Feature", "geometry": {"type": "Polygon", "coordinates": [[[87.875, 19.875], [88.125, 19.875], [88.125, 20.125], [87.875, 20.125], [87.875, 19.875]]]}, "properties": {"time": "2021-05-26T00:00:00", "variable": "ws", "tier": "moderate", "percentile": 100.0, "z": 7.77, "wind_ms": 21.81, "value": 21.81, "lat": 20.0, "lon": 88.0}}, {"type": "Feature", "geometry": {"type": "Polygon", "coordinates": [[[88.125, 19.875], [88.375, 19.875], [88.375, 20.125], [88.125, 20.125], [88.125, 19.875]]]}, "properties": {"time": "2021-05-26T00:00:00", "variable": "ws", "tier": "moderate", "percentile": 100.0, "z": 7.48, "wind_ms": 21.22, "value": 21.22, "lat": 20.0, "lon": 88.25}}, {"type": "Feature", "geometry": {"type": "Polygon", "coordinates": [[[88.375, 19.875], [88.625, 19.875], [88.625, 20.125], [88.375, 20.125], [88.375, 19.875]]]}, "properties": {"time": "2021-05-26T00:00:00", "variable": "ws", "tier": "moderate", "percentile": 100.0, "z": 6.86, "wind_ms": 20.33, "value": 20.33, "lat": 20.0, "lon": 88.5}}, {"type": "Feature", "geometry": {"type": "Polygon", "coordinates": [[[88.625, 19.875], [88.875, 19.875], [88.875, 20.125], [88.625, 20.125], [88.625, 19.875]]]}, "properties": {"time": "2021-05-26T00:00:00", "variable": "ws", "tier": "moderate", "percentile": 100.0, "z": 6.54, "wind_ms": 19.84, "value": 19.84, "lat": 20.0, "lon": 88.75}}, {"type": "Feature", "geometry": {"type": "Polygon", "coordinates": [[[88.875, 19.875], [89.125, 19.875], [89.125, 20.125], [88.875, 20.125], [88.875, 19.875]]]}, "properties": {"time": "2021-05-26T00:00:00", "variable": "ws", "tier": "moderate", "percentile": 99.1, "z": 6.12, "wind_ms": 19.15, "value": 19.15, "lat": 20.0, "lon": 89.0}}, {"type": "Feature", "geometry": {"type": "Polygon", "coordinates": [[[89.125, 19.875], [89.375, 19.875], [89.375, 20.125], [89.125, 20.125], [89.125, 19.875]]]}, "properties": {"time": "2021-05-26T00:00:00", "variable": "ws", "tier": "moderate", "percentile": 99.1, "z": 5.78, "wind_ms": 18.54, "value": 18.54, "lat": 20.0, "lon": 89.25}}, {"type": "Feature", "geometry": {"type": "Polygon", "coordinates": [[[89.375, 19.875], [89.625, 19.875], [89.625, 20.125], [89.375, 20.125], [89.375, 19.875]]]}, "properties": {"time": "2021-05-26T00:00:00", "variable": "ws", "tier": "moderate", "percentile": 99.1, "z": 5.47, "wind_ms": 17.82, "value": 17.82, "lat": 20.0, "lon": 89.5}}, {"type": "Feature", "geometry": {"type": "Polygon", "coordinates": [[[89.625, 19.875], [89.875, 19.875], [89.875, 20.125], [89.625, 20.125], [89.625, 19.875]]]}, "properties": {"time": "2021-05-26T00:00:00", "variable": "ws", "tier": "moderate", "percentile": 99.1, "z": 5.17, "wind_ms": 17.17, "value": 17.17, "lat": 20.0, "lon": 89.75}}, {"type": "Feature", "geometry": {"type": "Polygon", "coordinates": [[[89.875, 19.875], [90.125, 19.875], [90.125, 20.125], [89.875, 20.125], [89.875, 19.875]]]}, "properties": {"time": "2021-05-26T00:00:00", "variable": "ws", "tier": "low", "percentile": 99.1, "z": 5.29, "wind_ms": 16.91, "value": 16.91, "lat": 20.0, "lon": 90.0}}, {"type": "Feature", "geometry": {"type": "Polygon", "coordinates": [[[90.125, 19.875], [90.375, 19.875], [90.375, 20.125], [90.125, 20.125], [90.125, 19.875]]]}, "properties": {"time": "2021-05-26T00:00:00", "variable": "ws", "tier": "low", "percentile": 100.0, "z": 5.95, "wind_ms": 17.0, "value": 17.0, "lat": 20.0, "lon": 90.25}}, {"type": "Feature", "geometry": {"type": "Polygon", "coordinates": [[[90.375, 19.875], [90.625, 19.875], [90.625, 20.125], [90.375, 20.125], [90.375, 19.875]]]}, "properties": {"time": "2021-05-26T00:00:00", "variable": "ws", "tier": "low", "percentile": 100.0, "z": 6.25, "wind_ms": 16.82, "value": 16.82, "lat": 20.0, "lon": 90.5}}, {"type": "Feature", "geometry": {"type": "Polygon", "coordinates": [[[90.625, 19.875], [90.875, 19.875], [90.875, 20.125], [90.625, 20.125], [90.625, 19.875]]]}, "properties": {"time": "2021-05-26T00:00:00", "variable": "ws", "tier": "low", "percentile": 100.0, "z": 6.04, "wind_ms": 16.24, "value": 16.24, "lat": 20.0, "lon": 90.75}}, {"type": "Feature", "geometry": {"type": "Polygon", "coordinates": [[[90.875, 19.875], [91.125, 19.875], [91.125, 20.125], [90.875, 20.125], [90.875, 19.875]]]}, "properties": {"time": "2021-05-26T00:00:00", "variable": "ws", "tier": "low", "percentile": 100.0, "z": 5.62, "wind_ms": 15.74, "value": 15.74, "lat": 20.0, "lon": 91.0}}, {"type": "Feature", "geometry": {"type": "Polygon", "coordinates": [[[91.125, 19.875], [91.375, 19.875], [91.375, 20.125], [91.125, 20.125], [91.125, 19.875]]]}, "properties": {"time": "2021-05-26T00:00:00", "variable": "ws", "tier": "low", "percentile": 100.0, "z": 5.55, "wind_ms": 15.77, "value": 15.77, "lat": 20.0, "lon": 91.25}}, {"type": "Feature", "geometry": {"type": "Polygon", "coordinates": [[[91.375, 19.875], [91.625, 19.875], [91.625, 20.125], [91.375, 20.125], [91.375, 19.875]]]}, "properties": {"time": "2021-05-26T00:00:00", "variable": "ws", "tier": "low", "percentile": 100.0, "z": 5.78, "wind_ms": 15.62, "value": 15.62, "lat": 20.0, "lon": 91.5}}, {"type": "Feature", "geometry": {"type": "Polygon", "coordinates": [[[91.625, 19.875], [91.875, 19.875], [91.875, 20.125], [91.625, 20.125], [91.625, 19.875]]]}, "properties": {"time": "2021-05-26T00:00:00", "variable": "ws", "tier": "low", "percentile": 100.0, "z": 5.84, "wind_ms": 15.17, "value": 15.17, "lat": 20.0, "lon": 91.75}}, {"type": "Feature", "geometry": {"type": "Polygon", "coordinates": [[[85.875, 20.125], [86.125, 20.125], [86.125, 20.375], [85.875, 20.375], [85.875, 20.125]]]}, "properties": {"time": "2021-05-26T00:00:00", "variable": "ws", "tier": "low", "percentile": 100.0, "z": 5.5, "wind_ms": 8.88, "value": 8.88, "lat": 20.25, "lon": 86.0}}, {"type": "Feature", "geometry": {"type": "Polygon", "coordinates": [[[86.125, 20.125], [86.375, 20.125], [86.375, 20.375], [86.125, 20.375], [86.125, 20.125]]]}, "properties": {"time": "2021-05-26T00:00:00", "variable": "ws", "tier": "low", "percentile": 100.0, "z": 5.98, "wind_ms": 9.83, "value": 9.83, "lat": 20.25, "lon": 86.25}}, {"type": "Feature", "geometry": {"type": "Polygon", "coordinates": [[[86.375, 20.125], [86.625, 20.125], [86.625, 20.375], [86.375, 20.375], [86.375, 20.125]]]}, "properties": {"time": "2021-05-26T00:00:00", "variable": "ws", "tier": "low", "percentile": 100.0, "z": 6.66, "wind_ms": 11.52, "value": 11.52, "lat": 20.25, "lon": 86.5}}, {"type": "Feature", "geometry": {"type": "Polygon", "coordinates": [[[86.625, 20.125], [86.875, 20.125], [86.875, 20.375], [86.625, 20.375], [86.625, 20.125]]]}, "properties": {"time": "2021-05-26T00:00:00", "variable": "ws", "tier": "low", "percentile": 100.0, "z": 7.69, "wind_ms": 16.13, "value": 16.13, "lat": 20.25, "lon": 86.75}}, {"type": "Feature", "geometry": {"type": "Polygon", "coordinates": [[[86.875, 20.125], [87.125, 20.125], [87.125, 20.375], [86.875, 20.375], [86.875, 20.125]]]}, "properties": {"time": "2021-05-26T00:00:00", "variable": "ws", "tier": "moderate", "percentile": 100.0, "z": 8.12, "wind_ms": 20.65, "value": 20.65, "lat": 20.25, "lon": 87.0}}, {"type": "Feature", "geometry": {"type": "Polygon", "coordinates": [[[87.125, 20.125], [87.375, 20.125], [87.375, 20.375], [87.125, 20.375], [87.125, 20.125]]]}, "properties": {"time": "2021-05-26T00:00:00", "variable": "ws", "tier": "moderate", "percentile": 100.0, "z": 8.49, "wind_ms": 22.12, "value": 22.12, "lat": 20.25, "lon": 87.25}}, {"type": "Feature", "geometry": {"type": "Polygon", "coordinates": [[[87.375, 20.125], [87.625, 20.125], [87.625, 20.375], [87.375, 20.375], [87.375, 20.125]]]}, "properties": {"time": "2021-05-26T00:00:00", "variable": "ws", "tier": "moderate", "percentile": 100.0, "z": 8.6, "wind_ms": 23.2, "value": 23.2, "lat": 20.25, "lon": 87.5}}, {"type": "Feature", "geometry": {"type": "Polygon", "coordinates": [[[87.625, 20.125], [87.875, 20.125], [87.875, 20.375], [87.625, 20.375], [87.625, 20.125]]]}, "properties": {"time": "2021-05-26T00:00:00", "variable": "ws", "tier": "moderate", "percentile": 100.0, "z": 8.6, "wind_ms": 23.53, "value": 23.53, "lat": 20.25, "lon": 87.75}}, {"type": "Feature", "geometry": {"type": "Polygon", "coordinates": [[[87.875, 20.125], [88.125, 20.125], [88.125, 20.375], [87.875, 20.375], [87.875, 20.125]]]}, "properties": {"time": "2021-05-26T00:00:00", "variable": "ws", "tier": "moderate", "percentile": 100.0, "z": 8.32, "wind_ms": 23.11, "value": 23.11, "lat": 20.25, "lon": 88.0}}, {"type": "Feature", "geometry": {"type": "Polygon", "coordinates": [[[88.125, 20.125], [88.375, 20.125], [88.375, 20.375], [88.125, 20.375], [88.125, 20.125]]]}, "properties": {"time": "2021-05-26T00:00:00", "variable": "ws", "tier": "moderate", "percentile": 100.0, "z": 7.9, "wind_ms": 22.41, "value": 22.41, "lat": 20.25, "lon": 88.25}}, {"type": "Feature", "geometry": {"type": "Polygon", "coordinates": [[[88.375, 20.125], [88.625, 20.125], [88.625, 20.375], [88.375, 20.375], [88.375, 20.125]]]}, "properties": {"time": "2021-05-26T00:00:00", "variable": "ws", "tier": "moderate", "percentile": 100.0, "z": 7.34, "wind_ms": 21.56, "value": 21.56, "lat": 20.25, "lon": 88.5}}, {"type": "Feature", "geometry": {"type": "Polygon", "coordinates": [[[88.625, 20.125], [88.875, 20.125], [88.875, 20.375], [88.625, 20.375], [88.625, 20.125]]]}, "properties": {"time": "2021-05-26T00:00:00", "variable": "ws", "tier": "moderate", "percentile": 100.0, "z": 6.57, "wind_ms": 20.18, "value": 20.18, "lat": 20.25, "lon": 88.75}}, {"type": "Feature", "geometry": {"type": "Polygon", "coordinates": [[[88.875, 20.125], [89.125, 20.125], [89.125, 20.375], [88.875, 20.375], [88.875, 20.125]]]}, "properties": {"time": "2021-05-26T00:00:00", "variable": "ws", "tier": "moderate", "percentile": 99.1, "z": 6.25, "wind_ms": 19.57, "value": 19.57, "lat": 20.25, "lon": 89.0}}, {"type": "Feature", "geometry": {"type": "Polygon", "coordinates": [[[89.125, 20.125], [89.375, 20.125], [89.375, 20.375], [89.125, 20.375], [89.125, 20.125]]]}, "properties": {"time": "2021-05-26T00:00:00", "variable": "ws", "tier": "moderate", "percentile": 99.1, "z": 5.97, "wind_ms": 18.93, "value": 18.93, "lat": 20.25, "lon": 89.25}}, {"type": "Feature", "geometry": {"type": "Polygon", "coordinates": [[[89.375, 20.125], [89.625, 20.125], [89.625, 20.375], [89.375, 20.375], [89.375, 20.125]]]}, "properties": {"time": "2021-05-26T00:00:00", "variable": "ws", "tier": "moderate", "percentile": 99.1, "z": 5.66, "wind_ms": 18.24, "value": 18.24, "lat": 20.25, "lon": 89.5}}, {"type": "Feature", "geometry": {"type": "Polygon", "coordinates": [[[89.625, 20.125], [89.875, 20.125], [89.875, 20.375], [89.625, 20.375], [89.625, 20.125]]]}, "properties": {"time": "2021-05-26T00:00:00", "variable": "ws", "tier": "moderate", "percentile": 99.1, "z": 5.47, "wind_ms": 17.52, "value": 17.52, "lat": 20.25, "lon": 89.75}}, {"type": "Feature", "geometry": {"type": "Polygon", "coordinates": [[[89.875, 20.125], [90.125, 20.125], [90.125, 20.375], [89.875, 20.375], [89.875, 20.125]]]}, "properties": {"time": "2021-05-26T00:00:00", "variable": "ws", "tier": "moderate", "percentile": 99.1, "z": 5.59, "wind_ms": 17.18, "value": 17.18, "lat": 20.25, "lon": 90.0}}, {"type": "Feature", "geometry": {"type": "Polygon", "coordinates": [[[90.125, 20.125], [90.375, 20.125], [90.375, 20.375], [90.125, 20.375], [90.125, 20.125]]]}, "properties": {"time": "2021-05-26T00:00:00", "variable": "ws", "tier": "low", "percentile": 100.0, "z": 5.95, "wind_ms": 16.7, "value": 16.7, "lat": 20.25, "lon": 90.25}}, {"type": "Feature", "geometry": {"type": "Polygon", "coordinates": [[[90.375, 20.125], [90.625, 20.125], [90.625, 20.375], [90.375, 20.375], [90.375, 20.125]]]}, "properties": {"time": "2021-05-26T00:00:00", "variable": "ws", "tier": "low", "percentile": 100.0, "z": 6.05, "wind_ms": 16.3, "value": 16.3, "lat": 20.25, "lon": 90.5}}, {"type": "Feature", "geometry": {"type": "Polygon", "coordinates": [[[90.625, 20.125], [90.875, 20.125], [90.875, 20.375], [90.625, 20.375], [90.625, 20.125]]]}, "properties": {"time": "2021-05-26T00:00:00", "variable": "ws", "tier": "low", "percentile": 100.0, "z": 5.96, "wind_ms": 15.94, "value": 15.94, "lat": 20.25, "lon": 90.75}}, {"type": "Feature", "geometry": {"type": "Polygon", "coordinates": [[[90.875, 20.125], [91.125, 20.125], [91.125, 20.375], [90.875, 20.375], [90.875, 20.125]]]}, "properties": {"time": "2021-05-26T00:00:00", "variable": "ws", "tier": "low", "percentile": 100.0, "z": 5.75, "wind_ms": 15.54, "value": 15.54, "lat": 20.25, "lon": 91.0}}, {"type": "Feature", "geometry": {"type": "Polygon", "coordinates": [[[91.125, 20.125], [91.375, 20.125], [91.375, 20.375], [91.125, 20.375], [91.125, 20.125]]]}, "properties": {"time": "2021-05-26T00:00:00", "variable": "ws", "tier": "low", "percentile": 99.1, "z": 5.63, "wind_ms": 15.54, "value": 15.54, "lat": 20.25, "lon": 91.25}}, {"type": "Feature", "geometry": {"type": "Polygon", "coordinates": [[[91.375, 20.125], [91.625, 20.125], [91.625, 20.375], [91.375, 20.375], [91.375, 20.125]]]}, "properties": {"time": "2021-05-26T00:00:00", "variable": "ws", "tier": "low", "percentile": 100.0, "z": 5.91, "wind_ms": 15.76, "value": 15.76, "lat": 20.25, "lon": 91.5}}, {"type": "Feature", "geometry": {"type": "Polygon", "coordinates": [[[91.625, 20.125], [91.875, 20.125], [91.875, 20.375], [91.625, 20.375], [91.625, 20.125]]]}, "properties": {"time": "2021-05-26T00:00:00", "variable": "ws", "tier": "low", "percentile": 100.0, "z": 5.84, "wind_ms": 15.37, "value": 15.37, "lat": 20.25, "lon": 91.75}}, {"type": "Feature", "geometry": {"type": "Polygon", "coordinates": [[[85.625, 20.375], [85.875, 20.375], [85.875, 20.625], [85.625, 20.625], [85.625, 20.375]]]}, "properties": {"time": "2021-05-26T00:00:00", "variable": "ws", "tier": "low", "percentile": 100.0, "z": 6.44, "wind_ms": 8.83, "value": 8.83, "lat": 20.5, "lon": 85.75}}, {"type": "Feature", "geometry": {"type": "Polygon", "coordinates": [[[85.875, 20.375], [86.125, 20.375], [86.125, 20.625], [85.875, 20.625], [85.875, 20.375]]]}, "properties": {"time": "2021-05-26T00:00:00", "variable": "ws", "tier": "low", "percentile": 100.0, "z": 6.71, "wind_ms": 9.25, "value": 9.25, "lat": 20.5, "lon": 86.0}}, {"type": "Feature", "geometry": {"type": "Polygon", "coordinates": [[[86.125, 20.375], [86.375, 20.375], [86.375, 20.625], [86.125, 20.625], [86.125, 20.375]]]}, "properties": {"time": "2021-05-26T00:00:00", "variable": "ws", "tier": "low", "percentile": 100.0, "z": 7.34, "wind_ms": 10.03, "value": 10.03, "lat": 20.5, "lon": 86.25}}, {"type": "Feature", "geometry": {"type": "Polygon", "coordinates": [[[86.375, 20.375], [86.625, 20.375], [86.625, 20.625], [86.375, 20.625], [86.375, 20.375]]]}, "properties": {"time": "2021-05-26T00:00:00", "variable": "ws", "tier": "low", "percentile": 100.0, "z": 7.91, "wind_ms": 11.4, "value": 11.4, "lat": 20.5, "lon": 86.5}}, {"type": "Feature", "geometry": {"type": "Polygon", "coordinates": [[[86.625, 20.375], [86.875, 20.375], [86.875, 20.625], [86.625, 20.625], [86.625, 20.375]]]}, "properties": {"time": "2021-05-26T00:00:00", "variable": "ws", "tier": "low", "percentile": 100.0, "z": 7.74, "wind_ms": 12.3, "value": 12.3, "lat": 20.5, "lon": 86.75}}, {"type": "Feature", "geometry": {"type": "Polygon", "coordinates": [[[86.875, 20.375], [87.125, 20.375], [87.125, 20.625], [86.875, 20.625], [86.875, 20.375]]]}, "properties": {"time": "2021-05-26T00:00:00", "variable": "ws", "tier": "low", "percentile": 100.0, "z": 8.05, "wind_ms": 16.42, "value": 16.42, "lat": 20.5, "lon": 87.0}}, {"type": "Feature", "geometry": {"type": "Polygon", "coordinates": [[[87.125, 20.375], [87.375, 20.375], [87.375, 20.625], [87.125, 20.625], [87.125, 20.375]]]}, "properties": {"time": "2021-05-26T00:00:00", "variable": "ws", "tier": "moderate", "percentile": 100.0, "z": 7.01, "wind_ms": 18.85, "value": 18.85, "lat": 20.5, "lon": 87.25}}, {"type": "Feature", "geometry": {"type": "Polygon", "coordinates": [[[87.375, 20.375], [87.625, 20.375], [87.625, 20.625], [87.375, 20.625], [87.375, 20.375]]]}, "properties": {"time": "2021-05-26T00:00:00", "variable": "ws", "tier": "moderate", "percentile": 100.0, "z": 6.49, "wind_ms": 19.12, "value": 19.12, "lat": 20.5, "lon": 87.5}}, {"type": "Feature", "geometry": {"type": "Polygon", "coordinates": [[[87.625, 20.375], [87.875, 20.375], [87.875, 20.625], [87.625, 20.625], [87.625, 20.375]]]}, "properties": {"time": "2021-05-26T00:00:00", "variable": "ws", "tier": "moderate", "percentile": 100.0, "z": 7.55, "wind_ms": 21.73, "value": 21.73, "lat": 20.5, "lon": 87.75}}, {"type": "Feature", "geometry": {"type": "Polygon", "coordinates": [[[87.875, 20.375], [88.125, 20.375], [88.125, 20.625], [87.875, 20.625], [87.875, 20.375]]]}, "properties": {"time": "2021-05-26T00:00:00", "variable": "ws", "tier": "moderate", "percentile": 100.0, "z": 8.27, "wind_ms": 23.37, "value": 23.37, "lat": 20.5, "lon": 88.0}}, {"type": "Feature", "geometry": {"type": "Polygon", "coordinates": [[[88.125, 20.375], [88.375, 20.375], [88.375, 20.625], [88.125, 20.625], [88.125, 20.375]]]}, "properties": {"time": "2021-05-26T00:00:00", "variable": "ws", "tier": "moderate", "percentile": 100.0, "z": 8.15, "wind_ms": 23.19, "value": 23.19, "lat": 20.5, "lon": 88.25}}, {"type": "Feature", "geometry": {"type": "Polygon", "coordinates": [[[88.375, 20.375], [88.625, 20.375], [88.625, 20.625], [88.375, 20.625], [88.375, 20.375]]]}, "properties": {"time": "2021-05-26T00:00:00", "variable": "ws", "tier": "moderate", "percentile": 100.0, "z": 7.66, "wind_ms": 22.22, "value": 22.22, "lat": 20.5, "lon": 88.5}}, {"type": "Feature", "geometry": {"type": "Polygon", "coordinates": [[[88.625, 20.375], [88.875, 20.375], [88.875, 20.625], [88.625, 20.625], [88.625, 20.375]]]}, "properties": {"time": "2021-05-26T00:00:00", "variable": "ws", "tier": "moderate", "percentile": 100.0, "z": 7.13, "wind_ms": 21.04, "value": 21.04, "lat": 20.5, "lon": 88.75}}, {"type": "Feature", "geometry": {"type": "Polygon", "coordinates": [[[88.875, 20.375], [89.125, 20.375], [89.125, 20.625], [88.875, 20.625], [88.875, 20.375]]]}, "properties": {"time": "2021-05-26T00:00:00", "variable": "ws", "tier": "moderate", "percentile": 100.0, "z": 6.49, "wind_ms": 19.73, "value": 19.73, "lat": 20.5, "lon": 89.0}}, {"type": "Feature", "geometry": {"type": "Polygon", "coordinates": [[[89.125, 20.375], [89.375, 20.375], [89.375, 20.625], [89.125, 20.625], [89.125, 20.375]]]}, "properties": {"time": "2021-05-26T00:00:00", "variable": "ws", "tier": "moderate", "percentile": 99.1, "z": 6.21, "wind_ms": 19.09, "value": 19.09, "lat": 20.5, "lon": 89.25}}, {"type": "Feature", "geometry": {"type": "Polygon", "coordinates": [[[89.375, 20.375], [89.625, 20.375], [89.625, 20.625], [89.375, 20.625], [89.375, 20.375]]]}, "properties": {"time": "2021-05-26T00:00:00", "variable": "ws", "tier": "moderate", "percentile": 99.1, "z": 5.96, "wind_ms": 18.42, "value": 18.42, "lat": 20.5, "lon": 89.5}}, {"type": "Feature", "geometry": {"type": "Polygon", "coordinates": [[[89.625, 20.375], [89.875, 20.375], [89.875, 20.625], [89.625, 20.625], [89.625, 20.375]]]}, "properties": {"time": "2021-05-26T00:00:00", "variable": "ws", "tier": "moderate", "percentile": 99.1, "z": 5.77, "wind_ms": 17.71, "value": 17.71, "lat": 20.5, "lon": 89.75}}, {"type": "Feature", "geometry": {"type": "Polygon", "coordinates": [[[89.875, 20.375], [90.125, 20.375], [90.125, 20.625], [89.875, 20.625], [89.875, 20.375]]]}, "properties": {"time": "2021-05-26T00:00:00", "variable": "ws", "tier": "moderate", "percentile": 99.1, "z": 5.87, "wind_ms": 17.34, "value": 17.34, "lat": 20.5, "lon": 90.0}}, {"type": "Feature", "geometry": {"type": "Polygon", "coordinates": [[[90.125, 20.375], [90.375, 20.375], [90.375, 20.625], [90.125, 20.625], [90.125, 20.375]]]}, "properties": {"time": "2021-05-26T00:00:00", "variable": "ws", "tier": "low", "percentile": 100.0, "z": 5.77, "wind_ms": 16.31, "value": 16.31, "lat": 20.5, "lon": 90.25}}, {"type": "Feature", "geometry": {"type": "Polygon", "coordinates": [[[90.375, 20.375], [90.625, 20.375], [90.625, 20.625], [90.375, 20.625], [90.375, 20.375]]]}, "properties": {"time": "2021-05-26T00:00:00", "variable": "ws", "tier": "low", "percentile": 100.0, "z": 5.89, "wind_ms": 16.06, "value": 16.06, "lat": 20.5, "lon": 90.5}}, {"type": "Feature", "geometry": {"type": "Polygon", "coordinates": [[[90.625, 20.375], [90.875, 20.375], [90.875, 20.625], [90.625, 20.625], [90.625, 20.375]]]}, "properties": {"time": "2021-05-26T00:00:00", "variable": "ws", "tier": "low", "percentile": 100.0, "z": 5.99, "wind_ms": 16.07, "value": 16.07, "lat": 20.5, "lon": 90.75}}, {"type": "Feature", "geometry": {"type": "Polygon", "coordinates": [[[90.875, 20.375], [91.125, 20.375], [91.125, 20.625], [90.875, 20.625], [90.875, 20.375]]]}, "properties": {"time": "2021-05-26T00:00:00", "variable": "ws", "tier": "low", "percentile": 100.0, "z": 5.68, "wind_ms": 15.69, "value": 15.69, "lat": 20.5, "lon": 91.0}}, {"type": "Feature", "geometry": {"type": "Polygon", "coordinates": [[[91.125, 20.375], [91.375, 20.375], [91.375, 20.625], [91.125, 20.625], [91.125, 20.375]]]}, "properties": {"time": "2021-05-26T00:00:00", "variable": "ws", "tier": "low", "percentile": 99.1, "z": 5.64, "wind_ms": 15.47, "value": 15.47, "lat": 20.5, "lon": 91.25}}, {"type": "Feature", "geometry": {"type": "Polygon", "coordinates": [[[91.375, 20.375], [91.625, 20.375], [91.625, 20.625], [91.375, 20.625], [91.375, 20.375]]]}, "properties": {"time": "2021-05-26T00:00:00", "variable": "ws", "tier": "low", "percentile": 100.0, "z": 5.85, "wind_ms": 15.72, "value": 15.72, "lat": 20.5, "lon": 91.5}}, {"type": "Feature", "geometry": {"type": "Polygon", "coordinates": [[[91.625, 20.375], [91.875, 20.375], [91.875, 20.625], [91.625, 20.625], [91.625, 20.375]]]}, "properties": {"time": "2021-05-26T00:00:00", "variable": "ws", "tier": "low", "percentile": 100.0, "z": 5.89, "wind_ms": 15.32, "value": 15.32, "lat": 20.5, "lon": 91.75}}, {"type": "Feature", "geometry": {"type": "Polygon", "coordinates": [[[85.875, 20.625], [86.125, 20.625], [86.125, 20.875], [85.875, 20.875], [85.875, 20.625]]]}, "properties": {"time": "2021-05-26T00:00:00", "variable": "ws", "tier": "low", "percentile": 100.0, "z": 7.44, "wind_ms": 9.51, "value": 9.51, "lat": 20.75, "lon": 86.0}}, {"type": "Feature", "geometry": {"type": "Polygon", "coordinates": [[[86.125, 20.625], [86.375, 20.625], [86.375, 20.875], [86.125, 20.875], [86.125, 20.625]]]}, "properties": {"time": "2021-05-26T00:00:00", "variable": "ws", "tier": "low", "percentile": 100.0, "z": 8.07, "wind_ms": 10.41, "value": 10.41, "lat": 20.75, "lon": 86.25}}, {"type": "Feature", "geometry": {"type": "Polygon", "coordinates": [[[86.375, 20.625], [86.625, 20.625], [86.625, 20.875], [86.375, 20.875], [86.375, 20.625]]]}, "properties": {"time": "2021-05-26T00:00:00", "variable": "ws", "tier": "low", "percentile": 100.0, "z": 8.2, "wind_ms": 10.8, "value": 10.8, "lat": 20.75, "lon": 86.5}}, {"type": "Feature", "geometry": {"type": "Polygon", "coordinates": [[[86.625, 20.625], [86.875, 20.625], [86.875, 20.875], [86.625, 20.875], [86.625, 20.625]]]}, "properties": {"time": "2021-05-26T00:00:00", "variable": "ws", "tier": "low", "percentile": 100.0, "z": 9.31, "wind_ms": 12.63, "value": 12.63, "lat": 20.75, "lon": 86.75}}, {"type": "Feature", "geometry": {"type": "Polygon", "coordinates": [[[86.875, 20.625], [87.125, 20.625], [87.125, 20.875], [86.875, 20.875], [86.875, 20.625]]]}, "properties": {"time": "2021-05-26T00:00:00", "variable": "ws", "tier": "low", "percentile": 100.0, "z": 8.51, "wind_ms": 15.36, "value": 15.36, "lat": 20.75, "lon": 87.0}}, {"type": "Feature", "geometry": {"type": "Polygon", "coordinates": [[[87.125, 20.625], [87.375, 20.625], [87.375, 20.875], [87.125, 20.875], [87.125, 20.625]]]}, "properties": {"time": "2021-05-26T00:00:00", "variable": "ws", "tier": "low", "percentile": 100.0, "z": 4.53, "wind_ms": 13.42, "value": 13.42, "lat": 20.75, "lon": 87.25}}, {"type": "Feature", "geometry": {"type": "Polygon", "coordinates": [[[87.375, 20.625], [87.625, 20.625], [87.625, 20.875], [87.375, 20.875], [87.375, 20.625]]]}, "properties": {"time": "2021-05-26T00:00:00", "variable": "ws", "tier": "low", "percentile": 94.8, "z": 1.63, "wind_ms": 9.88, "value": 9.88, "lat": 20.75, "lon": 87.5}}, {"type": "Feature", "geometry": {"type": "Polygon", "coordinates": [[[87.625, 20.625], [87.875, 20.625], [87.875, 20.875], [87.625, 20.875], [87.625, 20.625]]]}, "properties": {"time": "2021-05-26T00:00:00", "variable": "ws", "tier": "low", "percentile": 100.0, "z": 4.83, "wind_ms": 16.58, "value": 16.58, "lat": 20.75, "lon": 87.75}}, {"type": "Feature", "geometry": {"type": "Polygon", "coordinates": [[[87.875, 20.625], [88.125, 20.625], [88.125, 20.875], [87.875, 20.875], [87.875, 20.625]]]}, "properties": {"time": "2021-05-26T00:00:00", "variable": "ws", "tier": "moderate", "percentile": 100.0, "z": 7.22, "wind_ms": 21.53, "value": 21.53, "lat": 20.75, "lon": 88.0}}, {"type": "Feature", "geometry": {"type": "Polygon", "coordinates": [[[88.125, 20.625], [88.375, 20.625], [88.375, 20.875], [88.125, 20.875], [88.125, 20.625]]]}, "properties": {"time": "2021-05-26T00:00:00", "variable": "ws", "tier": "moderate", "percentile": 100.0, "z": 8.11, "wind_ms": 23.03, "value": 23.03, "lat": 20.75, "lon": 88.25}}, {"type": "Feature", "geometry": {"type": "Polygon", "coordinates": [[[88.375, 20.625], [88.625, 20.625], [88.625, 20.875], [88.375, 20.875], [88.375, 20.625]]]}, "properties": {"time": "2021-05-26T00:00:00", "variable": "ws", "tier": "moderate", "percentile": 100.0, "z": 7.87, "wind_ms": 22.53, "value": 22.53, "lat": 20.75, "lon": 88.5}}, {"type": "Feature", "geometry": {"type": "Polygon", "coordinates": [[[88.625, 20.625], [88.875, 20.625], [88.875, 20.875], [88.625, 20.875], [88.625, 20.625]]]}, "properties": {"time": "2021-05-26T00:00:00", "variable": "ws", "tier": "moderate", "percentile": 100.0, "z": 7.37, "wind_ms": 21.28, "value": 21.28, "lat": 20.75, "lon": 88.75}}, {"type": "Feature", "geometry": {"type": "Polygon", "coordinates": [[[88.875, 20.625], [89.125, 20.625], [89.125, 20.875], [88.875, 20.875], [88.875, 20.625]]]}, "properties": {"time": "2021-05-26T00:00:00", "variable": "ws", "tier": "moderate", "percentile": 100.0, "z": 6.96, "wind_ms": 19.85, "value": 19.85, "lat": 20.75, "lon": 89.0}}, {"type": "Feature", "geometry": {"type": "Polygon", "coordinates": [[[89.125, 20.625], [89.375, 20.625], [89.375, 20.875], [89.125, 20.875], [89.125, 20.625]]]}, "properties": {"time": "2021-05-26T00:00:00", "variable": "ws", "tier": "moderate", "percentile": 100.0, "z": 6.57, "wind_ms": 18.91, "value": 18.91, "lat": 20.75, "lon": 89.25}}, {"type": "Feature", "geometry": {"type": "Polygon", "coordinates": [[[89.375, 20.625], [89.625, 20.625], [89.625, 20.875], [89.375, 20.875], [89.375, 20.625]]]}, "properties": {"time": "2021-05-26T00:00:00", "variable": "ws", "tier": "moderate", "percentile": 100.0, "z": 6.18, "wind_ms": 18.34, "value": 18.34, "lat": 20.75, "lon": 89.5}}, {"type": "Feature", "geometry": {"type": "Polygon", "coordinates": [[[89.625, 20.625], [89.875, 20.625], [89.875, 20.875], [89.625, 20.875], [89.625, 20.625]]]}, "properties": {"time": "2021-05-26T00:00:00", "variable": "ws", "tier": "moderate", "percentile": 99.1, "z": 5.83, "wind_ms": 17.57, "value": 17.57, "lat": 20.75, "lon": 89.75}}, {"type": "Feature", "geometry": {"type": "Polygon", "coordinates": [[[89.875, 20.625], [90.125, 20.625], [90.125, 20.875], [89.875, 20.875], [89.875, 20.625]]]}, "properties": {"time": "2021-05-26T00:00:00", "variable": "ws", "tier": "moderate", "percentile": 100.0, "z": 5.96, "wind_ms": 17.22, "value": 17.22, "lat": 20.75, "lon": 90.0}}, {"type": "Feature", "geometry": {"type": "Polygon", "coordinates": [[[90.125, 20.625], [90.375, 20.625], [90.375, 20.875], [90.125, 20.875], [90.125, 20.625]]]}, "properties": {"time": "2021-05-26T00:00:00", "variable": "ws", "tier": "low", "percentile": 100.0, "z": 5.75, "wind_ms": 16.36, "value": 16.36, "lat": 20.75, "lon": 90.25}}, {"type": "Feature", "geometry": {"type": "Polygon", "coordinates": [[[90.375, 20.625], [90.625, 20.625], [90.625, 20.875], [90.375, 20.875], [90.375, 20.625]]]}, "properties": {"time": "2021-05-26T00:00:00", "variable": "ws", "tier": "low", "percentile": 100.0, "z": 5.85, "wind_ms": 16.32, "value": 16.32, "lat": 20.75, "lon": 90.5}}, {"type": "Feature", "geometry": {"type": "Polygon", "coordinates": [[[90.625, 20.625], [90.875, 20.625], [90.875, 20.875], [90.625, 20.875], [90.625, 20.625]]]}, "properties": {"time": "2021-05-26T00:00:00", "variable": "ws", "tier": "low", "percentile": 100.0, "z": 5.97, "wind_ms": 16.49, "value": 16.49, "lat": 20.75, "lon": 90.75}}, {"type": "Feature", "geometry": {"type": "Polygon", "coordinates": [[[90.875, 20.625], [91.125, 20.625], [91.125, 20.875], [90.875, 20.875], [90.875, 20.625]]]}, "properties": {"time": "2021-05-26T00:00:00", "variable": "ws", "tier": "low", "percentile": 100.0, "z": 5.76, "wind_ms": 16.07, "value": 16.07, "lat": 20.75, "lon": 91.0}}, {"type": "Feature", "geometry": {"type": "Polygon", "coordinates": [[[91.125, 20.625], [91.375, 20.625], [91.375, 20.875], [91.125, 20.875], [91.125, 20.625]]]}, "properties": {"time": "2021-05-26T00:00:00", "variable": "ws", "tier": "low", "percentile": 99.1, "z": 5.62, "wind_ms": 15.72, "value": 15.72, "lat": 20.75, "lon": 91.25}}, {"type": "Feature", "geometry": {"type": "Polygon", "coordinates": [[[91.375, 20.625], [91.625, 20.625], [91.625, 20.875], [91.375, 20.875], [91.375, 20.625]]]}, "properties": {"time": "2021-05-26T00:00:00", "variable": "ws", "tier": "low", "percentile": 99.1, "z": 5.74, "wind_ms": 15.49, "value": 15.49, "lat": 20.75, "lon": 91.5}}, {"type": "Feature", "geometry": {"type": "Polygon", "coordinates": [[[91.625, 20.625], [91.875, 20.625], [91.875, 20.875], [91.625, 20.875], [91.625, 20.625]]]}, "properties": {"time": "2021-05-26T00:00:00", "variable": "ws", "tier": "low", "percentile": 100.0, "z": 5.73, "wind_ms": 15.17, "value": 15.17, "lat": 20.75, "lon": 91.75}}, {"type": "Feature", "geometry": {"type": "Polygon", "coordinates": [[[85.875, 20.875], [86.125, 20.875], [86.125, 21.125], [85.875, 21.125], [85.875, 20.875]]]}, "properties": {"time": "2021-05-26T00:00:00", "variable": "ws", "tier": "low", "percentile": 100.0, "z": 7.73, "wind_ms": 9.37, "value": 9.37, "lat": 21.0, "lon": 86.0}}, {"type": "Feature", "geometry": {"type": "Polygon", "coordinates": [[[86.125, 20.875], [86.375, 20.875], [86.375, 21.125], [86.125, 21.125], [86.125, 20.875]]]}, "properties": {"time": "2021-05-26T00:00:00", "variable": "ws", "tier": "low", "percentile": 100.0, "z": 8.44, "wind_ms": 10.43, "value": 10.43, "lat": 21.0, "lon": 86.25}}, {"type": "Feature", "geometry": {"type": "Polygon", "coordinates": [[[86.375, 20.875], [86.625, 20.875], [86.625, 21.125], [86.375, 21.125], [86.375, 20.875]]]}, "properties": {"time": "2021-05-26T00:00:00", "variable": "ws", "tier": "low", "percentile": 100.0, "z": 9.04, "wind_ms": 11.48, "value": 11.48, "lat": 21.0, "lon": 86.5}}, {"type": "Feature", "geometry": {"type": "Polygon", "coordinates": [[[86.625, 20.875], [86.875, 20.875], [86.875, 21.125], [86.625, 21.125], [86.625, 20.875]]]}, "properties": {"time": "2021-05-26T00:00:00", "variable": "ws", "tier": "low", "percentile": 100.0, "z": 11.23, "wind_ms": 15.1, "value": 15.1, "lat": 21.0, "lon": 86.75}}, {"type": "Feature", "geometry": {"type": "Polygon", "coordinates": [[[86.875, 20.875], [87.125, 20.875], [87.125, 21.125], [86.875, 21.125], [86.875, 20.875]]]}, "properties": {"time": "2021-05-26T00:00:00", "variable": "ws", "tier": "moderate", "percentile": 100.0, "z": 10.22, "wind_ms": 18.56, "value": 18.56, "lat": 21.0, "lon": 87.0}}, {"type": "Feature", "geometry": {"type": "Polygon", "coordinates": [[[87.125, 20.875], [87.375, 20.875], [87.375, 21.125], [87.125, 21.125], [87.125, 20.875]]]}, "properties": {"time": "2021-05-26T00:00:00", "variable": "ws", "tier": "low", "percentile": 100.0, "z": 3.91, "wind_ms": 12.6, "value": 12.6, "lat": 21.0, "lon": 87.25}}, {"type": "Feature", "geometry": {"type": "Polygon", "coordinates": [[[87.625, 20.875], [87.875, 20.875], [87.875, 21.125], [87.625, 21.125], [87.625, 20.875]]]}, "properties": {"time": "2021-05-26T00:00:00", "variable": "ws", "tier": "low", "percentile": 100.0, "z": 3.49, "wind_ms": 13.88, "value": 13.88, "lat": 21.0, "lon": 87.75}}, {"type": "Feature", "geometry": {"type": "Polygon", "coordinates": [[[87.875, 20.875], [88.125, 20.875], [88.125, 21.125], [87.875, 21.125], [87.875, 20.875]]]}, "properties": {"time": "2021-05-26T00:00:00", "variable": "ws", "tier": "moderate", "percentile": 100.0, "z": 6.3, "wind_ms": 19.83, "value": 19.83, "lat": 21.0, "lon": 88.0}}, {"type": "Feature", "geometry": {"type": "Polygon", "coordinates": [[[88.125, 20.875], [88.375, 20.875], [88.375, 21.125], [88.125, 21.125], [88.125, 20.875]]]}, "properties": {"time": "2021-05-26T00:00:00", "variable": "ws", "tier": "moderate", "percentile": 100.0, "z": 7.43, "wind_ms": 22.07, "value": 22.07, "lat": 21.0, "lon": 88.25}}, {"type": "Feature", "geometry": {"type": "Polygon", "coordinates": [[[88.375, 20.875], [88.625, 20.875], [88.625, 21.125], [88.375, 21.125], [88.375, 20.875]]]}, "properties": {"time": "2021-05-26T00:00:00", "variable": "ws", "tier": "moderate", "percentile": 100.0, "z": 7.55, "wind_ms": 22.29, "value": 22.29, "lat": 21.0, "lon": 88.5}}, {"type": "Feature", "geometry": {"type": "Polygon", "coordinates": [[[88.625, 20.875], [88.875, 20.875], [88.875, 21.125], [88.625, 21.125], [88.625, 20.875]]]}, "properties": {"time": "2021-05-26T00:00:00", "variable": "ws", "tier": "moderate", "percentile": 100.0, "z": 7.46, "wind_ms": 21.04, "value": 21.04, "lat": 21.0, "lon": 88.75}}, {"type": "Feature", "geometry": {"type": "Polygon", "coordinates": [[[88.875, 20.875], [89.125, 20.875], [89.125, 21.125], [88.875, 21.125], [88.875, 20.875]]]}, "properties": {"time": "2021-05-26T00:00:00", "variable": "ws", "tier": "moderate", "percentile": 100.0, "z": 7.29, "wind_ms": 19.65, "value": 19.65, "lat": 21.0, "lon": 89.0}}, {"type": "Feature", "geometry": {"type": "Polygon", "coordinates": [[[89.125, 20.875], [89.375, 20.875], [89.375, 21.125], [89.125, 21.125], [89.125, 20.875]]]}, "properties": {"time": "2021-05-26T00:00:00", "variable": "ws", "tier": "moderate", "percentile": 100.0, "z": 6.69, "wind_ms": 18.57, "value": 18.57, "lat": 21.0, "lon": 89.25}}, {"type": "Feature", "geometry": {"type": "Polygon", "coordinates": [[[89.375, 20.875], [89.625, 20.875], [89.625, 21.125], [89.375, 21.125], [89.375, 20.875]]]}, "properties": {"time": "2021-05-26T00:00:00", "variable": "ws", "tier": "moderate", "percentile": 100.0, "z": 6.11, "wind_ms": 17.84, "value": 17.84, "lat": 21.0, "lon": 89.5}}, {"type": "Feature", "geometry": {"type": "Polygon", "coordinates": [[[89.625, 20.875], [89.875, 20.875], [89.875, 21.125], [89.625, 21.125], [89.625, 20.875]]]}, "properties": {"time": "2021-05-26T00:00:00", "variable": "ws", "tier": "moderate", "percentile": 100.0, "z": 5.58, "wind_ms": 17.05, "value": 17.05, "lat": 21.0, "lon": 89.75}}, {"type": "Feature", "geometry": {"type": "Polygon", "coordinates": [[[89.875, 20.875], [90.125, 20.875], [90.125, 21.125], [89.875, 21.125], [89.875, 20.875]]]}, "properties": {"time": "2021-05-26T00:00:00", "variable": "ws", "tier": "low", "percentile": 100.0, "z": 5.7, "wind_ms": 16.74, "value": 16.74, "lat": 21.0, "lon": 90.0}}, {"type": "Feature", "geometry": {"type": "Polygon", "coordinates": [[[90.125, 20.875], [90.375, 20.875], [90.375, 21.125], [90.125, 21.125], [90.125, 20.875]]]}, "properties": {"time": "2021-05-26T00:00:00", "variable": "ws", "tier": "low", "percentile": 100.0, "z": 5.82, "wind_ms": 16.73, "value": 16.73, "lat": 21.0, "lon": 90.25}}, {"type": "Feature", "geometry": {"type": "Polygon", "coordinates": [[[90.375, 20.875], [90.625, 20.875], [90.625, 21.125], [90.375, 21.125], [90.375, 20.875]]]}, "properties": {"time": "2021-05-26T00:00:00", "variable": "ws", "tier": "low", "percentile": 100.0, "z": 5.92, "wind_ms": 16.87, "value": 16.87, "lat": 21.0, "lon": 90.5}}, {"type": "Feature", "geometry": {"type": "Polygon", "coordinates": [[[90.625, 20.875], [90.875, 20.875], [90.875, 21.125], [90.625, 21.125], [90.625, 20.875]]]}, "properties": {"time": "2021-05-26T00:00:00", "variable": "ws", "tier": "moderate", "percentile": 100.0, "z": 6.03, "wind_ms": 17.01, "value": 17.01, "lat": 21.0, "lon": 90.75}}, {"type": "Feature", "geometry": {"type": "Polygon", "coordinates": [[[90.875, 20.875], [91.125, 20.875], [91.125, 21.125], [90.875, 21.125], [90.875, 20.875]]]}, "properties": {"time": "2021-05-26T00:00:00", "variable": "ws", "tier": "low", "percentile": 99.1, "z": 5.88, "wind_ms": 16.56, "value": 16.56, "lat": 21.0, "lon": 91.0}}, {"type": "Feature", "geometry": {"type": "Polygon", "coordinates": [[[91.125, 20.875], [91.375, 20.875], [91.375, 21.125], [91.125, 21.125], [91.125, 20.875]]]}, "properties": {"time": "2021-05-26T00:00:00", "variable": "ws", "tier": "low", "percentile": 99.1, "z": 5.58, "wind_ms": 15.9, "value": 15.9, "lat": 21.0, "lon": 91.25}}, {"type": "Feature", "geometry": {"type": "Polygon", "coordinates": [[[91.375, 20.875], [91.625, 20.875], [91.625, 21.125], [91.375, 21.125], [91.375, 20.875]]]}, "properties": {"time": "2021-05-26T00:00:00", "variable": "ws", "tier": "low", "percentile": 99.1, "z": 5.67, "wind_ms": 15.53, "value": 15.53, "lat": 21.0, "lon": 91.5}}, {"type": "Feature", "geometry": {"type": "Polygon", "coordinates": [[[91.625, 20.875], [91.875, 20.875], [91.875, 21.125], [91.625, 21.125], [91.625, 20.875]]]}, "properties": {"time": "2021-05-26T00:00:00", "variable": "ws", "tier": "low", "percentile": 100.0, "z": 5.53, "wind_ms": 15.54, "value": 15.54, "lat": 21.0, "lon": 91.75}}, {"type": "Feature", "geometry": {"type": "Polygon", "coordinates": [[[85.875, 21.125], [86.125, 21.125], [86.125, 21.375], [85.875, 21.375], [85.875, 21.125]]]}, "properties": {"time": "2021-05-26T00:00:00", "variable": "ws", "tier": "low", "percentile": 100.0, "z": 8.3, "wind_ms": 9.76, "value": 9.76, "lat": 21.25, "lon": 86.0}}, {"type": "Feature", "geometry": {"type": "Polygon", "coordinates": [[[86.125, 21.125], [86.375, 21.125], [86.375, 21.375], [86.125, 21.375], [86.125, 21.125]]]}, "properties": {"time": "2021-05-26T00:00:00", "variable": "ws", "tier": "low", "percentile": 100.0, "z": 8.5, "wind_ms": 10.18, "value": 10.18, "lat": 21.25, "lon": 86.25}}, {"type": "Feature", "geometry": {"type": "Polygon", "coordinates": [[[86.375, 21.125], [86.625, 21.125], [86.625, 21.375], [86.375, 21.375], [86.375, 21.125]]]}, "properties": {"time": "2021-05-26T00:00:00", "variable": "ws", "tier": "low", "percentile": 100.0, "z": 8.97, "wind_ms": 11.14, "value": 11.14, "lat": 21.25, "lon": 86.5}}, {"type": "Feature", "geometry": {"type": "Polygon", "coordinates": [[[86.625, 21.125], [86.875, 21.125], [86.875, 21.375], [86.625, 21.375], [86.625, 21.125]]]}, "properties": {"time": "2021-05-26T00:00:00", "variable": "ws", "tier": "low", "percentile": 100.0, "z": 11.21, "wind_ms": 15.03, "value": 15.03, "lat": 21.25, "lon": 86.75}}, {"type": "Feature", "geometry": {"type": "Polygon", "coordinates": [[[86.875, 21.125], [87.125, 21.125], [87.125, 21.375], [86.875, 21.375], [86.875, 21.125]]]}, "properties": {"time": "2021-05-26T00:00:00", "variable": "ws", "tier": "moderate", "percentile": 100.0, "z": 9.3, "wind_ms": 18.48, "value": 18.48, "lat": 21.25, "lon": 87.0}}, {"type": "Feature", "geometry": {"type": "Polygon", "coordinates": [[[87.125, 21.125], [87.375, 21.125], [87.375, 21.375], [87.125, 21.375], [87.125, 21.125]]]}, "properties": {"time": "2021-05-26T00:00:00", "variable": "ws", "tier": "low", "percentile": 100.0, "z": 4.78, "wind_ms": 14.92, "value": 14.92, "lat": 21.25, "lon": 87.25}}, {"type": "Feature", "geometry": {"type": "Polygon", "coordinates": [[[87.375, 21.125], [87.625, 21.125], [87.625, 21.375], [87.375, 21.375], [87.375, 21.125]]]}, "properties": {"time": "2021-05-26T00:00:00", "variable": "ws", "tier": "low", "percentile": 100.0, "z": 3.02, "wind_ms": 12.77, "value": 12.77, "lat": 21.25, "lon": 87.5}}, {"type": "Feature", "geometry": {"type": "Polygon", "coordinates": [[[87.625, 21.125], [87.875, 21.125], [87.875, 21.375], [87.625, 21.375], [87.625, 21.125]]]}, "properties": {"time": "2021-05-26T00:00:00", "variable": "ws", "tier": "low", "percentile": 100.0, "z": 4.71, "wind_ms": 16.35, "value": 16.35, "lat": 21.25, "lon": 87.75}}, {"type": "Feature", "geometry": {"type": "Polygon", "coordinates": [[[87.875, 21.125], [88.125, 21.125], [88.125, 21.375], [87.875, 21.375], [87.875, 21.125]]]}, "properties": {"time": "2021-05-26T00:00:00", "variable": "ws", "tier": "moderate", "percentile": 100.0, "z": 6.06, "wind_ms": 19.72, "value": 19.72, "lat": 21.25, "lon": 88.0}}, {"type": "Feature", "geometry": {"type": "Polygon", "coordinates": [[[88.125, 21.125], [88.375, 21.125], [88.375, 21.375], [88.125, 21.375], [88.125, 21.125]]]}, "properties": {"time": "2021-05-26T00:00:00", "variable": "ws", "tier": "moderate", "percentile": 100.0, "z": 7.12, "wind_ms": 21.57, "value": 21.57, "lat": 21.25, "lon": 88.25}}, {"type": "Feature", "geometry": {"type": "Polygon", "coordinates": [[[88.375, 21.125], [88.625, 21.125], [88.625, 21.375], [88.375, 21.375], [88.375, 21.125]]]}, "properties": {"time": "2021-05-26T00:00:00", "variable": "ws", "tier": "moderate", "percentile": 100.0, "z": 7.08, "wind_ms": 21.56, "value": 21.56, "lat": 21.25, "lon": 88.5}}, {"type": "Feature", "geometry": {"type": "Polygon", "coordinates": [[[88.625, 21.125], [88.875, 21.125], [88.875, 21.375], [88.625, 21.375], [88.625, 21.125]]]}, "properties": {"time": "2021-05-26T00:00:00", "variable": "ws", "tier": "moderate", "percentile": 100.0, "z": 7.27, "wind_ms": 20.8, "value": 20.8, "lat": 21.25, "lon": 88.75}}, {"type": "Feature", "geometry": {"type": "Polygon", "coordinates": [[[88.875, 21.125], [89.125, 21.125], [89.125, 21.375], [88.875, 21.375], [88.875, 21.125]]]}, "properties": {"time": "2021-05-26T00:00:00", "variable": "ws", "tier": "moderate", "percentile": 100.0, "z": 6.71, "wind_ms": 19.5, "value": 19.5, "lat": 21.25, "lon": 89.0}}, {"type": "Feature", "geometry": {"type": "Polygon", "coordinates": [[[89.125, 21.125], [89.375, 21.125], [89.375, 21.375], [89.125, 21.375], [89.125, 21.125]]]}, "properties": {"time": "2021-05-26T00:00:00", "variable": "ws", "tier": "moderate", "percentile": 100.0, "z": 5.95, "wind_ms": 18.12, "value": 18.12, "lat": 21.25, "lon": 89.25}}, {"type": "Feature", "geometry": {"type": "Polygon", "coordinates": [[[89.375, 21.125], [89.625, 21.125], [89.625, 21.375], [89.375, 21.375], [89.375, 21.125]]]}, "properties": {"time": "2021-05-26T00:00:00", "variable": "ws", "tier": "low", "percentile": 100.0, "z": 5.29, "wind_ms": 16.57, "value": 16.57, "lat": 21.25, "lon": 89.5}}, {"type": "Feature", "geometry": {"type": "Polygon", "coordinates": [[[89.625, 21.125], [89.875, 21.125], [89.875, 21.375], [89.625, 21.375], [89.625, 21.125]]]}, "properties": {"time": "2021-05-26T00:00:00", "variable": "ws", "tier": "low", "percentile": 100.0, "z": 5.06, "wind_ms": 15.93, "value": 15.93, "lat": 21.25, "lon": 89.75}}, {"type": "Feature", "geometry": {"type": "Polygon", "coordinates": [[[89.875, 21.125], [90.125, 21.125], [90.125, 21.375], [89.875, 21.375], [89.875, 21.125]]]}, "properties": {"time": "2021-05-26T00:00:00", "variable": "ws", "tier": "low", "percentile": 100.0, "z": 5.54, "wind_ms": 16.73, "value": 16.73, "lat": 21.25, "lon": 90.0}}, {"type": "Feature", "geometry": {"type": "Polygon", "coordinates": [[[90.125, 21.125], [90.375, 21.125], [90.375, 21.375], [90.125, 21.375], [90.125, 21.125]]]}, "properties": {"time": "2021-05-26T00:00:00", "variable": "ws", "tier": "moderate", "percentile": 100.0, "z": 5.87, "wind_ms": 17.04, "value": 17.04, "lat": 21.25, "lon": 90.25}}, {"type": "Feature", "geometry": {"type": "Polygon", "coordinates": [[[90.375, 21.125], [90.625, 21.125], [90.625, 21.375], [90.375, 21.375], [90.375, 21.125]]]}, "properties": {"time": "2021-05-26T00:00:00", "variable": "ws", "tier": "moderate", "percentile": 100.0, "z": 6.04, "wind_ms": 17.17, "value": 17.17, "lat": 21.25, "lon": 90.5}}, {"type": "Feature", "geometry": {"type": "Polygon", "coordinates": [[[90.625, 21.125], [90.875, 21.125], [90.875, 21.375], [90.625, 21.375], [90.625, 21.125]]]}, "properties": {"time": "2021-05-26T00:00:00", "variable": "ws", "tier": "moderate", "percentile": 100.0, "z": 6.14, "wind_ms": 17.25, "value": 17.25, "lat": 21.25, "lon": 90.75}}, {"type": "Feature", "geometry": {"type": "Polygon", "coordinates": [[[90.875, 21.125], [91.125, 21.125], [91.125, 21.375], [90.875, 21.375], [90.875, 21.125]]]}, "properties": {"time": "2021-05-26T00:00:00", "variable": "ws", "tier": "low", "percentile": 99.1, "z": 5.98, "wind_ms": 16.88, "value": 16.88, "lat": 21.25, "lon": 91.0}}, {"type": "Feature", "geometry": {"type": "Polygon", "coordinates": [[[91.125, 21.125], [91.375, 21.125], [91.375, 21.375], [91.125, 21.375], [91.125, 21.125]]]}, "properties": {"time": "2021-05-26T00:00:00", "variable": "ws", "tier": "low", "percentile": 99.1, "z": 5.65, "wind_ms": 15.99, "value": 15.99, "lat": 21.25, "lon": 91.25}}, {"type": "Feature", "geometry": {"type": "Polygon", "coordinates": [[[91.375, 21.125], [91.625, 21.125], [91.625, 21.375], [91.375, 21.375], [91.375, 21.125]]]}, "properties": {"time": "2021-05-26T00:00:00", "variable": "ws", "tier": "low", "percentile": 99.1, "z": 5.64, "wind_ms": 15.83, "value": 15.83, "lat": 21.25, "lon": 91.5}}, {"type": "Feature", "geometry": {"type": "Polygon", "coordinates": [[[91.625, 21.125], [91.875, 21.125], [91.875, 21.375], [91.625, 21.375], [91.625, 21.125]]]}, "properties": {"time": "2021-05-26T00:00:00", "variable": "ws", "tier": "low", "percentile": 100.0, "z": 5.59, "wind_ms": 14.85, "value": 14.85, "lat": 21.25, "lon": 91.75}}, {"type": "Feature", "geometry": {"type": "Polygon", "coordinates": [[[85.625, 21.375], [85.875, 21.375], [85.875, 21.625], [85.625, 21.625], [85.625, 21.375]]]}, "properties": {"time": "2021-05-26T00:00:00", "variable": "ws", "tier": "low", "percentile": 100.0, "z": 7.78, "wind_ms": 9.32, "value": 9.32, "lat": 21.5, "lon": 85.75}}, {"type": "Feature", "geometry": {"type": "Polygon", "coordinates": [[[85.875, 21.375], [86.125, 21.375], [86.125, 21.625], [85.875, 21.625], [85.875, 21.375]]]}, "properties": {"time": "2021-05-26T00:00:00", "variable": "ws", "tier": "low", "percentile": 100.0, "z": 8.87, "wind_ms": 10.33, "value": 10.33, "lat": 21.5, "lon": 86.0}}, {"type": "Feature", "geometry": {"type": "Polygon", "coordinates": [[[86.125, 21.375], [86.375, 21.375], [86.375, 21.625], [86.125, 21.625], [86.125, 21.375]]]}, "properties": {"time": "2021-05-26T00:00:00", "variable": "ws", "tier": "low", "percentile": 100.0, "z": 8.76, "wind_ms": 10.15, "value": 10.15, "lat": 21.5, "lon": 86.25}}, {"type": "Feature", "geometry": {"type": "Polygon", "coordinates": [[[86.375, 21.375], [86.625, 21.375], [86.625, 21.625], [86.375, 21.625], [86.375, 21.375]]]}, "properties": {"time": "2021-05-26T00:00:00", "variable": "ws", "tier": "low", "percentile": 100.0, "z": 8.85, "wind_ms": 10.82, "value": 10.82, "lat": 21.5, "lon": 86.5}}, {"type": "Feature", "geometry": {"type": "Polygon", "coordinates": [[[86.625, 21.375], [86.875, 21.375], [86.875, 21.625], [86.625, 21.625], [86.625, 21.375]]]}, "properties": {"time": "2021-05-26T00:00:00", "variable": "ws", "tier": "low", "percentile": 100.0, "z": 10.05, "wind_ms": 13.58, "value": 13.58, "lat": 21.5, "lon": 86.75}}, {"type": "Feature", "geometry": {"type": "Polygon", "coordinates": [[[86.875, 21.375], [87.125, 21.375], [87.125, 21.625], [86.875, 21.625], [86.875, 21.375]]]}, "properties": {"time": "2021-05-26T00:00:00", "variable": "ws", "tier": "moderate", "percentile": 100.0, "z": 8.61, "wind_ms": 17.74, "value": 17.74, "lat": 21.5, "lon": 87.0}}, {"type": "Feature", "geometry": {"type": "Polygon", "coordinates": [[[87.125, 21.375], [87.375, 21.375], [87.375, 21.625], [87.125, 21.625], [87.125, 21.375]]]}, "properties": {"time": "2021-05-26T00:00:00", "variable": "ws", "tier": "moderate", "percentile": 100.0, "z": 6.7, "wind_ms": 18.53, "value": 18.53, "lat": 21.5, "lon": 87.25}}, {"type": "Feature", "geometry": {"type": "Polygon", "coordinates": [[[87.375, 21.375], [87.625, 21.375], [87.625, 21.625], [87.375, 21.625], [87.375, 21.375]]]}, "properties": {"time": "2021-05-26T00:00:00", "variable": "ws", "tier": "moderate", "percentile": 100.0, "z": 5.76, "wind_ms": 17.97, "value": 17.97, "lat": 21.5, "lon": 87.5}}, {"type": "Feature", "geometry": {"type": "Polygon", "coordinates": [[[87.625, 21.375], [87.875, 21.375], [87.875, 21.625], [87.625, 21.625], [87.625, 21.375]]]}, "properties": {"time": "2021-05-26T00:00:00", "variable": "ws", "tier": "moderate", "percentile": 100.0, "z": 6.04, "wind_ms": 19.06, "value": 19.06, "lat": 21.5, "lon": 87.75}}, {"type": "Feature", "geometry": {"type": "Polygon", "coordinates": [[[87.875, 21.375], [88.125, 21.375], [88.125, 21.625], [87.875, 21.625], [87.875, 21.375]]]}, "properties": {"time": "2021-05-26T00:00:00", "variable": "ws", "tier": "moderate", "percentile": 100.0, "z": 6.2, "wind_ms": 21.34, "value": 21.34, "lat": 21.5, "lon": 88.0}}, {"type": "Feature", "geometry": {"type": "Polygon", "coordinates": [[[88.125, 21.375], [88.375, 21.375], [88.375, 21.625], [88.125, 21.625], [88.125, 21.375]]]}, "properties": {"time": "2021-05-26T00:00:00", "variable": "ws", "tier": "moderate", "percentile": 100.0, "z": 6.89, "wind_ms": 20.92, "value": 20.92, "lat": 21.5, "lon": 88.25}}, {"type": "Feature", "geometry": {"type": "Polygon", "coordinates": [[[88.375, 21.375], [88.625, 21.375], [88.625, 21.625], [88.375, 21.625], [88.375, 21.375]]]}, "properties": {"time": "2021-05-26T00:00:00", "variable": "ws", "tier": "moderate", "percentile": 100.0, "z": 6.44, "wind_ms": 21.3, "value": 21.3, "lat": 21.5, "lon": 88.5}}, {"type": "Feature", "geometry": {"type": "Polygon", "coordinates": [[[88.625, 21.375], [88.875, 21.375], [88.875, 21.625], [88.625, 21.625], [88.625, 21.375]]]}, "properties": {"time": "2021-05-26T00:00:00", "variable": "ws", "tier": "moderate", "percentile": 100.0, "z": 6.23, "wind_ms": 19.98, "value": 19.98, "lat": 21.5, "lon": 88.75}}, {"type": "Feature", "geometry": {"type": "Polygon", "coordinates": [[[88.875, 21.375], [89.125, 21.375], [89.125, 21.625], [88.875, 21.625], [88.875, 21.375]]]}, "properties": {"time": "2021-05-26T00:00:00", "variable": "ws", "tier": "moderate", "percentile": 100.0, "z": 5.9, "wind_ms": 17.69, "value": 17.69, "lat": 21.5, "lon": 89.0}}, {"type": "Feature", "geometry": {"type": "Polygon", "coordinates": [[[89.125, 21.375], [89.375, 21.375], [89.375, 21.625], [89.125, 21.625], [89.125, 21.375]]]}, "properties": {"time": "2021-05-26T00:00:00", "variable": "ws", "tier": "low", "percentile": 100.0, "z": 5.05, "wind_ms": 16.02, "value": 16.02, "lat": 21.5, "lon": 89.25}}, {"type": "Feature", "geometry": {"type": "Polygon", "coordinates": [[[89.375, 21.375], [89.625, 21.375], [89.625, 21.625], [89.375, 21.625], [89.375, 21.375]]]}, "properties": {"time": "2021-05-26T00:00:00", "variable": "ws", "tier": "low", "percentile": 100.0, "z": 4.56, "wind_ms": 16.26, "value": 16.26, "lat": 21.5, "lon": 89.5}}, {"type": "Feature", "geometry": {"type": "Polygon", "coordinates": [[[89.625, 21.375], [89.875, 21.375], [89.875, 21.625], [89.625, 21.625], [89.625, 21.375]]]}, "properties": {"time": "2021-05-26T00:00:00", "variable": "ws", "tier": "low", "percentile": 100.0, "z": 4.98, "wind_ms": 16.55, "value": 16.55, "lat": 21.5, "lon": 89.75}}, {"type": "Feature", "geometry": {"type": "Polygon", "coordinates": [[[89.875, 21.375], [90.125, 21.375], [90.125, 21.625], [89.875, 21.625], [89.875, 21.375]]]}, "properties": {"time": "2021-05-26T00:00:00", "variable": "ws", "tier": "moderate", "percentile": 100.0, "z": 5.66, "wind_ms": 17.32, "value": 17.32, "lat": 21.5, "lon": 90.0}}, {"type": "Feature", "geometry": {"type": "Polygon", "coordinates": [[[90.125, 21.375], [90.375, 21.375], [90.375, 21.625], [90.125, 21.625], [90.125, 21.375]]]}, "properties": {"time": "2021-05-26T00:00:00", "variable": "ws", "tier": "moderate", "percentile": 100.0, "z": 5.99, "wind_ms": 17.73, "value": 17.73, "lat": 21.5, "lon": 90.25}}, {"type": "Feature", "geometry": {"type": "Polygon", "coordinates": [[[90.375, 21.375], [90.625, 21.375], [90.625, 21.625], [90.375, 21.625], [90.375, 21.375]]]}, "properties": {"time": "2021-05-26T00:00:00", "variable": "ws", "tier": "moderate", "percentile": 100.0, "z": 6.05, "wind_ms": 17.65, "value": 17.65, "lat": 21.5, "lon": 90.5}}, {"type": "Feature", "geometry": {"type": "Polygon", "coordinates": [[[90.625, 21.375], [90.875, 21.375], [90.875, 21.625], [90.625, 21.625], [90.625, 21.375]]]}, "properties": {"time": "2021-05-26T00:00:00", "variable": "ws", "tier": "moderate", "percentile": 100.0, "z": 5.96, "wind_ms": 17.22, "value": 17.22, "lat": 21.5, "lon": 90.75}}, {"type": "Feature", "geometry": {"type": "Polygon", "coordinates": [[[90.875, 21.375], [91.125, 21.375], [91.125, 21.625], [90.875, 21.625], [90.875, 21.375]]]}, "properties": {"time": "2021-05-26T00:00:00", "variable": "ws", "tier": "low", "percentile": 99.1, "z": 5.72, "wind_ms": 16.65, "value": 16.65, "lat": 21.5, "lon": 91.0}}, {"type": "Feature", "geometry": {"type": "Polygon", "coordinates": [[[91.125, 21.375], [91.375, 21.375], [91.375, 21.625], [91.125, 21.625], [91.125, 21.375]]]}, "properties": {"time": "2021-05-26T00:00:00", "variable": "ws", "tier": "low", "percentile": 99.1, "z": 5.62, "wind_ms": 16.03, "value": 16.03, "lat": 21.5, "lon": 91.25}}, {"type": "Feature", "geometry": {"type": "Polygon", "coordinates": [[[91.375, 21.375], [91.625, 21.375], [91.625, 21.625], [91.375, 21.625], [91.375, 21.375]]]}, "properties": {"time": "2021-05-26T00:00:00", "variable": "ws", "tier": "low", "percentile": 99.1, "z": 5.65, "wind_ms": 16.26, "value": 16.26, "lat": 21.5, "lon": 91.5}}, {"type": "Feature", "geometry": {"type": "Polygon", "coordinates": [[[91.625, 21.375], [91.875, 21.375], [91.875, 21.625], [91.625, 21.625], [91.625, 21.375]]]}, "properties": {"time": "2021-05-26T00:00:00", "variable": "ws", "tier": "low", "percentile": 100.0, "z": 5.54, "wind_ms": 14.97, "value": 14.97, "lat": 21.5, "lon": 91.75}}, {"type": "Feature", "geometry": {"type": "Polygon", "coordinates": [[[85.625, 21.625], [85.875, 21.625], [85.875, 21.875], [85.625, 21.875], [85.625, 21.625]]]}, "properties": {"time": "2021-05-26T00:00:00", "variable": "ws", "tier": "low", "percentile": 100.0, "z": 7.32, "wind_ms": 9.29, "value": 9.29, "lat": 21.75, "lon": 85.75}}, {"type": "Feature", "geometry": {"type": "Polygon", "coordinates": [[[85.875, 21.625], [86.125, 21.625], [86.125, 21.875], [85.875, 21.875], [85.875, 21.625]]]}, "properties": {"time": "2021-05-26T00:00:00", "variable": "ws", "tier": "low", "percentile": 100.0, "z": 7.62, "wind_ms": 9.54, "value": 9.54, "lat": 21.75, "lon": 86.0}}, {"type": "Feature", "geometry": {"type": "Polygon", "coordinates": [[[86.125, 21.625], [86.375, 21.625], [86.375, 21.875], [86.125, 21.875], [86.125, 21.625]]]}, "properties": {"time": "2021-05-26T00:00:00", "variable": "ws", "tier": "low", "percentile": 100.0, "z": 7.3, "wind_ms": 9.08, "value": 9.08, "lat": 21.75, "lon": 86.25}}, {"type": "Feature", "geometry": {"type": "Polygon", "coordinates": [[[86.375, 21.625], [86.625, 21.625], [86.625, 21.875], [86.375, 21.875], [86.375, 21.625]]]}, "properties": {"time": "2021-05-26T00:00:00", "variable": "ws", "tier": "low", "percentile": 100.0, "z": 8.01, "wind_ms": 10.22, "value": 10.22, "lat": 21.75, "lon": 86.5}}, {"type": "Feature", "geometry": {"type": "Polygon", "coordinates": [[[86.625, 21.625], [86.875, 21.625], [86.875, 21.875], [86.625, 21.875], [86.625, 21.625]]]}, "properties": {"time": "2021-05-26T00:00:00", "variable": "ws", "tier": "low", "percentile": 100.0, "z": 10.05, "wind_ms": 12.66, "value": 12.66, "lat": 21.75, "lon": 86.75}}, {"type": "Feature", "geometry": {"type": "Polygon", "coordinates": [[[86.875, 21.625], [87.125, 21.625], [87.125, 21.875], [86.875, 21.875], [86.875, 21.625]]]}, "properties": {"time": "2021-05-26T00:00:00", "variable": "ws", "tier": "low", "percentile": 100.0, "z": 9.16, "wind_ms": 15.14, "value": 15.14, "lat": 21.75, "lon": 87.0}}, {"type": "Feature", "geometry": {"type": "Polygon", "coordinates": [[[87.125, 21.625], [87.375, 21.625], [87.375, 21.875], [87.125, 21.875], [87.125, 21.625]]]}, "properties": {"time": "2021-05-26T00:00:00", "variable": "ws", "tier": "low", "percentile": 100.0, "z": 9.04, "wind_ms": 15.49, "value": 15.49, "lat": 21.75, "lon": 87.25}}, {"type": "Feature", "geometry": {"type": "Polygon", "coordinates": [[[87.375, 21.625], [87.625, 21.625], [87.625, 21.875], [87.375, 21.875], [87.375, 21.625]]]}, "properties": {"time": "2021-05-26T00:00:00", "variable": "ws", "tier": "low", "percentile": 100.0, "z": 8.08, "wind_ms": 14.41, "value": 14.41, "lat": 21.75, "lon": 87.5}}, {"type": "Feature", "geometry": {"type": "Polygon", "coordinates": [[[87.625, 21.625], [87.875, 21.625], [87.875, 21.875], [87.625, 21.875], [87.625, 21.625]]]}, "properties": {"time": "2021-05-26T00:00:00", "variable": "ws", "tier": "low", "percentile": 100.0, "z": 7.37, "wind_ms": 15.59, "value": 15.59, "lat": 21.75, "lon": 87.75}}, {"type": "Feature", "geometry": {"type": "Polygon", "coordinates": [[[87.875, 21.625], [88.125, 21.625], [88.125, 21.875], [87.875, 21.875], [87.875, 21.625]]]}, "properties": {"time": "2021-05-26T00:00:00", "variable": "ws", "tier": "moderate", "percentile": 100.0, "z": 6.48, "wind_ms": 18.25, "value": 18.25, "lat": 21.75, "lon": 88.0}}, {"type": "Feature", "geometry": {"type": "Polygon", "coordinates": [[[88.125, 21.625], [88.375, 21.625], [88.375, 21.875], [88.125, 21.875], [88.125, 21.625]]]}, "properties": {"time": "2021-05-26T00:00:00", "variable": "ws", "tier": "low", "percentile": 100.0, "z": 6.77, "wind_ms": 16.28, "value": 16.28, "lat": 21.75, "lon": 88.25}}, {"type": "Feature", "geometry": {"type": "Polygon", "coordinates": [[[88.375, 21.625], [88.625, 21.625], [88.625, 21.875], [88.375, 21.875], [88.375, 21.625]]]}, "properties": {"time": "2021-05-26T00:00:00", "variable": "ws", "tier": "low", "percentile": 100.0, "z": 6.07, "wind_ms": 16.67, "value": 16.67, "lat": 21.75, "lon": 88.5}}, {"type": "Feature", "geometry": {"type": "Polygon", "coordinates": [[[88.625, 21.625], [88.875, 21.625], [88.875, 21.875], [88.625, 21.875], [88.625, 21.625]]]}, "properties": {"time": "2021-05-26T00:00:00", "variable": "ws", "tier": "low", "percentile": 100.0, "z": 5.42, "wind_ms": 14.43, "value": 14.43, "lat": 21.75, "lon": 88.75}}, {"type": "Feature", "geometry": {"type": "Polygon", "coordinates": [[[88.875, 21.625], [89.125, 21.625], [89.125, 21.875], [88.875, 21.875], [88.875, 21.625]]]}, "properties": {"time": "2021-05-26T00:00:00", "variable": "ws", "tier": "low", "percentile": 100.0, "z": 5.23, "wind_ms": 11.73, "value": 11.73, "lat": 21.75, "lon": 89.0}}, {"type": "Feature", "geometry": {"type": "Polygon", "coordinates": [[[89.125, 21.625], [89.375, 21.625], [89.375, 21.875], [89.125, 21.875], [89.125, 21.625]]]}, "properties": {"time": "2021-05-26T00:00:00", "variable": "ws", "tier": "low", "percentile": 100.0, "z": 5.12, "wind_ms": 11.45, "value": 11.45, "lat": 21.75, "lon": 89.25}}, {"type": "Feature", "geometry": {"type": "Polygon", "coordinates": [[[89.375, 21.625], [89.625, 21.625], [89.625, 21.875], [89.375, 21.875], [89.375, 21.625]]]}, "properties": {"time": "2021-05-26T00:00:00", "variable": "ws", "tier": "low", "percentile": 100.0, "z": 4.98, "wind_ms": 15.53, "value": 15.53, "lat": 21.75, "lon": 89.5}}, {"type": "Feature", "geometry": {"type": "Polygon", "coordinates": [[[89.625, 21.625], [89.875, 21.625], [89.875, 21.875], [89.625, 21.875], [89.625, 21.625]]]}, "properties": {"time": "2021-05-26T00:00:00", "variable": "ws", "tier": "low", "percentile": 100.0, "z": 5.03, "wind_ms": 16.88, "value": 16.88, "lat": 21.75, "lon": 89.75}}, {"type": "Feature", "geometry": {"type": "Polygon", "coordinates": [[[89.875, 21.625], [90.125, 21.625], [90.125, 21.875], [89.875, 21.875], [89.875, 21.625]]]}, "properties": {"time": "2021-05-26T00:00:00", "variable": "ws", "tier": "moderate", "percentile": 100.0, "z": 5.47, "wind_ms": 17.37, "value": 17.37, "lat": 21.75, "lon": 90.0}}, {"type": "Feature", "geometry": {"type": "Polygon", "coordinates": [[[90.125, 21.625], [90.375, 21.625], [90.375, 21.875], [90.125, 21.875], [90.125, 21.625]]]}, "properties": {"time": "2021-05-26T00:00:00", "variable": "ws", "tier": "moderate", "percentile": 100.0, "z": 5.71, "wind_ms": 17.63, "value": 17.63, "lat": 21.75, "lon": 90.25}}, {"type": "Feature", "geometry": {"type": "Polygon", "coordinates": [[[90.375, 21.625], [90.625, 21.625], [90.625, 21.875], [90.375, 21.875], [90.375, 21.625]]]}, "properties": {"time": "2021-05-26T00:00:00", "variable": "ws", "tier": "moderate", "percentile": 100.0, "z": 5.79, "wind_ms": 17.44, "value": 17.44, "lat": 21.75, "lon": 90.5}}, {"type": "Feature", "geometry": {"type": "Polygon", "coordinates": [[[90.625, 21.625], [90.875, 21.625], [90.875, 21.875], [90.625, 21.875], [90.625, 21.625]]]}, "properties": {"time": "2021-05-26T00:00:00", "variable": "ws", "tier": "low", "percentile": 100.0, "z": 5.68, "wind_ms": 16.92, "value": 16.92, "lat": 21.75, "lon": 90.75}}, {"type": "Feature", "geometry": {"type": "Polygon", "coordinates": [[[90.875, 21.625], [91.125, 21.625], [91.125, 21.875], [90.875, 21.875], [90.875, 21.625]]]}, "properties": {"time": "2021-05-26T00:00:00", "variable": "ws", "tier": "low", "percentile": 99.1, "z": 5.47, "wind_ms": 16.55, "value": 16.55, "lat": 21.75, "lon": 91.0}}, {"type": "Feature", "geometry": {"type": "Polygon", "coordinates": [[[91.125, 21.625], [91.375, 21.625], [91.375, 21.875], [91.125, 21.875], [91.125, 21.625]]]}, "properties": {"time": "2021-05-26T00:00:00", "variable": "ws", "tier": "low", "percentile": 100.0, "z": 5.68, "wind_ms": 15.9, "value": 15.9, "lat": 21.75, "lon": 91.25}}, {"type": "Feature", "geometry": {"type": "Polygon", "coordinates": [[[91.375, 21.625], [91.625, 21.625], [91.625, 21.875], [91.375, 21.875], [91.375, 21.625]]]}, "properties": {"time": "2021-05-26T00:00:00", "variable": "ws", "tier": "low", "percentile": 99.1, "z": 5.44, "wind_ms": 16.2, "value": 16.2, "lat": 21.75, "lon": 91.5}}, {"type": "Feature", "geometry": {"type": "Polygon", "coordinates": [[[91.625, 21.625], [91.875, 21.625], [91.875, 21.875], [91.625, 21.875], [91.625, 21.625]]]}, "properties": {"time": "2021-05-26T00:00:00", "variable": "ws", "tier": "low", "percentile": 99.1, "z": 5.15, "wind_ms": 14.72, "value": 14.72, "lat": 21.75, "lon": 91.75}}, {"type": "Feature", "geometry": {"type": "Polygon", "coordinates": [[[85.875, 21.875], [86.125, 21.875], [86.125, 22.125], [85.875, 22.125], [85.875, 21.875]]]}, "properties": {"time": "2021-05-26T00:00:00", "variable": "ws", "tier": "low", "percentile": 100.0, "z": 6.7, "wind_ms": 9.0, "value": 9.0, "lat": 22.0, "lon": 86.0}}, {"type": "Feature", "geometry": {"type": "Polygon", "coordinates": [[[86.125, 21.875], [86.375, 21.875], [86.375, 22.125], [86.125, 22.125], [86.125, 21.875]]]}, "properties": {"time": "2021-05-26T00:00:00", "variable": "ws", "tier": "low", "percentile": 100.0, "z": 6.86, "wind_ms": 9.08, "value": 9.08, "lat": 22.0, "lon": 86.25}}, {"type": "Feature", "geometry": {"type": "Polygon", "coordinates": [[[86.375, 21.875], [86.625, 21.875], [86.625, 22.125], [86.375, 22.125], [86.375, 21.875]]]}, "properties": {"time": "2021-05-26T00:00:00", "variable": "ws", "tier": "low", "percentile": 100.0, "z": 8.05, "wind_ms": 9.69, "value": 9.69, "lat": 22.0, "lon": 86.5}}, {"type": "Feature", "geometry": {"type": "Polygon", "coordinates": [[[86.625, 21.875], [86.875, 21.875], [86.875, 22.125], [86.625, 22.125], [86.625, 21.875]]]}, "properties": {"time": "2021-05-26T00:00:00", "variable": "ws", "tier": "low", "percentile": 100.0, "z": 9.89, "wind_ms": 11.72, "value": 11.72, "lat": 22.0, "lon": 86.75}}, {"type": "Feature", "geometry": {"type": "Polygon", "coordinates": [[[86.875, 21.875], [87.125, 21.875], [87.125, 22.125], [86.875, 22.125], [86.875, 21.875]]]}, "properties": {"time": "2021-05-26T00:00:00", "variable": "ws", "tier": "low", "percentile": 100.0, "z": 10.05, "wind_ms": 13.12, "value": 13.12, "lat": 22.0, "lon": 87.0}}, {"type": "Feature", "geometry": {"type": "Polygon", "coordinates": [[[87.125, 21.875], [87.375, 21.875], [87.375, 22.125], [87.125, 22.125], [87.125, 21.875]]]}, "properties": {"time": "2021-05-26T00:00:00", "variable": "ws", "tier": "low", "percentile": 100.0, "z": 9.94, "wind_ms": 13.89, "value": 13.89, "lat": 22.0, "lon": 87.25}}, {"type": "Feature", "geometry": {"type": "Polygon", "coordinates": [[[87.375, 21.875], [87.625, 21.875], [87.625, 22.125], [87.375, 22.125], [87.375, 21.875]]]}, "properties": {"time": "2021-05-26T00:00:00", "variable": "ws", "tier": "low", "percentile": 100.0, "z": 9.58, "wind_ms": 13.64, "value": 13.64, "lat": 22.0, "lon": 87.5}}, {"type": "Feature", "geometry": {"type": "Polygon", "coordinates": [[[87.625, 21.875], [87.875, 21.875], [87.875, 22.125], [87.625, 22.125], [87.625, 21.875]]]}, "properties": {"time": "2021-05-26T00:00:00", "variable": "ws", "tier": "low", "percentile": 100.0, "z": 7.74, "wind_ms": 13.33, "value": 13.33, "lat": 22.0, "lon": 87.75}}, {"type": "Feature", "geometry": {"type": "Polygon", "coordinates": [[[87.875, 21.875], [88.125, 21.875], [88.125, 22.125], [87.875, 22.125], [87.875, 21.875]]]}, "properties": {"time": "2021-05-26T00:00:00", "variable": "ws", "tier": "low", "percentile": 100.0, "z": 6.82, "wind_ms": 13.98, "value": 13.98, "lat": 22.0, "lon": 88.0}}, {"type": "Feature", "geometry": {"type": "Polygon", "coordinates": [[[88.125, 21.875], [88.375, 21.875], [88.375, 22.125], [88.125, 22.125], [88.125, 21.875]]]}, "properties": {"time": "2021-05-26T00:00:00", "variable": "ws", "tier": "low", "percentile": 100.0, "z": 6.61, "wind_ms": 12.35, "value": 12.35, "lat": 22.0, "lon": 88.25}}, {"type": "Feature", "geometry": {"type": "Polygon", "coordinates": [[[88.375, 21.875], [88.625, 21.875], [88.625, 22.125], [88.375, 22.125], [88.375, 21.875]]]}, "properties": {"time": "2021-05-26T00:00:00", "variable": "ws", "tier": "low", "percentile": 100.0, "z": 5.54, "wind_ms": 11.67, "value": 11.67, "lat": 22.0, "lon": 88.5}}, {"type": "Feature", "geometry": {"type": "Polygon", "coordinates": [[[88.625, 21.875], [88.875, 21.875], [88.875, 22.125], [88.625, 22.125], [88.625, 21.875]]]}, "properties": {"time": "2021-05-26T00:00:00", "variable": "ws", "tier": "low", "percentile": 100.0, "z": 5.09, "wind_ms": 11.24, "value": 11.24, "lat": 22.0, "lon": 88.75}}, {"type": "Feature", "geometry": {"type": "Polygon", "coordinates": [[[88.875, 21.875], [89.125, 21.875], [89.125, 22.125], [88.875, 22.125], [88.875, 21.875]]]}, "properties": {"time": "2021-05-26T00:00:00", "variable": "ws", "tier": "low", "percentile": 100.0, "z": 4.7, "wind_ms": 9.38, "value": 9.38, "lat": 22.0, "lon": 89.0}}, {"type": "Feature", "geometry": {"type": "Polygon", "coordinates": [[[89.125, 21.875], [89.375, 21.875], [89.375, 22.125], [89.125, 22.125], [89.125, 21.875]]]}, "properties": {"time": "2021-05-26T00:00:00", "variable": "ws", "tier": "low", "percentile": 100.0, "z": 5.12, "wind_ms": 9.33, "value": 9.33, "lat": 22.0, "lon": 89.25}}, {"type": "Feature", "geometry": {"type": "Polygon", "coordinates": [[[89.375, 21.875], [89.625, 21.875], [89.625, 22.125], [89.375, 22.125], [89.375, 21.875]]]}, "properties": {"time": "2021-05-26T00:00:00", "variable": "ws", "tier": "low", "percentile": 100.0, "z": 5.4, "wind_ms": 10.85, "value": 10.85, "lat": 22.0, "lon": 89.5}}, {"type": "Feature", "geometry": {"type": "Polygon", "coordinates": [[[89.625, 21.875], [89.875, 21.875], [89.875, 22.125], [89.625, 22.125], [89.625, 21.875]]]}, "properties": {"time": "2021-05-26T00:00:00", "variable": "ws", "tier": "low", "percentile": 100.0, "z": 5.41, "wind_ms": 11.04, "value": 11.04, "lat": 22.0, "lon": 89.75}}, {"type": "Feature", "geometry": {"type": "Polygon", "coordinates": [[[89.875, 21.875], [90.125, 21.875], [90.125, 22.125], [89.875, 22.125], [89.875, 21.875]]]}, "properties": {"time": "2021-05-26T00:00:00", "variable": "ws", "tier": "low", "percentile": 100.0, "z": 5.53, "wind_ms": 12.17, "value": 12.17, "lat": 22.0, "lon": 90.0}}, {"type": "Feature", "geometry": {"type": "Polygon", "coordinates": [[[90.125, 21.875], [90.375, 21.875], [90.375, 22.125], [90.125, 22.125], [90.125, 21.875]]]}, "properties": {"time": "2021-05-26T00:00:00", "variable": "ws", "tier": "low", "percentile": 100.0, "z": 5.86, "wind_ms": 12.57, "value": 12.57, "lat": 22.0, "lon": 90.25}}, {"type": "Feature", "geometry": {"type": "Polygon", "coordinates": [[[90.375, 21.875], [90.625, 21.875], [90.625, 22.125], [90.375, 22.125], [90.375, 21.875]]]}, "properties": {"time": "2021-05-26T00:00:00", "variable": "ws", "tier": "low", "percentile": 100.0, "z": 6.09, "wind_ms": 13.4, "value": 13.4, "lat": 22.0, "lon": 90.5}}, {"type": "Feature", "geometry": {"type": "Polygon", "coordinates": [[[90.625, 21.875], [90.875, 21.875], [90.875, 22.125], [90.625, 22.125], [90.625, 21.875]]]}, "properties": {"time": "2021-05-26T00:00:00", "variable": "ws", "tier": "low", "percentile": 100.0, "z": 6.08, "wind_ms": 13.83, "value": 13.83, "lat": 22.0, "lon": 90.75}}, {"type": "Feature", "geometry": {"type": "Polygon", "coordinates": [[[90.875, 21.875], [91.125, 21.875], [91.125, 22.125], [90.875, 22.125], [90.875, 21.875]]]}, "properties": {"time": "2021-05-26T00:00:00", "variable": "ws", "tier": "low", "percentile": 100.0, "z": 5.34, "wind_ms": 16.29, "value": 16.29, "lat": 22.0, "lon": 91.0}}, {"type": "Feature", "geometry": {"type": "Polygon", "coordinates": [[[91.125, 21.875], [91.375, 21.875], [91.375, 22.125], [91.125, 22.125], [91.125, 21.875]]]}, "properties": {"time": "2021-05-26T00:00:00", "variable": "ws", "tier": "low", "percentile": 99.1, "z": 5.31, "wind_ms": 15.85, "value": 15.85, "lat": 22.0, "lon": 91.25}}, {"type": "Feature", "geometry": {"type": "Polygon", "coordinates": [[[91.375, 21.875], [91.625, 21.875], [91.625, 22.125], [91.375, 22.125], [91.375, 21.875]]]}, "properties": {"time": "2021-05-26T00:00:00", "variable": "ws", "tier": "low", "percentile": 99.1, "z": 5.1, "wind_ms": 15.73, "value": 15.73, "lat": 22.0, "lon": 91.5}}, {"type": "Feature", "geometry": {"type": "Polygon", "coordinates": [[[91.625, 21.875], [91.875, 21.875], [91.875, 22.125], [91.625, 22.125], [91.625, 21.875]]]}, "properties": {"time": "2021-05-26T00:00:00", "variable": "ws", "tier": "low", "percentile": 99.1, "z": 4.84, "wind_ms": 13.41, "value": 13.41, "lat": 22.0, "lon": 91.75}}, {"type": "Feature", "geometry": {"type": "Polygon", "coordinates": [[[86.375, 22.125], [86.625, 22.125], [86.625, 22.375], [86.375, 22.375], [86.375, 22.125]]]}, "properties": {"time": "2021-05-26T00:00:00", "variable": "ws", "tier": "low", "percentile": 100.0, "z": 7.73, "wind_ms": 8.96, "value": 8.96, "lat": 22.25, "lon": 86.5}}, {"type": "Feature", "geometry": {"type": "Polygon", "coordinates": [[[86.625, 22.125], [86.875, 22.125], [86.875, 22.375], [86.625, 22.375], [86.625, 22.125]]]}, "properties": {"time": "2021-05-26T00:00:00", "variable": "ws", "tier": "low", "percentile": 100.0, "z": 8.91, "wind_ms": 10.36, "value": 10.36, "lat": 22.25, "lon": 86.75}}, {"type": "Feature", "geometry": {"type": "Polygon", "coordinates": [[[86.875, 22.125], [87.125, 22.125], [87.125, 22.375], [86.875, 22.375], [86.875, 22.125]]]}, "properties": {"time": "2021-05-26T00:00:00", "variable": "ws", "tier": "low", "percentile": 100.0, "z": 9.93, "wind_ms": 11.99, "value": 11.99, "lat": 22.25, "lon": 87.0}}, {"type": "Feature", "geometry": {"type": "Polygon", "coordinates": [[[87.125, 22.125], [87.375, 22.125], [87.375, 22.375], [87.125, 22.375], [87.125, 22.125]]]}, "properties": {"time": "2021-05-26T00:00:00", "variable": "ws", "tier": "low", "percentile": 100.0, "z": 10.11, "wind_ms": 12.82, "value": 12.82, "lat": 22.25, "lon": 87.25}}, {"type": "Feature", "geometry": {"type": "Polygon", "coordinates": [[[87.375, 22.125], [87.625, 22.125], [87.625, 22.375], [87.375, 22.375], [87.375, 22.125]]]}, "properties": {"time": "2021-05-26T00:00:00", "variable": "ws", "tier": "low", "percentile": 100.0, "z": 9.57, "wind_ms": 12.83, "value": 12.83, "lat": 22.25, "lon": 87.5}}, {"type": "Feature", "geometry": {"type": "Polygon", "coordinates": [[[87.625, 22.125], [87.875, 22.125], [87.875, 22.375], [87.625, 22.375], [87.625, 22.125]]]}, "properties": {"time": "2021-05-26T00:00:00", "variable": "ws", "tier": "low", "percentile": 100.0, "z": 8.83, "wind_ms": 12.76, "value": 12.76, "lat": 22.25, "lon": 87.75}}, {"type": "Feature", "geometry": {"type": "Polygon", "coordinates": [[[87.875, 22.125], [88.125, 22.125], [88.125, 22.375], [87.875, 22.375], [87.875, 22.125]]]}, "properties": {"time": "2021-05-26T00:00:00", "variable": "ws", "tier": "low", "percentile": 100.0, "z": 7.56, "wind_ms": 12.58, "value": 12.58, "lat": 22.25, "lon": 88.0}}, {"type": "Feature", "geometry": {"type": "Polygon", "coordinates": [[[88.125, 22.125], [88.375, 22.125], [88.375, 22.375], [88.125, 22.375], [88.125, 22.125]]]}, "properties": {"time": "2021-05-26T00:00:00", "variable": "ws", "tier": "low", "percentile": 100.0, "z": 7.01, "wind_ms": 11.22, "value": 11.22, "lat": 22.25, "lon": 88.25}}, {"type": "Feature", "geometry": {"type": "Polygon", "coordinates": [[[88.375, 22.125], [88.625, 22.125], [88.625, 22.375], [88.375, 22.375], [88.375, 22.125]]]}, "properties": {"time": "2021-05-26T00:00:00", "variable": "ws", "tier": "low", "percentile": 100.0, "z": 6.47, "wind_ms": 10.36, "value": 10.36, "lat": 22.25, "lon": 88.5}}, {"type": "Feature", "geometry": {"type": "Polygon", "coordinates": [[[88.625, 22.125], [88.875, 22.125], [88.875, 22.375], [88.625, 22.375], [88.625, 22.125]]]}, "properties": {"time": "2021-05-26T00:00:00", "variable": "ws", "tier": "low", "percentile": 100.0, "z": 5.6, "wind_ms": 9.68, "value": 9.68, "lat": 22.25, "lon": 88.75}}, {"type": "Feature", "geometry": {"type": "Polygon", "coordinates": [[[88.875, 22.125], [89.125, 22.125], [89.125, 22.375], [88.875, 22.375], [88.875, 22.125]]]}, "properties": {"time": "2021-05-26T00:00:00", "variable": "ws", "tier": "low", "percentile": 100.0, "z": 5.21, "wind_ms": 9.45, "value": 9.45, "lat": 22.25, "lon": 89.0}}, {"type": "Feature", "geometry": {"type": "Polygon", "coordinates": [[[89.125, 22.125], [89.375, 22.125], [89.375, 22.375], [89.125, 22.375], [89.125, 22.125]]]}, "properties": {"time": "2021-05-26T00:00:00", "variable": "ws", "tier": "low", "percentile": 100.0, "z": 5.18, "wind_ms": 9.16, "value": 9.16, "lat": 22.25, "lon": 89.25}}, {"type": "Feature", "geometry": {"type": "Polygon", "coordinates": [[[89.875, 22.125], [90.125, 22.125], [90.125, 22.375], [89.875, 22.375], [89.875, 22.125]]]}, "properties": {"time": "2021-05-26T00:00:00", "variable": "ws", "tier": "low", "percentile": 100.0, "z": 5.86, "wind_ms": 9.2, "value": 9.2, "lat": 22.25, "lon": 90.0}}, {"type": "Feature", "geometry": {"type": "Polygon", "coordinates": [[[90.125, 22.125], [90.375, 22.125], [90.375, 22.375], [90.125, 22.375], [90.125, 22.125]]]}, "properties": {"time": "2021-05-26T00:00:00", "variable": "ws", "tier": "low", "percentile": 100.0, "z": 6.24, "wind_ms": 9.76, "value": 9.76, "lat": 22.25, "lon": 90.25}}, {"type": "Feature", "geometry": {"type": "Polygon", "coordinates": [[[90.375, 22.125], [90.625, 22.125], [90.625, 22.375], [90.375, 22.375], [90.375, 22.125]]]}, "properties": {"time": "2021-05-26T00:00:00", "variable": "ws", "tier": "low", "percentile": 100.0, "z": 6.58, "wind_ms": 10.59, "value": 10.59, "lat": 22.25, "lon": 90.5}}, {"type": "Feature", "geometry": {"type": "Polygon", "coordinates": [[[90.625, 22.125], [90.875, 22.125], [90.875, 22.375], [90.625, 22.375], [90.625, 22.125]]]}, "properties": {"time": "2021-05-26T00:00:00", "variable": "ws", "tier": "low", "percentile": 100.0, "z": 6.32, "wind_ms": 12.81, "value": 12.81, "lat": 22.25, "lon": 90.75}}, {"type": "Feature", "geometry": {"type": "Polygon", "coordinates": [[[90.875, 22.125], [91.125, 22.125], [91.125, 22.375], [90.875, 22.375], [90.875, 22.125]]]}, "properties": {"time": "2021-05-26T00:00:00", "variable": "ws", "tier": "low", "percentile": 100.0, "z": 5.47, "wind_ms": 15.29, "value": 15.29, "lat": 22.25, "lon": 91.0}}, {"type": "Feature", "geometry": {"type": "Polygon", "coordinates": [[[91.125, 22.125], [91.375, 22.125], [91.375, 22.375], [91.125, 22.375], [91.125, 22.125]]]}, "properties": {"time": "2021-05-26T00:00:00", "variable": "ws", "tier": "low", "percentile": 100.0, "z": 5.05, "wind_ms": 15.47, "value": 15.47, "lat": 22.25, "lon": 91.25}}, {"type": "Feature", "geometry": {"type": "Polygon", "coordinates": [[[91.375, 22.125], [91.625, 22.125], [91.625, 22.375], [91.375, 22.375], [91.375, 22.125]]]}, "properties": {"time": "2021-05-26T00:00:00", "variable": "ws", "tier": "low", "percentile": 99.1, "z": 4.71, "wind_ms": 14.34, "value": 14.34, "lat": 22.25, "lon": 91.5}}, {"type": "Feature", "geometry": {"type": "Polygon", "coordinates": [[[91.625, 22.125], [91.875, 22.125], [91.875, 22.375], [91.625, 22.375], [91.625, 22.125]]]}, "properties": {"time": "2021-05-26T00:00:00", "variable": "ws", "tier": "low", "percentile": 99.1, "z": 4.48, "wind_ms": 11.12, "value": 11.12, "lat": 22.25, "lon": 91.75}}, {"type": "Feature", "geometry": {"type": "Polygon", "coordinates": [[[86.625, 22.375], [86.875, 22.375], [86.875, 22.625], [86.625, 22.625], [86.625, 22.375]]]}, "properties": {"time": "2021-05-26T00:00:00", "variable": "ws", "tier": "low", "percentile": 100.0, "z": 8.14, "wind_ms": 9.64, "value": 9.64, "lat": 22.5, "lon": 86.75}}, {"type": "Feature", "geometry": {"type": "Polygon", "coordinates": [[[86.875, 22.375], [87.125, 22.375], [87.125, 22.625], [86.875, 22.625], [86.875, 22.375]]]}, "properties": {"time": "2021-05-26T00:00:00", "variable": "ws", "tier": "low", "percentile": 100.0, "z": 8.67, "wind_ms": 10.62, "value": 10.62, "lat": 22.5, "lon": 87.0}}, {"type": "Feature", "geometry": {"type": "Polygon", "coordinates": [[[87.125, 22.375], [87.375, 22.375], [87.375, 22.625], [87.125, 22.625], [87.125, 22.375]]]}, "properties": {"time": "2021-05-26T00:00:00", "variable": "ws", "tier": "low", "percentile": 100.0, "z": 9.13, "wind_ms": 11.58, "value": 11.58, "lat": 22.5, "lon": 87.25}}, {"type": "Feature", "geometry": {"type": "Polygon", "coordinates": [[[87.375, 22.375], [87.625, 22.375], [87.625, 22.625], [87.375, 22.625], [87.375, 22.375]]]}, "properties": {"time": "2021-05-26T00:00:00", "variable": "ws", "tier": "low", "percentile": 100.0, "z": 9.2, "wind_ms": 11.89, "value": 11.89, "lat": 22.5, "lon": 87.5}}, {"type": "Feature", "geometry": {"type": "Polygon", "coordinates": [[[87.625, 22.375], [87.875, 22.375], [87.875, 22.625], [87.625, 22.625], [87.625, 22.375]]]}, "properties": {"time": "2021-05-26T00:00:00", "variable": "ws", "tier": "low", "percentile": 100.0, "z": 8.5, "wind_ms": 11.85, "value": 11.85, "lat": 22.5, "lon": 87.75}}, {"type": "Feature", "geometry": {"type": "Polygon", "coordinates": [[[87.875, 22.375], [88.125, 22.375], [88.125, 22.625], [87.875, 22.625], [87.875, 22.375]]]}, "properties": {"time": "2021-05-26T00:00:00", "variable": "ws", "tier": "low", "percentile": 100.0, "z": 7.98, "wind_ms": 11.68, "value": 11.68, "lat": 22.5, "lon": 88.0}}, {"type": "Feature", "geometry": {"type": "Polygon", "coordinates": [[[88.125, 22.375], [88.375, 22.375], [88.375, 22.625], [88.125, 22.625], [88.125, 22.375]]]}, "properties": {"time": "2021-05-26T00:00:00", "variable": "ws", "tier": "low", "percentile": 100.0, "z": 7.23, "wind_ms": 11.06, "value": 11.06, "lat": 22.5, "lon": 88.25}}, {"type": "Feature", "geometry": {"type": "Polygon", "coordinates": [[[88.375, 22.375], [88.625, 22.375], [88.625, 22.625], [88.375, 22.625], [88.375, 22.375]]]}, "properties": {"time": "2021-05-26T00:00:00", "variable": "ws", "tier": "low", "percentile": 100.0, "z": 6.66, "wind_ms": 10.18, "value": 10.18, "lat": 22.5, "lon": 88.5}}, {"type": "Feature", "geometry": {"type": "Polygon", "coordinates": [[[88.625, 22.375], [88.875, 22.375], [88.875, 22.625], [88.625, 22.625], [88.625, 22.375]]]}, "properties": {"time": "2021-05-26T00:00:00", "variable": "ws", "tier": "low", "percentile": 100.0, "z": 6.18, "wind_ms": 9.63, "value": 9.63, "lat": 22.5, "lon": 88.75}}, {"type": "Feature", "geometry": {"type": "Polygon", "coordinates": [[[88.875, 22.375], [89.125, 22.375], [89.125, 22.625], [88.875, 22.625], [88.875, 22.375]]]}, "properties": {"time": "2021-05-26T00:00:00", "variable": "ws", "tier": "low", "percentile": 100.0, "z": 5.64, "wind_ms": 9.26, "value": 9.26, "lat": 22.5, "lon": 89.0}}, {"type": "Feature", "geometry": {"type": "Polygon", "coordinates": [[[89.125, 22.375], [89.375, 22.375], [89.375, 22.625], [89.125, 22.625], [89.125, 22.375]]]}, "properties": {"time": "2021-05-26T00:00:00", "variable": "ws", "tier": "low", "percentile": 100.0, "z": 5.27, "wind_ms": 9.0, "value": 9.0, "lat": 22.5, "lon": 89.25}}, {"type": "Feature", "geometry": {"type": "Polygon", "coordinates": [[[90.125, 22.375], [90.375, 22.375], [90.375, 22.625], [90.125, 22.625], [90.125, 22.375]]]}, "properties": {"time": "2021-05-26T00:00:00", "variable": "ws", "tier": "low", "percentile": 100.0, "z": 6.44, "wind_ms": 8.79, "value": 8.79, "lat": 22.5, "lon": 90.25}}, {"type": "Feature", "geometry": {"type": "Polygon", "coordinates": [[[90.375, 22.375], [90.625, 22.375], [90.625, 22.625], [90.375, 22.625], [90.375, 22.375]]]}, "properties": {"time": "2021-05-26T00:00:00", "variable": "ws", "tier": "low", "percentile": 100.0, "z": 6.61, "wind_ms": 9.69, "value": 9.69, "lat": 22.5, "lon": 90.5}}, {"type": "Feature", "geometry": {"type": "Polygon", "coordinates": [[[90.625, 22.375], [90.875, 22.375], [90.875, 22.625], [90.625, 22.625], [90.625, 22.375]]]}, "properties": {"time": "2021-05-26T00:00:00", "variable": "ws", "tier": "low", "percentile": 100.0, "z": 6.17, "wind_ms": 11.77, "value": 11.77, "lat": 22.5, "lon": 90.75}}, {"type": "Feature", "geometry": {"type": "Polygon", "coordinates": [[[90.875, 22.375], [91.125, 22.375], [91.125, 22.625], [90.875, 22.625], [90.875, 22.375]]]}, "properties": {"time": "2021-05-26T00:00:00", "variable": "ws", "tier": "low", "percentile": 100.0, "z": 5.74, "wind_ms": 12.41, "value": 12.41, "lat": 22.5, "lon": 91.0}}, {"type": "Feature", "geometry": {"type": "Polygon", "coordinates": [[[91.125, 22.375], [91.375, 22.375], [91.375, 22.625], [91.125, 22.625], [91.125, 22.375]]]}, "properties": {"time": "2021-05-26T00:00:00", "variable": "ws", "tier": "low", "percentile": 100.0, "z": 5.16, "wind_ms": 12.76, "value": 12.76, "lat": 22.5, "lon": 91.25}}, {"type": "Feature", "geometry": {"type": "Polygon", "coordinates": [[[91.375, 22.375], [91.625, 22.375], [91.625, 22.625], [91.375, 22.625], [91.375, 22.375]]]}, "properties": {"time": "2021-05-26T00:00:00", "variable": "ws", "tier": "low", "percentile": 100.0, "z": 4.47, "wind_ms": 12.1, "value": 12.1, "lat": 22.5, "lon": 91.5}}, {"type": "Feature", "geometry": {"type": "Polygon", "coordinates": [[[91.625, 22.375], [91.875, 22.375], [91.875, 22.625], [91.625, 22.625], [91.625, 22.375]]]}, "properties": {"time": "2021-05-26T00:00:00", "variable": "ws", "tier": "low", "percentile": 99.1, "z": 4.23, "wind_ms": 8.72, "value": 8.72, "lat": 22.5, "lon": 91.75}}, {"type": "Feature", "geometry": {"type": "Polygon", "coordinates": [[[86.625, 22.625], [86.875, 22.625], [86.875, 22.875], [86.625, 22.875], [86.625, 22.625]]]}, "properties": {"time": "2021-05-26T00:00:00", "variable": "ws", "tier": "low", "percentile": 100.0, "z": 7.4, "wind_ms": 9.19, "value": 9.19, "lat": 22.75, "lon": 86.75}}, {"type": "Feature", "geometry": {"type": "Polygon", "coordinates": [[[86.875, 22.625], [87.125, 22.625], [87.125, 22.875], [86.875, 22.875], [86.875, 22.625]]]}, "properties": {"time": "2021-05-26T00:00:00", "variable": "ws", "tier": "low", "percentile": 100.0, "z": 7.8, "wind_ms": 9.87, "value": 9.87, "lat": 22.75, "lon": 87.0}}, {"type": "Feature", "geometry": {"type": "Polygon", "coordinates": [[[87.125, 22.625], [87.375, 22.625], [87.375, 22.875], [87.125, 22.875], [87.125, 22.625]]]}, "properties": {"time": "2021-05-26T00:00:00", "variable": "ws", "tier": "low", "percentile": 100.0, "z": 8.06, "wind_ms": 10.47, "value": 10.47, "lat": 22.75, "lon": 87.25}}, {"type": "Feature", "geometry": {"type": "Polygon", "coordinates": [[[87.375, 22.625], [87.625, 22.625], [87.625, 22.875], [87.375, 22.875], [87.375, 22.625]]]}, "properties": {"time": "2021-05-26T00:00:00", "variable": "ws", "tier": "low", "percentile": 100.0, "z": 8.05, "wind_ms": 10.63, "value": 10.63, "lat": 22.75, "lon": 87.5}}, {"type": "Feature", "geometry": {"type": "Polygon", "coordinates": [[[87.625, 22.625], [87.875, 22.625], [87.875, 22.875], [87.625, 22.875], [87.625, 22.625]]]}, "properties": {"time": "2021-05-26T00:00:00", "variable": "ws", "tier": "low", "percentile": 100.0, "z": 7.84, "wind_ms": 10.55, "value": 10.55, "lat": 22.75, "lon": 87.75}}, {"type": "Feature", "geometry": {"type": "Polygon", "coordinates": [[[87.875, 22.625], [88.125, 22.625], [88.125, 22.875], [87.875, 22.875], [87.875, 22.625]]]}, "properties": {"time": "2021-05-26T00:00:00", "variable": "ws", "tier": "low", "percentile": 100.0, "z": 7.63, "wind_ms": 10.4, "value": 10.4, "lat": 22.75, "lon": 88.0}}, {"type": "Feature", "geometry": {"type": "Polygon", "coordinates": [[[88.125, 22.625], [88.375, 22.625], [88.375, 22.875], [88.125, 22.875], [88.125, 22.625]]]}, "properties": {"time": "2021-05-26T00:00:00", "variable": "ws", "tier": "low", "percentile": 100.0, "z": 6.95, "wind_ms": 10.09, "value": 10.09, "lat": 22.75, "lon": 88.25}}, {"type": "Feature", "geometry": {"type": "Polygon", "coordinates": [[[88.375, 22.625], [88.625, 22.625], [88.625, 22.875], [88.375, 22.875], [88.375, 22.625]]]}, "properties": {"time": "2021-05-26T00:00:00", "variable": "ws", "tier": "low", "percentile": 100.0, "z": 6.5, "wind_ms": 9.67, "value": 9.67, "lat": 22.75, "lon": 88.5}}, {"type": "Feature", "geometry": {"type": "Polygon", "coordinates": [[[88.625, 22.625], [88.875, 22.625], [88.875, 22.875], [88.625, 22.875], [88.625, 22.625]]]}, "properties": {"time": "2021-05-26T00:00:00", "variable": "ws", "tier": "low", "percentile": 100.0, "z": 6.1, "wind_ms": 9.24, "value": 9.24, "lat": 22.75, "lon": 88.75}}, {"type": "Feature", "geometry": {"type": "Polygon", "coordinates": [[[88.875, 22.625], [89.125, 22.625], [89.125, 22.875], [88.875, 22.875], [88.875, 22.625]]]}, "properties": {"time": "2021-05-26T00:00:00", "variable": "ws", "tier": "low", "percentile": 100.0, "z": 5.66, "wind_ms": 8.91, "value": 8.91, "lat": 22.75, "lon": 89.0}}, {"type": "Feature", "geometry": {"type": "Polygon", "coordinates": [[[90.375, 22.625], [90.625, 22.625], [90.625, 22.875], [90.375, 22.875], [90.375, 22.625]]]}, "properties": {"time": "2021-05-26T00:00:00", "variable": "ws", "tier": "low", "percentile": 100.0, "z": 6.04, "wind_ms": 9.09, "value": 9.09, "lat": 22.75, "lon": 90.5}}, {"type": "Feature", "geometry": {"type": "Polygon", "coordinates": [[[90.625, 22.625], [90.875, 22.625], [90.875, 22.875], [90.625, 22.875], [90.625, 22.625]]]}, "properties": {"time": "2021-05-26T00:00:00", "variable": "ws", "tier": "low", "percentile": 100.0, "z": 6.13, "wind_ms": 9.29, "value": 9.29, "lat": 22.75, "lon": 90.75}}, {"type": "Feature", "geometry": {"type": "Polygon", "coordinates": [[[90.875, 22.625], [91.125, 22.625], [91.125, 22.875], [90.875, 22.875], [90.875, 22.625]]]}, "properties": {"time": "2021-05-26T00:00:00", "variable": "ws", "tier": "low", "percentile": 100.0, "z": 5.64, "wind_ms": 9.0, "value": 9.0, "lat": 22.75, "lon": 91.0}}, {"type": "Feature", "geometry": {"type": "Polygon", "coordinates": [[[91.125, 22.625], [91.375, 22.625], [91.375, 22.875], [91.125, 22.875], [91.125, 22.625]]]}, "properties": {"time": "2021-05-26T00:00:00", "variable": "ws", "tier": "low", "percentile": 100.0, "z": 4.97, "wind_ms": 8.96, "value": 8.96, "lat": 22.75, "lon": 91.25}}, {"type": "Feature", "geometry": {"type": "Polygon", "coordinates": [[[91.375, 22.625], [91.625, 22.625], [91.625, 22.875], [91.375, 22.875], [91.375, 22.625]]]}, "properties": {"time": "2021-05-26T00:00:00", "variable": "ws", "tier": "low", "percentile": 100.0, "z": 4.16, "wind_ms": 8.86, "value": 8.86, "lat": 22.75, "lon": 91.5}}], "properties": {"thresholds": {"low_z": 1.5, "low_ws": 8.7, "moderate_z": 2.0, "moderate_ws": 17.0, "severe_z": 3.0, "severe_ws": 25.0}, "note": "Tiers: z-score AND wind >= 8.7/17/25 m/s (IMD D/CS/SCS), only inside tracked-object boxes + 1 deg. Adjusted after observing results; not validated against impacts. Per-hour ERA5 reanalysis climatology; single member, not an ensemble EFI."}}