{"type": "FeatureCollection", "features": [{"type": "Feature", "geometry": {"type": "Polygon", "coordinates": [[[86.375, 17.125], [86.625, 17.125], [86.625, 17.375], [86.375, 17.375], [86.375, 17.125]]]}, "properties": {"time": "2021-05-26T00:00:00", "variable": "msl", "tier": "low", "percentile": 99.1, "z": 3.21, "wind_ms": 9.12, "value": 997.12, "lat": 17.25, "lon": 86.5}}, {"type": "Feature", "geometry": {"type": "Polygon", "coordinates": [[[86.625, 17.125], [86.875, 17.125], [86.875, 17.375], [86.625, 17.375], [86.625, 17.125]]]}, "properties": {"time": "2021-05-26T00:00:00", "variable": "msl", "tier": "low", "percentile": 100.0, "z": 3.28, "wind_ms": 10.38, "value": 997.06, "lat": 17.25, "lon": 86.75}}, {"type": "Feature", "geometry": {"type": "Polygon", "coordinates": [[[86.875, 17.125], [87.125, 17.125], [87.125, 17.375], [86.875, 17.375], [86.875, 17.125]]]}, "properties": {"time": "2021-05-26T00:00:00", "variable": "msl", "tier": "low", "percentile": 100.0, "z": 3.4, "wind_ms": 11.21, "value": 996.87, "lat": 17.25, "lon": 87.0}}, {"type": "Feature", "geometry": {"type": "Polygon", "coordinates": [[[87.125, 17.125], [87.375, 17.125], [87.375, 17.375], [87.125, 17.375], [87.125, 17.125]]]}, "properties": {"time": "2021-05-26T00:00:00", "variable": "msl", "tier": "low", "percentile": 100.0, "z": 3.55, "wind_ms": 11.45, "value": 996.6, "lat": 17.25, "lon": 87.25}}, {"type": "Feature", "geometry": {"type": "Polygon", "coordinates": [[[87.375, 17.125], [87.625, 17.125], [87.625, 17.375], [87.375, 17.375], [87.375, 17.125]]]}, "properties": {"time": "2021-05-26T00:00:00", "variable": "msl", "tier": "low", "percentile": 100.0, "z": 3.63, "wind_ms": 11.59, "value": 996.47, "lat": 17.25, "lon": 87.5}}, {"type": "Feature", "geometry": {"type": "Polygon", "coordinates": [[[87.625, 17.125], [87.875, 17.125], [87.875, 17.375], [87.625, 17.375], [87.625, 17.125]]]}, "properties": {"time": "2021-05-26T00:00:00", "variable": "msl", "tier": "low", "percentile": 100.0, "z": 3.66, "wind_ms": 11.59, "value": 996.49, "lat": 17.25, "lon": 87.75}}, {"type": "Feature", "geometry": {"type": "Polygon", "coordinates": [[[87.875, 17.125], [88.125, 17.125], [88.125, 17.375], [87.875, 17.375], [87.875, 17.125]]]}, "properties": {"time": "2021-05-26T00:00:00", "variable": "msl", "tier": "low", "percentile": 100.0, "z": 3.64, "wind_ms": 11.76, "value": 996.61, "lat": 17.25, "lon": 88.0}}, {"type": "Feature", "geometry": {"type": "Polygon", "coordinates": [[[88.125, 17.125], [88.375, 17.125], [88.375, 17.375], [88.125, 17.375], [88.125, 17.125]]]}, "properties": {"time": "2021-05-26T00:00:00", "variable": "msl", "tier": "low", "percentile": 100.0, "z": 3.55, "wind_ms": 11.94, "value": 996.91, "lat": 17.25, "lon": 88.25}}, {"type": "Feature", "geometry": {"type": "Polygon", "coordinates": [[[88.375, 17.125], [88.625, 17.125], [88.625, 17.375], [88.375, 17.375], [88.375, 17.125]]]}, "properties": {"time": "2021-05-26T00:00:00", "variable": "msl", "tier": "low", "percentile": 100.0, "z": 3.45, "wind_ms": 12.14, "value": 997.23, "lat": 17.25, "lon": 88.5}}, {"type": "Feature", "geometry": {"type": "Polygon", "coordinates": [[[88.625, 17.125], [88.875, 17.125], [88.875, 17.375], [88.625, 17.375], [88.625, 17.125]]]}, "properties": {"time": "2021-05-26T00:00:00", "variable": "msl", "tier": "low", "percentile": 99.1, "z": 3.37, "wind_ms": 12.18, "value": 997.49, "lat": 17.25, "lon": 88.75}}, {"type": "Feature", "geometry": {"type": "Polygon", "coordinates": [[[88.875, 17.125], [89.125, 17.125], [89.125, 17.375], [88.875, 17.375], [88.875, 17.125]]]}, "properties": {"time": "2021-05-26T00:00:00", "variable": "msl", "tier": "low", "percentile": 99.1, "z": 3.29, "wind_ms": 11.87, "value": 997.7, "lat": 17.25, "lon": 89.0}}, {"type": "Feature", "geometry": {"type": "Polygon", "coordinates": [[[89.125, 17.125], [89.375, 17.125], [89.375, 17.375], [89.125, 17.375], [89.125, 17.125]]]}, "properties": {"time": "2021-05-26T00:00:00", "variable": "msl", "tier": "low", "percentile": 99.1, "z": 3.25, "wind_ms": 11.53, "value": 997.81, "lat": 17.25, "lon": 89.25}}, {"type": "Feature", "geometry": {"type": "Polygon", "coordinates": [[[89.375, 17.125], [89.625, 17.125], [89.625, 17.375], [89.375, 17.375], [89.375, 17.125]]]}, "properties": {"time": "2021-05-26T00:00:00", "variable": "msl", "tier": "low", "percentile": 99.1, "z": 3.19, "wind_ms": 11.21, "value": 997.88, "lat": 17.25, "lon": 89.5}}, {"type": "Feature", "geometry": {"type": "Polygon", "coordinates": [[[89.625, 17.125], [89.875, 17.125], [89.875, 17.375], [89.625, 17.375], [89.625, 17.125]]]}, "properties": {"time": "2021-05-26T00:00:00", "variable": "msl", "tier": "low", "percentile": 99.1, "z": 3.12, "wind_ms": 11.6, "value": 997.99, "lat": 17.25, "lon": 89.75}}, {"type": "Feature", "geometry": {"type": "Polygon", "coordinates": [[[89.875, 17.125], [90.125, 17.125], [90.125, 17.375], [89.875, 17.375], [89.875, 17.125]]]}, "properties": {"time": "2021-05-26T00:00:00", "variable": "msl", "tier": "low", "percentile": 99.1, "z": 3.01, "wind_ms": 12.11, "value": 998.18, "lat": 17.25, "lon": 90.0}}, {"type": "Feature", "geometry": {"type": "Polygon", "coordinates": [[[90.125, 17.125], [90.375, 17.125], [90.375, 17.375], [90.125, 17.375], [90.125, 17.125]]]}, "properties": {"time": "2021-05-26T00:00:00", "variable": "msl", "tier": "low", "percentile": 99.1, "z": 2.91, "wind_ms": 12.33, "value": 998.42, "lat": 17.25, "lon": 90.25}}, {"type": "Feature", "geometry": {"type": "Polygon", "coordinates": [[[90.375, 17.125], [90.625, 17.125], [90.625, 17.375], [90.375, 17.375], [90.375, 17.125]]]}, "properties": {"time": "2021-05-26T00:00:00", "variable": "msl", "tier": "low", "percentile": 99.1, "z": 2.82, "wind_ms": 12.26, "value": 998.6, "lat": 17.25, "lon": 90.5}}, {"type": "Feature", "geometry": {"type": "Polygon", "coordinates": [[[90.625, 17.125], [90.875, 17.125], [90.875, 17.375], [90.625, 17.375], [90.625, 17.125]]]}, "properties": {"time": "2021-05-26T00:00:00", "variable": "msl", "tier": "low", "percentile": 98.3, "z": 2.74, "wind_ms": 12.14, "value": 998.81, "lat": 17.25, "lon": 90.75}}, {"type": "Feature", "geometry": {"type": "Polygon", "coordinates": [[[90.875, 17.125], [91.125, 17.125], [91.125, 17.375], [90.875, 17.375], [90.875, 17.125]]]}, "properties": {"time": "2021-05-26T00:00:00", "variable": "msl", "tier": "low", "percentile": 98.3, "z": 2.67, "wind_ms": 12.38, "value": 999.04, "lat": 17.25, "lon": 91.0}}, {"type": "Feature", "geometry": {"type": "Polygon", "coordinates": [[[86.125, 17.375], [86.375, 17.375], [86.375, 17.625], [86.125, 17.625], [86.125, 17.375]]]}, "properties": {"time": "2021-05-26T00:00:00", "variable": "msl", "tier": "low", "percentile": 99.1, "z": 3.42, "wind_ms": 9.25, "value": 996.27, "lat": 17.5, "lon": 86.25}}, {"type": "Feature", "geometry": {"type": "Polygon", "coordinates": [[[86.375, 17.375], [86.625, 17.375], [86.625, 17.625], [86.375, 17.625], [86.375, 17.375]]]}, "properties": {"time": "2021-05-26T00:00:00", "variable": "msl", "tier": "low", "percentile": 100.0, "z": 3.52, "wind_ms": 10.59, "value": 996.15, "lat": 17.5, "lon": 86.5}}, {"type": "Feature", "geometry": {"type": "Polygon", "coordinates": [[[86.625, 17.375], [86.875, 17.375], [86.875, 17.625], [86.625, 17.625], [86.625, 17.375]]]}, "properties": {"time": "2021-05-26T00:00:00", "variable": "msl", "tier": "low", "percentile": 100.0, "z": 3.62, "wind_ms": 11.74, "value": 996.05, "lat": 17.5, "lon": 86.75}}, {"type": "Feature", "geometry": {"type": "Polygon", "coordinates": [[[86.875, 17.375], [87.125, 17.375], [87.125, 17.625], [86.875, 17.625], [86.875, 17.375]]]}, "properties": {"time": "2021-05-26T00:00:00", "variable": "msl", "tier": "low", "percentile": 100.0, "z": 3.72, "wind_ms": 12.51, "value": 995.9, "lat": 17.5, "lon": 87.0}}, {"type": "Feature", "geometry": {"type": "Polygon", "coordinates": [[[87.125, 17.375], [87.375, 17.375], [87.375, 17.625], [87.125, 17.625], [87.125, 17.375]]]}, "properties": {"time": "2021-05-26T00:00:00", "variable": "msl", "tier": "low", "percentile": 100.0, "z": 3.84, "wind_ms": 12.92, "value": 995.74, "lat": 17.5, "lon": 87.25}}, {"type": "Feature", "geometry": {"type": "Polygon", "coordinates": [[[87.375, 17.375], [87.625, 17.375], [87.625, 17.625], [87.375, 17.625], [87.375, 17.375]]]}, "properties": {"time": "2021-05-26T00:00:00", "variable": "msl", "tier": "low", "percentile": 100.0, "z": 3.9, "wind_ms": 13.22, "value": 995.7, "lat": 17.5, "lon": 87.5}}, {"type": "Feature", "geometry": {"type": "Polygon", "coordinates": [[[87.625, 17.375], [87.875, 17.375], [87.875, 17.625], [87.625, 17.625], [87.625, 17.375]]]}, "properties": {"time": "2021-05-26T00:00:00", "variable": "msl", "tier": "low", "percentile": 100.0, "z": 3.92, "wind_ms": 13.29, "value": 995.72, "lat": 17.5, "lon": 87.75}}, {"type": "Feature", "geometry": {"type": "Polygon", "coordinates": [[[87.875, 17.375], [88.125, 17.375], [88.125, 17.625], [87.875, 17.625], [87.875, 17.375]]]}, "properties": {"time": "2021-05-26T00:00:00", "variable": "msl", "tier": "low", "percentile": 100.0, "z": 3.91, "wind_ms": 13.53, "value": 995.84, "lat": 17.5, "lon": 88.0}}, {"type": "Feature", "geometry": {"type": "Polygon", "coordinates": [[[88.125, 17.375], [88.375, 17.375], [88.375, 17.625], [88.125, 17.625], [88.125, 17.375]]]}, "properties": {"time": "2021-05-26T00:00:00", "variable": "msl", "tier": "low", "percentile": 100.0, "z": 3.84, "wind_ms": 13.78, "value": 996.08, "lat": 17.5, "lon": 88.25}}, {"type": "Feature", "geometry": {"type": "Polygon", "coordinates": [[[88.375, 17.375], [88.625, 17.375], [88.625, 17.625], [88.375, 17.625], [88.375, 17.375]]]}, "properties": {"time": "2021-05-26T00:00:00", "variable": "msl", "tier": "low", "percentile": 100.0, "z": 3.74, "wind_ms": 14.02, "value": 996.4, "lat": 17.5, "lon": 88.5}}, {"type": "Feature", "geometry": {"type": "Polygon", "coordinates": [[[88.625, 17.375], [88.875, 17.375], [88.875, 17.625], [88.625, 17.625], [88.625, 17.375]]]}, "properties": {"time": "2021-05-26T00:00:00", "variable": "msl", "tier": "low", "percentile": 100.0, "z": 3.63, "wind_ms": 14.06, "value": 996.74, "lat": 17.5, "lon": 88.75}}, {"type": "Feature", "geometry": {"type": "Polygon", "coordinates": [[[88.875, 17.375], [89.125, 17.375], [89.125, 17.625], [88.875, 17.625], [88.875, 17.375]]]}, "properties": {"time": "2021-05-26T00:00:00", "variable": "msl", "tier": "low", "percentile": 99.1, "z": 3.53, "wind_ms": 13.79, "value": 997.02, "lat": 17.5, "lon": 89.0}}, {"type": "Feature", "geometry": {"type": "Polygon", "coordinates": [[[89.125, 17.375], [89.375, 17.375], [89.375, 17.625], [89.125, 17.625], [89.125, 17.375]]]}, "properties": {"time": "2021-05-26T00:00:00", "variable": "msl", "tier": "low", "percentile": 99.1, "z": 3.42, "wind_ms": 13.38, "value": 997.32, "lat": 17.5, "lon": 89.25}}, {"type": "Feature", "geometry": {"type": "Polygon", "coordinates": [[[89.375, 17.375], [89.625, 17.375], [89.625, 17.625], [89.375, 17.625], [89.375, 17.375]]]}, "properties": {"time": "2021-05-26T00:00:00", "variable": "msl", "tier": "low", "percentile": 99.1, "z": 3.33, "wind_ms": 13.0, "value": 997.48, "lat": 17.5, "lon": 89.5}}, {"type": "Feature", "geometry": {"type": "Polygon", "coordinates": [[[89.625, 17.375], [89.875, 17.375], [89.875, 17.625], [89.625, 17.625], [89.625, 17.375]]]}, "properties": {"time": "2021-05-26T00:00:00", "variable": "msl", "tier": "low", "percentile": 99.1, "z": 3.22, "wind_ms": 12.35, "value": 997.71, "lat": 17.5, "lon": 89.75}}, {"type": "Feature", "geometry": {"type": "Polygon", "coordinates": [[[89.875, 17.375], [90.125, 17.375], [90.125, 17.625], [89.875, 17.625], [89.875, 17.375]]]}, "properties": {"time": "2021-05-26T00:00:00", "variable": "msl", "tier": "low", "percentile": 99.1, "z": 3.1, "wind_ms": 12.27, "value": 997.91, "lat": 17.5, "lon": 90.0}}, {"type": "Feature", "geometry": {"type": "Polygon", "coordinates": [[[90.125, 17.375], [90.375, 17.375], [90.375, 17.625], [90.125, 17.625], [90.125, 17.375]]]}, "properties": {"time": "2021-05-26T00:00:00", "variable": "msl", "tier": "low", "percentile": 99.1, "z": 2.97, "wind_ms": 12.17, "value": 998.17, "lat": 17.5, "lon": 90.25}}, {"type": "Feature", "geometry": {"type": "Polygon", "coordinates": [[[90.375, 17.375], [90.625, 17.375], [90.625, 17.625], [90.375, 17.625], [90.375, 17.375]]]}, "properties": {"time": "2021-05-26T00:00:00", "variable": "msl", "tier": "low", "percentile": 99.1, "z": 2.85, "wind_ms": 11.87, "value": 998.41, "lat": 17.5, "lon": 90.5}}, {"type": "Feature", "geometry": {"type": "Polygon", "coordinates": [[[90.625, 17.375], [90.875, 17.375], [90.875, 17.625], [90.625, 17.625], [90.625, 17.375]]]}, "properties": {"time": "2021-05-26T00:00:00", "variable": "msl", "tier": "low", "percentile": 98.3, "z": 2.77, "wind_ms": 11.63, "value": 998.62, "lat": 17.5, "lon": 90.75}}, {"type": "Feature", "geometry": {"type": "Polygon", "coordinates": [[[90.875, 17.375], [91.125, 17.375], [91.125, 17.625], [90.875, 17.625], [90.875, 17.375]]]}, "properties": {"time": "2021-05-26T00:00:00", "variable": "msl", "tier": "low", "percentile": 98.3, "z": 2.7, "wind_ms": 11.7, "value": 998.86, "lat": 17.5, "lon": 91.0}}, {"type": "Feature", "geometry": {"type": "Polygon", "coordinates": [[[85.875, 17.625], [86.125, 17.625], [86.125, 17.875], [85.875, 17.875], [85.875, 17.625]]]}, "properties": {"time": "2021-05-26T00:00:00", "variable": "msl", "tier": "low", "percentile": 99.1, "z": 3.61, "wind_ms": 10.23, "value": 995.54, "lat": 17.75, "lon": 86.0}}, {"type": "Feature", "geometry": {"type": "Polygon", "coordinates": [[[86.125, 17.625], [86.375, 17.625], [86.375, 17.875], [86.125, 17.875], [86.125, 17.625]]]}, "properties": {"time": "2021-05-26T00:00:00", "variable": "msl", "tier": "low", "percentile": 100.0, "z": 3.75, "wind_ms": 11.4, "value": 995.32, "lat": 17.75, "lon": 86.25}}, {"type": "Feature", "geometry": {"type": "Polygon", "coordinates": [[[86.375, 17.625], [86.625, 17.625], [86.625, 17.875], [86.375, 17.875], [86.375, 17.625]]]}, "properties": {"time": "2021-05-26T00:00:00", "variable": "msl", "tier": "low", "percentile": 100.0, "z": 3.87, "wind_ms": 12.65, "value": 995.17, "lat": 17.75, "lon": 86.5}}, {"type": "Feature", "geometry": {"type": "Polygon", "coordinates": [[[86.625, 17.625], [86.875, 17.625], [86.875, 17.875], [86.625, 17.875], [86.625, 17.625]]]}, "properties": {"time": "2021-05-26T00:00:00", "variable": "msl", "tier": "low", "percentile": 100.0, "z": 3.98, "wind_ms": 13.29, "value": 995.02, "lat": 17.75, "lon": 86.75}}, {"type": "Feature", "geometry": {"type": "Polygon", "coordinates": [[[86.875, 17.625], [87.125, 17.625], [87.125, 17.875], [86.875, 17.875], [86.875, 17.625]]]}, "properties": {"time": "2021-05-26T00:00:00", "variable": "msl", "tier": "low", "percentile": 100.0, "z": 4.09, "wind_ms": 13.93, "value": 994.89, "lat": 17.75, "lon": 87.0}}, {"type": "Feature", "geometry": {"type": "Polygon", "coordinates": [[[87.125, 17.625], [87.375, 17.625], [87.375, 17.875], [87.125, 17.875], [87.125, 17.625]]]}, "properties": {"time": "2021-05-26T00:00:00", "variable": "msl", "tier": "low", "percentile": 100.0, "z": 4.16, "wind_ms": 14.07, "value": 994.85, "lat": 17.75, "lon": 87.25}}, {"type": "Feature", "geometry": {"type": "Polygon", "coordinates": [[[87.375, 17.625], [87.625, 17.625], [87.625, 17.875], [87.375, 17.875], [87.375, 17.625]]]}, "properties": {"time": "2021-05-26T00:00:00", "variable": "msl", "tier": "low", "percentile": 100.0, "z": 4.22, "wind_ms": 14.28, "value": 994.81, "lat": 17.75, "lon": 87.5}}, {"type": "Feature", "geometry": {"type": "Polygon", "coordinates": [[[87.625, 17.625], [87.875, 17.625], [87.875, 17.875], [87.625, 17.875], [87.625, 17.625]]]}, "properties": {"time": "2021-05-26T00:00:00", "variable": "msl", "tier": "low", "percentile": 100.0, "z": 4.24, "wind_ms": 14.48, "value": 994.85, "lat": 17.75, "lon": 87.75}}, {"type": "Feature", "geometry": {"type": "Polygon", "coordinates": [[[87.875, 17.625], [88.125, 17.625], [88.125, 17.875], [87.875, 17.875], [87.875, 17.625]]]}, "properties": {"time": "2021-05-26T00:00:00", "variable": "msl", "tier": "low", "percentile": 100.0, "z": 4.22, "wind_ms": 14.87, "value": 994.99, "lat": 17.75, "lon": 88.0}}, {"type": "Feature", "geometry": {"type": "Polygon", "coordinates": [[[88.125, 17.625], [88.375, 17.625], [88.375, 17.875], [88.125, 17.875], [88.125, 17.625]]]}, "properties": {"time": "2021-05-26T00:00:00", "variable": "msl", "tier": "low", "percentile": 100.0, "z": 4.15, "wind_ms": 15.19, "value": 995.22, "lat": 17.75, "lon": 88.25}}, {"type": "Feature", "geometry": {"type": "Polygon", "coordinates": [[[88.375, 17.625], [88.625, 17.625], [88.625, 17.875], [88.375, 17.875], [88.375, 17.625]]]}, "properties": {"time": "2021-05-26T00:00:00", "variable": "msl", "tier": "low", "percentile": 100.0, "z": 4.05, "wind_ms": 15.6, "value": 995.54, "lat": 17.75, "lon": 88.5}}, {"type": "Feature", "geometry": {"type": "Polygon", "coordinates": [[[88.625, 17.625], [88.875, 17.625], [88.875, 17.875], [88.625, 17.875], [88.625, 17.625]]]}, "properties": {"time": "2021-05-26T00:00:00", "variable": "msl", "tier": "low", "percentile": 100.0, "z": 3.93, "wind_ms": 15.68, "value": 995.9, "lat": 17.75, "lon": 88.75}}, {"type": "Feature", "geometry": {"type": "Polygon", "coordinates": [[[88.875, 17.625], [89.125, 17.625], [89.125, 17.875], [88.875, 17.875], [88.875, 17.625]]]}, "properties": {"time": "2021-05-26T00:00:00", "variable": "msl", "tier": "low", "percentile": 100.0, "z": 3.79, "wind_ms": 15.61, "value": 996.28, "lat": 17.75, "lon": 89.0}}, {"type": "Feature", "geometry": {"type": "Polygon", "coordinates": [[[89.125, 17.625], [89.375, 17.625], [89.375, 17.875], [89.125, 17.875], [89.125, 17.625]]]}, "properties": {"time": "2021-05-26T00:00:00", "variable": "msl", "tier": "low", "percentile": 99.1, "z": 3.67, "wind_ms": 15.2, "value": 996.6, "lat": 17.75, "lon": 89.25}}, {"type": "Feature", "geometry": {"type": "Polygon", "coordinates": [[[89.375, 17.625], [89.625, 17.625], [89.625, 17.875], [89.375, 17.875], [89.375, 17.625]]]}, "properties": {"time": "2021-05-26T00:00:00", "variable": "msl", "tier": "low", "percentile": 99.1, "z": 3.51, "wind_ms": 14.66, "value": 996.94, "lat": 17.75, "lon": 89.5}}, {"type": "Feature", "geometry": {"type": "Polygon", "coordinates": [[[89.625, 17.625], [89.875, 17.625], [89.875, 17.875], [89.625, 17.875], [89.625, 17.625]]]}, "properties": {"time": "2021-05-26T00:00:00", "variable": "msl", "tier": "low", "percentile": 99.1, "z": 3.38, "wind_ms": 13.98, "value": 997.23, "lat": 17.75, "lon": 89.75}}, {"type": "Feature", "geometry": {"type": "Polygon", "coordinates": [[[89.875, 17.625], [90.125, 17.625], [90.125, 17.875], [89.875, 17.875], [89.875, 17.625]]]}, "properties": {"time": "2021-05-26T00:00:00", "variable": "msl", "tier": "low", "percentile": 99.1, "z": 3.23, "wind_ms": 13.3, "value": 997.56, "lat": 17.75, "lon": 90.0}}, {"type": "Feature", "geometry": {"type": "Polygon", "coordinates": [[[90.125, 17.625], [90.375, 17.625], [90.375, 17.875], [90.125, 17.875], [90.125, 17.625]]]}, "properties": {"time": "2021-05-26T00:00:00", "variable": "msl", "tier": "low", "percentile": 99.1, "z": 3.06, "wind_ms": 12.69, "value": 997.92, "lat": 17.75, "lon": 90.25}}, {"type": "Feature", "geometry": {"type": "Polygon", "coordinates": [[[90.375, 17.625], [90.625, 17.625], [90.625, 17.875], [90.375, 17.875], [90.375, 17.625]]]}, "properties": {"time": "2021-05-26T00:00:00", "variable": "msl", "tier": "low", "percentile": 99.1, "z": 2.92, "wind_ms": 12.31, "value": 998.21, "lat": 17.75, "lon": 90.5}}, {"type": "Feature", "geometry": {"type": "Polygon", "coordinates": [[[90.625, 17.625], [90.875, 17.625], [90.875, 17.875], [90.625, 17.875], [90.625, 17.625]]]}, "properties": {"time": "2021-05-26T00:00:00", "variable": "msl", "tier": "low", "percentile": 99.1, "z": 2.81, "wind_ms": 11.66, "value": 998.51, "lat": 17.75, "lon": 90.75}}, {"type": "Feature", "geometry": {"type": "Polygon", "coordinates": [[[90.875, 17.625], [91.125, 17.625], [91.125, 17.875], [90.875, 17.875], [90.875, 17.625]]]}, "properties": {"time": "2021-05-26T00:00:00", "variable": "msl", "tier": "low", "percentile": 98.3, "z": 2.73, "wind_ms": 11.64, "value": 998.74, "lat": 17.75, "lon": 91.0}}, {"type": "Feature", "geometry": {"type": "Polygon", "coordinates": [[[85.375, 17.875], [85.625, 17.875], [85.625, 18.125], [85.375, 18.125], [85.375, 17.875]]]}, "properties": {"time": "2021-05-26T00:00:00", "variable": "msl", "tier": "low", "percentile": 99.1, "z": 3.73, "wind_ms": 11.11, "value": 994.79, "lat": 18.0, "lon": 85.5}}, {"type": "Feature", "geometry": {"type": "Polygon", "coordinates": [[[85.625, 17.875], [85.875, 17.875], [85.875, 18.125], [85.625, 18.125], [85.625, 17.875]]]}, "properties": {"time": "2021-05-26T00:00:00", "variable": "msl", "tier": "low", "percentile": 99.1, "z": 3.88, "wind_ms": 12.71, "value": 994.57, "lat": 18.0, "lon": 85.75}}, {"type": "Feature", "geometry": {"type": "Polygon", "coordinates": [[[85.875, 17.875], [86.125, 17.875], [86.125, 18.125], [85.875, 18.125], [85.875, 17.875]]]}, "properties": {"time": "2021-05-26T00:00:00", "variable": "msl", "tier": "low", "percentile": 100.0, "z": 4.02, "wind_ms": 13.88, "value": 994.4, "lat": 18.0, "lon": 86.0}}, {"type": "Feature", "geometry": {"type": "Polygon", "coordinates": [[[86.125, 17.875], [86.375, 17.875], [86.375, 18.125], [86.125, 18.125], [86.125, 17.875]]]}, "properties": {"time": "2021-05-26T00:00:00", "variable": "msl", "tier": "low", "percentile": 100.0, "z": 4.15, "wind_ms": 15.0, "value": 994.23, "lat": 18.0, "lon": 86.25}}, {"type": "Feature", "geometry": {"type": "Polygon", "coordinates": [[[86.375, 17.875], [86.625, 17.875], [86.625, 18.125], [86.375, 18.125], [86.375, 17.875]]]}, "properties": {"time": "2021-05-26T00:00:00", "variable": "msl", "tier": "low", "percentile": 100.0, "z": 4.22, "wind_ms": 15.52, "value": 994.16, "lat": 18.0, "lon": 86.5}}, {"type": "Feature", "geometry": {"type": "Polygon", "coordinates": [[[86.625, 17.875], [86.875, 17.875], [86.875, 18.125], [86.625, 18.125], [86.625, 17.875]]]}, "properties": {"time": "2021-05-26T00:00:00", "variable": "msl", "tier": "low", "percentile": 100.0, "z": 4.34, "wind_ms": 16.19, "value": 994.01, "lat": 18.0, "lon": 86.75}}, {"type": "Feature", "geometry": {"type": "Polygon", "coordinates": [[[86.875, 17.875], [87.125, 17.875], [87.125, 18.125], [86.875, 18.125], [86.875, 17.875]]]}, "properties": {"time": "2021-05-26T00:00:00", "variable": "msl", "tier": "low", "percentile": 100.0, "z": 4.42, "wind_ms": 16.35, "value": 993.95, "lat": 18.0, "lon": 87.0}}, {"type": "Feature", "geometry": {"type": "Polygon", "coordinates": [[[87.125, 17.875], [87.375, 17.875], [87.375, 18.125], [87.125, 18.125], [87.125, 17.875]]]}, "properties": {"time": "2021-05-26T00:00:00", "variable": "msl", "tier": "low", "percentile": 100.0, "z": 4.49, "wind_ms": 16.32, "value": 993.91, "lat": 18.0, "lon": 87.25}}, {"type": "Feature", "geometry": {"type": "Polygon", "coordinates": [[[87.375, 17.875], [87.625, 17.875], [87.625, 18.125], [87.375, 18.125], [87.375, 17.875]]]}, "properties": {"time": "2021-05-26T00:00:00", "variable": "msl", "tier": "low", "percentile": 100.0, "z": 4.52, "wind_ms": 16.06, "value": 993.97, "lat": 18.0, "lon": 87.5}}, {"type": "Feature", "geometry": {"type": "Polygon", "coordinates": [[[87.625, 17.875], [87.875, 17.875], [87.875, 18.125], [87.625, 18.125], [87.625, 17.875]]]}, "properties": {"time": "2021-05-26T00:00:00", "variable": "msl", "tier": "low", "percentile": 100.0, "z": 4.53, "wind_ms": 15.92, "value": 994.05, "lat": 18.0, "lon": 87.75}}, {"type": "Feature", "geometry": {"type": "Polygon", "coordinates": [[[87.875, 17.875], [88.125, 17.875], [88.125, 18.125], [87.875, 18.125], [87.875, 17.875]]]}, "properties": {"time": "2021-05-26T00:00:00", "variable": "msl", "tier": "low", "percentile": 100.0, "z": 4.51, "wind_ms": 16.11, "value": 994.18, "lat": 18.0, "lon": 88.0}}, {"type": "Feature", "geometry": {"type": "Polygon", "coordinates": [[[88.125, 17.875], [88.375, 17.875], [88.375, 18.125], [88.125, 18.125], [88.125, 17.875]]]}, "properties": {"time": "2021-05-26T00:00:00", "variable": "msl", "tier": "low", "percentile": 100.0, "z": 4.44, "wind_ms": 16.32, "value": 994.41, "lat": 18.0, "lon": 88.25}}, {"type": "Feature", "geometry": {"type": "Polygon", "coordinates": [[[88.375, 17.875], [88.625, 17.875], [88.625, 18.125], [88.375, 18.125], [88.375, 17.875]]]}, "properties": {"time": "2021-05-26T00:00:00", "variable": "msl", "tier": "low", "percentile": 100.0, "z": 4.34, "wind_ms": 16.65, "value": 994.72, "lat": 18.0, "lon": 88.5}}, {"type": "Feature", "geometry": {"type": "Polygon", "coordinates": [[[88.625, 17.875], [88.875, 17.875], [88.875, 18.125], [88.625, 18.125], [88.625, 17.875]]]}, "properties": {"time": "2021-05-26T00:00:00", "variable": "msl", "tier": "low", "percentile": 100.0, "z": 4.2, "wind_ms": 16.81, "value": 995.11, "lat": 18.0, "lon": 88.75}}, {"type": "Feature", "geometry": {"type": "Polygon", "coordinates": [[[88.875, 17.875], [89.125, 17.875], [89.125, 18.125], [88.875, 18.125], [88.875, 17.875]]]}, "properties": {"time": "2021-05-26T00:00:00", "variable": "msl", "tier": "low", "percentile": 100.0, "z": 4.06, "wind_ms": 16.73, "value": 995.49, "lat": 18.0, "lon": 89.0}}, {"type": "Feature", "geometry": {"type": "Polygon", "coordinates": [[[89.125, 17.875], [89.375, 17.875], [89.375, 18.125], [89.125, 18.125], [89.125, 17.875]]]}, "properties": {"time": "2021-05-26T00:00:00", "variable": "msl", "tier": "low", "percentile": 100.0, "z": 3.89, "wind_ms": 16.61, "value": 995.96, "lat": 18.0, "lon": 89.25}}, {"type": "Feature", "geometry": {"type": "Polygon", "coordinates": [[[89.375, 17.875], [89.625, 17.875], [89.625, 18.125], [89.375, 18.125], [89.375, 17.875]]]}, "properties": {"time": "2021-05-26T00:00:00", "variable": "msl", "tier": "low", "percentile": 99.1, "z": 3.73, "wind_ms": 16.15, "value": 996.34, "lat": 18.0, "lon": 89.5}}, {"type": "Feature", "geometry": {"type": "Polygon", "coordinates": [[[89.625, 17.875], [89.875, 17.875], [89.875, 18.125], [89.625, 18.125], [89.625, 17.875]]]}, "properties": {"time": "2021-05-26T00:00:00", "variable": "msl", "tier": "low", "percentile": 99.1, "z": 3.56, "wind_ms": 15.53, "value": 996.74, "lat": 18.0, "lon": 89.75}}, {"type": "Feature", "geometry": {"type": "Polygon", "coordinates": [[[89.875, 17.875], [90.125, 17.875], [90.125, 18.125], [89.875, 18.125], [89.875, 17.875]]]}, "properties": {"time": "2021-05-26T00:00:00", "variable": "msl", "tier": "low", "percentile": 99.1, "z": 3.38, "wind_ms": 14.67, "value": 997.14, "lat": 18.0, "lon": 90.0}}, {"type": "Feature", "geometry": {"type": "Polygon", "coordinates": [[[90.125, 17.875], [90.375, 17.875], [90.375, 18.125], [90.125, 18.125], [90.125, 17.875]]]}, "properties": {"time": "2021-05-26T00:00:00", "variable": "msl", "tier": "low", "percentile": 99.1, "z": 3.19, "wind_ms": 13.82, "value": 997.56, "lat": 18.0, "lon": 90.25}}, {"type": "Feature", "geometry": {"type": "Polygon", "coordinates": [[[90.375, 17.875], [90.625, 17.875], [90.625, 18.125], [90.375, 18.125], [90.375, 17.875]]]}, "properties": {"time": "2021-05-26T00:00:00", "variable": "msl", "tier": "low", "percentile": 99.1, "z": 3.01, "wind_ms": 13.1, "value": 997.95, "lat": 18.0, "lon": 90.5}}, {"type": "Feature", "geometry": {"type": "Polygon", "coordinates": [[[90.625, 17.875], [90.875, 17.875], [90.875, 18.125], [90.625, 18.125], [90.625, 17.875]]]}, "properties": {"time": "2021-05-26T00:00:00", "variable": "msl", "tier": "low", "percentile": 99.1, "z": 2.88, "wind_ms": 12.45, "value": 998.28, "lat": 18.0, "lon": 90.75}}, {"type": "Feature", "geometry": {"type": "Polygon", "coordinates": [[[90.875, 17.875], [91.125, 17.875], [91.125, 18.125], [90.875, 18.125], [90.875, 17.875]]]}, "properties": {"time": "2021-05-26T00:00:00", "variable": "msl", "tier": "low", "percentile": 98.3, "z": 2.77, "wind_ms": 11.84, "value": 998.61, "lat": 18.0, "lon": 91.0}}, {"type": "Feature", "geometry": {"type": "Polygon", "coordinates": [[[85.375, 18.125], [85.625, 18.125], [85.625, 18.375], [85.375, 18.375], [85.375, 18.125]]]}, "properties": {"time": "2021-05-26T00:00:00", "variable": "msl", "tier": "low", "percentile": 99.1, "z": 4.08, "wind_ms": 13.53, "value": 993.86, "lat": 18.25, "lon": 85.5}}, {"type": "Feature", "geometry": {"type": "Polygon", "coordinates": [[[85.625, 18.125], [85.875, 18.125], [85.875, 18.375], [85.625, 18.375], [85.625, 18.125]]]}, "properties": {"time": "2021-05-26T00:00:00", "variable": "msl", "tier": "low", "percentile": 100.0, "z": 4.27, "wind_ms": 14.76, "value": 993.55, "lat": 18.25, "lon": 85.75}}, {"type": "Feature", "geometry": {"type": "Polygon", "coordinates": [[[85.875, 18.125], [86.125, 18.125], [86.125, 18.375], [85.875, 18.375], [85.875, 18.125]]]}, "properties": {"time": "2021-05-26T00:00:00", "variable": "msl", "tier": "low", "percentile": 100.0, "z": 4.4, "wind_ms": 15.98, "value": 993.38, "lat": 18.25, "lon": 86.0}}, {"type": "Feature", "geometry": {"type": "Polygon", "coordinates": [[[86.125, 18.125], [86.375, 18.125], [86.375, 18.375], [86.125, 18.375], [86.125, 18.125]]]}, "properties": {"time": "2021-05-26T00:00:00", "variable": "msl", "tier": "low", "percentile": 100.0, "z": 4.5, "wind_ms": 16.86, "value": 993.29, "lat": 18.25, "lon": 86.25}}, {"type": "Feature", "geometry": {"type": "Polygon", "coordinates": [[[86.375, 18.125], [86.625, 18.125], [86.625, 18.375], [86.375, 18.375], [86.375, 18.125]]]}, "properties": {"time": "2021-05-26T00:00:00", "variable": "msl", "tier": "moderate", "percentile": 100.0, "z": 4.58, "wind_ms": 17.42, "value": 993.22, "lat": 18.25, "lon": 86.5}}, {"type": "Feature", "geometry": {"type": "Polygon", "coordinates": [[[86.625, 18.125], [86.875, 18.125], [86.875, 18.375], [86.625, 18.375], [86.625, 18.125]]]}, "properties": {"time": "2021-05-26T00:00:00", "variable": "msl", "tier": "moderate", "percentile": 100.0, "z": 4.64, "wind_ms": 17.96, "value": 993.2, "lat": 18.25, "lon": 86.75}}, {"type": "Feature", "geometry": {"type": "Polygon", "coordinates": [[[86.875, 18.125], [87.125, 18.125], [87.125, 18.375], [86.875, 18.375], [86.875, 18.125]]]}, "properties": {"time": "2021-05-26T00:00:00", "variable": "msl", "tier": "moderate", "percentile": 100.0, "z": 4.72, "wind_ms": 18.11, "value": 993.13, "lat": 18.25, "lon": 87.0}}, {"type": "Feature", "geometry": {"type": "Polygon", "coordinates": [[[87.125, 18.125], [87.375, 18.125], [87.375, 18.375], [87.125, 18.375], [87.125, 18.125]]]}, "properties": {"time": "2021-05-26T00:00:00", "variable": "msl", "tier": "moderate", "percentile": 100.0, "z": 4.76, "wind_ms": 18.12, "value": 993.14, "lat": 18.25, "lon": 87.25}}, {"type": "Feature", "geometry": {"type": "Polygon", "coordinates": [[[87.375, 18.125], [87.625, 18.125], [87.625, 18.375], [87.375, 18.375], [87.375, 18.125]]]}, "properties": {"time": "2021-05-26T00:00:00", "variable": "msl", "tier": "moderate", "percentile": 100.0, "z": 4.78, "wind_ms": 17.79, "value": 993.23, "lat": 18.25, "lon": 87.5}}, {"type": "Feature", "geometry": {"type": "Polygon", "coordinates": [[[87.625, 18.125], [87.875, 18.125], [87.875, 18.375], [87.625, 18.375], [87.625, 18.125]]]}, "properties": {"time": "2021-05-26T00:00:00", "variable": "msl", "tier": "moderate", "percentile": 100.0, "z": 4.76, "wind_ms": 17.38, "value": 993.35, "lat": 18.25, "lon": 87.75}}, {"type": "Feature", "geometry": {"type": "Polygon", "coordinates": [[[87.875, 18.125], [88.125, 18.125], [88.125, 18.375], [87.875, 18.375], [87.875, 18.125]]]}, "properties": {"time": "2021-05-26T00:00:00", "variable": "msl", "tier": "moderate", "percentile": 100.0, "z": 4.73, "wind_ms": 17.17, "value": 993.52, "lat": 18.25, "lon": 88.0}}, {"type": "Feature", "geometry": {"type": "Polygon", "coordinates": [[[88.125, 18.125], [88.375, 18.125], [88.375, 18.375], [88.125, 18.375], [88.125, 18.125]]]}, "properties": {"time": "2021-05-26T00:00:00", "variable": "msl", "tier": "moderate", "percentile": 100.0, "z": 4.67, "wind_ms": 17.24, "value": 993.74, "lat": 18.25, "lon": 88.25}}, {"type": "Feature", "geometry": {"type": "Polygon", "coordinates": [[[88.375, 18.125], [88.625, 18.125], [88.625, 18.375], [88.375, 18.375], [88.375, 18.125]]]}, "properties": {"time": "2021-05-26T00:00:00", "variable": "msl", "tier": "moderate", "percentile": 100.0, "z": 4.58, "wind_ms": 17.27, "value": 994.03, "lat": 18.25, "lon": 88.5}}, {"type": "Feature", "geometry": {"type": "Polygon", "coordinates": [[[88.625, 18.125], [88.875, 18.125], [88.875, 18.375], [88.625, 18.375], [88.625, 18.125]]]}, "properties": {"time": "2021-05-26T00:00:00", "variable": "msl", "tier": "moderate", "percentile": 100.0, "z": 4.44, "wind_ms": 17.4, "value": 994.41, "lat": 18.25, "lon": 88.75}}, {"type": "Feature", "geometry": {"type": "Polygon", "coordinates": [[[88.875, 18.125], [89.125, 18.125], [89.125, 18.375], [88.875, 18.375], [88.875, 18.125]]]}, "properties": {"time": "2021-05-26T00:00:00", "variable": "msl", "tier": "moderate", "percentile": 100.0, "z": 4.27, "wind_ms": 17.28, "value": 994.83, "lat": 18.25, "lon": 89.0}}, {"type": "Feature", "geometry": {"type": "Polygon", "coordinates": [[[89.125, 18.125], [89.375, 18.125], [89.375, 18.375], [89.125, 18.375], [89.125, 18.125]]]}, "properties": {"time": "2021-05-26T00:00:00", "variable": "msl", "tier": "moderate", "percentile": 100.0, "z": 4.1, "wind_ms": 17.16, "value": 995.3, "lat": 18.25, "lon": 89.25}}, {"type": "Feature", "geometry": {"type": "Polygon", "coordinates": [[[89.375, 18.125], [89.625, 18.125], [89.625, 18.375], [89.375, 18.375], [89.375, 18.125]]]}, "properties": {"time": "2021-05-26T00:00:00", "variable": "msl", "tier": "low", "percentile": 100.0, "z": 3.91, "wind_ms": 16.99, "value": 995.77, "lat": 18.25, "lon": 89.5}}, {"type": "Feature", "geometry": {"type": "Polygon", "coordinates": [[[89.625, 18.125], [89.875, 18.125], [89.875, 18.375], [89.625, 18.375], [89.625, 18.125]]]}, "properties": {"time": "2021-05-26T00:00:00", "variable": "msl", "tier": "low", "percentile": 99.1, "z": 3.73, "wind_ms": 16.51, "value": 996.2, "lat": 18.25, "lon": 89.75}}, {"type": "Feature", "geometry": {"type": "Polygon", "coordinates": [[[89.875, 18.125], [90.125, 18.125], [90.125, 18.375], [89.875, 18.375], [89.875, 18.125]]]}, "properties": {"time": "2021-05-26T00:00:00", "variable": "msl", "tier": "low", "percentile": 99.1, "z": 3.53, "wind_ms": 15.83, "value": 996.69, "lat": 18.25, "lon": 90.0}}, {"type": "Feature", "geometry": {"type": "Polygon", "coordinates": [[[90.125, 18.125], [90.375, 18.125], [90.375, 18.375], [90.125, 18.375], [90.125, 18.125]]]}, "properties": {"time": "2021-05-26T00:00:00", "variable": "msl", "tier": "low", "percentile": 99.1, "z": 3.33, "wind_ms": 14.94, "value": 997.19, "lat": 18.25, "lon": 90.25}}, {"type": "Feature", "geometry": {"type": "Polygon", "coordinates": [[[90.375, 18.125], [90.625, 18.125], [90.625, 18.375], [90.375, 18.375], [90.375, 18.125]]]}, "properties": {"time": "2021-05-26T00:00:00", "variable": "msl", "tier": "low", "percentile": 99.1, "z": 3.14, "wind_ms": 14.09, "value": 997.63, "lat": 18.25, "lon": 90.5}}, {"type": "Feature", "geometry": {"type": "Polygon", "coordinates": [[[90.625, 18.125], [90.875, 18.125], [90.875, 18.375], [90.625, 18.375], [90.625, 18.125]]]}, "properties": {"time": "2021-05-26T00:00:00", "variable": "msl", "tier": "low", "percentile": 99.1, "z": 2.97, "wind_ms": 13.37, "value": 998.06, "lat": 18.25, "lon": 90.75}}, {"type": "Feature", "geometry": {"type": "Polygon", "coordinates": [[[90.875, 18.125], [91.125, 18.125], [91.125, 18.375], [90.875, 18.375], [90.875, 18.125]]]}, "properties": {"time": "2021-05-26T00:00:00", "variable": "msl", "tier": "low", "percentile": 98.3, "z": 2.85, "wind_ms": 12.76, "value": 998.39, "lat": 18.25, "lon": 91.0}}, {"type": "Feature", "geometry": {"type": "Polygon", "coordinates": [[[85.375, 18.375], [85.625, 18.375], [85.625, 18.625], [85.375, 18.625], [85.375, 18.375]]]}, "properties": {"time": "2021-05-26T00:00:00", "variable": "msl", "tier": "low", "percentile": 100.0, "z": 4.25, "wind_ms": 12.82, "value": 993.43, "lat": 18.5, "lon": 85.5}}, {"type": "Feature", "geometry": {"type": "Polygon", "coordinates": [[[85.625, 18.375], [85.875, 18.375], [85.875, 18.625], [85.625, 18.625], [85.625, 18.375]]]}, "properties": {"time": "2021-05-26T00:00:00", "variable": "msl", "tier": "low", "percentile": 100.0, "z": 4.44, "wind_ms": 13.96, "value": 993.12, "lat": 18.5, "lon": 85.75}}, {"type": "Feature", "geometry": {"type": "Polygon", "coordinates": [[[85.875, 18.375], [86.125, 18.375], [86.125, 18.625], [85.875, 18.625], [85.875, 18.375]]]}, "properties": {"time": "2021-05-26T00:00:00", "variable": "msl", "tier": "low", "percentile": 100.0, "z": 4.6, "wind_ms": 15.13, "value": 992.87, "lat": 18.5, "lon": 86.0}}, {"type": "Feature", "geometry": {"type": "Polygon", "coordinates": [[[86.125, 18.375], [86.375, 18.375], [86.375, 18.625], [86.125, 18.625], [86.125, 18.375]]]}, "properties": {"time": "2021-05-26T00:00:00", "variable": "msl", "tier": "low", "percentile": 100.0, "z": 4.7, "wind_ms": 16.14, "value": 992.76, "lat": 18.5, "lon": 86.25}}, {"type": "Feature", "geometry": {"type": "Polygon", "coordinates": [[[86.375, 18.375], [86.625, 18.375], [86.625, 18.625], [86.375, 18.625], [86.375, 18.375]]]}, "properties": {"time": "2021-05-26T00:00:00", "variable": "msl", "tier": "moderate", "percentile": 100.0, "z": 4.83, "wind_ms": 17.03, "value": 992.57, "lat": 18.5, "lon": 86.5}}, {"type": "Feature", "geometry": {"type": "Polygon", "coordinates": [[[86.625, 18.375], [86.875, 18.375], [86.875, 18.625], [86.625, 18.625], [86.625, 18.375]]]}, "properties": {"time": "2021-05-26T00:00:00", "variable": "msl", "tier": "moderate", "percentile": 100.0, "z": 4.9, "wind_ms": 17.58, "value": 992.54, "lat": 18.5, "lon": 86.75}}, {"type": "Feature", "geometry": {"type": "Polygon", "coordinates": [[[86.875, 18.375], [87.125, 18.375], [87.125, 18.625], [86.875, 18.625], [86.875, 18.375]]]}, "properties": {"time": "2021-05-26T00:00:00", "variable": "msl", "tier": "moderate", "percentile": 100.0, "z": 4.97, "wind_ms": 18.26, "value": 992.47, "lat": 18.5, "lon": 87.0}}, {"type": "Feature", "geometry": {"type": "Polygon", "coordinates": [[[87.125, 18.375], [87.375, 18.375], [87.375, 18.625], [87.125, 18.625], [87.125, 18.375]]]}, "properties": {"time": "2021-05-26T00:00:00", "variable": "msl", "tier": "moderate", "percentile": 100.0, "z": 5.0, "wind_ms": 18.29, "value": 992.48, "lat": 18.5, "lon": 87.25}}, {"type": "Feature", "geometry": {"type": "Polygon", "coordinates": [[[87.375, 18.375], [87.625, 18.375], [87.625, 18.625], [87.375, 18.625], [87.375, 18.375]]]}, "properties": {"time": "2021-05-26T00:00:00", "variable": "msl", "tier": "moderate", "percentile": 100.0, "z": 5.01, "wind_ms": 18.39, "value": 992.56, "lat": 18.5, "lon": 87.5}}, {"type": "Feature", "geometry": {"type": "Polygon", "coordinates": [[[87.625, 18.375], [87.875, 18.375], [87.875, 18.625], [87.625, 18.625], [87.625, 18.375]]]}, "properties": {"time": "2021-05-26T00:00:00", "variable": "msl", "tier": "moderate", "percentile": 100.0, "z": 4.98, "wind_ms": 18.24, "value": 992.71, "lat": 18.5, "lon": 87.75}}, {"type": "Feature", "geometry": {"type": "Polygon", "coordinates": [[[87.875, 18.375], [88.125, 18.375], [88.125, 18.625], [87.875, 18.625], [87.875, 18.375]]]}, "properties": {"time": "2021-05-26T00:00:00", "variable": "msl", "tier": "moderate", "percentile": 100.0, "z": 4.93, "wind_ms": 17.97, "value": 992.92, "lat": 18.5, "lon": 88.0}}, {"type": "Feature", "geometry": {"type": "Polygon", "coordinates": [[[88.125, 18.375], [88.375, 18.375], [88.375, 18.625], [88.125, 18.625], [88.125, 18.375]]]}, "properties": {"time": "2021-05-26T00:00:00", "variable": "msl", "tier": "moderate", "percentile": 100.0, "z": 4.86, "wind_ms": 17.83, "value": 993.15, "lat": 18.5, "lon": 88.25}}, {"type": "Feature", "geometry": {"type": "Polygon", "coordinates": [[[88.375, 18.375], [88.625, 18.375], [88.625, 18.625], [88.375, 18.625], [88.375, 18.375]]]}, "properties": {"time": "2021-05-26T00:00:00", "variable": "msl", "tier": "moderate", "percentile": 100.0, "z": 4.77, "wind_ms": 17.79, "value": 993.44, "lat": 18.5, "lon": 88.5}}, {"type": "Feature", "geometry": {"type": "Polygon", "coordinates": [[[88.625, 18.375], [88.875, 18.375], [88.875, 18.625], [88.625, 18.625], [88.625, 18.375]]]}, "properties": {"time": "2021-05-26T00:00:00", "variable": "msl", "tier": "moderate", "percentile": 100.0, "z": 4.63, "wind_ms": 17.6, "value": 993.83, "lat": 18.5, "lon": 88.75}}, {"type": "Feature", "geometry": {"type": "Polygon", "coordinates": [[[88.875, 18.375], [89.125, 18.375], [89.125, 18.625], [88.875, 18.625], [88.875, 18.375]]]}, "properties": {"time": "2021-05-26T00:00:00", "variable": "msl", "tier": "moderate", "percentile": 100.0, "z": 4.46, "wind_ms": 17.47, "value": 994.25, "lat": 18.5, "lon": 89.0}}, {"type": "Feature", "geometry": {"type": "Polygon", "coordinates": [[[89.125, 18.375], [89.375, 18.375], [89.375, 18.625], [89.125, 18.625], [89.125, 18.375]]]}, "properties": {"time": "2021-05-26T00:00:00", "variable": "msl", "tier": "moderate", "percentile": 100.0, "z": 4.27, "wind_ms": 17.22, "value": 994.74, "lat": 18.5, "lon": 89.25}}, {"type": "Feature", "geometry": {"type": "Polygon", "coordinates": [[[89.375, 18.375], [89.625, 18.375], [89.625, 18.625], [89.375, 18.625], [89.375, 18.375]]]}, "properties": {"time": "2021-05-26T00:00:00", "variable": "msl", "tier": "moderate", "percentile": 100.0, "z": 4.08, "wind_ms": 17.07, "value": 995.2, "lat": 18.5, "lon": 89.5}}, {"type": "Feature", "geometry": {"type": "Polygon", "coordinates": [[[89.625, 18.375], [89.875, 18.375], [89.875, 18.625], [89.625, 18.625], [89.625, 18.375]]]}, "properties": {"time": "2021-05-26T00:00:00", "variable": "msl", "tier": "low", "percentile": 100.0, "z": 3.87, "wind_ms": 16.8, "value": 995.71, "lat": 18.5, "lon": 89.75}}, {"type": "Feature", "geometry": {"type": "Polygon", "coordinates": [[[89.875, 18.375], [90.125, 18.375], [90.125, 18.625], [89.875, 18.625], [89.875, 18.375]]]}, "properties": {"time": "2021-05-26T00:00:00", "variable": "msl", "tier": "low", "percentile": 99.1, "z": 3.67, "wind_ms": 16.34, "value": 996.25, "lat": 18.5, "lon": 90.0}}, {"type": "Feature", "geometry": {"type": "Polygon", "coordinates": [[[90.125, 18.375], [90.375, 18.375], [90.375, 18.625], [90.125, 18.625], [90.125, 18.375]]]}, "properties": {"time": "2021-05-26T00:00:00", "variable": "msl", "tier": "low", "percentile": 99.1, "z": 3.45, "wind_ms": 15.62, "value": 996.84, "lat": 18.5, "lon": 90.25}}, {"type": "Feature", "geometry": {"type": "Polygon", "coordinates": [[[90.375, 18.375], [90.625, 18.375], [90.625, 18.625], [90.375, 18.625], [90.375, 18.375]]]}, "properties": {"time": "2021-05-26T00:00:00", "variable": "msl", "tier": "low", "percentile": 99.1, "z": 3.24, "wind_ms": 14.82, "value": 997.39, "lat": 18.5, "lon": 90.5}}, {"type": "Feature", "geometry": {"type": "Polygon", "coordinates": [[[90.625, 18.375], [90.875, 18.375], [90.875, 18.625], [90.625, 18.625], [90.625, 18.375]]]}, "properties": {"time": "2021-05-26T00:00:00", "variable": "msl", "tier": "low", "percentile": 99.1, "z": 3.07, "wind_ms": 14.15, "value": 997.82, "lat": 18.5, "lon": 90.75}}, {"type": "Feature", "geometry": {"type": "Polygon", "coordinates": [[[90.875, 18.375], [91.125, 18.375], [91.125, 18.625], [90.875, 18.625], [90.875, 18.375]]]}, "properties": {"time": "2021-05-26T00:00:00", "variable": "msl", "tier": "low", "percentile": 98.3, "z": 2.92, "wind_ms": 13.66, "value": 998.22, "lat": 18.5, "lon": 91.0}}, {"type": "Feature", "geometry": {"type": "Polygon", "coordinates": [[[85.375, 18.625], [85.625, 18.625], [85.625, 18.875], [85.375, 18.875], [85.375, 18.625]]]}, "properties": {"time": "2021-05-26T00:00:00", "variable": "msl", "tier": "low", "percentile": 100.0, "z": 4.2, "wind_ms": 11.55, "value": 993.54, "lat": 18.75, "lon": 85.5}}, {"type": "Feature", "geometry": {"type": "Polygon", "coordinates": [[[85.625, 18.625], [85.875, 18.625], [85.875, 18.875], [85.625, 18.875], [85.625, 18.625]]]}, "properties": {"time": "2021-05-26T00:00:00", "variable": "msl", "tier": "low", "percentile": 100.0, "z": 4.43, "wind_ms": 13.29, "value": 993.14, "lat": 18.75, "lon": 85.75}}, {"type": "Feature", "geometry": {"type": "Polygon", "coordinates": [[[85.875, 18.625], [86.125, 18.625], [86.125, 18.875], [85.875, 18.875], [85.875, 18.625]]]}, "properties": {"time": "2021-05-26T00:00:00", "variable": "msl", "tier": "low", "percentile": 100.0, "z": 4.63, "wind_ms": 14.39, "value": 992.79, "lat": 18.75, "lon": 86.0}}, {"type": "Feature", "geometry": {"type": "Polygon", "coordinates": [[[86.125, 18.625], [86.375, 18.625], [86.375, 18.875], [86.125, 18.875], [86.125, 18.625]]]}, "properties": {"time": "2021-05-26T00:00:00", "variable": "msl", "tier": "low", "percentile": 100.0, "z": 4.8, "wind_ms": 15.28, "value": 992.48, "lat": 18.75, "lon": 86.25}}, {"type": "Feature", "geometry": {"type": "Polygon", "coordinates": [[[86.375, 18.625], [86.625, 18.625], [86.625, 18.875], [86.375, 18.875], [86.375, 18.625]]]}, "properties": {"time": "2021-05-26T00:00:00", "variable": "msl", "tier": "low", "percentile": 100.0, "z": 4.94, "wind_ms": 16.09, "value": 992.26, "lat": 18.75, "lon": 86.5}}, {"type": "Feature", "geometry": {"type": "Polygon", "coordinates": [[[86.625, 18.625], [86.875, 18.625], [86.875, 18.875], [86.625, 18.875], [86.625, 18.625]]]}, "properties": {"time": "2021-05-26T00:00:00", "variable": "msl", "tier": "low", "percentile": 100.0, "z": 5.08, "wind_ms": 16.75, "value": 992.03, "lat": 18.75, "lon": 86.75}}, {"type": "Feature", "geometry": {"type": "Polygon", "coordinates": [[[86.875, 18.625], [87.125, 18.625], [87.125, 18.875], [86.875, 18.875], [86.875, 18.625]]]}, "properties": {"time": "2021-05-26T00:00:00", "variable": "msl", "tier": "moderate", "percentile": 100.0, "z": 5.16, "wind_ms": 17.47, "value": 991.92, "lat": 18.75, "lon": 87.0}}, {"type": "Feature", "geometry": {"type": "Polygon", "coordinates": [[[87.125, 18.625], [87.375, 18.625], [87.375, 18.875], [87.125, 18.875], [87.125, 18.625]]]}, "properties": {"time": "2021-05-26T00:00:00", "variable": "msl", "tier": "moderate", "percentile": 100.0, "z": 5.25, "wind_ms": 18.13, "value": 991.77, "lat": 18.75, "lon": 87.25}}, {"type": "Feature", "geometry": {"type": "Polygon", "coordinates": [[[87.375, 18.625], [87.625, 18.625], [87.625, 18.875], [87.375, 18.875], [87.375, 18.625]]]}, "properties": {"time": "2021-05-26T00:00:00", "variable": "msl", "tier": "moderate", "percentile": 100.0, "z": 5.27, "wind_ms": 18.35, "value": 991.84, "lat": 18.75, "lon": 87.5}}, {"type": "Feature", "geometry": {"type": "Polygon", "coordinates": [[[87.625, 18.625], [87.875, 18.625], [87.875, 18.875], [87.625, 18.875], [87.625, 18.625]]]}, "properties": {"time": "2021-05-26T00:00:00", "variable": "msl", "tier": "moderate", "percentile": 100.0, "z": 5.23, "wind_ms": 18.62, "value": 992.0, "lat": 18.75, "lon": 87.75}}, {"type": "Feature", "geometry": {"type": "Polygon", "coordinates": [[[87.875, 18.625], [88.125, 18.625], [88.125, 18.875], [87.875, 18.875], [87.875, 18.625]]]}, "properties": {"time": "2021-05-26T00:00:00", "variable": "msl", "tier": "moderate", "percentile": 100.0, "z": 5.15, "wind_ms": 18.55, "value": 992.26, "lat": 18.75, "lon": 88.0}}, {"type": "Feature", "geometry": {"type": "Polygon", "coordinates": [[[88.125, 18.625], [88.375, 18.625], [88.375, 18.875], [88.125, 18.875], [88.125, 18.625]]]}, "properties": {"time": "2021-05-26T00:00:00", "variable": "msl", "tier": "moderate", "percentile": 100.0, "z": 5.07, "wind_ms": 18.28, "value": 992.48, "lat": 18.75, "lon": 88.25}}, {"type": "Feature", "geometry": {"type": "Polygon", "coordinates": [[[88.375, 18.625], [88.625, 18.625], [88.625, 18.875], [88.375, 18.875], [88.375, 18.625]]]}, "properties": {"time": "2021-05-26T00:00:00", "variable": "msl", "tier": "moderate", "percentile": 100.0, "z": 4.95, "wind_ms": 18.1, "value": 992.85, "lat": 18.75, "lon": 88.5}}, {"type": "Feature", "geometry": {"type": "Polygon", "coordinates": [[[88.625, 18.625], [88.875, 18.625], [88.875, 18.875], [88.625, 18.875], [88.625, 18.625]]]}, "properties": {"time": "2021-05-26T00:00:00", "variable": "msl", "tier": "moderate", "percentile": 100.0, "z": 4.81, "wind_ms": 17.88, "value": 993.24, "lat": 18.75, "lon": 88.75}}, {"type": "Feature", "geometry": {"type": "Polygon", "coordinates": [[[88.875, 18.625], [89.125, 18.625], [89.125, 18.875], [88.875, 18.875], [88.875, 18.625]]]}, "properties": {"time": "2021-05-26T00:00:00", "variable": "msl", "tier": "moderate", "percentile": 100.0, "z": 4.61, "wind_ms": 17.52, "value": 993.73, "lat": 18.75, "lon": 89.0}}, {"type": "Feature", "geometry": {"type": "Polygon", "coordinates": [[[89.125, 18.625], [89.375, 18.625], [89.375, 18.875], [89.125, 18.875], [89.125, 18.625]]]}, "properties": {"time": "2021-05-26T00:00:00", "variable": "msl", "tier": "moderate", "percentile": 100.0, "z": 4.41, "wind_ms": 17.27, "value": 994.25, "lat": 18.75, "lon": 89.25}}, {"type": "Feature", "geometry": {"type": "Polygon", "coordinates": [[[89.375, 18.625], [89.625, 18.625], [89.625, 18.875], [89.375, 18.875], [89.375, 18.625]]]}, "properties": {"time": "2021-05-26T00:00:00", "variable": "msl", "tier": "low", "percentile": 100.0, "z": 4.2, "wind_ms": 16.88, "value": 994.79, "lat": 18.75, "lon": 89.5}}, {"type": "Feature", "geometry": {"type": "Polygon", "coordinates": [[[89.625, 18.625], [89.875, 18.625], [89.875, 18.875], [89.625, 18.875], [89.625, 18.625]]]}, "properties": {"time": "2021-05-26T00:00:00", "variable": "msl", "tier": "low", "percentile": 100.0, "z": 3.99, "wind_ms": 16.6, "value": 995.3, "lat": 18.75, "lon": 89.75}}, {"type": "Feature", "geometry": {"type": "Polygon", "coordinates": [[[89.875, 18.625], [90.125, 18.625], [90.125, 18.875], [89.875, 18.875], [89.875, 18.625]]]}, "properties": {"time": "2021-05-26T00:00:00", "variable": "msl", "tier": "low", "percentile": 100.0, "z": 3.76, "wind_ms": 16.13, "value": 995.89, "lat": 18.75, "lon": 90.0}}, {"type": "Feature", "geometry": {"type": "Polygon", "coordinates": [[[90.125, 18.625], [90.375, 18.625], [90.375, 18.875], [90.125, 18.875], [90.125, 18.625]]]}, "properties": {"time": "2021-05-26T00:00:00", "variable": "msl", "tier": "low", "percentile": 98.3, "z": 3.53, "wind_ms": 15.77, "value": 996.54, "lat": 18.75, "lon": 90.25}}, {"type": "Feature", "geometry": {"type": "Polygon", "coordinates": [[[90.375, 18.625], [90.625, 18.625], [90.625, 18.875], [90.375, 18.875], [90.375, 18.625]]]}, "properties": {"time": "2021-05-26T00:00:00", "variable": "msl", "tier": "low", "percentile": 98.3, "z": 3.33, "wind_ms": 15.16, "value": 997.13, "lat": 18.75, "lon": 90.5}}, {"type": "Feature", "geometry": {"type": "Polygon", "coordinates": [[[90.625, 18.625], [90.875, 18.625], [90.875, 18.875], [90.625, 18.875], [90.625, 18.625]]]}, "properties": {"time": "2021-05-26T00:00:00", "variable": "msl", "tier": "low", "percentile": 98.3, "z": 3.16, "wind_ms": 14.7, "value": 997.61, "lat": 18.75, "lon": 90.75}}, {"type": "Feature", "geometry": {"type": "Polygon", "coordinates": [[[90.875, 18.625], [91.125, 18.625], [91.125, 18.875], [90.875, 18.875], [90.875, 18.625]]]}, "properties": {"time": "2021-05-26T00:00:00", "variable": "msl", "tier": "low", "percentile": 98.3, "z": 3.02, "wind_ms": 14.27, "value": 998.0, "lat": 18.75, "lon": 91.0}}, {"type": "Feature", "geometry": {"type": "Polygon", "coordinates": [[[85.375, 18.875], [85.625, 18.875], [85.625, 19.125], [85.375, 19.125], [85.375, 18.875]]]}, "properties": {"time": "2021-05-26T00:00:00", "variable": "msl", "tier": "low", "percentile": 100.0, "z": 4.21, "wind_ms": 11.45, "value": 993.56, "lat": 19.0, "lon": 85.5}}, {"type": "Feature", "geometry": {"type": "Polygon", "coordinates": [[[85.625, 18.875], [85.875, 18.875], [85.875, 19.125], [85.625, 19.125], [85.625, 18.875]]]}, "properties": {"time": "2021-05-26T00:00:00", "variable": "msl", "tier": "low", "percentile": 100.0, "z": 4.44, "wind_ms": 13.8, "value": 993.16, "lat": 19.0, "lon": 85.75}}, {"type": "Feature", "geometry": {"type": "Polygon", "coordinates": [[[85.875, 18.875], [86.125, 18.875], [86.125, 19.125], [85.875, 19.125], [85.875, 18.875]]]}, "properties": {"time": "2021-05-26T00:00:00", "variable": "msl", "tier": "low", "percentile": 100.0, "z": 4.66, "wind_ms": 14.84, "value": 992.73, "lat": 19.0, "lon": 86.0}}, {"type": "Feature", "geometry": {"type": "Polygon", "coordinates": [[[86.125, 18.875], [86.375, 18.875], [86.375, 19.125], [86.125, 19.125], [86.125, 18.875]]]}, "properties": {"time": "2021-05-26T00:00:00", "variable": "msl", "tier": "low", "percentile": 100.0, "z": 4.83, "wind_ms": 15.5, "value": 992.4, "lat": 19.0, "lon": 86.25}}, {"type": "Feature", "geometry": {"type": "Polygon", "coordinates": [[[86.375, 18.875], [86.625, 18.875], [86.625, 19.125], [86.375, 19.125], [86.375, 18.875]]]}, "properties": {"time": "2021-05-26T00:00:00", "variable": "msl", "tier": "low", "percentile": 100.0, "z": 5.01, "wind_ms": 16.04, "value": 992.06, "lat": 19.0, "lon": 86.5}}, {"type": "Feature", "geometry": {"type": "Polygon", "coordinates": [[[86.625, 18.875], [86.875, 18.875], [86.875, 19.125], [86.625, 19.125], [86.625, 18.875]]]}, "properties": {"time": "2021-05-26T00:00:00", "variable": "msl", "tier": "low", "percentile": 100.0, "z": 5.17, "wind_ms": 16.52, "value": 991.76, "lat": 19.0, "lon": 86.75}}, {"type": "Feature", "geometry": {"type": "Polygon", "coordinates": [[[86.875, 18.875], [87.125, 18.875], [87.125, 19.125], [86.875, 19.125], [86.875, 18.875]]]}, "properties": {"time": "2021-05-26T00:00:00", "variable": "msl", "tier": "moderate", "percentile": 100.0, "z": 5.33, "wind_ms": 17.04, "value": 991.47, "lat": 19.0, "lon": 87.0}}, {"type": "Feature", "geometry": {"type": "Polygon", "coordinates": [[[87.125, 18.875], [87.375, 18.875], [87.375, 19.125], [87.125, 19.125], [87.125, 18.875]]]}, "properties": {"time": "2021-05-26T00:00:00", "variable": "msl", "tier": "moderate", "percentile": 100.0, "z": 5.46, "wind_ms": 17.94, "value": 991.21, "lat": 19.0, "lon": 87.25}}, {"type": "Feature", "geometry": {"type": "Polygon", "coordinates": [[[87.375, 18.875], [87.625, 18.875], [87.625, 19.125], [87.375, 19.125], [87.375, 18.875]]]}, "properties": {"time": "2021-05-26T00:00:00", "variable": "msl", "tier": "moderate", "percentile": 100.0, "z": 5.56, "wind_ms": 18.55, "value": 991.04, "lat": 19.0, "lon": 87.5}}, {"type": "Feature", "geometry": {"type": "Polygon", "coordinates": [[[87.625, 18.875], [87.875, 18.875], [87.875, 19.125], [87.625, 19.125], [87.625, 18.875]]]}, "properties": {"time": "2021-05-26T00:00:00", "variable": "msl", "tier": "moderate", "percentile": 100.0, "z": 5.54, "wind_ms": 18.7, "value": 991.09, "lat": 19.0, "lon": 87.75}}, {"type": "Feature", "geometry": {"type": "Polygon", "coordinates": [[[87.875, 18.875], [88.125, 18.875], [88.125, 19.125], [87.875, 19.125], [87.875, 18.875]]]}, "properties": {"time": "2021-05-26T00:00:00", "variable": "msl", "tier": "moderate", "percentile": 100.0, "z": 5.45, "wind_ms": 18.76, "value": 991.38, "lat": 19.0, "lon": 88.0}}, {"type": "Feature", "geometry": {"type": "Polygon", "coordinates": [[[88.125, 18.875], [88.375, 18.875], [88.375, 19.125], [88.125, 19.125], [88.125, 18.875]]]}, "properties": {"time": "2021-05-26T00:00:00", "variable": "msl", "tier": "moderate", "percentile": 100.0, "z": 5.32, "wind_ms": 18.79, "value": 991.75, "lat": 19.0, "lon": 88.25}}, {"type": "Feature", "geometry": {"type": "Polygon", "coordinates": [[[88.375, 18.875], [88.625, 18.875], [88.625, 19.125], [88.375, 19.125], [88.375, 18.875]]]}, "properties": {"time": "2021-05-26T00:00:00", "variable": "msl", "tier": "moderate", "percentile": 100.0, "z": 5.18, "wind_ms": 18.64, "value": 992.18, "lat": 19.0, "lon": 88.5}}, {"type": "Feature", "geometry": {"type": "Polygon", "coordinates": [[[88.625, 18.875], [88.875, 18.875], [88.875, 19.125], [88.625, 19.125], [88.625, 18.875]]]}, "properties": {"time": "2021-05-26T00:00:00", "variable": "msl", "tier": "moderate", "percentile": 100.0, "z": 4.98, "wind_ms": 18.22, "value": 992.66, "lat": 19.0, "lon": 88.75}}, {"type": "Feature", "geometry": {"type": "Polygon", "coordinates": [[[88.875, 18.875], [89.125, 18.875], [89.125, 19.125], [88.875, 19.125], [88.875, 18.875]]]}, "properties": {"time": "2021-05-26T00:00:00", "variable": "msl", "tier": "moderate", "percentile": 100.0, "z": 4.77, "wind_ms": 17.73, "value": 993.15, "lat": 19.0, "lon": 89.0}}, {"type": "Feature", "geometry": {"type": "Polygon", "coordinates": [[[89.125, 18.875], [89.375, 18.875], [89.375, 19.125], [89.125, 19.125], [89.125, 18.875]]]}, "properties": {"time": "2021-05-26T00:00:00", "variable": "msl", "tier": "moderate", "percentile": 100.0, "z": 4.55, "wind_ms": 17.22, "value": 993.72, "lat": 19.0, "lon": 89.25}}, {"type": "Feature", "geometry": {"type": "Polygon", "coordinates": [[[89.375, 18.875], [89.625, 18.875], [89.625, 19.125], [89.375, 19.125], [89.375, 18.875]]]}, "properties": {"time": "2021-05-26T00:00:00", "variable": "msl", "tier": "low", "percentile": 100.0, "z": 4.32, "wind_ms": 16.74, "value": 994.26, "lat": 19.0, "lon": 89.5}}, {"type": "Feature", "geometry": {"type": "Polygon", "coordinates": [[[89.625, 18.875], [89.875, 18.875], [89.875, 19.125], [89.625, 19.125], [89.625, 18.875]]]}, "properties": {"time": "2021-05-26T00:00:00", "variable": "msl", "tier": "low", "percentile": 100.0, "z": 4.08, "wind_ms": 16.31, "value": 994.88, "lat": 19.0, "lon": 89.75}}, {"type": "Feature", "geometry": {"type": "Polygon", "coordinates": [[[89.875, 18.875], [90.125, 18.875], [90.125, 19.125], [89.875, 19.125], [89.875, 18.875]]]}, "properties": {"time": "2021-05-26T00:00:00", "variable": "msl", "tier": "low", "percentile": 99.1, "z": 3.84, "wind_ms": 15.81, "value": 995.57, "lat": 19.0, "lon": 90.0}}, {"type": "Feature", "geometry": {"type": "Polygon", "coordinates": [[[90.125, 18.875], [90.375, 18.875], [90.375, 19.125], [90.125, 19.125], [90.125, 18.875]]]}, "properties": {"time": "2021-05-26T00:00:00", "variable": "msl", "tier": "low", "percentile": 99.1, "z": 3.61, "wind_ms": 15.74, "value": 996.27, "lat": 19.0, "lon": 90.25}}, {"type": "Feature", "geometry": {"type": "Polygon", "coordinates": [[[90.375, 18.875], [90.625, 18.875], [90.625, 19.125], [90.375, 19.125], [90.375, 18.875]]]}, "properties": {"time": "2021-05-26T00:00:00", "variable": "msl", "tier": "low", "percentile": 98.3, "z": 3.42, "wind_ms": 15.54, "value": 996.88, "lat": 19.0, "lon": 90.5}}, {"type": "Feature", "geometry": {"type": "Polygon", "coordinates": [[[90.625, 18.875], [90.875, 18.875], [90.875, 19.125], [90.625, 19.125], [90.625, 18.875]]]}, "properties": {"time": "2021-05-26T00:00:00", "variable": "msl", "tier": "low", "percentile": 98.3, "z": 3.26, "wind_ms": 15.15, "value": 997.37, "lat": 19.0, "lon": 90.75}}, {"type": "Feature", "geometry": {"type": "Polygon", "coordinates": [[[90.875, 18.875], [91.125, 18.875], [91.125, 19.125], [90.875, 19.125], [90.875, 18.875]]]}, "properties": {"time": "2021-05-26T00:00:00", "variable": "msl", "tier": "low", "percentile": 98.3, "z": 3.11, "wind_ms": 14.99, "value": 997.81, "lat": 19.0, "lon": 91.0}}, {"type": "Feature", "geometry": {"type": "Polygon", "coordinates": [[[85.375, 19.125], [85.625, 19.125], [85.625, 19.375], [85.375, 19.375], [85.375, 19.125]]]}, "properties": {"time": "2021-05-26T00:00:00", "variable": "msl", "tier": "low", "percentile": 100.0, "z": 4.33, "wind_ms": 13.26, "value": 993.29, "lat": 19.25, "lon": 85.5}}, {"type": "Feature", "geometry": {"type": "Polygon", "coordinates": [[[85.625, 19.125], [85.875, 19.125], [85.875, 19.375], [85.625, 19.375], [85.625, 19.125]]]}, "properties": {"time": "2021-05-26T00:00:00", "variable": "msl", "tier": "low", "percentile": 100.0, "z": 4.62, "wind_ms": 15.0, "value": 992.62, "lat": 19.25, "lon": 85.75}}, {"type": "Feature", "geometry": {"type": "Polygon", "coordinates": [[[85.875, 19.125], [86.125, 19.125], [86.125, 19.375], [85.875, 19.375], [85.875, 19.125]]]}, "properties": {"time": "2021-05-26T00:00:00", "variable": "msl", "tier": "low", "percentile": 100.0, "z": 4.89, "wind_ms": 15.94, "value": 992.05, "lat": 19.25, "lon": 86.0}}, {"type": "Feature", "geometry": {"type": "Polygon", "coordinates": [[[86.125, 19.125], [86.375, 19.125], [86.375, 19.375], [86.125, 19.375], [86.125, 19.125]]]}, "properties": {"time": "2021-05-26T00:00:00", "variable": "msl", "tier": "low", "percentile": 100.0, "z": 5.12, "wind_ms": 16.26, "value": 991.58, "lat": 19.25, "lon": 86.25}}, {"type": "Feature", "geometry": {"type": "Polygon", "coordinates": [[[86.375, 19.125], [86.625, 19.125], [86.625, 19.375], [86.375, 19.375], [86.375, 19.125]]]}, "properties": {"time": "2021-05-26T00:00:00", "variable": "msl", "tier": "low", "percentile": 100.0, "z": 5.32, "wind_ms": 16.83, "value": 991.17, "lat": 19.25, "lon": 86.5}}, {"type": "Feature", "geometry": {"type": "Polygon", "coordinates": [[[86.625, 19.125], [86.875, 19.125], [86.875, 19.375], [86.625, 19.375], [86.625, 19.125]]]}, "properties": {"time": "2021-05-26T00:00:00", "variable": "msl", "tier": "moderate", "percentile": 100.0, "z": 5.5, "wind_ms": 17.45, "value": 990.81, "lat": 19.25, "lon": 86.75}}, {"type": "Feature", "geometry": {"type": "Polygon", "coordinates": [[[86.875, 19.125], [87.125, 19.125], [87.125, 19.375], [86.875, 19.375], [86.875, 19.125]]]}, "properties": {"time": "2021-05-26T00:00:00", "variable": "msl", "tier": "moderate", "percentile": 100.0, "z": 5.65, "wind_ms": 17.93, "value": 990.52, "lat": 19.25, "lon": 87.0}}, {"type": "Feature", "geometry": {"type": "Polygon", "coordinates": [[[87.125, 19.125], [87.375, 19.125], [87.375, 19.375], [87.125, 19.375], [87.125, 19.125]]]}, "properties": {"time": "2021-05-26T00:00:00", "variable": "msl", "tier": "moderate", "percentile": 100.0, "z": 5.77, "wind_ms": 18.5, "value": 990.31, "lat": 19.25, "lon": 87.25}}, {"type": "Feature", "geometry": {"type": "Polygon", "coordinates": [[[87.375, 19.125], [87.625, 19.125], [87.625, 19.375], [87.375, 19.375], [87.375, 19.125]]]}, "properties": {"time": "2021-05-26T00:00:00", "variable": "msl", "tier": "moderate", "percentile": 100.0, "z": 5.86, "wind_ms": 19.12, "value": 990.17, "lat": 19.25, "lon": 87.5}}, {"type": "Feature", "geometry": {"type": "Polygon", "coordinates": [[[87.625, 19.125], [87.875, 19.125], [87.875, 19.375], [87.625, 19.375], [87.625, 19.125]]]}, "properties": {"time": "2021-05-26T00:00:00", "variable": "msl", "tier": "moderate", "percentile": 100.0, "z": 5.86, "wind_ms": 19.4, "value": 990.22, "lat": 19.25, "lon": 87.75}}, {"type": "Feature", "geometry": {"type": "Polygon", "coordinates": [[[87.875, 19.125], [88.125, 19.125], [88.125, 19.375], [87.875, 19.375], [87.875, 19.125]]]}, "properties": {"time": "2021-05-26T00:00:00", "variable": "msl", "tier": "moderate", "percentile": 100.0, "z": 5.77, "wind_ms": 19.29, "value": 990.46, "lat": 19.25, "lon": 88.0}}, {"type": "Feature", "geometry": {"type": "Polygon", "coordinates": [[[88.125, 19.125], [88.375, 19.125], [88.375, 19.375], [88.125, 19.375], [88.125, 19.125]]]}, "properties": {"time": "2021-05-26T00:00:00", "variable": "msl", "tier": "moderate", "percentile": 100.0, "z": 5.63, "wind_ms": 19.06, "value": 990.81, "lat": 19.25, "lon": 88.25}}, {"type": "Feature", "geometry": {"type": "Polygon", "coordinates": [[[88.375, 19.125], [88.625, 19.125], [88.625, 19.375], [88.375, 19.375], [88.375, 19.125]]]}, "properties": {"time": "2021-05-26T00:00:00", "variable": "msl", "tier": "moderate", "percentile": 100.0, "z": 5.44, "wind_ms": 18.85, "value": 991.3, "lat": 19.25, "lon": 88.5}}, {"type": "Feature", "geometry": {"type": "Polygon", "coordinates": [[[88.625, 19.125], [88.875, 19.125], [88.875, 19.375], [88.625, 19.375], [88.625, 19.125]]]}, "properties": {"time": "2021-05-26T00:00:00", "variable": "msl", "tier": "moderate", "percentile": 100.0, "z": 5.21, "wind_ms": 18.48, "value": 991.9, "lat": 19.25, "lon": 88.75}}, {"type": "Feature", "geometry": {"type": "Polygon", "coordinates": [[[88.875, 19.125], [89.125, 19.125], [89.125, 19.375], [88.875, 19.375], [88.875, 19.125]]]}, "properties": {"time": "2021-05-26T00:00:00", "variable": "msl", "tier": "moderate", "percentile": 100.0, "z": 4.96, "wind_ms": 18.04, "value": 992.56, "lat": 19.25, "lon": 89.0}}, {"type": "Feature", "geometry": {"type": "Polygon", "coordinates": [[[89.125, 19.125], [89.375, 19.125], [89.375, 19.375], [89.125, 19.375], [89.125, 19.125]]]}, "properties": {"time": "2021-05-26T00:00:00", "variable": "msl", "tier": "moderate", "percentile": 100.0, "z": 4.7, "wind_ms": 17.5, "value": 993.23, "lat": 19.25, "lon": 89.25}}, {"type": "Feature", "geometry": {"type": "Polygon", "coordinates": [[[89.375, 19.125], [89.625, 19.125], [89.625, 19.375], [89.375, 19.375], [89.375, 19.125]]]}, "properties": {"time": "2021-05-26T00:00:00", "variable": "msl", "tier": "low", "percentile": 100.0, "z": 4.45, "wind_ms": 16.8, "value": 993.86, "lat": 19.25, "lon": 89.5}}, {"type": "Feature", "geometry": {"type": "Polygon", "coordinates": [[[89.625, 19.125], [89.875, 19.125], [89.875, 19.375], [89.625, 19.375], [89.625, 19.125]]]}, "properties": {"time": "2021-05-26T00:00:00", "variable": "msl", "tier": "low", "percentile": 99.1, "z": 4.19, "wind_ms": 16.16, "value": 994.51, "lat": 19.25, "lon": 89.75}}, {"type": "Feature", "geometry": {"type": "Polygon", "coordinates": [[[89.875, 19.125], [90.125, 19.125], [90.125, 19.375], [89.875, 19.375], [89.875, 19.125]]]}, "properties": {"time": "2021-05-26T00:00:00", "variable": "msl", "tier": "low", "percentile": 99.1, "z": 3.95, "wind_ms": 16.02, "value": 995.14, "lat": 19.25, "lon": 90.0}}, {"type": "Feature", "geometry": {"type": "Polygon", "coordinates": [[[90.125, 19.125], [90.375, 19.125], [90.375, 19.375], [90.125, 19.375], [90.125, 19.125]]]}, "properties": {"time": "2021-05-26T00:00:00", "variable": "msl", "tier": "low", "percentile": 99.1, "z": 3.75, "wind_ms": 16.18, "value": 995.8, "lat": 19.25, "lon": 90.25}}, {"type": "Feature", "geometry": {"type": "Polygon", "coordinates": [[[90.375, 19.125], [90.625, 19.125], [90.625, 19.375], [90.375, 19.375], [90.375, 19.125]]]}, "properties": {"time": "2021-05-26T00:00:00", "variable": "msl", "tier": "low", "percentile": 99.1, "z": 3.56, "wind_ms": 15.98, "value": 996.44, "lat": 19.25, "lon": 90.5}}, {"type": "Feature", "geometry": {"type": "Polygon", "coordinates": [[[90.625, 19.125], [90.875, 19.125], [90.875, 19.375], [90.625, 19.375], [90.625, 19.125]]]}, "properties": {"time": "2021-05-26T00:00:00", "variable": "msl", "tier": "low", "percentile": 98.3, "z": 3.38, "wind_ms": 15.63, "value": 997.01, "lat": 19.25, "lon": 90.75}}, {"type": "Feature", "geometry": {"type": "Polygon", "coordinates": [[[90.875, 19.125], [91.125, 19.125], [91.125, 19.375], [90.875, 19.375], [90.875, 19.125]]]}, "properties": {"time": "2021-05-26T00:00:00", "variable": "msl", "tier": "low", "percentile": 98.3, "z": 3.23, "wind_ms": 15.52, "value": 997.51, "lat": 19.25, "lon": 91.0}}, {"type": "Feature", "geometry": {"type": "Polygon", "coordinates": [[[85.375, 19.375], [85.625, 19.375], [85.625, 19.625], [85.375, 19.625], [85.375, 19.375]]]}, "properties": {"time": "2021-05-26T00:00:00", "variable": "msl", "tier": "low", "percentile": 100.0, "z": 4.62, "wind_ms": 14.56, "value": 992.45, "lat": 19.5, "lon": 85.5}}, {"type": "Feature", "geometry": {"type": "Polygon", "coordinates": [[[85.625, 19.375], [85.875, 19.375], [85.875, 19.625], [85.625, 19.625], [85.625, 19.375]]]}, "properties": {"time": "2021-05-26T00:00:00", "variable": "msl", "tier": "low", "percentile": 100.0, "z": 4.95, "wind_ms": 14.3, "value": 991.82, "lat": 19.5, "lon": 85.75}}, {"type": "Feature", "geometry": {"type": "Polygon", "coordinates": [[[85.875, 19.375], [86.125, 19.375], [86.125, 19.625], [85.875, 19.625], [85.875, 19.375]]]}, "properties": {"time": "2021-05-26T00:00:00", "variable": "msl", "tier": "low", "percentile": 100.0, "z": 5.22, "wind_ms": 15.73, "value": 991.23, "lat": 19.5, "lon": 86.0}}, {"type": "Feature", "geometry": {"type": "Polygon", "coordinates": [[[86.125, 19.375], [86.375, 19.375], [86.375, 19.625], [86.125, 19.625], [86.125, 19.375]]]}, "properties": {"time": "2021-05-26T00:00:00", "variable": "msl", "tier": "low", "percentile": 100.0, "z": 5.47, "wind_ms": 16.58, "value": 990.68, "lat": 19.5, "lon": 86.25}}, {"type": "Feature", "geometry": {"type": "Polygon", "coordinates": [[[86.375, 19.375], [86.625, 19.375], [86.625, 19.625], [86.375, 19.625], [86.375, 19.375]]]}, "properties": {"time": "2021-05-26T00:00:00", "variable": "msl", "tier": "moderate", "percentile": 100.0, "z": 5.71, "wind_ms": 17.11, "value": 990.17, "lat": 19.5, "lon": 86.5}}, {"type": "Feature", "geometry": {"type": "Polygon", "coordinates": [[[86.625, 19.375], [86.875, 19.375], [86.875, 19.625], [86.625, 19.625], [86.625, 19.375]]]}, "properties": {"time": "2021-05-26T00:00:00", "variable": "msl", "tier": "moderate", "percentile": 100.0, "z": 5.96, "wind_ms": 17.99, "value": 989.63, "lat": 19.5, "lon": 86.75}}, {"type": "Feature", "geometry": {"type": "Polygon", "coordinates": [[[86.875, 19.375], [87.125, 19.375], [87.125, 19.625], [86.875, 19.625], [86.875, 19.375]]]}, "properties": {"time": "2021-05-26T00:00:00", "variable": "msl", "tier": "moderate", "percentile": 100.0, "z": 6.16, "wind_ms": 18.83, "value": 989.22, "lat": 19.5, "lon": 87.0}}, {"type": "Feature", "geometry": {"type": "Polygon", "coordinates": [[[87.125, 19.375], [87.375, 19.375], [87.375, 19.625], [87.125, 19.625], [87.125, 19.375]]]}, "properties": {"time": "2021-05-26T00:00:00", "variable": "msl", "tier": "moderate", "percentile": 100.0, "z": 6.29, "wind_ms": 19.29, "value": 988.93, "lat": 19.5, "lon": 87.25}}, {"type": "Feature", "geometry": {"type": "Polygon", "coordinates": [[[87.375, 19.375], [87.625, 19.375], [87.625, 19.625], [87.375, 19.625], [87.375, 19.375]]]}, "properties": {"time": "2021-05-26T00:00:00", "variable": "msl", "tier": "moderate", "percentile": 100.0, "z": 6.35, "wind_ms": 19.68, "value": 988.83, "lat": 19.5, "lon": 87.5}}, {"type": "Feature", "geometry": {"type": "Polygon", "coordinates": [[[87.625, 19.375], [87.875, 19.375], [87.875, 19.625], [87.625, 19.625], [87.625, 19.375]]]}, "properties": {"time": "2021-05-26T00:00:00", "variable": "msl", "tier": "moderate", "percentile": 100.0, "z": 6.33, "wind_ms": 19.92, "value": 988.89, "lat": 19.5, "lon": 87.75}}, {"type": "Feature", "geometry": {"type": "Polygon", "coordinates": [[[87.875, 19.375], [88.125, 19.375], [88.125, 19.625], [87.875, 19.625], [87.875, 19.375]]]}, "properties": {"time": "2021-05-26T00:00:00", "variable": "msl", "tier": "moderate", "percentile": 100.0, "z": 6.21, "wind_ms": 20.03, "value": 989.23, "lat": 19.5, "lon": 88.0}}, {"type": "Feature", "geometry": {"type": "Polygon", "coordinates": [[[88.125, 19.375], [88.375, 19.375], [88.375, 19.625], [88.125, 19.625], [88.125, 19.375]]]}, "properties": {"time": "2021-05-26T00:00:00", "variable": "msl", "tier": "moderate", "percentile": 100.0, "z": 6.01, "wind_ms": 19.72, "value": 989.78, "lat": 19.5, "lon": 88.25}}, {"type": "Feature", "geometry": {"type": "Polygon", "coordinates": [[[88.375, 19.375], [88.625, 19.375], [88.625, 19.625], [88.375, 19.625], [88.375, 19.375]]]}, "properties": {"time": "2021-05-26T00:00:00", "variable": "msl", "tier": "moderate", "percentile": 100.0, "z": 5.73, "wind_ms": 19.3, "value": 990.48, "lat": 19.5, "lon": 88.5}}, {"type": "Feature", "geometry": {"type": "Polygon", "coordinates": [[[88.625, 19.375], [88.875, 19.375], [88.875, 19.625], [88.625, 19.625], [88.625, 19.375]]]}, "properties": {"time": "2021-05-26T00:00:00", "variable": "msl", "tier": "moderate", "percentile": 100.0, "z": 5.45, "wind_ms": 18.84, "value": 991.16, "lat": 19.5, "lon": 88.75}}, {"type": "Feature", "geometry": {"type": "Polygon", "coordinates": [[[88.875, 19.375], [89.125, 19.375], [89.125, 19.625], [88.875, 19.625], [88.875, 19.375]]]}, "properties": {"time": "2021-05-26T00:00:00", "variable": "msl", "tier": "moderate", "percentile": 100.0, "z": 5.15, "wind_ms": 18.31, "value": 991.88, "lat": 19.5, "lon": 89.0}}, {"type": "Feature", "geometry": {"type": "Polygon", "coordinates": [[[89.125, 19.375], [89.375, 19.375], [89.375, 19.625], [89.125, 19.625], [89.125, 19.375]]]}, "properties": {"time": "2021-05-26T00:00:00", "variable": "msl", "tier": "moderate", "percentile": 100.0, "z": 4.87, "wind_ms": 17.78, "value": 992.58, "lat": 19.5, "lon": 89.25}}, {"type": "Feature", "geometry": {"type": "Polygon", "coordinates": [[[89.375, 19.375], [89.625, 19.375], [89.625, 19.625], [89.375, 19.625], [89.375, 19.375]]]}, "properties": {"time": "2021-05-26T00:00:00", "variable": "msl", "tier": "moderate", "percentile": 100.0, "z": 4.59, "wind_ms": 17.07, "value": 993.3, "lat": 19.5, "lon": 89.5}}, {"type": "Feature", "geometry": {"type": "Polygon", "coordinates": [[[89.625, 19.375], [89.875, 19.375], [89.875, 19.625], [89.625, 19.625], [89.625, 19.375]]]}, "properties": {"time": "2021-05-26T00:00:00", "variable": "msl", "tier": "low", "percentile": 99.1, "z": 4.33, "wind_ms": 16.34, "value": 993.99, "lat": 19.5, "lon": 89.75}}, {"type": "Feature", "geometry": {"type": "Polygon", "coordinates": [[[89.875, 19.375], [90.125, 19.375], [90.125, 19.625], [89.875, 19.625], [89.875, 19.375]]]}, "properties": {"time": "2021-05-26T00:00:00", "variable": "msl", "tier": "low", "percentile": 99.1, "z": 4.09, "wind_ms": 16.22, "value": 994.65, "lat": 19.5, "lon": 90.0}}, {"type": "Feature", "geometry": {"type": "Polygon", "coordinates": [[[90.125, 19.375], [90.375, 19.375], [90.375, 19.625], [90.125, 19.625], [90.125, 19.375]]]}, "properties": {"time": "2021-05-26T00:00:00", "variable": "msl", "tier": "low", "percentile": 99.1, "z": 3.89, "wind_ms": 16.6, "value": 995.35, "lat": 19.5, "lon": 90.25}}, {"type": "Feature", "geometry": {"type": "Polygon", "coordinates": [[[90.375, 19.375], [90.625, 19.375], [90.625, 19.625], [90.375, 19.625], [90.375, 19.375]]]}, "properties": {"time": "2021-05-26T00:00:00", "variable": "msl", "tier": "low", "percentile": 99.1, "z": 3.7, "wind_ms": 16.68, "value": 996.0, "lat": 19.5, "lon": 90.5}}, {"type": "Feature", "geometry": {"type": "Polygon", "coordinates": [[[90.625, 19.375], [90.875, 19.375], [90.875, 19.625], [90.625, 19.625], [90.625, 19.375]]]}, "properties": {"time": "2021-05-26T00:00:00", "variable": "msl", "tier": "low", "percentile": 99.1, "z": 3.51, "wind_ms": 16.12, "value": 996.69, "lat": 19.5, "lon": 90.75}}, {"type": "Feature", "geometry": {"type": "Polygon", "coordinates": [[[90.875, 19.375], [91.125, 19.375], [91.125, 19.625], [90.875, 19.625], [90.875, 19.375]]]}, "properties": {"time": "2021-05-26T00:00:00", "variable": "msl", "tier": "low", "percentile": 98.3, "z": 3.34, "wind_ms": 15.76, "value": 997.27, "lat": 19.5, "lon": 91.0}}, {"type": "Feature", "geometry": {"type": "Polygon", "coordinates": [[[85.375, 19.625], [85.625, 19.625], [85.625, 19.875], [85.375, 19.875], [85.375, 19.625]]]}, "properties": {"time": "2021-05-26T00:00:00", "variable": "msl", "tier": "low", "percentile": 100.0, "z": 4.98, "wind_ms": 11.5, "value": 991.62, "lat": 19.75, "lon": 85.5}}, {"type": "Feature", "geometry": {"type": "Polygon", "coordinates": [[[85.625, 19.625], [85.875, 19.625], [85.875, 19.875], [85.625, 19.875], [85.625, 19.625]]]}, "properties": {"time": "2021-05-26T00:00:00", "variable": "msl", "tier": "low", "percentile": 100.0, "z": 5.24, "wind_ms": 10.62, "value": 991.08, "lat": 19.75, "lon": 85.75}}, {"type": "Feature", "geometry": {"type": "Polygon", "coordinates": [[[85.875, 19.625], [86.125, 19.625], [86.125, 19.875], [85.875, 19.875], [85.875, 19.625]]]}, "properties": {"time": "2021-05-26T00:00:00", "variable": "msl", "tier": "low", "percentile": 100.0, "z": 5.51, "wind_ms": 12.83, "value": 990.48, "lat": 19.75, "lon": 86.0}}, {"type": "Feature", "geometry": {"type": "Polygon", "coordinates": [[[86.125, 19.625], [86.375, 19.625], [86.375, 19.875], [86.125, 19.875], [86.125, 19.625]]]}, "properties": {"time": "2021-05-26T00:00:00", "variable": "msl", "tier": "low", "percentile": 100.0, "z": 5.79, "wind_ms": 14.81, "value": 989.84, "lat": 19.75, "lon": 86.25}}, {"type": "Feature", "geometry": {"type": "Polygon", "coordinates": [[[86.375, 19.625], [86.625, 19.625], [86.625, 19.875], [86.375, 19.875], [86.375, 19.625]]]}, "properties": {"time": "2021-05-26T00:00:00", "variable": "msl", "tier": "moderate", "percentile": 100.0, "z": 6.13, "wind_ms": 17.17, "value": 989.05, "lat": 19.75, "lon": 86.5}}, {"type": "Feature", "geometry": {"type": "Polygon", "coordinates": [[[86.625, 19.625], [86.875, 19.625], [86.875, 19.875], [86.625, 19.875], [86.625, 19.625]]]}, "properties": {"time": "2021-05-26T00:00:00", "variable": "msl", "tier": "moderate", "percentile": 100.0, "z": 6.43, "wind_ms": 18.43, "value": 988.34, "lat": 19.75, "lon": 86.75}}, {"type": "Feature", "geometry": {"type": "Polygon", "coordinates": [[[86.875, 19.625], [87.125, 19.625], [87.125, 19.875], [86.875, 19.875], [86.875, 19.625]]]}, "properties": {"time": "2021-05-26T00:00:00", "variable": "msl", "tier": "moderate", "percentile": 100.0, "z": 6.77, "wind_ms": 19.65, "value": 987.54, "lat": 19.75, "lon": 87.0}}, {"type": "Feature", "geometry": {"type": "Polygon", "coordinates": [[[87.125, 19.625], [87.375, 19.625], [87.375, 19.875], [87.125, 19.875], [87.125, 19.625]]]}, "properties": {"time": "2021-05-26T00:00:00", "variable": "msl", "tier": "moderate", "percentile": 100.0, "z": 6.96, "wind_ms": 20.23, "value": 987.11, "lat": 19.75, "lon": 87.25}}, {"type": "Feature", "geometry": {"type": "Polygon", "coordinates": [[[87.375, 19.625], [87.625, 19.625], [87.625, 19.875], [87.375, 19.875], [87.375, 19.625]]]}, "properties": {"time": "2021-05-26T00:00:00", "variable": "msl", "tier": "moderate", "percentile": 100.0, "z": 7.04, "wind_ms": 21.15, "value": 986.95, "lat": 19.75, "lon": 87.5}}, {"type": "Feature", "geometry": {"type": "Polygon", "coordinates": [[[87.625, 19.625], [87.875, 19.625], [87.875, 19.875], [87.625, 19.875], [87.625, 19.625]]]}, "properties": {"time": "2021-05-26T00:00:00", "variable": "msl", "tier": "moderate", "percentile": 100.0, "z": 6.97, "wind_ms": 21.04, "value": 987.15, "lat": 19.75, "lon": 87.75}}, {"type": "Feature", "geometry": {"type": "Polygon", "coordinates": [[[87.875, 19.625], [88.125, 19.625], [88.125, 19.875], [87.875, 19.875], [87.875, 19.625]]]}, "properties": {"time": "2021-05-26T00:00:00", "variable": "msl", "tier": "moderate", "percentile": 100.0, "z": 6.77, "wind_ms": 20.7, "value": 987.69, "lat": 19.75, "lon": 88.0}}, {"type": "Feature", "geometry": {"type": "Polygon", "coordinates": [[[88.125, 19.625], [88.375, 19.625], [88.375, 19.875], [88.125, 19.875], [88.125, 19.625]]]}, "properties": {"time": "2021-05-26T00:00:00", "variable": "msl", "tier": "moderate", "percentile": 100.0, "z": 6.43, "wind_ms": 20.17, "value": 988.51, "lat": 19.75, "lon": 88.25}}, {"type": "Feature", "geometry": {"type": "Polygon", "coordinates": [[[88.375, 19.625], [88.625, 19.625], [88.625, 19.875], [88.375, 19.875], [88.375, 19.625]]]}, "properties": {"time": "2021-05-26T00:00:00", "variable": "msl", "tier": "moderate", "percentile": 100.0, "z": 6.1, "wind_ms": 19.78, "value": 989.32, "lat": 19.75, "lon": 88.5}}, {"type": "Feature", "geometry": {"type": "Polygon", "coordinates": [[[88.625, 19.625], [88.875, 19.625], [88.875, 19.875], [88.625, 19.875], [88.625, 19.625]]]}, "properties": {"time": "2021-05-26T00:00:00", "variable": "msl", "tier": "moderate", "percentile": 100.0, "z": 5.7, "wind_ms": 19.28, "value": 990.29, "lat": 19.75, "lon": 88.75}}, {"type": "Feature", "geometry": {"type": "Polygon", "coordinates": [[[88.875, 19.625], [89.125, 19.625], [89.125, 19.875], [88.875, 19.875], [88.875, 19.625]]]}, "properties": {"time": "2021-05-26T00:00:00", "variable": "msl", "tier": "moderate", "percentile": 100.0, "z": 5.36, "wind_ms": 18.77, "value": 991.13, "lat": 19.75, "lon": 89.0}}, {"type": "Feature", "geometry": {"type": "Polygon", "coordinates": [[[89.125, 19.625], [89.375, 19.625], [89.375, 19.875], [89.125, 19.875], [89.125, 19.625]]]}, "properties": {"time": "2021-05-26T00:00:00", "variable": "msl", "tier": "moderate", "percentile": 100.0, "z": 5.02, "wind_ms": 18.1, "value": 992.01, "lat": 19.75, "lon": 89.25}}, {"type": "Feature", "geometry": {"type": "Polygon", "coordinates": [[[89.375, 19.625], [89.625, 19.625], [89.625, 19.875], [89.375, 19.875], [89.375, 19.625]]]}, "properties": {"time": "2021-05-26T00:00:00", "variable": "msl", "tier": "moderate", "percentile": 99.1, "z": 4.73, "wind_ms": 17.39, "value": 992.77, "lat": 19.75, "lon": 89.5}}, {"type": "Feature", "geometry": {"type": "Polygon", "coordinates": [[[89.625, 19.625], [89.875, 19.625], [89.875, 19.875], [89.625, 19.875], [89.625, 19.625]]]}, "properties": {"time": "2021-05-26T00:00:00", "variable": "msl", "tier": "low", "percentile": 99.1, "z": 4.47, "wind_ms": 16.74, "value": 993.47, "lat": 19.75, "lon": 89.75}}, {"type": "Feature", "geometry": {"type": "Polygon", "coordinates": [[[89.875, 19.625], [90.125, 19.625], [90.125, 19.875], [89.875, 19.875], [89.875, 19.625]]]}, "properties": {"time": "2021-05-26T00:00:00", "variable": "msl", "tier": "low", "percentile": 99.1, "z": 4.23, "wind_ms": 16.6, "value": 994.16, "lat": 19.75, "lon": 90.0}}, {"type": "Feature", "geometry": {"type": "Polygon", "coordinates": [[[90.125, 19.625], [90.375, 19.625], [90.375, 19.875], [90.125, 19.875], [90.125, 19.625]]]}, "properties": {"time": "2021-05-26T00:00:00", "variable": "msl", "tier": "moderate", "percentile": 99.1, "z": 4.02, "wind_ms": 17.02, "value": 994.89, "lat": 19.75, "lon": 90.25}}, {"type": "Feature", "geometry": {"type": "Polygon", "coordinates": [[[90.375, 19.625], [90.625, 19.625], [90.625, 19.875], [90.375, 19.875], [90.375, 19.625]]]}, "properties": {"time": "2021-05-26T00:00:00", "variable": "msl", "tier": "low", "percentile": 99.1, "z": 3.82, "wind_ms": 16.98, "value": 995.64, "lat": 19.75, "lon": 90.5}}, {"type": "Feature", "geometry": {"type": "Polygon", "coordinates": [[[90.625, 19.625], [90.875, 19.625], [90.875, 19.875], [90.625, 19.875], [90.625, 19.625]]]}, "properties": {"time": "2021-05-26T00:00:00", "variable": "msl", "tier": "low", "percentile": 99.1, "z": 3.62, "wind_ms": 16.26, "value": 996.35, "lat": 19.75, "lon": 90.75}}, {"type": "Feature", "geometry": {"type": "Polygon", "coordinates": [[[90.875, 19.625], [91.125, 19.625], [91.125, 19.875], [90.875, 19.875], [90.875, 19.625]]]}, "properties": {"time": "2021-05-26T00:00:00", "variable": "msl", "tier": "low", "percentile": 99.1, "z": 3.45, "wind_ms": 15.79, "value": 996.99, "lat": 19.75, "lon": 91.0}}, {"type": "Feature", "geometry": {"type": "Polygon", "coordinates": [[[85.375, 19.875], [85.625, 19.875], [85.625, 20.125], [85.375, 20.125], [85.375, 19.875]]]}, "properties": {"time": "2021-05-26T00:00:00", "variable": "msl", "tier": "low", "percentile": 100.0, "z": 5.23, "wind_ms": 8.87, "value": 991.09, "lat": 20.0, "lon": 85.5}}, {"type": "Feature", "geometry": {"type": "Polygon", "coordinates": [[[85.875, 19.875], [86.125, 19.875], [86.125, 20.125], [85.875, 20.125], [85.875, 19.875]]]}, "properties": {"time": "2021-05-26T00:00:00", "variable": "msl", "tier": "low", "percentile": 100.0, "z": 5.82, "wind_ms": 9.7, "value": 989.74, "lat": 20.0, "lon": 86.0}}, {"type": "Feature", "geometry": {"type": "Polygon", "coordinates": [[[86.125, 19.875], [86.375, 19.875], [86.375, 20.125], [86.125, 20.125], [86.125, 19.875]]]}, "properties": {"time": "2021-05-26T00:00:00", "variable": "msl", "tier": "low", "percentile": 100.0, "z": 6.2, "wind_ms": 11.12, "value": 988.85, "lat": 20.0, "lon": 86.25}}, {"type": "Feature", "geometry": {"type": "Polygon", "coordinates": [[[86.375, 19.875], [86.625, 19.875], [86.625, 20.125], [86.375, 20.125], [86.375, 19.875]]]}, "properties": {"time": "2021-05-26T00:00:00", "variable": "msl", "tier": "low", "percentile": 100.0, "z": 6.59, "wind_ms": 14.15, "value": 987.91, "lat": 20.0, "lon": 86.5}}, {"type": "Feature", "geometry": {"type": "Polygon", "coordinates": [[[86.625, 19.875], [86.875, 19.875], [86.875, 20.125], [86.625, 20.125], [86.625, 19.875]]]}, "properties": {"time": "2021-05-26T00:00:00", "variable": "msl", "tier": "moderate", "percentile": 100.0, "z": 7.17, "wind_ms": 18.9, "value": 986.49, "lat": 20.0, "lon": 86.75}}, {"type": "Feature", "geometry": {"type": "Polygon", "coordinates": [[[86.875, 19.875], [87.125, 19.875], [87.125, 20.125], [86.875, 20.125], [86.875, 19.875]]]}, "properties": {"time": "2021-05-26T00:00:00", "variable": "msl", "tier": "moderate", "percentile": 100.0, "z": 7.55, "wind_ms": 20.76, "value": 985.56, "lat": 20.0, "lon": 87.0}}, {"type": "Feature", "geometry": {"type": "Polygon", "coordinates": [[[87.125, 19.875], [87.375, 19.875], [87.375, 20.125], [87.125, 20.125], [87.125, 19.875]]]}, "properties": {"time": "2021-05-26T00:00:00", "variable": "msl", "tier": "moderate", "percentile": 100.0, "z": 7.89, "wind_ms": 21.97, "value": 984.7, "lat": 20.0, "lon": 87.25}}, {"type": "Feature", "geometry": {"type": "Polygon", "coordinates": [[[87.375, 19.875], [87.625, 19.875], [87.625, 20.125], [87.375, 20.125], [87.375, 19.875]]]}, "properties": {"time": "2021-05-26T00:00:00", "variable": "msl", "tier": "moderate", "percentile": 100.0, "z": 8.01, "wind_ms": 22.72, "value": 984.4, "lat": 20.0, "lon": 87.5}}, {"type": "Feature", "geometry": {"type": "Polygon", "coordinates": [[[87.625, 19.875], [87.875, 19.875], [87.875, 20.125], [87.625, 20.125], [87.625, 19.875]]]}, "properties": {"time": "2021-05-26T00:00:00", "variable": "msl", "tier": "moderate", "percentile": 100.0, "z": 7.87, "wind_ms": 22.45, "value": 984.75, "lat": 20.0, "lon": 87.75}}, {"type": "Feature", "geometry": {"type": "Polygon", "coordinates": [[[87.875, 19.875], [88.125, 19.875], [88.125, 20.125], [87.875, 20.125], [87.875, 19.875]]]}, "properties": {"time": "2021-05-26T00:00:00", "variable": "msl", "tier": "moderate", "percentile": 100.0, "z": 7.5, "wind_ms": 21.81, "value": 985.69, "lat": 20.0, "lon": 88.0}}, {"type": "Feature", "geometry": {"type": "Polygon", "coordinates": [[[88.125, 19.875], [88.375, 19.875], [88.375, 20.125], [88.125, 20.125], [88.125, 19.875]]]}, "properties": {"time": "2021-05-26T00:00:00", "variable": "msl", "tier": "moderate", "percentile": 100.0, "z": 7.04, "wind_ms": 21.22, "value": 986.79, "lat": 20.0, "lon": 88.25}}, {"type": "Feature", "geometry": {"type": "Polygon", "coordinates": [[[88.375, 19.875], [88.625, 19.875], [88.625, 20.125], [88.375, 20.125], [88.375, 19.875]]]}, "properties": {"time": "2021-05-26T00:00:00", "variable": "msl", "tier": "moderate", "percentile": 100.0, "z": 6.44, "wind_ms": 20.33, "value": 988.24, "lat": 20.0, "lon": 88.5}}, {"type": "Feature", "geometry": {"type": "Polygon", "coordinates": [[[88.625, 19.875], [88.875, 19.875], [88.875, 20.125], [88.625, 20.125], [88.625, 19.875]]]}, "properties": {"time": "2021-05-26T00:00:00", "variable": "msl", "tier": "moderate", "percentile": 100.0, "z": 6.0, "wind_ms": 19.84, "value": 989.27, "lat": 20.0, "lon": 88.75}}, {"type": "Feature", "geometry": {"type": "Polygon", "coordinates": [[[88.875, 19.875], [89.125, 19.875], [89.125, 20.125], [88.875, 20.125], [88.875, 19.875]]]}, "properties": {"time": "2021-05-26T00:00:00", "variable": "msl", "tier": "moderate", "percentile": 100.0, "z": 5.52, "wind_ms": 19.15, "value": 990.4, "lat": 20.0, "lon": 89.0}}, {"type": "Feature", "geometry": {"type": "Polygon", "coordinates": [[[89.125, 19.875], [89.375, 19.875], [89.375, 20.125], [89.125, 20.125], [89.125, 19.875]]]}, "properties": {"time": "2021-05-26T00:00:00", "variable": "msl", "tier": "moderate", "percentile": 100.0, "z": 5.16, "wind_ms": 18.54, "value": 991.31, "lat": 20.0, "lon": 89.25}}, {"type": "Feature", "geometry": {"type": "Polygon", "coordinates": [[[89.375, 19.875], [89.625, 19.875], [89.625, 20.125], [89.375, 20.125], [89.375, 19.875]]]}, "properties": {"time": "2021-05-26T00:00:00", "variable": "msl", "tier": "moderate", "percentile": 99.1, "z": 4.84, "wind_ms": 17.82, "value": 992.18, "lat": 20.0, "lon": 89.5}}, {"type": "Feature", "geometry": {"type": "Polygon", "coordinates": [[[89.625, 19.875], [89.875, 19.875], [89.875, 20.125], [89.625, 20.125], [89.625, 19.875]]]}, "properties": {"time": "2021-05-26T00:00:00", "variable": "msl", "tier": "moderate", "percentile": 99.1, "z": 4.58, "wind_ms": 17.17, "value": 992.95, "lat": 20.0, "lon": 89.75}}, {"type": "Feature", "geometry": {"type": "Polygon", "coordinates": [[[89.875, 19.875], [90.125, 19.875], [90.125, 20.125], [89.875, 20.125], [89.875, 19.875]]]}, "properties": {"time": "2021-05-26T00:00:00", "variable": "msl", "tier": "low", "percentile": 99.1, "z": 4.36, "wind_ms": 16.91, "value": 993.67, "lat": 20.0, "lon": 90.0}}, {"type": "Feature", "geometry": {"type": "Polygon", "coordinates": [[[90.125, 19.875], [90.375, 19.875], [90.375, 20.125], [90.125, 20.125], [90.125, 19.875]]]}, "properties": {"time": "2021-05-26T00:00:00", "variable": "msl", "tier": "low", "percentile": 99.1, "z": 4.13, "wind_ms": 17.0, "value": 994.53, "lat": 20.0, "lon": 90.25}}, {"type": "Feature", "geometry": {"type": "Polygon", "coordinates": [[[90.375, 19.875], [90.625, 19.875], [90.625, 20.125], [90.375, 20.125], [90.375, 19.875]]]}, "properties": {"time": "2021-05-26T00:00:00", "variable": "msl", "tier": "low", "percentile": 99.1, "z": 3.91, "wind_ms": 16.82, "value": 995.34, "lat": 20.0, "lon": 90.5}}, {"type": "Feature", "geometry": {"type": "Polygon", "coordinates": [[[90.625, 19.875], [90.875, 19.875], [90.875, 20.125], [90.625, 20.125], [90.625, 19.875]]]}, "properties": {"time": "2021-05-26T00:00:00", "variable": "msl", "tier": "low", "percentile": 99.1, "z": 3.72, "wind_ms": 16.24, "value": 996.12, "lat": 20.0, "lon": 90.75}}, {"type": "Feature", "geometry": {"type": "Polygon", "coordinates": [[[90.875, 19.875], [91.125, 19.875], [91.125, 20.125], [90.875, 20.125], [90.875, 19.875]]]}, "properties": {"time": "2021-05-26T00:00:00", "variable": "msl", "tier": "low", "percentile": 99.1, "z": 3.55, "wind_ms": 15.74, "value": 996.75, "lat": 20.0, "lon": 91.0}}, {"type": "Feature", "geometry": {"type": "Polygon", "coordinates": [[[91.125, 19.875], [91.375, 19.875], [91.375, 20.125], [91.125, 20.125], [91.125, 19.875]]]}, "properties": {"time": "2021-05-26T00:00:00", "variable": "msl", "tier": "low", "percentile": 99.1, "z": 3.42, "wind_ms": 15.77, "value": 997.32, "lat": 20.0, "lon": 91.25}}, {"type": "Feature", "geometry": {"type": "Polygon", "coordinates": [[[91.375, 19.875], [91.625, 19.875], [91.625, 20.125], [91.375, 20.125], [91.375, 19.875]]]}, "properties": {"time": "2021-05-26T00:00:00", "variable": "msl", "tier": "low", "percentile": 99.1, "z": 3.3, "wind_ms": 15.62, "value": 997.86, "lat": 20.0, "lon": 91.5}}, {"type": "Feature", "geometry": {"type": "Polygon", "coordinates": [[[91.625, 19.875], [91.875, 19.875], [91.875, 20.125], [91.625, 20.125], [91.625, 19.875]]]}, "properties": {"time": "2021-05-26T00:00:00", "variable": "msl", "tier": "low", "percentile": 98.3, "z": 3.13, "wind_ms": 15.17, "value": 998.46, "lat": 20.0, "lon": 91.75}}, {"type": "Feature", "geometry": {"type": "Polygon", "coordinates": [[[85.875, 20.125], [86.125, 20.125], [86.125, 20.375], [85.875, 20.375], [85.875, 20.125]]]}, "properties": {"time": "2021-05-26T00:00:00", "variable": "msl", "tier": "low", "percentile": 100.0, "z": 6.2, "wind_ms": 8.88, "value": 988.8, "lat": 20.25, "lon": 86.0}}, {"type": "Feature", "geometry": {"type": "Polygon", "coordinates": [[[86.125, 20.125], [86.375, 20.125], [86.375, 20.375], [86.125, 20.375], [86.125, 20.125]]]}, "properties": {"time": "2021-05-26T00:00:00", "variable": "msl", "tier": "low", "percentile": 100.0, "z": 6.62, "wind_ms": 9.83, "value": 987.77, "lat": 20.25, "lon": 86.25}}, {"type": "Feature", "geometry": {"type": "Polygon", "coordinates": [[[86.375, 20.125], [86.625, 20.125], [86.625, 20.375], [86.375, 20.375], [86.375, 20.125]]]}, "properties": {"time": "2021-05-26T00:00:00", "variable": "msl", "tier": "low", "percentile": 100.0, "z": 7.31, "wind_ms": 11.52, "value": 986.08, "lat": 20.25, "lon": 86.5}}, {"type": "Feature", "geometry": {"type": "Polygon", "coordinates": [[[86.625, 20.125], [86.875, 20.125], [86.875, 20.375], [86.625, 20.375], [86.625, 20.125]]]}, "properties": {"time": "2021-05-26T00:00:00", "variable": "msl", "tier": "low", "percentile": 100.0, "z": 7.89, "wind_ms": 16.13, "value": 984.66, "lat": 20.25, "lon": 86.75}}, {"type": "Feature", "geometry": {"type": "Polygon", "coordinates": [[[86.875, 20.125], [87.125, 20.125], [87.125, 20.375], [86.875, 20.375], [86.875, 20.125]]]}, "properties": {"time": "2021-05-26T00:00:00", "variable": "msl", "tier": "moderate", "percentile": 100.0, "z": 8.55, "wind_ms": 20.65, "value": 983.04, "lat": 20.25, "lon": 87.0}}, {"type": "Feature", "geometry": {"type": "Polygon", "coordinates": [[[87.125, 20.125], [87.375, 20.125], [87.375, 20.375], [87.125, 20.375], [87.125, 20.125]]]}, "properties": {"time": "2021-05-26T00:00:00", "variable": "msl", "tier": "moderate", "percentile": 100.0, "z": 8.95, "wind_ms": 22.12, "value": 982.04, "lat": 20.25, "lon": 87.25}}, {"type": "Feature", "geometry": {"type": "Polygon", "coordinates": [[[87.375, 20.125], [87.625, 20.125], [87.625, 20.375], [87.375, 20.375], [87.375, 20.125]]]}, "properties": {"time": "2021-05-26T00:00:00", "variable": "msl", "tier": "moderate", "percentile": 100.0, "z": 9.24, "wind_ms": 23.2, "value": 981.28, "lat": 20.25, "lon": 87.5}}, {"type": "Feature", "geometry": {"type": "Polygon", "coordinates": [[[87.625, 20.125], [87.875, 20.125], [87.875, 20.375], [87.625, 20.375], [87.625, 20.125]]]}, "properties": {"time": "2021-05-26T00:00:00", "variable": "msl", "tier": "moderate", "percentile": 100.0, "z": 9.06, "wind_ms": 23.53, "value": 981.68, "lat": 20.25, "lon": 87.75}}, {"type": "Feature", "geometry": {"type": "Polygon", "coordinates": [[[87.875, 20.125], [88.125, 20.125], [88.125, 20.375], [87.875, 20.375], [87.875, 20.125]]]}, "properties": {"time": "2021-05-26T00:00:00", "variable": "msl", "tier": "moderate", "percentile": 100.0, "z": 8.49, "wind_ms": 23.11, "value": 983.03, "lat": 20.25, "lon": 88.0}}, {"type": "Feature", "geometry": {"type": "Polygon", "coordinates": [[[88.125, 20.125], [88.375, 20.125], [88.375, 20.375], [88.125, 20.375], [88.125, 20.125]]]}, "properties": {"time": "2021-05-26T00:00:00", "variable": "msl", "tier": "moderate", "percentile": 100.0, "z": 7.67, "wind_ms": 22.41, "value": 984.94, "lat": 20.25, "lon": 88.25}}, {"type": "Feature", "geometry": {"type": "Polygon", "coordinates": [[[88.375, 20.125], [88.625, 20.125], [88.625, 20.375], [88.375, 20.375], [88.375, 20.125]]]}, "properties": {"time": "2021-05-26T00:00:00", "variable": "msl", "tier": "moderate", "percentile": 100.0, "z": 6.99, "wind_ms": 21.56, "value": 986.54, "lat": 20.25, "lon": 88.5}}, {"type": "Feature", "geometry": {"type": "Polygon", "coordinates": [[[88.625, 20.125], [88.875, 20.125], [88.875, 20.375], [88.625, 20.375], [88.625, 20.125]]]}, "properties": {"time": "2021-05-26T00:00:00", "variable": "msl", "tier": "moderate", "percentile": 100.0, "z": 6.18, "wind_ms": 20.18, "value": 988.4, "lat": 20.25, "lon": 88.75}}, {"type": "Feature", "geometry": {"type": "Polygon", "coordinates": [[[88.875, 20.125], [89.125, 20.125], [89.125, 20.375], [88.875, 20.375], [88.875, 20.125]]]}, "properties": {"time": "2021-05-26T00:00:00", "variable": "msl", "tier": "moderate", "percentile": 100.0, "z": 5.7, "wind_ms": 19.57, "value": 989.53, "lat": 20.25, "lon": 89.0}}, {"type": "Feature", "geometry": {"type": "Polygon", "coordinates": [[[89.125, 20.125], [89.375, 20.125], [89.375, 20.375], [89.125, 20.375], [89.125, 20.125]]]}, "properties": {"time": "2021-05-26T00:00:00", "variable": "msl", "tier": "moderate", "percentile": 99.1, "z": 5.23, "wind_ms": 18.93, "value": 990.74, "lat": 20.25, "lon": 89.25}}, {"type": "Feature", "geometry": {"type": "Polygon", "coordinates": [[[89.375, 20.125], [89.625, 20.125], [89.625, 20.375], [89.375, 20.375], [89.375, 20.125]]]}, "properties": {"time": "2021-05-26T00:00:00", "variable": "msl", "tier": "moderate", "percentile": 99.1, "z": 4.91, "wind_ms": 18.24, "value": 991.63, "lat": 20.25, "lon": 89.5}}, {"type": "Feature", "geometry": {"type": "Polygon", "coordinates": [[[89.625, 20.125], [89.875, 20.125], [89.875, 20.375], [89.625, 20.375], [89.625, 20.125]]]}, "properties": {"time": "2021-05-26T00:00:00", "variable": "msl", "tier": "moderate", "percentile": 99.1, "z": 4.67, "wind_ms": 17.52, "value": 992.48, "lat": 20.25, "lon": 89.75}}, {"type": "Feature", "geometry": {"type": "Polygon", "coordinates": [[[89.875, 20.125], [90.125, 20.125], [90.125, 20.375], [89.875, 20.375], [89.875, 20.125]]]}, "properties": {"time": "2021-05-26T00:00:00", "variable": "msl", "tier": "moderate", "percentile": 99.1, "z": 4.46, "wind_ms": 17.18, "value": 993.26, "lat": 20.25, "lon": 90.0}}, {"type": "Feature", "geometry": {"type": "Polygon", "coordinates": [[[90.125, 20.125], [90.375, 20.125], [90.375, 20.375], [90.125, 20.375], [90.125, 20.125]]]}, "properties": {"time": "2021-05-26T00:00:00", "variable": "msl", "tier": "low", "percentile": 99.1, "z": 4.21, "wind_ms": 16.7, "value": 994.24, "lat": 20.25, "lon": 90.25}}, {"type": "Feature", "geometry": {"type": "Polygon", "coordinates": [[[90.375, 20.125], [90.625, 20.125], [90.625, 20.375], [90.375, 20.375], [90.375, 20.125]]]}, "properties": {"time": "2021-05-26T00:00:00", "variable": "msl", "tier": "low", "percentile": 99.1, "z": 3.97, "wind_ms": 16.3, "value": 995.15, "lat": 20.25, "lon": 90.5}}, {"type": "Feature", "geometry": {"type": "Polygon", "coordinates": [[[90.625, 20.125], [90.875, 20.125], [90.875, 20.375], [90.625, 20.375], [90.625, 20.125]]]}, "properties": {"time": "2021-05-26T00:00:00", "variable": "msl", "tier": "low", "percentile": 99.1, "z": 3.78, "wind_ms": 15.94, "value": 995.92, "lat": 20.25, "lon": 90.75}}, {"type": "Feature", "geometry": {"type": "Polygon", "coordinates": [[[90.875, 20.125], [91.125, 20.125], [91.125, 20.375], [90.875, 20.375], [90.875, 20.125]]]}, "properties": {"time": "2021-05-26T00:00:00", "variable": "msl", "tier": "low", "percentile": 99.1, "z": 3.65, "wind_ms": 15.54, "value": 996.55, "lat": 20.25, "lon": 91.0}}, {"type": "Feature", "geometry": {"type": "Polygon", "coordinates": [[[91.125, 20.125], [91.375, 20.125], [91.375, 20.375], [91.125, 20.375], [91.125, 20.125]]]}, "properties": {"time": "2021-05-26T00:00:00", "variable": "msl", "tier": "low", "percentile": 99.1, "z": 3.52, "wind_ms": 15.54, "value": 997.12, "lat": 20.25, "lon": 91.25}}, {"type": "Feature", "geometry": {"type": "Polygon", "coordinates": [[[91.375, 20.125], [91.625, 20.125], [91.625, 20.375], [91.375, 20.375], [91.375, 20.125]]]}, "properties": {"time": "2021-05-26T00:00:00", "variable": "msl", "tier": "low", "percentile": 99.1, "z": 3.36, "wind_ms": 15.76, "value": 997.74, "lat": 20.25, "lon": 91.5}}, {"type": "Feature", "geometry": {"type": "Polygon", "coordinates": [[[91.625, 20.125], [91.875, 20.125], [91.875, 20.375], [91.625, 20.375], [91.625, 20.125]]]}, "properties": {"time": "2021-05-26T00:00:00", "variable": "msl", "tier": "low", "percentile": 98.3, "z": 3.18, "wind_ms": 15.37, "value": 998.37, "lat": 20.25, "lon": 91.75}}, {"type": "Feature", "geometry": {"type": "Polygon", "coordinates": [[[85.625, 20.375], [85.875, 20.375], [85.875, 20.625], [85.625, 20.625], [85.625, 20.375]]]}, "properties": {"time": "2021-05-26T00:00:00", "variable": "msl", "tier": "low", "percentile": 100.0, "z": 5.97, "wind_ms": 8.83, "value": 989.4, "lat": 20.5, "lon": 85.75}}, {"type": "Feature", "geometry": {"type": "Polygon", "coordinates": [[[85.875, 20.375], [86.125, 20.375], [86.125, 20.625], [85.875, 20.625], [85.875, 20.375]]]}, "properties": {"time": "2021-05-26T00:00:00", "variable": "msl", "tier": "low", "percentile": 100.0, "z": 6.48, "wind_ms": 9.25, "value": 988.12, "lat": 20.5, "lon": 86.0}}, {"type": "Feature", "geometry": {"type": "Polygon", "coordinates": [[[86.125, 20.375], [86.375, 20.375], [86.375, 20.625], [86.125, 20.625], [86.125, 20.375]]]}, "properties": {"time": "2021-05-26T00:00:00", "variable": "msl", "tier": "low", "percentile": 100.0, "z": 7.2, "wind_ms": 10.03, "value": 986.31, "lat": 20.5, "lon": 86.25}}, {"type": "Feature", "geometry": {"type": "Polygon", "coordinates": [[[86.375, 20.375], [86.625, 20.375], [86.625, 20.625], [86.375, 20.625], [86.375, 20.375]]]}, "properties": {"time": "2021-05-26T00:00:00", "variable": "msl", "tier": "low", "percentile": 100.0, "z": 7.89, "wind_ms": 11.4, "value": 984.62, "lat": 20.5, "lon": 86.5}}, {"type": "Feature", "geometry": {"type": "Polygon", "coordinates": [[[86.625, 20.375], [86.875, 20.375], [86.875, 20.625], [86.625, 20.625], [86.625, 20.375]]]}, "properties": {"time": "2021-05-26T00:00:00", "variable": "msl", "tier": "low", "percentile": 100.0, "z": 8.74, "wind_ms": 12.3, "value": 982.56, "lat": 20.5, "lon": 86.75}}, {"type": "Feature", "geometry": {"type": "Polygon", "coordinates": [[[86.875, 20.375], [87.125, 20.375], [87.125, 20.625], [86.875, 20.625], [86.875, 20.375]]]}, "properties": {"time": "2021-05-26T00:00:00", "variable": "msl", "tier": "low", "percentile": 100.0, "z": 9.41, "wind_ms": 16.42, "value": 980.94, "lat": 20.5, "lon": 87.0}}, {"type": "Feature", "geometry": {"type": "Polygon", "coordinates": [[[87.125, 20.375], [87.375, 20.375], [87.375, 20.625], [87.125, 20.625], [87.125, 20.375]]]}, "properties": {"time": "2021-05-26T00:00:00", "variable": "msl", "tier": "moderate", "percentile": 100.0, "z": 10.33, "wind_ms": 18.85, "value": 978.66, "lat": 20.5, "lon": 87.25}}, {"type": "Feature", "geometry": {"type": "Polygon", "coordinates": [[[87.375, 20.375], [87.625, 20.375], [87.625, 20.625], [87.375, 20.625], [87.375, 20.375]]]}, "properties": {"time": "2021-05-26T00:00:00", "variable": "msl", "tier": "moderate", "percentile": 100.0, "z": 10.76, "wind_ms": 19.12, "value": 977.53, "lat": 20.5, "lon": 87.5}}, {"type": "Feature", "geometry": {"type": "Polygon", "coordinates": [[[87.625, 20.375], [87.875, 20.375], [87.875, 20.625], [87.625, 20.625], [87.625, 20.375]]]}, "properties": {"time": "2021-05-26T00:00:00", "variable": "msl", "tier": "moderate", "percentile": 100.0, "z": 10.46, "wind_ms": 21.73, "value": 978.13, "lat": 20.5, "lon": 87.75}}, {"type": "Feature", "geometry": {"type": "Polygon", "coordinates": [[[87.875, 20.375], [88.125, 20.375], [88.125, 20.625], [87.875, 20.625], [87.875, 20.375]]]}, "properties": {"time": "2021-05-26T00:00:00", "variable": "msl", "tier": "moderate", "percentile": 100.0, "z": 9.5, "wind_ms": 23.37, "value": 980.32, "lat": 20.5, "lon": 88.0}}, {"type": "Feature", "geometry": {"type": "Polygon", "coordinates": [[[88.125, 20.375], [88.375, 20.375], [88.375, 20.625], [88.125, 20.625], [88.125, 20.375]]]}, "properties": {"time": "2021-05-26T00:00:00", "variable": "msl", "tier": "moderate", "percentile": 100.0, "z": 8.48, "wind_ms": 23.19, "value": 982.64, "lat": 20.5, "lon": 88.25}}, {"type": "Feature", "geometry": {"type": "Polygon", "coordinates": [[[88.375, 20.375], [88.625, 20.375], [88.625, 20.625], [88.375, 20.625], [88.375, 20.375]]]}, "properties": {"time": "2021-05-26T00:00:00", "variable": "msl", "tier": "moderate", "percentile": 100.0, "z": 7.3, "wind_ms": 22.22, "value": 985.28, "lat": 20.5, "lon": 88.5}}, {"type": "Feature", "geometry": {"type": "Polygon", "coordinates": [[[88.625, 20.375], [88.875, 20.375], [88.875, 20.625], [88.625, 20.625], [88.625, 20.375]]]}, "properties": {"time": "2021-05-26T00:00:00", "variable": "msl", "tier": "moderate", "percentile": 100.0, "z": 6.49, "wind_ms": 21.04, "value": 987.14, "lat": 20.5, "lon": 88.75}}, {"type": "Feature", "geometry": {"type": "Polygon", "coordinates": [[[88.875, 20.375], [89.125, 20.375], [89.125, 20.625], [88.875, 20.625], [88.875, 20.375]]]}, "properties": {"time": "2021-05-26T00:00:00", "variable": "msl", "tier": "moderate", "percentile": 99.1, "z": 5.72, "wind_ms": 19.73, "value": 988.97, "lat": 20.5, "lon": 89.0}}, {"type": "Feature", "geometry": {"type": "Polygon", "coordinates": [[[89.125, 20.375], [89.375, 20.375], [89.375, 20.625], [89.125, 20.625], [89.125, 20.375]]]}, "properties": {"time": "2021-05-26T00:00:00", "variable": "msl", "tier": "moderate", "percentile": 99.1, "z": 5.26, "wind_ms": 19.09, "value": 990.18, "lat": 20.5, "lon": 89.25}}, {"type": "Feature", "geometry": {"type": "Polygon", "coordinates": [[[89.375, 20.375], [89.625, 20.375], [89.625, 20.625], [89.375, 20.625], [89.375, 20.375]]]}, "properties": {"time": "2021-05-26T00:00:00", "variable": "msl", "tier": "moderate", "percentile": 99.1, "z": 4.96, "wind_ms": 18.42, "value": 991.18, "lat": 20.5, "lon": 89.5}}, {"type": "Feature", "geometry": {"type": "Polygon", "coordinates": [[[89.625, 20.375], [89.875, 20.375], [89.875, 20.625], [89.625, 20.625], [89.625, 20.375]]]}, "properties": {"time": "2021-05-26T00:00:00", "variable": "msl", "tier": "moderate", "percentile": 99.1, "z": 4.74, "wind_ms": 17.71, "value": 992.05, "lat": 20.5, "lon": 89.75}}, {"type": "Feature", "geometry": {"type": "Polygon", "coordinates": [[[89.875, 20.375], [90.125, 20.375], [90.125, 20.625], [89.875, 20.625], [89.875, 20.375]]]}, "properties": {"time": "2021-05-26T00:00:00", "variable": "msl", "tier": "moderate", "percentile": 99.1, "z": 4.53, "wind_ms": 17.34, "value": 992.95, "lat": 20.5, "lon": 90.0}}, {"type": "Feature", "geometry": {"type": "Polygon", "coordinates": [[[90.125, 20.375], [90.375, 20.375], [90.375, 20.625], [90.125, 20.625], [90.125, 20.375]]]}, "properties": {"time": "2021-05-26T00:00:00", "variable": "msl", "tier": "low", "percentile": 99.1, "z": 4.26, "wind_ms": 16.31, "value": 994.04, "lat": 20.5, "lon": 90.25}}, {"type": "Feature", "geometry": {"type": "Polygon", "coordinates": [[[90.375, 20.375], [90.625, 20.375], [90.625, 20.625], [90.375, 20.625], [90.375, 20.375]]]}, "properties": {"time": "2021-05-26T00:00:00", "variable": "msl", "tier": "low", "percentile": 99.1, "z": 4.02, "wind_ms": 16.06, "value": 994.95, "lat": 20.5, "lon": 90.5}}, {"type": "Feature", "geometry": {"type": "Polygon", "coordinates": [[[90.625, 20.375], [90.875, 20.375], [90.875, 20.625], [90.625, 20.625], [90.625, 20.375]]]}, "properties": {"time": "2021-05-26T00:00:00", "variable": "msl", "tier": "low", "percentile": 99.1, "z": 3.83, "wind_ms": 16.07, "value": 995.77, "lat": 20.5, "lon": 90.75}}, {"type": "Feature", "geometry": {"type": "Polygon", "coordinates": [[[90.875, 20.375], [91.125, 20.375], [91.125, 20.625], [90.875, 20.625], [90.875, 20.375]]]}, "properties": {"time": "2021-05-26T00:00:00", "variable": "msl", "tier": "low", "percentile": 99.1, "z": 3.69, "wind_ms": 15.69, "value": 996.4, "lat": 20.5, "lon": 91.0}}, {"type": "Feature", "geometry": {"type": "Polygon", "coordinates": [[[91.125, 20.375], [91.375, 20.375], [91.375, 20.625], [91.125, 20.625], [91.125, 20.375]]]}, "properties": {"time": "2021-05-26T00:00:00", "variable": "msl", "tier": "low", "percentile": 99.1, "z": 3.57, "wind_ms": 15.47, "value": 997.0, "lat": 20.5, "lon": 91.25}}, {"type": "Feature", "geometry": {"type": "Polygon", "coordinates": [[[91.375, 20.375], [91.625, 20.375], [91.625, 20.625], [91.375, 20.625], [91.375, 20.375]]]}, "properties": {"time": "2021-05-26T00:00:00", "variable": "msl", "tier": "low", "percentile": 99.1, "z": 3.41, "wind_ms": 15.72, "value": 997.62, "lat": 20.5, "lon": 91.5}}, {"type": "Feature", "geometry": {"type": "Polygon", "coordinates": [[[91.625, 20.375], [91.875, 20.375], [91.875, 20.625], [91.625, 20.625], [91.625, 20.375]]]}, "properties": {"time": "2021-05-26T00:00:00", "variable": "msl", "tier": "low", "percentile": 99.1, "z": 3.22, "wind_ms": 15.32, "value": 998.31, "lat": 20.5, "lon": 91.75}}, {"type": "Feature", "geometry": {"type": "Polygon", "coordinates": [[[85.875, 20.625], [86.125, 20.625], [86.125, 20.875], [85.875, 20.875], [85.875, 20.625]]]}, "properties": {"time": "2021-05-26T00:00:00", "variable": "msl", "tier": "low", "percentile": 100.0, "z": 6.73, "wind_ms": 9.51, "value": 987.51, "lat": 20.75, "lon": 86.0}}, {"type": "Feature", "geometry": {"type": "Polygon", "coordinates": [[[86.125, 20.625], [86.375, 20.625], [86.375, 20.875], [86.125, 20.875], [86.125, 20.625]]]}, "properties": {"time": "2021-05-26T00:00:00", "variable": "msl", "tier": "low", "percentile": 100.0, "z": 7.54, "wind_ms": 10.41, "value": 985.48, "lat": 20.75, "lon": 86.25}}, {"type": "Feature", "geometry": {"type": "Polygon", "coordinates": [[[86.375, 20.625], [86.625, 20.625], [86.625, 20.875], [86.375, 20.875], [86.375, 20.625]]]}, "properties": {"time": "2021-05-26T00:00:00", "variable": "msl", "tier": "low", "percentile": 100.0, "z": 8.38, "wind_ms": 10.8, "value": 983.43, "lat": 20.75, "lon": 86.5}}, {"type": "Feature", "geometry": {"type": "Polygon", "coordinates": [[[86.625, 20.625], [86.875, 20.625], [86.875, 20.875], [86.625, 20.875], [86.625, 20.625]]]}, "properties": {"time": "2021-05-26T00:00:00", "variable": "msl", "tier": "low", "percentile": 100.0, "z": 9.31, "wind_ms": 12.63, "value": 981.2, "lat": 20.75, "lon": 86.75}}, {"type": "Feature", "geometry": {"type": "Polygon", "coordinates": [[[86.875, 20.625], [87.125, 20.625], [87.125, 20.875], [86.875, 20.875], [86.875, 20.625]]]}, "properties": {"time": "2021-05-26T00:00:00", "variable": "msl", "tier": "low", "percentile": 100.0, "z": 10.42, "wind_ms": 15.36, "value": 978.51, "lat": 20.75, "lon": 87.0}}, {"type": "Feature", "geometry": {"type": "Polygon", "coordinates": [[[87.125, 20.625], [87.375, 20.625], [87.375, 20.875], [87.125, 20.875], [87.125, 20.625]]]}, "properties": {"time": "2021-05-26T00:00:00", "variable": "msl", "tier": "low", "percentile": 100.0, "z": 11.54, "wind_ms": 13.42, "value": 975.74, "lat": 20.75, "lon": 87.25}}, {"type": "Feature", "geometry": {"type": "Polygon", "coordinates": [[[87.375, 20.625], [87.625, 20.625], [87.625, 20.875], [87.375, 20.875], [87.375, 20.625]]]}, "properties": {"time": "2021-05-26T00:00:00", "variable": "msl", "tier": "low", "percentile": 100.0, "z": 12.11, "wind_ms": 9.88, "value": 974.23, "lat": 20.75, "lon": 87.5}}, {"type": "Feature", "geometry": {"type": "Polygon", "coordinates": [[[87.625, 20.625], [87.875, 20.625], [87.875, 20.875], [87.625, 20.875], [87.625, 20.625]]]}, "properties": {"time": "2021-05-26T00:00:00", "variable": "msl", "tier": "low", "percentile": 100.0, "z": 11.68, "wind_ms": 16.58, "value": 975.07, "lat": 20.75, "lon": 87.75}}, {"type": "Feature", "geometry": {"type": "Polygon", "coordinates": [[[87.875, 20.625], [88.125, 20.625], [88.125, 20.875], [87.875, 20.875], [87.875, 20.625]]]}, "properties": {"time": "2021-05-26T00:00:00", "variable": "msl", "tier": "moderate", "percentile": 100.0, "z": 10.41, "wind_ms": 21.53, "value": 977.91, "lat": 20.75, "lon": 88.0}}, {"type": "Feature", "geometry": {"type": "Polygon", "coordinates": [[[88.125, 20.625], [88.375, 20.625], [88.375, 20.875], [88.125, 20.875], [88.125, 20.625]]]}, "properties": {"time": "2021-05-26T00:00:00", "variable": "msl", "tier": "moderate", "percentile": 100.0, "z": 8.96, "wind_ms": 23.03, "value": 981.11, "lat": 20.75, "lon": 88.25}}, {"type": "Feature", "geometry": {"type": "Polygon", "coordinates": [[[88.375, 20.625], [88.625, 20.625], [88.625, 20.875], [88.375, 20.875], [88.375, 20.625]]]}, "properties": {"time": "2021-05-26T00:00:00", "variable": "msl", "tier": "moderate", "percentile": 100.0, "z": 7.62, "wind_ms": 22.53, "value": 984.07, "lat": 20.75, "lon": 88.5}}, {"type": "Feature", "geometry": {"type": "Polygon", "coordinates": [[[88.625, 20.625], [88.875, 20.625], [88.875, 20.875], [88.625, 20.875], [88.625, 20.625]]]}, "properties": {"time": "2021-05-26T00:00:00", "variable": "msl", "tier": "moderate", "percentile": 100.0, "z": 6.57, "wind_ms": 21.28, "value": 986.41, "lat": 20.75, "lon": 88.75}}, {"type": "Feature", "geometry": {"type": "Polygon", "coordinates": [[[88.875, 20.625], [89.125, 20.625], [89.125, 20.875], [88.875, 20.875], [88.875, 20.625]]]}, "properties": {"time": "2021-05-26T00:00:00", "variable": "msl", "tier": "moderate", "percentile": 99.1, "z": 5.76, "wind_ms": 19.85, "value": 988.35, "lat": 20.75, "lon": 89.0}}, {"type": "Feature", "geometry": {"type": "Polygon", "coordinates": [[[89.125, 20.625], [89.375, 20.625], [89.375, 20.875], [89.125, 20.875], [89.125, 20.625]]]}, "properties": {"time": "2021-05-26T00:00:00", "variable": "msl", "tier": "moderate", "percentile": 99.1, "z": 5.25, "wind_ms": 18.91, "value": 989.75, "lat": 20.75, "lon": 89.25}}, {"type": "Feature", "geometry": {"type": "Polygon", "coordinates": [[[89.375, 20.625], [89.625, 20.625], [89.625, 20.875], [89.375, 20.875], [89.375, 20.625]]]}, "properties": {"time": "2021-05-26T00:00:00", "variable": "msl", "tier": "moderate", "percentile": 99.1, "z": 4.97, "wind_ms": 18.34, "value": 990.8, "lat": 20.75, "lon": 89.5}}, {"type": "Feature", "geometry": {"type": "Polygon", "coordinates": [[[89.625, 20.625], [89.875, 20.625], [89.875, 20.875], [89.625, 20.875], [89.625, 20.625]]]}, "properties": {"time": "2021-05-26T00:00:00", "variable": "msl", "tier": "moderate", "percentile": 99.1, "z": 4.78, "wind_ms": 17.57, "value": 991.75, "lat": 20.75, "lon": 89.75}}, {"type": "Feature", "geometry": {"type": "Polygon", "coordinates": [[[89.875, 20.625], [90.125, 20.625], [90.125, 20.875], [89.875, 20.875], [89.875, 20.625]]]}, "properties": {"time": "2021-05-26T00:00:00", "variable": "msl", "tier": "moderate", "percentile": 99.1, "z": 4.57, "wind_ms": 17.22, "value": 992.76, "lat": 20.75, "lon": 90.0}}, {"type": "Feature", "geometry": {"type": "Polygon", "coordinates": [[[90.125, 20.625], [90.375, 20.625], [90.375, 20.875], [90.125, 20.875], [90.125, 20.625]]]}, "properties": {"time": "2021-05-26T00:00:00", "variable": "msl", "tier": "low", "percentile": 99.1, "z": 4.31, "wind_ms": 16.36, "value": 993.85, "lat": 20.75, "lon": 90.25}}, {"type": "Feature", "geometry": {"type": "Polygon", "coordinates": [[[90.375, 20.625], [90.625, 20.625], [90.625, 20.875], [90.375, 20.875], [90.375, 20.625]]]}, "properties": {"time": "2021-05-26T00:00:00", "variable": "msl", "tier": "low", "percentile": 99.1, "z": 4.07, "wind_ms": 16.32, "value": 994.77, "lat": 20.75, "lon": 90.5}}, {"type": "Feature", "geometry": {"type": "Polygon", "coordinates": [[[90.625, 20.625], [90.875, 20.625], [90.875, 20.875], [90.625, 20.875], [90.625, 20.625]]]}, "properties": {"time": "2021-05-26T00:00:00", "variable": "msl", "tier": "low", "percentile": 99.1, "z": 3.88, "wind_ms": 16.49, "value": 995.61, "lat": 20.75, "lon": 90.75}}, {"type": "Feature", "geometry": {"type": "Polygon", "coordinates": [[[90.875, 20.625], [91.125, 20.625], [91.125, 20.875], [90.875, 20.875], [90.875, 20.625]]]}, "properties": {"time": "2021-05-26T00:00:00", "variable": "msl", "tier": "low", "percentile": 99.1, "z": 3.73, "wind_ms": 16.07, "value": 996.29, "lat": 20.75, "lon": 91.0}}, {"type": "Feature", "geometry": {"type": "Polygon", "coordinates": [[[91.125, 20.625], [91.375, 20.625], [91.375, 20.875], [91.125, 20.875], [91.125, 20.625]]]}, "properties": {"time": "2021-05-26T00:00:00", "variable": "msl", "tier": "low", "percentile": 99.1, "z": 3.59, "wind_ms": 15.72, "value": 996.91, "lat": 20.75, "lon": 91.25}}, {"type": "Feature", "geometry": {"type": "Polygon", "coordinates": [[[91.375, 20.625], [91.625, 20.625], [91.625, 20.875], [91.375, 20.875], [91.375, 20.625]]]}, "properties": {"time": "2021-05-26T00:00:00", "variable": "msl", "tier": "low", "percentile": 99.1, "z": 3.43, "wind_ms": 15.49, "value": 997.59, "lat": 20.75, "lon": 91.5}}, {"type": "Feature", "geometry": {"type": "Polygon", "coordinates": [[[91.625, 20.625], [91.875, 20.625], [91.875, 20.875], [91.625, 20.875], [91.625, 20.625]]]}, "properties": {"time": "2021-05-26T00:00:00", "variable": "msl", "tier": "low", "percentile": 99.1, "z": 3.26, "wind_ms": 15.17, "value": 998.28, "lat": 20.75, "lon": 91.75}}, {"type": "Feature", "geometry": {"type": "Polygon", "coordinates": [[[85.875, 20.875], [86.125, 20.875], [86.125, 21.125], [85.875, 21.125], [85.875, 20.875]]]}, "properties": {"time": "2021-05-26T00:00:00", "variable": "msl", "tier": "low", "percentile": 100.0, "z": 6.87, "wind_ms": 9.37, "value": 987.24, "lat": 21.0, "lon": 86.0}}, {"type": "Feature", "geometry": {"type": "Polygon", "coordinates": [[[86.125, 20.875], [86.375, 20.875], [86.375, 21.125], [86.125, 21.125], [86.125, 20.875]]]}, "properties": {"time": "2021-05-26T00:00:00", "variable": "msl", "tier": "low", "percentile": 100.0, "z": 7.7, "wind_ms": 10.43, "value": 985.12, "lat": 21.0, "lon": 86.25}}, {"type": "Feature", "geometry": {"type": "Polygon", "coordinates": [[[86.375, 20.875], [86.625, 20.875], [86.625, 21.125], [86.375, 21.125], [86.375, 20.875]]]}, "properties": {"time": "2021-05-26T00:00:00", "variable": "msl", "tier": "low", "percentile": 100.0, "z": 8.57, "wind_ms": 11.48, "value": 982.98, "lat": 21.0, "lon": 86.5}}, {"type": "Feature", "geometry": {"type": "Polygon", "coordinates": [[[86.625, 20.875], [86.875, 20.875], [86.875, 21.125], [86.625, 21.125], [86.625, 20.875]]]}, "properties": {"time": "2021-05-26T00:00:00", "variable": "msl", "tier": "low", "percentile": 100.0, "z": 9.61, "wind_ms": 15.1, "value": 980.51, "lat": 21.0, "lon": 86.75}}, {"type": "Feature", "geometry": {"type": "Polygon", "coordinates": [[[86.875, 20.875], [87.125, 20.875], [87.125, 21.125], [86.875, 21.125], [86.875, 20.875]]]}, "properties": {"time": "2021-05-26T00:00:00", "variable": "msl", "tier": "moderate", "percentile": 100.0, "z": 10.91, "wind_ms": 18.56, "value": 977.39, "lat": 21.0, "lon": 87.0}}, {"type": "Feature", "geometry": {"type": "Polygon", "coordinates": [[[87.125, 20.875], [87.375, 20.875], [87.375, 21.125], [87.125, 21.125], [87.125, 20.875]]]}, "properties": {"time": "2021-05-26T00:00:00", "variable": "msl", "tier": "low", "percentile": 100.0, "z": 12.06, "wind_ms": 12.6, "value": 974.53, "lat": 21.0, "lon": 87.25}}, {"type": "Feature", "geometry": {"type": "Polygon", "coordinates": [[[87.625, 20.875], [87.875, 20.875], [87.875, 21.125], [87.625, 21.125], [87.625, 20.875]]]}, "properties": {"time": "2021-05-26T00:00:00", "variable": "msl", "tier": "low", "percentile": 100.0, "z": 12.18, "wind_ms": 13.88, "value": 973.78, "lat": 21.0, "lon": 87.75}}, {"type": "Feature", "geometry": {"type": "Polygon", "coordinates": [[[87.875, 20.875], [88.125, 20.875], [88.125, 21.125], [87.875, 21.125], [87.875, 20.875]]]}, "properties": {"time": "2021-05-26T00:00:00", "variable": "msl", "tier": "moderate", "percentile": 100.0, "z": 10.81, "wind_ms": 19.83, "value": 976.79, "lat": 21.0, "lon": 88.0}}, {"type": "Feature", "geometry": {"type": "Polygon", "coordinates": [[[88.125, 20.875], [88.375, 20.875], [88.375, 21.125], [88.125, 21.125], [88.125, 20.875]]]}, "properties": {"time": "2021-05-26T00:00:00", "variable": "msl", "tier": "moderate", "percentile": 100.0, "z": 9.22, "wind_ms": 22.07, "value": 980.24, "lat": 21.0, "lon": 88.25}}, {"type": "Feature", "geometry": {"type": "Polygon", "coordinates": [[[88.375, 20.875], [88.625, 20.875], [88.625, 21.125], [88.375, 21.125], [88.375, 20.875]]]}, "properties": {"time": "2021-05-26T00:00:00", "variable": "msl", "tier": "moderate", "percentile": 100.0, "z": 7.79, "wind_ms": 22.29, "value": 983.36, "lat": 21.0, "lon": 88.5}}, {"type": "Feature", "geometry": {"type": "Polygon", "coordinates": [[[88.625, 20.875], [88.875, 20.875], [88.875, 21.125], [88.625, 21.125], [88.625, 20.875]]]}, "properties": {"time": "2021-05-26T00:00:00", "variable": "msl", "tier": "moderate", "percentile": 100.0, "z": 6.61, "wind_ms": 21.04, "value": 986.03, "lat": 21.0, "lon": 88.75}}, {"type": "Feature", "geometry": {"type": "Polygon", "coordinates": [[[88.875, 20.875], [89.125, 20.875], [89.125, 21.125], [88.875, 21.125], [88.875, 20.875]]]}, "properties": {"time": "2021-05-26T00:00:00", "variable": "msl", "tier": "moderate", "percentile": 99.1, "z": 5.78, "wind_ms": 19.65, "value": 988.04, "lat": 21.0, "lon": 89.0}}, {"type": "Feature", "geometry": {"type": "Polygon", "coordinates": [[[89.125, 20.875], [89.375, 20.875], [89.375, 21.125], [89.125, 21.125], [89.125, 20.875]]]}, "properties": {"time": "2021-05-26T00:00:00", "variable": "msl", "tier": "moderate", "percentile": 99.1, "z": 5.27, "wind_ms": 18.57, "value": 989.5, "lat": 21.0, "lon": 89.25}}, {"type": "Feature", "geometry": {"type": "Polygon", "coordinates": [[[89.375, 20.875], [89.625, 20.875], [89.625, 21.125], [89.375, 21.125], [89.375, 20.875]]]}, "properties": {"time": "2021-05-26T00:00:00", "variable": "msl", "tier": "moderate", "percentile": 99.1, "z": 5.01, "wind_ms": 17.84, "value": 990.62, "lat": 21.0, "lon": 89.5}}, {"type": "Feature", "geometry": {"type": "Polygon", "coordinates": [[[89.625, 20.875], [89.875, 20.875], [89.875, 21.125], [89.625, 21.125], [89.625, 20.875]]]}, "properties": {"time": "2021-05-26T00:00:00", "variable": "msl", "tier": "moderate", "percentile": 99.1, "z": 4.82, "wind_ms": 17.05, "value": 991.62, "lat": 21.0, "lon": 89.75}}, {"type": "Feature", "geometry": {"type": "Polygon", "coordinates": [[[89.875, 20.875], [90.125, 20.875], [90.125, 21.125], [89.875, 21.125], [89.875, 20.875]]]}, "properties": {"time": "2021-05-26T00:00:00", "variable": "msl", "tier": "low", "percentile": 99.1, "z": 4.59, "wind_ms": 16.74, "value": 992.68, "lat": 21.0, "lon": 90.0}}, {"type": "Feature", "geometry": {"type": "Polygon", "coordinates": [[[90.125, 20.875], [90.375, 20.875], [90.375, 21.125], [90.125, 21.125], [90.125, 20.875]]]}, "properties": {"time": "2021-05-26T00:00:00", "variable": "msl", "tier": "low", "percentile": 99.1, "z": 4.35, "wind_ms": 16.73, "value": 993.7, "lat": 21.0, "lon": 90.25}}, {"type": "Feature", "geometry": {"type": "Polygon", "coordinates": [[[90.375, 20.875], [90.625, 20.875], [90.625, 21.125], [90.375, 21.125], [90.375, 20.875]]]}, "properties": {"time": "2021-05-26T00:00:00", "variable": "msl", "tier": "low", "percentile": 99.1, "z": 4.13, "wind_ms": 16.87, "value": 994.63, "lat": 21.0, "lon": 90.5}}, {"type": "Feature", "geometry": {"type": "Polygon", "coordinates": [[[90.625, 20.875], [90.875, 20.875], [90.875, 21.125], [90.625, 21.125], [90.625, 20.875]]]}, "properties": {"time": "2021-05-26T00:00:00", "variable": "msl", "tier": "moderate", "percentile": 99.1, "z": 3.92, "wind_ms": 17.01, "value": 995.48, "lat": 21.0, "lon": 90.75}}, {"type": "Feature", "geometry": {"type": "Polygon", "coordinates": [[[90.875, 20.875], [91.125, 20.875], [91.125, 21.125], [90.875, 21.125], [90.875, 20.875]]]}, "properties": {"time": "2021-05-26T00:00:00", "variable": "msl", "tier": "low", "percentile": 99.1, "z": 3.74, "wind_ms": 16.56, "value": 996.22, "lat": 21.0, "lon": 91.0}}, {"type": "Feature", "geometry": {"type": "Polygon", "coordinates": [[[91.125, 20.875], [91.375, 20.875], [91.375, 21.125], [91.125, 21.125], [91.125, 20.875]]]}, "properties": {"time": "2021-05-26T00:00:00", "variable": "msl", "tier": "low", "percentile": 99.1, "z": 3.59, "wind_ms": 15.9, "value": 996.87, "lat": 21.0, "lon": 91.25}}, {"type": "Feature", "geometry": {"type": "Polygon", "coordinates": [[[91.375, 20.875], [91.625, 20.875], [91.625, 21.125], [91.375, 21.125], [91.375, 20.875]]]}, "properties": {"time": "2021-05-26T00:00:00", "variable": "msl", "tier": "low", "percentile": 99.1, "z": 3.43, "wind_ms": 15.53, "value": 997.56, "lat": 21.0, "lon": 91.5}}, {"type": "Feature", "geometry": {"type": "Polygon", "coordinates": [[[91.625, 20.875], [91.875, 20.875], [91.875, 21.125], [91.625, 21.125], [91.625, 20.875]]]}, "properties": {"time": "2021-05-26T00:00:00", "variable": "msl", "tier": "low", "percentile": 99.1, "z": 3.3, "wind_ms": 15.54, "value": 998.19, "lat": 21.0, "lon": 91.75}}, {"type": "Feature", "geometry": {"type": "Polygon", "coordinates": [[[85.875, 21.125], [86.125, 21.125], [86.125, 21.375], [85.875, 21.375], [85.875, 21.125]]]}, "properties": {"time": "2021-05-26T00:00:00", "variable": "msl", "tier": "low", "percentile": 100.0, "z": 6.9, "wind_ms": 9.76, "value": 987.71, "lat": 21.25, "lon": 86.0}}, {"type": "Feature", "geometry": {"type": "Polygon", "coordinates": [[[86.125, 21.125], [86.375, 21.125], [86.375, 21.375], [86.125, 21.375], [86.125, 21.125]]]}, "properties": {"time": "2021-05-26T00:00:00", "variable": "msl", "tier": "low", "percentile": 100.0, "z": 7.7, "wind_ms": 10.18, "value": 985.49, "lat": 21.25, "lon": 86.25}}, {"type": "Feature", "geometry": {"type": "Polygon", "coordinates": [[[86.375, 21.125], [86.625, 21.125], [86.625, 21.375], [86.375, 21.375], [86.375, 21.125]]]}, "properties": {"time": "2021-05-26T00:00:00", "variable": "msl", "tier": "low", "percentile": 100.0, "z": 8.51, "wind_ms": 11.14, "value": 983.37, "lat": 21.25, "lon": 86.5}}, {"type": "Feature", "geometry": {"type": "Polygon", "coordinates": [[[86.625, 21.125], [86.875, 21.125], [86.875, 21.375], [86.625, 21.375], [86.625, 21.125]]]}, "properties": {"time": "2021-05-26T00:00:00", "variable": "msl", "tier": "low", "percentile": 100.0, "z": 9.55, "wind_ms": 15.03, "value": 980.93, "lat": 21.25, "lon": 86.75}}, {"type": "Feature", "geometry": {"type": "Polygon", "coordinates": [[[86.875, 21.125], [87.125, 21.125], [87.125, 21.375], [86.875, 21.375], [86.875, 21.125]]]}, "properties": {"time": "2021-05-26T00:00:00", "variable": "msl", "tier": "moderate", "percentile": 100.0, "z": 10.69, "wind_ms": 18.48, "value": 978.09, "lat": 21.25, "lon": 87.0}}, {"type": "Feature", "geometry": {"type": "Polygon", "coordinates": [[[87.125, 21.125], [87.375, 21.125], [87.375, 21.375], [87.125, 21.375], [87.125, 21.125]]]}, "properties": {"time": "2021-05-26T00:00:00", "variable": "msl", "tier": "low", "percentile": 100.0, "z": 11.78, "wind_ms": 14.92, "value": 975.35, "lat": 21.25, "lon": 87.25}}, {"type": "Feature", "geometry": {"type": "Polygon", "coordinates": [[[87.375, 21.125], [87.625, 21.125], [87.625, 21.375], [87.375, 21.375], [87.375, 21.125]]]}, "properties": {"time": "2021-05-26T00:00:00", "variable": "msl", "tier": "low", "percentile": 100.0, "z": 12.23, "wind_ms": 12.77, "value": 974.04, "lat": 21.25, "lon": 87.5}}, {"type": "Feature", "geometry": {"type": "Polygon", "coordinates": [[[87.625, 21.125], [87.875, 21.125], [87.875, 21.375], [87.625, 21.375], [87.625, 21.125]]]}, "properties": {"time": "2021-05-26T00:00:00", "variable": "msl", "tier": "low", "percentile": 100.0, "z": 11.8, "wind_ms": 16.35, "value": 974.8, "lat": 21.25, "lon": 87.75}}, {"type": "Feature", "geometry": {"type": "Polygon", "coordinates": [[[87.875, 21.125], [88.125, 21.125], [88.125, 21.375], [87.875, 21.375], [87.875, 21.125]]]}, "properties": {"time": "2021-05-26T00:00:00", "variable": "msl", "tier": "moderate", "percentile": 100.0, "z": 10.6, "wind_ms": 19.72, "value": 977.35, "lat": 21.25, "lon": 88.0}}, {"type": "Feature", "geometry": {"type": "Polygon", "coordinates": [[[88.125, 21.125], [88.375, 21.125], [88.375, 21.375], [88.125, 21.375], [88.125, 21.125]]]}, "properties": {"time": "2021-05-26T00:00:00", "variable": "msl", "tier": "moderate", "percentile": 100.0, "z": 9.13, "wind_ms": 21.57, "value": 980.53, "lat": 21.25, "lon": 88.25}}, {"type": "Feature", "geometry": {"type": "Polygon", "coordinates": [[[88.375, 21.125], [88.625, 21.125], [88.625, 21.375], [88.375, 21.375], [88.375, 21.125]]]}, "properties": {"time": "2021-05-26T00:00:00", "variable": "msl", "tier": "moderate", "percentile": 100.0, "z": 7.75, "wind_ms": 21.56, "value": 983.58, "lat": 21.25, "lon": 88.5}}, {"type": "Feature", "geometry": {"type": "Polygon", "coordinates": [[[88.625, 21.125], [88.875, 21.125], [88.875, 21.375], [88.625, 21.375], [88.625, 21.125]]]}, "properties": {"time": "2021-05-26T00:00:00", "variable": "msl", "tier": "moderate", "percentile": 100.0, "z": 6.68, "wind_ms": 20.8, "value": 986.03, "lat": 21.25, "lon": 88.75}}, {"type": "Feature", "geometry": {"type": "Polygon", "coordinates": [[[88.875, 21.125], [89.125, 21.125], [89.125, 21.375], [88.875, 21.375], [88.875, 21.125]]]}, "properties": {"time": "2021-05-26T00:00:00", "variable": "msl", "tier": "moderate", "percentile": 99.1, "z": 5.86, "wind_ms": 19.5, "value": 988.0, "lat": 21.25, "lon": 89.0}}, {"type": "Feature", "geometry": {"type": "Polygon", "coordinates": [[[89.125, 21.125], [89.375, 21.125], [89.375, 21.375], [89.125, 21.375], [89.125, 21.125]]]}, "properties": {"time": "2021-05-26T00:00:00", "variable": "msl", "tier": "moderate", "percentile": 99.1, "z": 5.34, "wind_ms": 18.12, "value": 989.45, "lat": 21.25, "lon": 89.25}}, {"type": "Feature", "geometry": {"type": "Polygon", "coordinates": [[[89.375, 21.125], [89.625, 21.125], [89.625, 21.375], [89.375, 21.375], [89.375, 21.125]]]}, "properties": {"time": "2021-05-26T00:00:00", "variable": "msl", "tier": "low", "percentile": 99.1, "z": 5.07, "wind_ms": 16.57, "value": 990.59, "lat": 21.25, "lon": 89.5}}, {"type": "Feature", "geometry": {"type": "Polygon", "coordinates": [[[89.625, 21.125], [89.875, 21.125], [89.875, 21.375], [89.625, 21.375], [89.625, 21.125]]]}, "properties": {"time": "2021-05-26T00:00:00", "variable": "msl", "tier": "low", "percentile": 99.1, "z": 4.84, "wind_ms": 15.93, "value": 991.63, "lat": 21.25, "lon": 89.75}}, {"type": "Feature", "geometry": {"type": "Polygon", "coordinates": [[[89.875, 21.125], [90.125, 21.125], [90.125, 21.375], [89.875, 21.375], [89.875, 21.125]]]}, "properties": {"time": "2021-05-26T00:00:00", "variable": "msl", "tier": "low", "percentile": 99.1, "z": 4.59, "wind_ms": 16.73, "value": 992.73, "lat": 21.25, "lon": 90.0}}, {"type": "Feature", "geometry": {"type": "Polygon", "coordinates": [[[90.125, 21.125], [90.375, 21.125], [90.375, 21.375], [90.125, 21.375], [90.125, 21.125]]]}, "properties": {"time": "2021-05-26T00:00:00", "variable": "msl", "tier": "moderate", "percentile": 99.1, "z": 4.35, "wind_ms": 17.04, "value": 993.73, "lat": 21.25, "lon": 90.25}}, {"type": "Feature", "geometry": {"type": "Polygon", "coordinates": [[[90.375, 21.125], [90.625, 21.125], [90.625, 21.375], [90.375, 21.375], [90.375, 21.125]]]}, "properties": {"time": "2021-05-26T00:00:00", "variable": "msl", "tier": "moderate", "percentile": 99.1, "z": 4.13, "wind_ms": 17.17, "value": 994.64, "lat": 21.25, "lon": 90.5}}, {"type": "Feature", "geometry": {"type": "Polygon", "coordinates": [[[90.625, 21.125], [90.875, 21.125], [90.875, 21.375], [90.625, 21.375], [90.625, 21.125]]]}, "properties": {"time": "2021-05-26T00:00:00", "variable": "msl", "tier": "moderate", "percentile": 99.1, "z": 3.93, "wind_ms": 17.25, "value": 995.48, "lat": 21.25, "lon": 90.75}}, {"type": "Feature", "geometry": {"type": "Polygon", "coordinates": [[[90.875, 21.125], [91.125, 21.125], [91.125, 21.375], [90.875, 21.375], [90.875, 21.125]]]}, "properties": {"time": "2021-05-26T00:00:00", "variable": "msl", "tier": "low", "percentile": 99.1, "z": 3.74, "wind_ms": 16.88, "value": 996.26, "lat": 21.25, "lon": 91.0}}, {"type": "Feature", "geometry": {"type": "Polygon", "coordinates": [[[91.125, 21.125], [91.375, 21.125], [91.375, 21.375], [91.125, 21.375], [91.125, 21.125]]]}, "properties": {"time": "2021-05-26T00:00:00", "variable": "msl", "tier": "low", "percentile": 99.1, "z": 3.57, "wind_ms": 15.99, "value": 996.99, "lat": 21.25, "lon": 91.25}}, {"type": "Feature", "geometry": {"type": "Polygon", "coordinates": [[[91.375, 21.125], [91.625, 21.125], [91.625, 21.375], [91.375, 21.375], [91.375, 21.125]]]}, "properties": {"time": "2021-05-26T00:00:00", "variable": "msl", "tier": "low", "percentile": 99.1, "z": 3.43, "wind_ms": 15.83, "value": 997.57, "lat": 21.25, "lon": 91.5}}, {"type": "Feature", "geometry": {"type": "Polygon", "coordinates": [[[91.625, 21.125], [91.875, 21.125], [91.875, 21.375], [91.625, 21.375], [91.625, 21.125]]]}, "properties": {"time": "2021-05-26T00:00:00", "variable": "msl", "tier": "low", "percentile": 99.1, "z": 3.32, "wind_ms": 14.85, "value": 998.15, "lat": 21.25, "lon": 91.75}}, {"type": "Feature", "geometry": {"type": "Polygon", "coordinates": [[[85.625, 21.375], [85.875, 21.375], [85.875, 21.625], [85.625, 21.625], [85.625, 21.375]]]}, "properties": {"time": "2021-05-26T00:00:00", "variable": "msl", "tier": "low", "percentile": 100.0, "z": 6.02, "wind_ms": 9.32, "value": 990.87, "lat": 21.5, "lon": 85.75}}, {"type": "Feature", "geometry": {"type": "Polygon", "coordinates": [[[85.875, 21.375], [86.125, 21.375], [86.125, 21.625], [85.875, 21.625], [85.875, 21.375]]]}, "properties": {"time": "2021-05-26T00:00:00", "variable": "msl", "tier": "low", "percentile": 100.0, "z": 6.72, "wind_ms": 10.33, "value": 988.88, "lat": 21.5, "lon": 86.0}}, {"type": "Feature", "geometry": {"type": "Polygon", "coordinates": [[[86.125, 21.375], [86.375, 21.375], [86.375, 21.625], [86.125, 21.625], [86.125, 21.375]]]}, "properties": {"time": "2021-05-26T00:00:00", "variable": "msl", "tier": "low", "percentile": 100.0, "z": 7.62, "wind_ms": 10.15, "value": 986.79, "lat": 21.5, "lon": 86.25}}, {"type": "Feature", "geometry": {"type": "Polygon", "coordinates": [[[86.375, 21.375], [86.625, 21.375], [86.625, 21.625], [86.375, 21.625], [86.375, 21.375]]]}, "properties": {"time": "2021-05-26T00:00:00", "variable": "msl", "tier": "low", "percentile": 100.0, "z": 8.34, "wind_ms": 10.82, "value": 984.49, "lat": 21.5, "lon": 86.5}}, {"type": "Feature", "geometry": {"type": "Polygon", "coordinates": [[[86.625, 21.375], [86.875, 21.375], [86.875, 21.625], [86.625, 21.625], [86.625, 21.375]]]}, "properties": {"time": "2021-05-26T00:00:00", "variable": "msl", "tier": "low", "percentile": 100.0, "z": 9.16, "wind_ms": 13.58, "value": 982.07, "lat": 21.5, "lon": 86.75}}, {"type": "Feature", "geometry": {"type": "Polygon", "coordinates": [[[86.875, 21.375], [87.125, 21.375], [87.125, 21.625], [86.875, 21.625], [86.875, 21.375]]]}, "properties": {"time": "2021-05-26T00:00:00", "variable": "msl", "tier": "moderate", "percentile": 100.0, "z": 10.11, "wind_ms": 17.74, "value": 979.66, "lat": 21.5, "lon": 87.0}}, {"type": "Feature", "geometry": {"type": "Polygon", "coordinates": [[[87.125, 21.375], [87.375, 21.375], [87.375, 21.625], [87.125, 21.625], [87.125, 21.375]]]}, "properties": {"time": "2021-05-26T00:00:00", "variable": "msl", "tier": "moderate", "percentile": 100.0, "z": 10.89, "wind_ms": 18.53, "value": 977.68, "lat": 21.5, "lon": 87.25}}, {"type": "Feature", "geometry": {"type": "Polygon", "coordinates": [[[87.375, 21.375], [87.625, 21.375], [87.625, 21.625], [87.375, 21.625], [87.375, 21.375]]]}, "properties": {"time": "2021-05-26T00:00:00", "variable": "msl", "tier": "moderate", "percentile": 100.0, "z": 11.19, "wind_ms": 17.97, "value": 976.75, "lat": 21.5, "lon": 87.5}}, {"type": "Feature", "geometry": {"type": "Polygon", "coordinates": [[[87.625, 21.375], [87.875, 21.375], [87.875, 21.625], [87.625, 21.625], [87.625, 21.375]]]}, "properties": {"time": "2021-05-26T00:00:00", "variable": "msl", "tier": "moderate", "percentile": 100.0, "z": 10.81, "wind_ms": 19.06, "value": 977.35, "lat": 21.5, "lon": 87.75}}, {"type": "Feature", "geometry": {"type": "Polygon", "coordinates": [[[87.875, 21.375], [88.125, 21.375], [88.125, 21.625], [87.875, 21.625], [87.875, 21.375]]]}, "properties": {"time": "2021-05-26T00:00:00", "variable": "msl", "tier": "moderate", "percentile": 100.0, "z": 9.89, "wind_ms": 21.34, "value": 979.23, "lat": 21.5, "lon": 88.0}}, {"type": "Feature", "geometry": {"type": "Polygon", "coordinates": [[[88.125, 21.375], [88.375, 21.375], [88.375, 21.625], [88.125, 21.625], [88.125, 21.375]]]}, "properties": {"time": "2021-05-26T00:00:00", "variable": "msl", "tier": "moderate", "percentile": 100.0, "z": 8.7, "wind_ms": 20.92, "value": 981.87, "lat": 21.5, "lon": 88.25}}, {"type": "Feature", "geometry": {"type": "Polygon", "coordinates": [[[88.375, 21.375], [88.625, 21.375], [88.625, 21.625], [88.375, 21.625], [88.375, 21.375]]]}, "properties": {"time": "2021-05-26T00:00:00", "variable": "msl", "tier": "moderate", "percentile": 100.0, "z": 7.6, "wind_ms": 21.3, "value": 984.43, "lat": 21.5, "lon": 88.5}}, {"type": "Feature", "geometry": {"type": "Polygon", "coordinates": [[[88.625, 21.375], [88.875, 21.375], [88.875, 21.625], [88.625, 21.625], [88.625, 21.375]]]}, "properties": {"time": "2021-05-26T00:00:00", "variable": "msl", "tier": "moderate", "percentile": 100.0, "z": 6.66, "wind_ms": 19.98, "value": 986.64, "lat": 21.5, "lon": 88.75}}, {"type": "Feature", "geometry": {"type": "Polygon", "coordinates": [[[88.875, 21.375], [89.125, 21.375], [89.125, 21.625], [88.875, 21.625], [88.875, 21.375]]]}, "properties": {"time": "2021-05-26T00:00:00", "variable": "msl", "tier": "moderate", "percentile": 100.0, "z": 5.92, "wind_ms": 17.69, "value": 988.39, "lat": 21.5, "lon": 89.0}}, {"type": "Feature", "geometry": {"type": "Polygon", "coordinates": [[[89.125, 21.375], [89.375, 21.375], [89.375, 21.625], [89.125, 21.625], [89.125, 21.375]]]}, "properties": {"time": "2021-05-26T00:00:00", "variable": "msl", "tier": "low", "percentile": 99.1, "z": 5.41, "wind_ms": 16.02, "value": 989.72, "lat": 21.5, "lon": 89.25}}, {"type": "Feature", "geometry": {"type": "Polygon", "coordinates": [[[89.375, 21.375], [89.625, 21.375], [89.625, 21.625], [89.375, 21.625], [89.375, 21.375]]]}, "properties": {"time": "2021-05-26T00:00:00", "variable": "msl", "tier": "low", "percentile": 99.1, "z": 5.09, "wind_ms": 16.26, "value": 990.77, "lat": 21.5, "lon": 89.5}}, {"type": "Feature", "geometry": {"type": "Polygon", "coordinates": [[[89.625, 21.375], [89.875, 21.375], [89.875, 21.625], [89.625, 21.625], [89.625, 21.375]]]}, "properties": {"time": "2021-05-26T00:00:00", "variable": "msl", "tier": "low", "percentile": 99.1, "z": 4.84, "wind_ms": 16.55, "value": 991.85, "lat": 21.5, "lon": 89.75}}, {"type": "Feature", "geometry": {"type": "Polygon", "coordinates": [[[89.875, 21.375], [90.125, 21.375], [90.125, 21.625], [89.875, 21.625], [89.875, 21.375]]]}, "properties": {"time": "2021-05-26T00:00:00", "variable": "msl", "tier": "moderate", "percentile": 99.1, "z": 4.57, "wind_ms": 17.32, "value": 992.91, "lat": 21.5, "lon": 90.0}}, {"type": "Feature", "geometry": {"type": "Polygon", "coordinates": [[[90.125, 21.375], [90.375, 21.375], [90.375, 21.625], [90.125, 21.625], [90.125, 21.375]]]}, "properties": {"time": "2021-05-26T00:00:00", "variable": "msl", "tier": "moderate", "percentile": 99.1, "z": 4.33, "wind_ms": 17.73, "value": 993.9, "lat": 21.5, "lon": 90.25}}, {"type": "Feature", "geometry": {"type": "Polygon", "coordinates": [[[90.375, 21.375], [90.625, 21.375], [90.625, 21.625], [90.375, 21.625], [90.375, 21.375]]]}, "properties": {"time": "2021-05-26T00:00:00", "variable": "msl", "tier": "moderate", "percentile": 99.1, "z": 4.1, "wind_ms": 17.65, "value": 994.8, "lat": 21.5, "lon": 90.5}}, {"type": "Feature", "geometry": {"type": "Polygon", "coordinates": [[[90.625, 21.375], [90.875, 21.375], [90.875, 21.625], [90.625, 21.625], [90.625, 21.375]]]}, "properties": {"time": "2021-05-26T00:00:00", "variable": "msl", "tier": "moderate", "percentile": 99.1, "z": 3.89, "wind_ms": 17.22, "value": 995.61, "lat": 21.5, "lon": 90.75}}, {"type": "Feature", "geometry": {"type": "Polygon", "coordinates": [[[90.875, 21.375], [91.125, 21.375], [91.125, 21.625], [90.875, 21.625], [90.875, 21.375]]]}, "properties": {"time": "2021-05-26T00:00:00", "variable": "msl", "tier": "low", "percentile": 99.1, "z": 3.7, "wind_ms": 16.65, "value": 996.34, "lat": 21.5, "lon": 91.0}}, {"type": "Feature", "geometry": {"type": "Polygon", "coordinates": [[[91.125, 21.375], [91.375, 21.375], [91.375, 21.625], [91.125, 21.625], [91.125, 21.375]]]}, "properties": {"time": "2021-05-26T00:00:00", "variable": "msl", "tier": "low", "percentile": 99.1, "z": 3.56, "wind_ms": 16.03, "value": 996.91, "lat": 21.5, "lon": 91.25}}, {"type": "Feature", "geometry": {"type": "Polygon", "coordinates": [[[91.375, 21.375], [91.625, 21.375], [91.625, 21.625], [91.375, 21.625], [91.375, 21.375]]]}, "properties": {"time": "2021-05-26T00:00:00", "variable": "msl", "tier": "low", "percentile": 99.1, "z": 3.48, "wind_ms": 16.26, "value": 997.49, "lat": 21.5, "lon": 91.5}}, {"type": "Feature", "geometry": {"type": "Polygon", "coordinates": [[[91.625, 21.375], [91.875, 21.375], [91.875, 21.625], [91.625, 21.625], [91.625, 21.375]]]}, "properties": {"time": "2021-05-26T00:00:00", "variable": "msl", "tier": "low", "percentile": 99.1, "z": 3.37, "wind_ms": 14.97, "value": 998.05, "lat": 21.5, "lon": 91.75}}, {"type": "Feature", "geometry": {"type": "Polygon", "coordinates": [[[85.625, 21.625], [85.875, 21.625], [85.875, 21.875], [85.625, 21.875], [85.625, 21.625]]]}, "properties": {"time": "2021-05-26T00:00:00", "variable": "msl", "tier": "low", "percentile": 100.0, "z": 5.67, "wind_ms": 9.29, "value": 991.63, "lat": 21.75, "lon": 85.75}}, {"type": "Feature", "geometry": {"type": "Polygon", "coordinates": [[[85.875, 21.625], [86.125, 21.625], [86.125, 21.875], [85.875, 21.875], [85.875, 21.625]]]}, "properties": {"time": "2021-05-26T00:00:00", "variable": "msl", "tier": "low", "percentile": 100.0, "z": 6.25, "wind_ms": 9.54, "value": 990.52, "lat": 21.75, "lon": 86.0}}, {"type": "Feature", "geometry": {"type": "Polygon", "coordinates": [[[86.125, 21.625], [86.375, 21.625], [86.375, 21.875], [86.125, 21.875], [86.125, 21.625]]]}, "properties": {"time": "2021-05-26T00:00:00", "variable": "msl", "tier": "low", "percentile": 100.0, "z": 6.99, "wind_ms": 9.08, "value": 989.62, "lat": 21.75, "lon": 86.25}}, {"type": "Feature", "geometry": {"type": "Polygon", "coordinates": [[[86.375, 21.625], [86.625, 21.625], [86.625, 21.875], [86.375, 21.875], [86.375, 21.625]]]}, "properties": {"time": "2021-05-26T00:00:00", "variable": "msl", "tier": "low", "percentile": 100.0, "z": 7.57, "wind_ms": 10.22, "value": 987.33, "lat": 21.75, "lon": 86.5}}, {"type": "Feature", "geometry": {"type": "Polygon", "coordinates": [[[86.625, 21.625], [86.875, 21.625], [86.875, 21.875], [86.625, 21.875], [86.625, 21.625]]]}, "properties": {"time": "2021-05-26T00:00:00", "variable": "msl", "tier": "low", "percentile": 100.0, "z": 8.33, "wind_ms": 12.66, "value": 984.4, "lat": 21.75, "lon": 86.75}}, {"type": "Feature", "geometry": {"type": "Polygon", "coordinates": [[[86.875, 21.625], [87.125, 21.625], [87.125, 21.875], [86.875, 21.875], [86.875, 21.625]]]}, "properties": {"time": "2021-05-26T00:00:00", "variable": "msl", "tier": "low", "percentile": 100.0, "z": 9.16, "wind_ms": 15.14, "value": 982.14, "lat": 21.75, "lon": 87.0}}, {"type": "Feature", "geometry": {"type": "Polygon", "coordinates": [[[87.125, 21.625], [87.375, 21.625], [87.375, 21.875], [87.125, 21.875], [87.125, 21.625]]]}, "properties": {"time": "2021-05-26T00:00:00", "variable": "msl", "tier": "low", "percentile": 100.0, "z": 9.67, "wind_ms": 15.49, "value": 980.73, "lat": 21.75, "lon": 87.25}}, {"type": "Feature", "geometry": {"type": "Polygon", "coordinates": [[[87.375, 21.625], [87.625, 21.625], [87.625, 21.875], [87.375, 21.875], [87.375, 21.625]]]}, "properties": {"time": "2021-05-26T00:00:00", "variable": "msl", "tier": "low", "percentile": 100.0, "z": 9.81, "wind_ms": 14.41, "value": 980.22, "lat": 21.75, "lon": 87.5}}, {"type": "Feature", "geometry": {"type": "Polygon", "coordinates": [[[87.625, 21.625], [87.875, 21.625], [87.875, 21.875], [87.625, 21.875], [87.625, 21.625]]]}, "properties": {"time": "2021-05-26T00:00:00", "variable": "msl", "tier": "low", "percentile": 100.0, "z": 9.49, "wind_ms": 15.59, "value": 980.83, "lat": 21.75, "lon": 87.75}}, {"type": "Feature", "geometry": {"type": "Polygon", "coordinates": [[[87.875, 21.625], [88.125, 21.625], [88.125, 21.875], [87.875, 21.875], [87.875, 21.625]]]}, "properties": {"time": "2021-05-26T00:00:00", "variable": "msl", "tier": "moderate", "percentile": 100.0, "z": 8.88, "wind_ms": 18.25, "value": 982.12, "lat": 21.75, "lon": 88.0}}, {"type": "Feature", "geometry": {"type": "Polygon", "coordinates": [[[88.125, 21.625], [88.375, 21.625], [88.375, 21.875], [88.125, 21.875], [88.125, 21.625]]]}, "properties": {"time": "2021-05-26T00:00:00", "variable": "msl", "tier": "low", "percentile": 100.0, "z": 8.01, "wind_ms": 16.28, "value": 984.03, "lat": 21.75, "lon": 88.25}}, {"type": "Feature", "geometry": {"type": "Polygon", "coordinates": [[[88.375, 21.625], [88.625, 21.625], [88.625, 21.875], [88.375, 21.875], [88.375, 21.625]]]}, "properties": {"time": "2021-05-26T00:00:00", "variable": "msl", "tier": "low", "percentile": 100.0, "z": 7.19, "wind_ms": 16.67, "value": 985.9, "lat": 21.75, "lon": 88.5}}, {"type": "Feature", "geometry": {"type": "Polygon", "coordinates": [[[88.625, 21.625], [88.875, 21.625], [88.875, 21.875], [88.625, 21.875], [88.625, 21.625]]]}, "properties": {"time": "2021-05-26T00:00:00", "variable": "msl", "tier": "low", "percentile": 100.0, "z": 6.42, "wind_ms": 14.43, "value": 987.76, "lat": 21.75, "lon": 88.75}}, {"type": "Feature", "geometry": {"type": "Polygon", "coordinates": [[[88.875, 21.625], [89.125, 21.625], [89.125, 21.875], [88.875, 21.875], [88.875, 21.625]]]}, "properties": {"time": "2021-05-26T00:00:00", "variable": "msl", "tier": "low", "percentile": 100.0, "z": 5.85, "wind_ms": 11.73, "value": 989.21, "lat": 21.75, "lon": 89.0}}, {"type": "Feature", "geometry": {"type": "Polygon", "coordinates": [[[89.125, 21.625], [89.375, 21.625], [89.375, 21.875], [89.125, 21.875], [89.125, 21.625]]]}, "properties": {"time": "2021-05-26T00:00:00", "variable": "msl", "tier": "low", "percentile": 99.1, "z": 5.39, "wind_ms": 11.45, "value": 990.39, "lat": 21.75, "lon": 89.25}}, {"type": "Feature", "geometry": {"type": "Polygon", "coordinates": [[[89.375, 21.625], [89.625, 21.625], [89.625, 21.875], [89.375, 21.875], [89.375, 21.625]]]}, "properties": {"time": "2021-05-26T00:00:00", "variable": "msl", "tier": "low", "percentile": 99.1, "z": 5.05, "wind_ms": 15.53, "value": 991.28, "lat": 21.75, "lon": 89.5}}, {"type": "Feature", "geometry": {"type": "Polygon", "coordinates": [[[89.625, 21.625], [89.875, 21.625], [89.875, 21.875], [89.625, 21.875], [89.625, 21.625]]]}, "properties": {"time": "2021-05-26T00:00:00", "variable": "msl", "tier": "low", "percentile": 99.1, "z": 4.76, "wind_ms": 16.88, "value": 992.27, "lat": 21.75, "lon": 89.75}}, {"type": "Feature", "geometry": {"type": "Polygon", "coordinates": [[[89.875, 21.625], [90.125, 21.625], [90.125, 21.875], [89.875, 21.875], [89.875, 21.625]]]}, "properties": {"time": "2021-05-26T00:00:00", "variable": "msl", "tier": "moderate", "percentile": 99.1, "z": 4.49, "wind_ms": 17.37, "value": 993.26, "lat": 21.75, "lon": 90.0}}, {"type": "Feature", "geometry": {"type": "Polygon", "coordinates": [[[90.125, 21.625], [90.375, 21.625], [90.375, 21.875], [90.125, 21.875], [90.125, 21.625]]]}, "properties": {"time": "2021-05-26T00:00:00", "variable": "msl", "tier": "moderate", "percentile": 99.1, "z": 4.24, "wind_ms": 17.63, "value": 994.21, "lat": 21.75, "lon": 90.25}}, {"type": "Feature", "geometry": {"type": "Polygon", "coordinates": [[[90.375, 21.625], [90.625, 21.625], [90.625, 21.875], [90.375, 21.875], [90.375, 21.625]]]}, "properties": {"time": "2021-05-26T00:00:00", "variable": "msl", "tier": "moderate", "percentile": 99.1, "z": 4.02, "wind_ms": 17.44, "value": 995.08, "lat": 21.75, "lon": 90.5}}, {"type": "Feature", "geometry": {"type": "Polygon", "coordinates": [[[90.625, 21.625], [90.875, 21.625], [90.875, 21.875], [90.625, 21.875], [90.625, 21.625]]]}, "properties": {"time": "2021-05-26T00:00:00", "variable": "msl", "tier": "low", "percentile": 99.1, "z": 3.82, "wind_ms": 16.92, "value": 995.85, "lat": 21.75, "lon": 90.75}}, {"type": "Feature", "geometry": {"type": "Polygon", "coordinates": [[[90.875, 21.625], [91.125, 21.625], [91.125, 21.875], [90.875, 21.875], [90.875, 21.625]]]}, "properties": {"time": "2021-05-26T00:00:00", "variable": "msl", "tier": "low", "percentile": 99.1, "z": 3.65, "wind_ms": 16.55, "value": 996.58, "lat": 21.75, "lon": 91.0}}, {"type": "Feature", "geometry": {"type": "Polygon", "coordinates": [[[91.125, 21.625], [91.375, 21.625], [91.375, 21.875], [91.125, 21.875], [91.125, 21.625]]]}, "properties": {"time": "2021-05-26T00:00:00", "variable": "msl", "tier": "low", "percentile": 99.1, "z": 3.55, "wind_ms": 15.9, "value": 997.04, "lat": 21.75, "lon": 91.25}}, {"type": "Feature", "geometry": {"type": "Polygon", "coordinates": [[[91.375, 21.625], [91.625, 21.625], [91.625, 21.875], [91.375, 21.875], [91.375, 21.625]]]}, "properties": {"time": "2021-05-26T00:00:00", "variable": "msl", "tier": "low", "percentile": 99.1, "z": 3.47, "wind_ms": 16.2, "value": 997.57, "lat": 21.75, "lon": 91.5}}, {"type": "Feature", "geometry": {"type": "Polygon", "coordinates": [[[91.625, 21.625], [91.875, 21.625], [91.875, 21.875], [91.625, 21.875], [91.625, 21.625]]]}, "properties": {"time": "2021-05-26T00:00:00", "variable": "msl", "tier": "low", "percentile": 99.1, "z": 3.36, "wind_ms": 14.72, "value": 998.08, "lat": 21.75, "lon": 91.75}}, {"type": "Feature", "geometry": {"type": "Polygon", "coordinates": [[[85.875, 21.875], [86.125, 21.875], [86.125, 22.125], [85.875, 22.125], [85.875, 21.875]]]}, "properties": {"time": "2021-05-26T00:00:00", "variable": "msl", "tier": "low", "percentile": 100.0, "z": 5.79, "wind_ms": 9.0, "value": 991.54, "lat": 22.0, "lon": 86.0}}, {"type": "Feature", "geometry": {"type": "Polygon", "coordinates": [[[86.125, 21.875], [86.375, 21.875], [86.375, 22.125], [86.125, 22.125], [86.125, 21.875]]]}, "properties": {"time": "2021-05-26T00:00:00", "variable": "msl", "tier": "low", "percentile": 100.0, "z": 6.11, "wind_ms": 9.08, "value": 990.97, "lat": 22.0, "lon": 86.25}}, {"type": "Feature", "geometry": {"type": "Polygon", "coordinates": [[[86.375, 21.875], [86.625, 21.875], [86.625, 22.125], [86.375, 22.125], [86.375, 21.875]]]}, "properties": {"time": "2021-05-26T00:00:00", "variable": "msl", "tier": "low", "percentile": 100.0, "z": 6.53, "wind_ms": 9.69, "value": 989.09, "lat": 22.0, "lon": 86.5}}, {"type": "Feature", "geometry": {"type": "Polygon", "coordinates": [[[86.625, 21.875], [86.875, 21.875], [86.875, 22.125], [86.625, 22.125], [86.625, 21.875]]]}, "properties": {"time": "2021-05-26T00:00:00", "variable": "msl", "tier": "low", "percentile": 100.0, "z": 7.29, "wind_ms": 11.72, "value": 986.6, "lat": 22.0, "lon": 86.75}}, {"type": "Feature", "geometry": {"type": "Polygon", "coordinates": [[[86.875, 21.875], [87.125, 21.875], [87.125, 22.125], [86.875, 22.125], [86.875, 21.875]]]}, "properties": {"time": "2021-05-26T00:00:00", "variable": "msl", "tier": "low", "percentile": 100.0, "z": 7.96, "wind_ms": 13.12, "value": 984.96, "lat": 22.0, "lon": 87.0}}, {"type": "Feature", "geometry": {"type": "Polygon", "coordinates": [[[87.125, 21.875], [87.375, 21.875], [87.375, 22.125], [87.125, 22.125], [87.125, 21.875]]]}, "properties": {"time": "2021-05-26T00:00:00", "variable": "msl", "tier": "low", "percentile": 100.0, "z": 8.44, "wind_ms": 13.89, "value": 983.75, "lat": 22.0, "lon": 87.25}}, {"type": "Feature", "geometry": {"type": "Polygon", "coordinates": [[[87.375, 21.875], [87.625, 21.875], [87.625, 22.125], [87.375, 22.125], [87.375, 21.875]]]}, "properties": {"time": "2021-05-26T00:00:00", "variable": "msl", "tier": "low", "percentile": 100.0, "z": 8.52, "wind_ms": 13.64, "value": 983.42, "lat": 22.0, "lon": 87.5}}, {"type": "Feature", "geometry": {"type": "Polygon", "coordinates": [[[87.625, 21.875], [87.875, 21.875], [87.875, 22.125], [87.625, 22.125], [87.625, 21.875]]]}, "properties": {"time": "2021-05-26T00:00:00", "variable": "msl", "tier": "low", "percentile": 100.0, "z": 8.28, "wind_ms": 13.33, "value": 983.87, "lat": 22.0, "lon": 87.75}}, {"type": "Feature", "geometry": {"type": "Polygon", "coordinates": [[[87.875, 21.875], [88.125, 21.875], [88.125, 22.125], [87.875, 22.125], [87.875, 21.875]]]}, "properties": {"time": "2021-05-26T00:00:00", "variable": "msl", "tier": "low", "percentile": 100.0, "z": 7.89, "wind_ms": 13.98, "value": 984.7, "lat": 22.0, "lon": 88.0}}, {"type": "Feature", "geometry": {"type": "Polygon", "coordinates": [[[88.125, 21.875], [88.375, 21.875], [88.375, 22.125], [88.125, 22.125], [88.125, 21.875]]]}, "properties": {"time": "2021-05-26T00:00:00", "variable": "msl", "tier": "low", "percentile": 100.0, "z": 7.3, "wind_ms": 12.35, "value": 986.08, "lat": 22.0, "lon": 88.25}}, {"type": "Feature", "geometry": {"type": "Polygon", "coordinates": [[[88.375, 21.875], [88.625, 21.875], [88.625, 22.125], [88.375, 22.125], [88.375, 21.875]]]}, "properties": {"time": "2021-05-26T00:00:00", "variable": "msl", "tier": "low", "percentile": 100.0, "z": 6.63, "wind_ms": 11.67, "value": 987.66, "lat": 22.0, "lon": 88.5}}, {"type": "Feature", "geometry": {"type": "Polygon", "coordinates": [[[88.625, 21.875], [88.875, 21.875], [88.875, 22.125], [88.625, 22.125], [88.625, 21.875]]]}, "properties": {"time": "2021-05-26T00:00:00", "variable": "msl", "tier": "low", "percentile": 100.0, "z": 6.13, "wind_ms": 11.24, "value": 988.86, "lat": 22.0, "lon": 88.75}}, {"type": "Feature", "geometry": {"type": "Polygon", "coordinates": [[[88.875, 21.875], [89.125, 21.875], [89.125, 22.125], [88.875, 22.125], [88.875, 21.875]]]}, "properties": {"time": "2021-05-26T00:00:00", "variable": "msl", "tier": "low", "percentile": 100.0, "z": 5.63, "wind_ms": 9.38, "value": 990.11, "lat": 22.0, "lon": 89.0}}, {"type": "Feature", "geometry": {"type": "Polygon", "coordinates": [[[89.125, 21.875], [89.375, 21.875], [89.375, 22.125], [89.125, 22.125], [89.125, 21.875]]]}, "properties": {"time": "2021-05-26T00:00:00", "variable": "msl", "tier": "low", "percentile": 100.0, "z": 5.27, "wind_ms": 9.33, "value": 991.11, "lat": 22.0, "lon": 89.25}}, {"type": "Feature", "geometry": {"type": "Polygon", "coordinates": [[[89.375, 21.875], [89.625, 21.875], [89.625, 22.125], [89.375, 22.125], [89.375, 21.875]]]}, "properties": {"time": "2021-05-26T00:00:00", "variable": "msl", "tier": "low", "percentile": 99.1, "z": 4.93, "wind_ms": 10.85, "value": 992.01, "lat": 22.0, "lon": 89.5}}, {"type": "Feature", "geometry": {"type": "Polygon", "coordinates": [[[89.625, 21.875], [89.875, 21.875], [89.875, 22.125], [89.625, 22.125], [89.625, 21.875]]]}, "properties": {"time": "2021-05-26T00:00:00", "variable": "msl", "tier": "low", "percentile": 99.1, "z": 4.62, "wind_ms": 11.04, "value": 992.99, "lat": 22.0, "lon": 89.75}}, {"type": "Feature", "geometry": {"type": "Polygon", "coordinates": [[[89.875, 21.875], [90.125, 21.875], [90.125, 22.125], [89.875, 22.125], [89.875, 21.875]]]}, "properties": {"time": "2021-05-26T00:00:00", "variable": "msl", "tier": "low", "percentile": 99.1, "z": 4.37, "wind_ms": 12.17, "value": 993.83, "lat": 22.0, "lon": 90.0}}, {"type": "Feature", "geometry": {"type": "Polygon", "coordinates": [[[90.125, 21.875], [90.375, 21.875], [90.375, 22.125], [90.125, 22.125], [90.125, 21.875]]]}, "properties": {"time": "2021-05-26T00:00:00", "variable": "msl", "tier": "low", "percentile": 99.1, "z": 4.13, "wind_ms": 12.57, "value": 994.7, "lat": 22.0, "lon": 90.25}}, {"type": "Feature", "geometry": {"type": "Polygon", "coordinates": [[[90.375, 21.875], [90.625, 21.875], [90.625, 22.125], [90.375, 22.125], [90.375, 21.875]]]}, "properties": {"time": "2021-05-26T00:00:00", "variable": "msl", "tier": "low", "percentile": 99.1, "z": 3.95, "wind_ms": 13.4, "value": 995.4, "lat": 22.0, "lon": 90.5}}, {"type": "Feature", "geometry": {"type": "Polygon", "coordinates": [[[90.625, 21.875], [90.875, 21.875], [90.875, 22.125], [90.625, 22.125], [90.625, 21.875]]]}, "properties": {"time": "2021-05-26T00:00:00", "variable": "msl", "tier": "low", "percentile": 99.1, "z": 3.77, "wind_ms": 13.83, "value": 996.1, "lat": 22.0, "lon": 90.75}}, {"type": "Feature", "geometry": {"type": "Polygon", "coordinates": [[[90.875, 21.875], [91.125, 21.875], [91.125, 22.125], [90.875, 22.125], [90.875, 21.875]]]}, "properties": {"time": "2021-05-26T00:00:00", "variable": "msl", "tier": "low", "percentile": 99.1, "z": 3.62, "wind_ms": 16.29, "value": 996.64, "lat": 22.0, "lon": 91.0}}, {"type": "Feature", "geometry": {"type": "Polygon", "coordinates": [[[91.125, 21.875], [91.375, 21.875], [91.375, 22.125], [91.125, 22.125], [91.125, 21.875]]]}, "properties": {"time": "2021-05-26T00:00:00", "variable": "msl", "tier": "low", "percentile": 99.1, "z": 3.53, "wind_ms": 15.85, "value": 997.08, "lat": 22.0, "lon": 91.25}}, {"type": "Feature", "geometry": {"type": "Polygon", "coordinates": [[[91.375, 21.875], [91.625, 21.875], [91.625, 22.125], [91.375, 22.125], [91.375, 21.875]]]}, "properties": {"time": "2021-05-26T00:00:00", "variable": "msl", "tier": "low", "percentile": 99.1, "z": 3.44, "wind_ms": 15.73, "value": 997.67, "lat": 22.0, "lon": 91.5}}, {"type": "Feature", "geometry": {"type": "Polygon", "coordinates": [[[91.625, 21.875], [91.875, 21.875], [91.875, 22.125], [91.625, 22.125], [91.625, 21.875]]]}, "properties": {"time": "2021-05-26T00:00:00", "variable": "msl", "tier": "low", "percentile": 99.1, "z": 3.33, "wind_ms": 13.41, "value": 998.16, "lat": 22.0, "lon": 91.75}}, {"type": "Feature", "geometry": {"type": "Polygon", "coordinates": [[[86.375, 22.125], [86.625, 22.125], [86.625, 22.375], [86.375, 22.375], [86.375, 22.125]]]}, "properties": {"time": "2021-05-26T00:00:00", "variable": "msl", "tier": "low", "percentile": 100.0, "z": 5.88, "wind_ms": 8.96, "value": 990.22, "lat": 22.25, "lon": 86.5}}, {"type": "Feature", "geometry": {"type": "Polygon", "coordinates": [[[86.625, 22.125], [86.875, 22.125], [86.875, 22.375], [86.625, 22.375], [86.625, 22.125]]]}, "properties": {"time": "2021-05-26T00:00:00", "variable": "msl", "tier": "low", "percentile": 100.0, "z": 6.43, "wind_ms": 10.36, "value": 988.66, "lat": 22.25, "lon": 86.75}}, {"type": "Feature", "geometry": {"type": "Polygon", "coordinates": [[[86.875, 22.125], [87.125, 22.125], [87.125, 22.375], [86.875, 22.375], [86.875, 22.125]]]}, "properties": {"time": "2021-05-26T00:00:00", "variable": "msl", "tier": "low", "percentile": 100.0, "z": 7.02, "wind_ms": 11.99, "value": 987.19, "lat": 22.25, "lon": 87.0}}, {"type": "Feature", "geometry": {"type": "Polygon", "coordinates": [[[87.125, 22.125], [87.375, 22.125], [87.375, 22.375], [87.125, 22.375], [87.125, 22.125]]]}, "properties": {"time": "2021-05-26T00:00:00", "variable": "msl", "tier": "low", "percentile": 100.0, "z": 7.28, "wind_ms": 12.82, "value": 986.53, "lat": 22.25, "lon": 87.25}}, {"type": "Feature", "geometry": {"type": "Polygon", "coordinates": [[[87.375, 22.125], [87.625, 22.125], [87.625, 22.375], [87.375, 22.375], [87.375, 22.125]]]}, "properties": {"time": "2021-05-26T00:00:00", "variable": "msl", "tier": "low", "percentile": 100.0, "z": 7.37, "wind_ms": 12.83, "value": 986.24, "lat": 22.25, "lon": 87.5}}, {"type": "Feature", "geometry": {"type": "Polygon", "coordinates": [[[87.625, 22.125], [87.875, 22.125], [87.875, 22.375], [87.625, 22.375], [87.625, 22.125]]]}, "properties": {"time": "2021-05-26T00:00:00", "variable": "msl", "tier": "low", "percentile": 100.0, "z": 7.3, "wind_ms": 12.76, "value": 986.4, "lat": 22.25, "lon": 87.75}}, {"type": "Feature", "geometry": {"type": "Polygon", "coordinates": [[[87.875, 22.125], [88.125, 22.125], [88.125, 22.375], [87.875, 22.375], [87.875, 22.125]]]}, "properties": {"time": "2021-05-26T00:00:00", "variable": "msl", "tier": "low", "percentile": 100.0, "z": 7.02, "wind_ms": 12.58, "value": 987.05, "lat": 22.25, "lon": 88.0}}, {"type": "Feature", "geometry": {"type": "Polygon", "coordinates": [[[88.125, 22.125], [88.375, 22.125], [88.375, 22.375], [88.125, 22.375], [88.125, 22.125]]]}, "properties": {"time": "2021-05-26T00:00:00", "variable": "msl", "tier": "low", "percentile": 100.0, "z": 6.58, "wind_ms": 11.22, "value": 988.06, "lat": 22.25, "lon": 88.25}}, {"type": "Feature", "geometry": {"type": "Polygon", "coordinates": [[[88.375, 22.125], [88.625, 22.125], [88.625, 22.375], [88.375, 22.375], [88.375, 22.125]]]}, "properties": {"time": "2021-05-26T00:00:00", "variable": "msl", "tier": "low", "percentile": 100.0, "z": 6.19, "wind_ms": 10.36, "value": 988.98, "lat": 22.25, "lon": 88.5}}, {"type": "Feature", "geometry": {"type": "Polygon", "coordinates": [[[88.625, 22.125], [88.875, 22.125], [88.875, 22.375], [88.625, 22.375], [88.625, 22.125]]]}, "properties": {"time": "2021-05-26T00:00:00", "variable": "msl", "tier": "low", "percentile": 100.0, "z": 5.72, "wind_ms": 9.68, "value": 990.13, "lat": 22.25, "lon": 88.75}}, {"type": "Feature", "geometry": {"type": "Polygon", "coordinates": [[[88.875, 22.125], [89.125, 22.125], [89.125, 22.375], [88.875, 22.375], [88.875, 22.125]]]}, "properties": {"time": "2021-05-26T00:00:00", "variable": "msl", "tier": "low", "percentile": 100.0, "z": 5.39, "wind_ms": 9.45, "value": 991.04, "lat": 22.25, "lon": 89.0}}, {"type": "Feature", "geometry": {"type": "Polygon", "coordinates": [[[89.125, 22.125], [89.375, 22.125], [89.375, 22.375], [89.125, 22.375], [89.125, 22.125]]]}, "properties": {"time": "2021-05-26T00:00:00", "variable": "msl", "tier": "low", "percentile": 100.0, "z": 5.04, "wind_ms": 9.16, "value": 992.01, "lat": 22.25, "lon": 89.25}}, {"type": "Feature", "geometry": {"type": "Polygon", "coordinates": [[[89.875, 22.125], [90.125, 22.125], [90.125, 22.375], [89.875, 22.375], [89.875, 22.125]]]}, "properties": {"time": "2021-05-26T00:00:00", "variable": "msl", "tier": "low", "percentile": 99.1, "z": 4.21, "wind_ms": 9.2, "value": 994.43, "lat": 22.25, "lon": 90.0}}, {"type": "Feature", "geometry": {"type": "Polygon", "coordinates": [[[90.125, 22.125], [90.375, 22.125], [90.375, 22.375], [90.125, 22.375], [90.125, 22.125]]]}, "properties": {"time": "2021-05-26T00:00:00", "variable": "msl", "tier": "low", "percentile": 99.1, "z": 4.04, "wind_ms": 9.76, "value": 995.05, "lat": 22.25, "lon": 90.25}}, {"type": "Feature", "geometry": {"type": "Polygon", "coordinates": [[[90.375, 22.125], [90.625, 22.125], [90.625, 22.375], [90.375, 22.375], [90.375, 22.125]]]}, "properties": {"time": "2021-05-26T00:00:00", "variable": "msl", "tier": "low", "percentile": 99.1, "z": 3.86, "wind_ms": 10.59, "value": 995.73, "lat": 22.25, "lon": 90.5}}, {"type": "Feature", "geometry": {"type": "Polygon", "coordinates": [[[90.625, 22.125], [90.875, 22.125], [90.875, 22.375], [90.625, 22.375], [90.625, 22.125]]]}, "properties": {"time": "2021-05-26T00:00:00", "variable": "msl", "tier": "low", "percentile": 99.1, "z": 3.72, "wind_ms": 12.81, "value": 996.33, "lat": 22.25, "lon": 90.75}}, {"type": "Feature", "geometry": {"type": "Polygon", "coordinates": [[[90.875, 22.125], [91.125, 22.125], [91.125, 22.375], [90.875, 22.375], [90.875, 22.125]]]}, "properties": {"time": "2021-05-26T00:00:00", "variable": "msl", "tier": "low", "percentile": 99.1, "z": 3.58, "wind_ms": 15.29, "value": 996.88, "lat": 22.25, "lon": 91.0}}, {"type": "Feature", "geometry": {"type": "Polygon", "coordinates": [[[91.125, 22.125], [91.375, 22.125], [91.375, 22.375], [91.125, 22.375], [91.125, 22.125]]]}, "properties": {"time": "2021-05-26T00:00:00", "variable": "msl", "tier": "low", "percentile": 99.1, "z": 3.46, "wind_ms": 15.47, "value": 997.36, "lat": 22.25, "lon": 91.25}}, {"type": "Feature", "geometry": {"type": "Polygon", "coordinates": [[[91.375, 22.125], [91.625, 22.125], [91.625, 22.375], [91.375, 22.375], [91.375, 22.125]]]}, "properties": {"time": "2021-05-26T00:00:00", "variable": "msl", "tier": "low", "percentile": 99.1, "z": 3.35, "wind_ms": 14.34, "value": 997.92, "lat": 22.25, "lon": 91.5}}, {"type": "Feature", "geometry": {"type": "Polygon", "coordinates": [[[91.625, 22.125], [91.875, 22.125], [91.875, 22.375], [91.625, 22.375], [91.625, 22.125]]]}, "properties": {"time": "2021-05-26T00:00:00", "variable": "msl", "tier": "low", "percentile": 99.1, "z": 3.25, "wind_ms": 11.12, "value": 998.4, "lat": 22.25, "lon": 91.75}}, {"type": "Feature", "geometry": {"type": "Polygon", "coordinates": [[[86.625, 22.375], [86.875, 22.375], [86.875, 22.625], [86.625, 22.625], [86.625, 22.375]]]}, "properties": {"time": "2021-05-26T00:00:00", "variable": "msl", "tier": "low", "percentile": 100.0, "z": 5.82, "wind_ms": 9.64, "value": 990.09, "lat": 22.5, "lon": 86.75}}, {"type": "Feature", "geometry": {"type": "Polygon", "coordinates": [[[86.875, 22.375], [87.125, 22.375], [87.125, 22.625], [86.875, 22.625], [86.875, 22.375]]]}, "properties": {"time": "2021-05-26T00:00:00", "variable": "msl", "tier": "low", "percentile": 100.0, "z": 6.08, "wind_ms": 10.62, "value": 989.39, "lat": 22.5, "lon": 87.0}}, {"type": "Feature", "geometry": {"type": "Polygon", "coordinates": [[[87.125, 22.375], [87.375, 22.375], [87.375, 22.625], [87.125, 22.625], [87.125, 22.375]]]}, "properties": {"time": "2021-05-26T00:00:00", "variable": "msl", "tier": "low", "percentile": 100.0, "z": 6.35, "wind_ms": 11.58, "value": 988.73, "lat": 22.5, "lon": 87.25}}, {"type": "Feature", "geometry": {"type": "Polygon", "coordinates": [[[87.375, 22.375], [87.625, 22.375], [87.625, 22.625], [87.375, 22.625], [87.375, 22.375]]]}, "properties": {"time": "2021-05-26T00:00:00", "variable": "msl", "tier": "low", "percentile": 100.0, "z": 6.46, "wind_ms": 11.89, "value": 988.45, "lat": 22.5, "lon": 87.5}}, {"type": "Feature", "geometry": {"type": "Polygon", "coordinates": [[[87.625, 22.375], [87.875, 22.375], [87.875, 22.625], [87.625, 22.625], [87.625, 22.375]]]}, "properties": {"time": "2021-05-26T00:00:00", "variable": "msl", "tier": "low", "percentile": 100.0, "z": 6.41, "wind_ms": 11.85, "value": 988.58, "lat": 22.5, "lon": 87.75}}, {"type": "Feature", "geometry": {"type": "Polygon", "coordinates": [[[87.875, 22.375], [88.125, 22.375], [88.125, 22.625], [87.875, 22.625], [87.875, 22.375]]]}, "properties": {"time": "2021-05-26T00:00:00", "variable": "msl", "tier": "low", "percentile": 100.0, "z": 6.25, "wind_ms": 11.68, "value": 989.04, "lat": 22.5, "lon": 88.0}}, {"type": "Feature", "geometry": {"type": "Polygon", "coordinates": [[[88.125, 22.375], [88.375, 22.375], [88.375, 22.625], [88.125, 22.625], [88.125, 22.375]]]}, "properties": {"time": "2021-05-26T00:00:00", "variable": "msl", "tier": "low", "percentile": 100.0, "z": 5.97, "wind_ms": 11.06, "value": 989.71, "lat": 22.5, "lon": 88.25}}, {"type": "Feature", "geometry": {"type": "Polygon", "coordinates": [[[88.375, 22.375], [88.625, 22.375], [88.625, 22.625], [88.375, 22.625], [88.375, 22.375]]]}, "properties": {"time": "2021-05-26T00:00:00", "variable": "msl", "tier": "low", "percentile": 100.0, "z": 5.63, "wind_ms": 10.18, "value": 990.56, "lat": 22.5, "lon": 88.5}}, {"type": "Feature", "geometry": {"type": "Polygon", "coordinates": [[[88.625, 22.375], [88.875, 22.375], [88.875, 22.625], [88.625, 22.625], [88.625, 22.375]]]}, "properties": {"time": "2021-05-26T00:00:00", "variable": "msl", "tier": "low", "percentile": 100.0, "z": 5.37, "wind_ms": 9.63, "value": 991.23, "lat": 22.5, "lon": 88.75}}, {"type": "Feature", "geometry": {"type": "Polygon", "coordinates": [[[88.875, 22.375], [89.125, 22.375], [89.125, 22.625], [88.875, 22.625], [88.875, 22.375]]]}, "properties": {"time": "2021-05-26T00:00:00", "variable": "msl", "tier": "low", "percentile": 100.0, "z": 5.04, "wind_ms": 9.26, "value": 992.13, "lat": 22.5, "lon": 89.0}}, {"type": "Feature", "geometry": {"type": "Polygon", "coordinates": [[[89.125, 22.375], [89.375, 22.375], [89.375, 22.625], [89.125, 22.625], [89.125, 22.375]]]}, "properties": {"time": "2021-05-26T00:00:00", "variable": "msl", "tier": "low", "percentile": 100.0, "z": 4.8, "wind_ms": 9.0, "value": 992.84, "lat": 22.5, "lon": 89.25}}, {"type": "Feature", "geometry": {"type": "Polygon", "coordinates": [[[90.125, 22.375], [90.375, 22.375], [90.375, 22.625], [90.125, 22.625], [90.125, 22.375]]]}, "properties": {"time": "2021-05-26T00:00:00", "variable": "msl", "tier": "low", "percentile": 99.1, "z": 3.9, "wind_ms": 8.79, "value": 995.61, "lat": 22.5, "lon": 90.25}}, {"type": "Feature", "geometry": {"type": "Polygon", "coordinates": [[[90.375, 22.375], [90.625, 22.375], [90.625, 22.625], [90.375, 22.625], [90.375, 22.375]]]}, "properties": {"time": "2021-05-26T00:00:00", "variable": "msl", "tier": "low", "percentile": 99.1, "z": 3.78, "wind_ms": 9.69, "value": 996.06, "lat": 22.5, "lon": 90.5}}, {"type": "Feature", "geometry": {"type": "Polygon", "coordinates": [[[90.625, 22.375], [90.875, 22.375], [90.875, 22.625], [90.625, 22.625], [90.625, 22.375]]]}, "properties": {"time": "2021-05-26T00:00:00", "variable": "msl", "tier": "low", "percentile": 99.1, "z": 3.63, "wind_ms": 11.77, "value": 996.62, "lat": 22.5, "lon": 90.75}}, {"type": "Feature", "geometry": {"type": "Polygon", "coordinates": [[[90.875, 22.375], [91.125, 22.375], [91.125, 22.625], [90.875, 22.625], [90.875, 22.375]]]}, "properties": {"time": "2021-05-26T00:00:00", "variable": "msl", "tier": "low", "percentile": 99.1, "z": 3.5, "wind_ms": 12.41, "value": 997.16, "lat": 22.5, "lon": 91.0}}, {"type": "Feature", "geometry": {"type": "Polygon", "coordinates": [[[91.125, 22.375], [91.375, 22.375], [91.375, 22.625], [91.125, 22.625], [91.125, 22.375]]]}, "properties": {"time": "2021-05-26T00:00:00", "variable": "msl", "tier": "low", "percentile": 99.1, "z": 3.37, "wind_ms": 12.76, "value": 997.69, "lat": 22.5, "lon": 91.25}}, {"type": "Feature", "geometry": {"type": "Polygon", "coordinates": [[[91.375, 22.375], [91.625, 22.375], [91.625, 22.625], [91.375, 22.625], [91.375, 22.375]]]}, "properties": {"time": "2021-05-26T00:00:00", "variable": "msl", "tier": "low", "percentile": 99.1, "z": 3.27, "wind_ms": 12.1, "value": 998.17, "lat": 22.5, "lon": 91.5}}, {"type": "Feature", "geometry": {"type": "Polygon", "coordinates": [[[91.625, 22.375], [91.875, 22.375], [91.875, 22.625], [91.625, 22.625], [91.625, 22.375]]]}, "properties": {"time": "2021-05-26T00:00:00", "variable": "msl", "tier": "low", "percentile": 99.1, "z": 3.21, "wind_ms": 8.72, "value": 998.6, "lat": 22.5, "lon": 91.75}}, {"type": "Feature", "geometry": {"type": "Polygon", "coordinates": [[[86.625, 22.625], [86.875, 22.625], [86.875, 22.875], [86.625, 22.875], [86.625, 22.625]]]}, "properties": {"time": "2021-05-26T00:00:00", "variable": "msl", "tier": "low", "percentile": 100.0, "z": 5.23, "wind_ms": 9.19, "value": 991.56, "lat": 22.75, "lon": 86.75}}, {"type": "Feature", "geometry": {"type": "Polygon", "coordinates": [[[86.875, 22.625], [87.125, 22.625], [87.125, 22.875], [86.875, 22.875], [86.875, 22.625]]]}, "properties": {"time": "2021-05-26T00:00:00", "variable": "msl", "tier": "low", "percentile": 100.0, "z": 5.4, "wind_ms": 9.87, "value": 991.04, "lat": 22.75, "lon": 87.0}}, {"type": "Feature", "geometry": {"type": "Polygon", "coordinates": [[[87.125, 22.625], [87.375, 22.625], [87.375, 22.875], [87.125, 22.875], [87.125, 22.625]]]}, "properties": {"time": "2021-05-26T00:00:00", "variable": "msl", "tier": "low", "percentile": 100.0, "z": 5.55, "wind_ms": 10.47, "value": 990.67, "lat": 22.75, "lon": 87.25}}, {"type": "Feature", "geometry": {"type": "Polygon", "coordinates": [[[87.375, 22.625], [87.625, 22.625], [87.625, 22.875], [87.375, 22.875], [87.375, 22.625]]]}, "properties": {"time": "2021-05-26T00:00:00", "variable": "msl", "tier": "low", "percentile": 100.0, "z": 5.66, "wind_ms": 10.63, "value": 990.45, "lat": 22.75, "lon": 87.5}}, {"type": "Feature", "geometry": {"type": "Polygon", "coordinates": [[[87.625, 22.625], [87.875, 22.625], [87.875, 22.875], [87.625, 22.875], [87.625, 22.625]]]}, "properties": {"time": "2021-05-26T00:00:00", "variable": "msl", "tier": "low", "percentile": 100.0, "z": 5.67, "wind_ms": 10.55, "value": 990.45, "lat": 22.75, "lon": 87.75}}, {"type": "Feature", "geometry": {"type": "Polygon", "coordinates": [[[87.875, 22.625], [88.125, 22.625], [88.125, 22.875], [87.875, 22.875], [87.875, 22.625]]]}, "properties": {"time": "2021-05-26T00:00:00", "variable": "msl", "tier": "low", "percentile": 100.0, "z": 5.56, "wind_ms": 10.4, "value": 990.8, "lat": 22.75, "lon": 88.0}}, {"type": "Feature", "geometry": {"type": "Polygon", "coordinates": [[[88.125, 22.625], [88.375, 22.625], [88.375, 22.875], [88.125, 22.875], [88.125, 22.625]]]}, "properties": {"time": "2021-05-26T00:00:00", "variable": "msl", "tier": "low", "percentile": 100.0, "z": 5.37, "wind_ms": 10.09, "value": 991.31, "lat": 22.75, "lon": 88.25}}, {"type": "Feature", "geometry": {"type": "Polygon", "coordinates": [[[88.375, 22.625], [88.625, 22.625], [88.625, 22.875], [88.375, 22.875], [88.375, 22.625]]]}, "properties": {"time": "2021-05-26T00:00:00", "variable": "msl", "tier": "low", "percentile": 100.0, "z": 5.15, "wind_ms": 9.67, "value": 991.88, "lat": 22.75, "lon": 88.5}}, {"type": "Feature", "geometry": {"type": "Polygon", "coordinates": [[[88.625, 22.625], [88.875, 22.625], [88.875, 22.875], [88.625, 22.875], [88.625, 22.625]]]}, "properties": {"time": "2021-05-26T00:00:00", "variable": "msl", "tier": "low", "percentile": 100.0, "z": 4.94, "wind_ms": 9.24, "value": 992.46, "lat": 22.75, "lon": 88.75}}, {"type": "Feature", "geometry": {"type": "Polygon", "coordinates": [[[88.875, 22.625], [89.125, 22.625], [89.125, 22.875], [88.875, 22.875], [88.875, 22.625]]]}, "properties": {"time": "2021-05-26T00:00:00", "variable": "msl", "tier": "low", "percentile": 100.0, "z": 4.74, "wind_ms": 8.91, "value": 993.04, "lat": 22.75, "lon": 89.0}}, {"type": "Feature", "geometry": {"type": "Polygon", "coordinates": [[[90.375, 22.625], [90.625, 22.625], [90.625, 22.875], [90.375, 22.875], [90.375, 22.625]]]}, "properties": {"time": "2021-05-26T00:00:00", "variable": "msl", "tier": "low", "percentile": 99.1, "z": 3.63, "wind_ms": 9.09, "value": 996.6, "lat": 22.75, "lon": 90.5}}, {"type": "Feature", "geometry": {"type": "Polygon", "coordinates": [[[90.625, 22.625], [90.875, 22.625], [90.875, 22.875], [90.625, 22.875], [90.625, 22.625]]]}, "properties": {"time": "2021-05-26T00:00:00", "variable": "msl", "tier": "low", "percentile": 99.1, "z": 3.53, "wind_ms": 9.29, "value": 997.0, "lat": 22.75, "lon": 90.75}}, {"type": "Feature", "geometry": {"type": "Polygon", "coordinates": [[[90.875, 22.625], [91.125, 22.625], [91.125, 22.875], [90.875, 22.875], [90.875, 22.625]]]}, "properties": {"time": "2021-05-26T00:00:00", "variable": "msl", "tier": "low", "percentile": 99.1, "z": 3.4, "wind_ms": 9.0, "value": 997.49, "lat": 22.75, "lon": 91.0}}, {"type": "Feature", "geometry": {"type": "Polygon", "coordinates": [[[91.125, 22.625], [91.375, 22.625], [91.375, 22.875], [91.125, 22.875], [91.125, 22.625]]]}, "properties": {"time": "2021-05-26T00:00:00", "variable": "msl", "tier": "low", "percentile": 99.1, "z": 3.28, "wind_ms": 8.96, "value": 998.01, "lat": 22.75, "lon": 91.25}}, {"type": "Feature", "geometry": {"type": "Polygon", "coordinates": [[[91.375, 22.625], [91.625, 22.625], [91.625, 22.875], [91.375, 22.875], [91.375, 22.625]]]}, "properties": {"time": "2021-05-26T00:00:00", "variable": "msl", "tier": "low", "percentile": 99.1, "z": 3.21, "wind_ms": 8.86, "value": 998.38, "lat": 22.75, "lon": 91.5}}], "properties": {"thresholds": {"low_z": 1.5, "low_ws": 8.7, "moderate_z": 2.0, "moderate_ws": 17.0, "severe_z": 3.0, "severe_ws": 25.0}, "note": "Tiers: z-score AND wind >= 8.7/17/25 m/s (IMD D/CS/SCS), only inside tracked-object boxes + 1 deg. Adjusted after observing results; not validated against impacts. Per-hour ERA5 reanalysis climatology; single member, not an ensemble EFI."}}