time,t_index,lat,lon,pmin_lat,pmin_lon,lat_min,lat_max,lon_min,lon_max,n_cells,area_km2,max_ws,min_msl,max_z,min_z_msl,track_id,lead_h,member
2021-05-22 18:00:00,7,14.18404277272044,92.43401564744885,15.0,91.5,13.375,15.125,91.375,93.125,25,18730.005485182166,19.103328704833984,1002.595458984375,4.46124792098999,-2.52588152885437,0,42.0,c00
2021-05-23 00:00:00,8,14.37539908537695,93.50250842603353,14.5,93.25,14.125,14.625,93.125,93.875,6,4491.441055575271,17.7353572845459,1002.639404296875,4.804113388061523,-2.4397385120391846,0,48.0,c00
2021-05-23 00:00:00,8,15.416242737493162,93.65539962131419,16.0,92.5,14.875,16.125,92.375,94.625,27,20115.483889111303,23.50672149658203,1000.714599609375,7.820465564727783,-3.184401750564575,1,48.0,c00
2021-05-23 06:00:00,9,14.72207330835876,93.70526956910675,15.25,93.0,14.125,15.375,92.875,94.375,19,14201.137305384524,18.66980743408203,1001.8492431640625,5.219405651092529,-3.375436782836914,0,54.0,c00
2021-05-23 06:00:00,9,16.043728893016585,92.96676289906912,16.75,92.25,14.875,17.125,92.125,93.625,22,16337.704779307101,20.55293083190918,999.25244140625,5.540233612060547,-3.9047353267669678,1,54.0,c00
2021-05-23 12:00:00,10,13.504468034245193,91.66712793306817,14.5,91.25,12.625,14.625,90.375,92.625,31,23291.390762705538,19.863662719726562,999.9710083007812,4.809323310852051,-3.091904401779175,0,60.0,c00
2021-05-23 12:00:00,10,16.064186341017553,93.37162470801792,17.0,92.25,14.875,17.625,92.125,94.625,54,40106.17519156197,21.060535430908203,996.3438110351562,7.649190425872803,-4.586136817932129,1,60.0,c00
2021-05-23 18:00:00,11,11.301251748165773,88.81731680364324,11.5,89.25,10.875,11.625,88.125,89.375,10,7577.850417743717,19.22092628479004,1004.2921142578125,4.049956798553467,-2.274503707885742,0,66.0,c00
2021-05-23 18:00:00,11,15.119286597664562,93.16689703781115,16.5,91.5,13.625,16.625,91.125,94.875,79,58942.984783782034,23.221532821655273,995.1640625,7.69045877456665,-5.065402030944824,1,66.0,c00
2021-05-24 00:00:00,12,12.163781503230899,91.06366033132785,13.25,90.5,11.125,13.375,88.625,92.625,65,49102.47290597631,19.888713836669922,1000.2817993164062,4.524556636810303,-3.604039192199707,0,72.0,c00
2021-05-24 00:00:00,12,14.55988211028034,92.78430193828474,14.75,92.5,14.125,14.875,92.375,93.375,9,6731.663344589098,17.44940948486328,999.0114135742188,4.616338729858398,-3.833324432373047,1,72.0,c00
2021-05-24 00:00:00,12,16.212535004414104,93.50497902246747,16.5,93.25,15.875,16.625,93.125,93.875,6,4452.305721338752,17.64754295349121,997.712158203125,5.1121063232421875,-4.191521644592285,2,72.0,c00
2021-05-24 00:00:00,12,17.51276973702163,91.45709969286159,17.25,90.75,15.625,19.125,89.125,93.875,138,101733.69924594594,23.46143913269043,989.867431640625,7.7613654136657715,-6.091953754425049,3,72.0,c00
2021-05-24 06:00:00,13,15.608507336111543,83.5665531296764,16.0,84.25,15.125,16.125,82.875,84.375,16,11909.079078836296,18.711441040039062,1000.4314575195312,4.889938831329346,-2.490738868713379,4,78.0,c00
2021-05-24 06:00:00,13,16.005698402273314,90.15589584463783,17.5,90.25,10.625,20.125,85.375,94.375,601,447326.8617901937,29.115982055664062,986.8682861328125,9.912314414978027,-8.011098861694336,3,78.0,c00
2021-05-24 12:00:00,14,13.581928228630444,85.6798107067771,14.0,85.25,13.125,14.125,84.625,86.625,16,12018.656128329254,18.520614624023438,999.7617797851562,4.5466485023498535,-2.4984068870544434,4,84.0,c00
2021-05-24 12:00:00,14,14.633089079412166,92.75499258999203,15.0,92.5,14.125,15.125,92.375,93.125,10,7477.235756137191,17.86349868774414,1000.125,4.38158655166626,-3.1177310943603516,5,84.0,c00
2021-05-24 12:00:00,14,16.826597990718486,90.09655997255499,17.75,89.75,11.125,20.125,87.125,93.625,540,400356.4637011963,37.55801010131836,980.9074096679688,13.636208534240723,-9.793916702270508,3,84.0,c00
2021-05-24 18:00:00,15,17.94201446306728,89.10275784308615,18.25,89.25,14.875,20.875,86.625,91.875,343,252370.84351174886,42.139522552490234,979.213623046875,15.501996994018555,-11.002418518066406,3,90.0,c00
2021-05-24 18:00:00,15,20.172035233554393,91.94335038169987,19.75,91.25,19.625,20.625,91.125,92.625,14,10154.636583024918,18.38250732421875,996.9703979492188,8.26809310913086,-3.54294490814209,6,90.0,c00
2021-05-25 00:00:00,16,13.667667667419558,85.79766235705162,16.25,88.75,9.875,16.375,82.625,89.125,301,226065.28126913228,19.380416870117188,995.1578369140625,4.718062877655029,-4.0545172691345215,7,96.0,c00
2021-05-25 00:00:00,16,18.946268324145244,89.22809598055343,19.0,88.75,15.875,21.875,86.625,92.375,373,272612.69316569663,46.05360794067383,977.2489624023438,18.520483016967773,-10.953791618347168,3,96.0,c00
2021-05-25 06:00:00,17,13.541424997208452,85.91909630260746,13.75,86.5,13.375,13.875,85.375,86.625,6,4507.712506438499,17.362998962402344,1001.4508056640625,3.4223008155822754,-2.870715856552124,7,102.0,c00
2021-05-25 06:00:00,17,19.03370157709886,89.03320554921197,20.0,88.5,12.375,22.125,86.125,92.125,474,347281.5113266428,43.319339752197266,976.876708984375,20.634775161743164,-11.631958961486816,3,102.0,c00
2021-05-25 12:00:00,18,20.102274079413668,88.31711127561339,20.5,88.0,18.125,22.125,85.625,91.125,265,192348.3101383423,48.18834686279297,976.8688354492188,21.017793655395508,-10.94214916229248,3,108.0,c00
2021-05-25 18:00:00,19,20.77594999748165,88.16284735856046,21.5,87.75,18.875,22.625,85.625,90.875,224,161996.3655431547,34.561370849609375,981.5535278320312,16.706565856933594,-9.587129592895508,3,114.0,c00
2021-05-26 00:00:00,20,21.28848142272191,87.69744377488665,22.0,87.5,19.625,22.875,86.375,89.625,92,66319.12671372795,25.528947830200195,984.2468872070312,17.219697952270508,-8.10399341583252,3,120.0,c00
2021-05-26 00:00:00,20,21.77586622082682,90.93857849516046,22.0,90.5,21.125,22.375,90.375,91.375,13,9329.430861406116,18.772289276123047,996.06689453125,8.630257606506348,-3.63492751121521,8,120.0,c00
2021-05-26 06:00:00,21,21.39029829844761,87.84454648608491,22.25,87.25,20.375,22.375,87.125,88.625,32,23037.915172110468,20.78278160095215,989.841064453125,9.97982406616211,-6.325098991394043,3,126.0,c00
2021-05-23 18:00:00,11,12.851109350568038,91.29543794302901,13.75,90.75,11.875,13.875,90.375,92.375,42,31643.474145546148,20.432552337646484,1002.9714965820312,4.796013832092285,-2.5470149517059326,0,66.0,p01
2021-05-24 00:00:00,12,14.062316235015443,93.90788415057328,15.0,93.5,13.125,15.125,93.375,94.375,26,19490.246114177513,18.384187698364258,1001.2518920898438,5.350065231323242,-3.1939074993133545,0,72.0,p01
2021-05-24 06:00:00,13,15.909023038227325,88.72640316424985,16.5,89.25,15.375,16.625,87.875,89.375,17,12634.431222599784,18.048721313476562,1001.5179443359375,4.3213067054748535,-2.525919198989868,1,78.0,p01
2021-05-24 12:00:00,14,15.31352954660762,90.55694840844991,16.25,91.25,14.125,16.375,88.875,93.375,74,55161.59974568094,20.347030639648438,998.0818481445312,5.7123799324035645,-3.574467897415161,1,84.0,p01
2021-05-24 18:00:00,15,13.94230762353939,90.94616488311547,14.5,91.25,13.125,14.625,89.875,91.875,30,22498.913693759787,18.1884765625,1002.055419921875,3.990058660507202,-2.6863820552825928,1,90.0,p01
2021-05-25 00:00:00,16,14.548190148328965,89.01324010099154,17.25,91.75,12.375,17.375,86.875,91.875,94,70337.44126832015,21.29133415222168,1000.4168701171875,5.538160800933838,-2.7822489738464355,1,96.0,p01
2021-05-25 00:00:00,16,16.521129292188498,90.13111247869666,17.5,91.0,14.875,17.875,89.375,91.125,38,28164.65455292839,23.24360466003418,997.652099609375,6.949624538421631,-3.3347549438476562,2,96.0,p01
2021-05-25 06:00:00,17,14.10842182721949,89.46481240462697,16.0,91.75,12.125,16.125,86.125,91.875,91,68201.58026387347,19.800779342651367,1001.5929565429688,4.498004913330078,-2.3466579914093018,1,102.0,p01
2021-05-25 06:00:00,17,17.173852976109636,90.3158291666805,18.5,91.0,15.375,18.625,88.375,91.875,88,65004.49156562597,25.35114288330078,996.9070434570312,8.693807601928711,-3.8185229301452637,2,102.0,p01
2021-05-25 12:00:00,18,16.82410145705226,91.35892658848019,17.0,91.0,16.375,17.125,90.875,91.875,7,5177.901795731979,17.72994041442871,998.7352294921875,5.292166233062744,-2.7888123989105225,1,108.0,p01
2021-05-25 12:00:00,18,18.293132439761155,89.3825387903359,18.5,90.0,17.875,18.625,88.875,90.125,8,5870.111119865898,19.34122085571289,996.2012329101562,7.76444149017334,-3.4192235469818115,2,108.0,p01
2021-05-25 18:00:00,19,17.69539928261269,90.02328911694394,18.75,90.25,16.625,18.875,88.125,91.875,78,57420.95671025096,20.1690673828125,997.6292724609375,5.887977123260498,-3.5104360580444336,2,114.0,p01
2021-05-26 00:00:00,20,18.307648452002695,89.9992528715214,19.75,90.0,17.375,19.875,88.125,91.375,53,38882.232144370995,20.3004207611084,997.596923828125,6.263248920440674,-3.1280345916748047,2,120.0,p01
2021-05-26 06:00:00,21,19.67457386716808,87.67595279418292,20.0,88.0,19.125,20.125,87.125,88.125,10,7276.47688002886,18.750059127807617,999.4464721679688,6.484833240509033,-2.7323689460754395,3,126.0,p01
2021-05-26 06:00:00,21,19.806445783736688,91.01185474776253,20.5,90.0,19.125,20.625,89.875,92.125,38,27631.629876535317,22.152441024780273,997.1945190429688,8.515499114990234,-3.828489303588867,2,126.0,p01
2021-05-26 12:00:00,22,19.72287528081434,90.00739181143733,20.0,89.5,19.375,20.125,89.375,90.625,8,5819.601595057786,19.357866287231445,996.1925048828125,7.387475490570068,-3.2436182498931885,2,132.0,p01
2021-05-26 18:00:00,23,22.073353331493,91.08594723697237,21.5,90.75,21.375,22.625,90.625,91.375,10,7162.358544150684,18.75325584411621,998.9064331054688,9.186309814453125,-2.9118494987487793,2,138.0,p01
2021-05-27 00:00:00,24,17.771316663972957,86.92937691378636,18.5,86.5,17.125,18.625,86.375,87.375,12,8831.60680796465,18.422687530517578,998.3357543945312,6.001975059509277,-2.602823495864868,4,144.0,p01
2021-05-22 18:00:00,7,14.021976220254686,93.3423282884919,14.25,93.5,13.625,14.375,92.875,93.875,9,6747.482923211724,19.94027328491211,1003.860595703125,4.998368263244629,-2.359550714492798,0,42.0,p02
2021-05-23 00:00:00,8,14.505817955803098,95.31737302145845,15.5,94.5,13.625,15.625,93.375,96.375,38,28432.01178341694,19.40410614013672,1001.87646484375,6.423698902130127,-3.3884007930755615,0,48.0,p02
2021-05-23 06:00:00,9,15.151123995125584,96.1568711185351,16.25,95.25,14.125,16.375,95.125,96.875,21,15665.576429186558,20.107051849365234,1003.1775512695312,5.926974296569824,-3.3254597187042236,0,54.0,p02
2021-05-23 12:00:00,10,17.04345622243269,92.18962220064354,18.25,93.0,15.875,18.375,90.875,94.375,51,37681.52909681977,20.42909049987793,998.762451171875,7.399120330810547,-3.8888590335845947,1,60.0,p02
2021-05-24 00:00:00,12,14.581658444778638,91.12764008604937,14.75,91.5,14.375,14.875,90.625,91.625,6,4487.2269806019885,18.01679039001465,1001.5986938476562,4.0952863693237305,-2.4504635334014893,2,72.0,p02
2021-05-24 06:00:00,13,18.23539025155257,91.98013064423405,18.5,92.5,17.625,18.875,91.125,92.875,22,16148.718255476768,24.580917358398438,997.4320068359375,9.284480094909668,-3.55613374710083,3,78.0,p02
2021-05-24 12:00:00,14,17.85441744359856,91.64864891219665,18.25,92.0,17.125,18.625,90.875,92.625,21,15449.140776821561,21.485637664794922,995.8463134765625,7.785277843475342,-3.929178237915039,3,84.0,p02
2021-05-24 18:00:00,15,17.36781027267348,90.99351895946629,18.25,92.0,16.375,18.625,89.875,92.375,52,38353.14646882548,23.457252502441406,998.30859375,7.522678852081299,-3.63895845413208,3,90.0,p02
2021-05-25 00:00:00,16,17.261113703510865,91.57696767795895,18.0,92.25,15.875,19.625,90.375,92.875,67,49457.43321420142,23.691560745239258,998.435302734375,8.015015602111816,-3.147695302963257,3,96.0,p02
2021-05-25 06:00:00,17,17.866066080421398,91.66381756461652,18.5,92.25,17.375,18.625,90.875,92.625,23,16919.16172814633,20.96408462524414,998.91748046875,7.15557861328125,-3.003631830215454,3,102.0,p02
2021-05-26 06:00:00,21,20.4178670627523,90.62862818246782,20.5,90.25,20.125,20.625,90.125,91.125,6,4345.337995132915,17.880374908447266,998.3117065429688,6.417179584503174,-3.377678394317627,4,126.0,p02
2021-05-24 00:00:00,12,12.553762939115295,91.22159920202378,13.0,90.75,12.125,13.125,89.875,92.375,19,14331.534996430886,22.395713806152344,1002.7470092773438,4.949558258056641,-2.25530743598938,0,72.0,p03
2021-05-24 06:00:00,13,12.90020506637581,91.25765346485841,13.25,90.5,12.625,13.375,90.375,92.125,10,7532.6254849603665,17.71574592590332,1003.3796997070312,3.7444541454315186,-2.7397637367248535,0,78.0,p03
2021-05-24 06:00:00,13,15.514428739423744,89.46153471528488,16.5,90.75,14.375,16.625,88.375,90.875,46,34253.06479952317,19.570411682128906,997.5028686523438,4.748716354370117,-4.357380390167236,1,78.0,p03
2021-05-24 06:00:00,13,18.79128858643462,92.42312303389268,18.25,91.5,18.125,19.375,91.375,93.625,21,15363.423584745815,18.560976028442383,998.3140869140625,6.268245220184326,-3.3296942710876465,2,78.0,p03
2021-05-24 12:00:00,14,16.304079371268976,90.04154823340663,17.5,90.5,14.625,18.375,87.375,92.125,121,89760.29906658558,23.8470458984375,990.0574951171875,7.719369888305664,-6.3654093742370605,1,84.0,p03
2021-05-24 12:00:00,14,19.46211384219987,91.68325274856659,19.0,91.0,18.875,19.875,90.875,92.875,15,10929.955106726466,18.82817840576172,993.6495361328125,9.364771842956543,-4.134642601013184,2,84.0,p03
2021-05-24 18:00:00,15,18.16543111549067,90.2146163136459,18.25,90.25,14.375,20.375,87.625,92.875,284,208698.3659522393,26.435680389404297,986.8890380859375,9.748008728027344,-7.964980602264404,1,90.0,p03
2021-05-25 00:00:00,16,15.67964399384821,83.82365793186472,16.0,84.25,15.125,16.125,83.375,84.375,10,7440.242362427383,17.20414924621582,996.2114868164062,4.248024940490723,-3.513725996017456,3,96.0,p03
2021-05-25 00:00:00,16,15.696097980630737,81.96566198453033,16.0,82.25,15.375,16.125,81.375,82.375,9,6695.592333625792,17.876718521118164,997.473876953125,5.317829132080078,-2.741000175476074,4,96.0,p03
2021-05-25 00:00:00,16,16.68037149971323,89.13739261756152,18.75,90.0,9.125,21.375,83.875,93.375,738,548399.4241000528,41.009620666503906,980.5763549804688,15.847393035888672,-9.397990226745605,1,96.0,p03
2021-05-25 06:00:00,17,9.4435664863023,87.97948563678567,10.0,87.0,8.875,10.125,86.875,89.375,34,25917.29555025662,19.001541137695312,1004.071044921875,3.7012317180633545,-2.624852418899536,5,102.0,p03
2021-05-25 06:00:00,17,11.686562556702434,89.65779765566036,12.0,89.25,11.375,12.125,89.125,90.125,8,6053.956184160258,17.410327911376953,1003.357421875,3.378603458404541,-2.708235263824463,6,102.0,p03
2021-05-25 06:00:00,17,18.502906948262705,90.21329220722426,19.75,90.0,12.875,21.875,87.375,93.375,564,414506.61540955404,33.16286849975586,978.597412109375,14.647302627563477,-11.051447868347168,1,102.0,p03
2021-05-25 12:00:00,18,19.96723083380807,90.10678630796373,20.5,89.75,17.375,22.375,87.125,93.125,296,215030.5269009503,36.43403244018555,976.4972534179688,16.96929931640625,-11.571372985839844,1,108.0,p03
2021-05-25 18:00:00,19,20.628360381457007,89.82224075557563,21.25,89.75,18.625,22.625,87.125,92.375,233,168571.29502735,38.08413314819336,978.2245483398438,16.18487548828125,-11.296889305114746,1,114.0,p03
2021-05-26 00:00:00,20,21.891780154155384,89.84493076048851,22.25,89.5,19.625,23.625,87.875,91.875,199,142975.98721355287,35.11568832397461,978.1961669921875,22.006662368774414,-10.66520881652832,1,120.0,p03
2021-05-26 06:00:00,21,22.91507194756495,89.75134186968346,23.5,89.25,20.875,24.625,88.125,91.375,111,79144.93006942836,23.60749053955078,982.2257080078125,15.968478202819824,-9.299251556396484,1,126.0,p03
2021-05-26 12:00:00,22,24.01463782747168,88.91232162435983,24.25,89.25,23.125,24.875,87.875,89.875,34,24001.808478669147,19.4377498626709,982.7927856445312,17.02159309387207,-8.1426362991333,1,132.0,p03
2021-05-26 18:00:00,23,9.272903568282647,90.16541019958927,10.0,90.75,8.125,10.125,89.375,90.875,19,14489.435044094707,18.535232543945312,1005.142333984375,4.088444232940674,-2.349360942840576,7,138.0,p03
2021-05-26 18:00:00,23,24.542679752277778,89.18038310009733,24.5,89.0,24.125,24.875,88.875,89.625,7,4920.90035396779,18.01717758178711,987.33642578125,15.667314529418945,-7.392236232757568,1,138.0,p03
2021-05-27 00:00:00,24,25.89974427549399,88.72841265380977,25.5,88.25,25.375,26.375,87.625,89.875,19,13208.317700063453,19.180994033813477,990.890869140625,16.573495864868164,-5.807946681976318,1,144.0,p03
2021-05-23 18:00:00,11,12.532922731028625,89.39539368697068,12.75,89.0,12.125,12.875,88.625,90.125,12,9051.918428869252,21.460294723510742,1003.696044921875,4.766709327697754,-2.1564714908599854,0,66.0,p05
2021-05-24 00:00:00,12,13.240631108825053,91.42538891272,13.75,91.0,12.625,13.875,90.875,92.125,18,13540.125295937249,19.041419982910156,1002.0709228515625,4.231495380401611,-2.4465713500976562,0,72.0,p05
2021-05-24 06:00:00,13,12.153534017520576,91.1561092429232,13.0,90.75,11.375,13.125,90.125,92.125,45,33995.46926992937,22.605249404907227,1003.177734375,5.230910301208496,-2.7653656005859375,0,78.0,p05
2021-05-24 12:00:00,14,13.489976203032617,92.19872685986032,14.0,91.75,13.125,14.125,91.625,92.875,12,9016.942081567682,19.350542068481445,1001.0585327148438,4.764492511749268,-2.7115371227264404,1,84.0,p05
2021-05-24 12:00:00,14,13.555346721708515,90.56846203391619,13.75,91.0,13.125,13.875,89.625,91.375,13,9766.019909156843,17.992650985717773,1001.3928833007812,4.225618839263916,-2.4735019207000732,0,84.0,p05
2021-05-24 12:00:00,14,14.280480733479493,93.30733791390362,14.75,93.0,13.875,14.875,92.875,93.625,9,6740.0344715558695,19.101102828979492,1001.6409301757812,4.86344575881958,-2.6235320568084717,2,84.0,p05
2021-05-25 00:00:00,16,10.267077611511143,90.15616266087315,11.5,90.75,8.875,11.625,88.875,91.375,61,46379.068765857795,18.446548461914062,1002.574951171875,3.8671038150787354,-2.8074123859405518,3,96.0,p05
2021-05-25 06:00:00,17,11.11560139505155,92.76771530567842,13.0,91.0,9.125,13.125,90.875,94.625,100,75825.08517020519,19.449554443359375,1001.1017456054688,4.527507305145264,-4.405745506286621,4,102.0,p05
2021-05-25 06:00:00,17,11.645866514648132,88.78949186070135,15.0,90.5,8.625,15.125,86.875,91.125,160,121043.42882133031,19.3355655670166,999.2600708007812,4.078785419464111,-3.7033867835998535,3,102.0,p05
2021-05-25 06:00:00,17,13.20717611429379,86.06043655963347,14.0,86.5,12.625,14.125,85.625,86.625,13,9779.90207905473,18.87443733215332,1002.5432739257812,3.894404888153076,-2.287980318069458,5,102.0,p05
2021-05-25 06:00:00,17,14.733321608320821,89.76044428840822,15.75,90.5,13.625,15.875,88.375,91.375,58,43348.75435030178,24.697465896606445,995.2985229492188,6.477540016174316,-5.425282001495361,6,102.0,p05
2021-05-25 06:00:00,17,15.876029912096493,86.71232480994398,16.25,87.25,15.375,16.375,86.125,87.375,15,11149.799287998487,20.38533592224121,999.75927734375,5.030412673950195,-3.2618587017059326,7,102.0,p05
2021-05-25 06:00:00,17,16.796463359551097,91.24765927671154,16.5,91.0,16.375,17.125,90.875,91.625,6,4438.898664862842,17.98348617553711,994.866455078125,4.533394813537598,-5.00935697555542,8,102.0,p05
2021-05-25 12:00:00,18,12.11881501729749,90.26640104805892,16.25,90.0,8.375,17.375,85.875,95.125,645,487273.7876269653,24.379947662353516,990.7965087890625,8.081480026245117,-6.3592329025268555,3,108.0,p05
2021-05-25 18:00:00,19,12.92048461254903,90.69174119392407,16.0,90.0,8.625,17.875,86.875,95.625,610,459470.3636189633,26.60628318786621,989.7227172851562,6.794643402099609,-7.2148823738098145,3,114.0,p05
2021-05-26 00:00:00,20,12.642519731265745,91.89119208246781,16.0,90.5,8.375,17.625,86.125,98.375,963,726392.9552535149,34.370880126953125,986.0589599609375,9.459086418151855,-8.169459342956543,3,120.0,p05
2021-05-26 06:00:00,21,13.652322418608593,91.5792706110514,16.25,91.25,9.125,17.625,86.875,96.125,739,555210.7310210958,29.426345825195312,984.978271484375,8.214073181152344,-9.723183631896973,3,126.0,p05
2021-05-26 12:00:00,22,11.027268030389218,90.53372643336363,11.25,90.25,10.625,11.375,89.375,91.625,21,15928.628726309347,17.83321189880371,1000.5172729492188,4.064167022705078,-3.865219831466675,9,132.0,p05
2021-05-26 12:00:00,22,15.15660686703085,91.13414768299555,16.25,91.5,12.375,18.125,87.875,94.875,403,300675.1098603301,34.851383209228516,984.3445434570312,11.512215614318848,-9.710524559020996,3,132.0,p05
2021-05-26 18:00:00,23,11.332706116766369,93.90801574515508,11.75,94.5,10.875,11.875,92.875,95.125,18,13638.500081844335,17.446941375732422,1002.0292358398438,4.484386444091797,-4.670149803161621,10,138.0,p05
2021-05-26 18:00:00,23,11.625420764137065,91.25576327355648,11.75,90.75,11.375,11.875,90.625,91.875,10,7569.161844763046,17.339550018310547,1002.3252563476562,3.8170580863952637,-3.751145839691162,9,138.0,p05
2021-05-26 18:00:00,23,15.550733898099494,90.97883443779408,16.5,91.5,12.875,18.375,87.625,94.625,357,265889.5533004791,30.694093704223633,984.4712524414062,9.985097885131836,-9.456902503967285,3,138.0,p05
2021-05-27 00:00:00,24,12.563570547123385,85.59098473586556,12.75,86.0,12.125,12.875,85.125,86.125,8,6034.125753865052,17.685129165649414,1000.904541015625,3.4106953144073486,-2.646512508392334,11,144.0,p05
2021-05-27 00:00:00,24,15.200870240378249,86.57374667706033,15.75,85.75,14.625,15.875,85.625,87.625,18,13423.396459376425,19.187063217163086,996.1865844726562,4.4097394943237305,-3.8077151775360107,12,144.0,p05
2021-05-27 00:00:00,24,15.514191632058964,91.61451601579643,16.5,91.75,12.625,18.625,88.875,94.875,365,271849.54628851596,32.8001823425293,982.696533203125,10.543163299560547,-9.221039772033691,3,144.0,p05
2021-05-24 12:00:00,14,16.11702185906711,93.65083355796901,16.75,92.75,15.125,17.375,92.625,94.375,19,14105.514789596074,20.312843322753906,997.7593994140625,6.310600757598877,-3.6773037910461426,0,84.0,p06
2021-05-24 18:00:00,15,16.82135134167076,88.50657979013366,16.5,89.0,15.875,17.625,88.125,89.125,19,14058.100160603713,20.059368133544922,995.9098510742188,6.027608871459961,-4.670802593231201,1,90.0,p06
2021-05-24 18:00:00,15,17.652500434254808,93.47413505108406,16.75,92.75,16.625,18.625,92.625,94.125,14,10304.256052086836,22.700389862060547,1000.2318725585938,7.399479866027832,-3.2013659477233887,0,90.0,p06
2021-05-25 00:00:00,16,17.067925595445292,89.0170094987868,17.0,90.0,14.875,19.125,87.875,90.375,87,64307.99960413339,25.590213775634766,989.4092407226562,8.95312786102295,-6.618175983428955,1,96.0,p06
2021-05-25 00:00:00,16,18.484609570634003,92.78578282927029,17.5,91.75,17.375,19.375,91.625,94.125,50,36647.94946674102,20.651142120361328,995.6492309570312,7.601986408233643,-4.059171676635742,0,96.0,p06
2021-05-25 06:00:00,17,11.77180323237461,85.95398347548678,12.25,86.5,11.125,12.375,85.125,86.625,13,9834.699337245642,18.934675216674805,1002.7970581054688,3.854100227355957,-2.704364776611328,2,102.0,p06
2021-05-25 06:00:00,17,17.214576813511915,90.10154865832826,17.5,90.0,13.125,20.625,86.875,93.875,394,291214.66486549174,29.229799270629883,986.8650512695312,9.24940013885498,-7.99794864654541,1,102.0,p06
2021-05-25 12:00:00,18,17.98853917022547,90.15956173706233,18.25,90.0,13.375,21.625,87.125,93.375,473,347973.8330884535,25.864030838012695,981.8982543945312,10.929608345031738,-9.226698875427246,1,108.0,p06
2021-05-25 18:00:00,19,18.562591283621543,89.86142515773543,19.25,90.0,14.375,21.625,87.125,92.875,342,250716.15700528753,32.8109016418457,982.78173828125,12.899357795715332,-9.232401847839355,1,114.0,p06
2021-05-26 00:00:00,20,12.675769775899715,85.32204024174908,13.0,86.25,12.375,13.125,84.375,86.375,17,12816.80745619238,17.55405616760254,999.22216796875,3.3481338024139404,-3.3512680530548096,3,120.0,p06
2021-05-26 00:00:00,20,14.695242837895314,85.51814730291369,15.75,85.5,13.625,15.875,84.125,86.875,55,41116.03730656688,17.908952713012695,995.5701293945312,4.108279705047607,-4.043423652648926,4,120.0,p06
2021-05-26 00:00:00,20,14.823090725216105,83.01239869557182,15.5,83.75,14.125,15.625,82.375,83.875,22,16436.023918098384,17.749988555908203,997.3301391601562,4.271265029907227,-2.984825372695923,5,120.0,p06
2021-05-26 00:00:00,20,19.56101817036118,89.89181112024141,20.0,90.0,16.875,22.125,87.375,92.125,276,200893.50550234737,35.97146987915039,978.8822021484375,14.548513412475586,-9.725293159484863,1,120.0,p06
2021-05-26 06:00:00,21,15.25041068574723,87.502062437494,15.5,86.75,14.875,15.625,86.625,88.375,11,8201.097621829551,17.388378143310547,997.4489135742188,3.7956554889678955,-4.236539840698242,4,126.0,p06
2021-05-26 06:00:00,21,16.67749766078943,89.8565549025453,17.0,89.5,16.375,17.125,89.375,90.375,7,5181.788793623378,18.795652389526367,998.9349365234375,4.642030239105225,-3.442150354385376,6,126.0,p06
2021-05-26 06:00:00,21,20.19783202356423,89.9776788569096,21.0,89.75,17.375,22.625,87.375,92.625,280,203162.51196718874,32.31251907348633,979.69091796875,14.986849784851074,-10.392449378967285,1,126.0,p06
2021-05-26 12:00:00,22,21.3649962628134,89.89319105276724,22.25,89.75,19.625,23.125,87.375,91.875,167,120242.09575344736,30.003019332885742,979.5242309570312,15.784075736999512,-10.362122535705566,1,132.0,p06
2021-05-26 18:00:00,23,21.493738852692,89.85086508284517,22.0,89.5,20.625,22.125,87.875,91.625,60,43151.44797024937,22.400033950805664,988.3351440429688,11.509586334228516,-7.117025375366211,1,138.0,p06
2021-05-26 18:00:00,23,23.72786659206894,89.4094363564432,23.5,89.5,23.375,24.125,88.875,89.875,11,7781.883414869086,19.456478118896484,983.525146484375,15.040386199951172,-9.396979331970215,7,138.0,p06
2021-05-27 00:00:00,24,22.96975813095636,89.13633891643589,23.25,89.25,22.625,23.375,88.625,89.625,7,4980.663576806049,19.749971389770508,988.3630981445312,16.845848083496094,-6.811656951904297,7,144.0,p06
2021-05-22 12:00:00,6,13.311785349870062,91.44075756069466,13.5,91.25,13.125,13.625,90.125,92.375,12,9024.033466871406,18.372507095336914,1000.644287109375,4.342220783233643,-3.1973133087158203,0,36.0,p07
2021-05-22 18:00:00,7,13.780191642000943,93.37664753424056,15.5,92.25,12.125,15.625,90.125,96.375,145,108840.57906087546,22.65336036682129,997.901123046875,6.171949863433838,-5.295928478240967,0,42.0,p07
2021-05-23 00:00:00,8,14.569831742063782,93.95512401974082,16.0,92.25,12.875,16.125,91.375,95.875,105,78535.91972527019,25.091333389282227,995.156005859375,7.555592060089111,-5.565678596496582,0,48.0,p07
2021-05-23 06:00:00,9,13.313619611561892,90.27138078339276,13.75,90.75,12.875,13.875,89.875,90.875,9,6768.177149131644,19.85201072692871,1000.3856201171875,4.218139171600342,-3.784205198287964,1,54.0,p07
2021-05-23 06:00:00,9,14.37291972944265,92.63515579503067,16.25,91.75,10.125,18.125,90.125,95.625,243,182007.12803394557,25.538522720336914,993.6175537109375,7.565435409545898,-6.30961275100708,0,54.0,p07
2021-05-23 06:00:00,9,15.87225861336297,90.93797351318973,16.25,91.25,15.375,16.375,90.625,91.375,8,5946.3023441393725,17.98832130432129,993.6175537109375,4.439416408538818,-5.797877311706543,2,54.0,p07
2021-05-23 12:00:00,10,11.527760464056186,91.64529363267648,12.0,92.0,10.875,12.125,90.375,92.625,31,23473.9509088013,20.576213836669922,1002.57568359375,5.496280670166016,-2.7844431400299072,1,60.0,p07
2021-05-23 12:00:00,10,16.182074339590937,92.1869649676582,16.75,91.5,13.625,18.875,89.625,95.375,270,200496.99430604943,23.62100601196289,990.3421020507812,7.781593322753906,-6.931595802307129,2,60.0,p07
2021-05-23 18:00:00,11,10.320584422900312,88.89167328600183,10.5,89.25,9.875,10.625,88.375,89.375,7,5321.827394282391,17.768081665039062,1004.777587890625,3.5826914310455322,-2.3017873764038086,3,66.0,p07
2021-05-23 18:00:00,11,11.875828220739523,90.75307440880941,12.0,91.0,11.625,12.125,90.375,91.125,6,4537.3772319072905,17.853652954101562,1002.6400146484375,3.881063461303711,-3.312392234802246,1,66.0,p07
2021-05-23 18:00:00,11,16.46557255938325,90.66968672792498,17.0,90.75,14.125,18.875,88.625,92.625,197,146085.9767983384,32.71274948120117,988.06884765625,10.630468368530273,-7.627199172973633,2,66.0,p07
2021-05-24 00:00:00,12,10.78946859691369,91.3891083033929,12.5,90.5,9.125,12.625,89.625,94.125,102,77426.7385226031,19.09469985961914,999.7156372070312,4.306640625,-4.393605709075928,1,72.0,p07
2021-05-24 00:00:00,12,13.552959501521908,84.78558676104622,14.0,85.25,12.625,14.125,83.875,85.375,17,12771.5051023622,20.28913688659668,1000.0836181640625,4.350125312805176,-2.53893780708313,4,72.0,p07
2021-05-24 00:00:00,12,13.72978532737242,87.19667198377175,14.75,88.0,12.625,14.875,86.375,88.125,23,17266.00910916939,18.336166381835938,999.0756225585938,3.801772356033325,-3.230848550796509,5,72.0,p07
2021-05-24 00:00:00,12,17.070196244119796,89.70550582930876,17.25,90.25,14.625,19.375,87.375,91.875,208,153757.08002215467,37.206180572509766,984.3236083984375,11.53268051147461,-8.1809663772583,2,72.0,p07
2021-05-24 06:00:00,13,16.77494697730927,89.25610867533943,17.75,89.5,11.375,20.125,85.625,92.125,501,371424.3277958841,41.90425109863281,983.2913818359375,13.74860668182373,-9.404976844787598,2,78.0,p07
2021-05-24 12:00:00,14,14.674171309224862,92.81885560838978,15.25,92.25,13.875,15.375,92.125,93.375,15,11213.668305032286,17.584962844848633,999.522216796875,4.364756107330322,-3.511444330215454,6,84.0,p07
2021-05-24 12:00:00,14,17.206247676087578,88.7107829068632,18.0,88.75,13.625,20.125,86.625,91.375,353,261084.85191334173,41.07950210571289,979.2918090820312,16.644149780273438,-10.144481658935547,2,84.0,p07
2021-05-24 18:00:00,15,10.928093844971562,90.14380231731944,11.25,89.75,10.625,11.375,89.625,90.625,7,5311.2585779038545,17.207855224609375,1003.5603637695312,3.5521347522735596,-2.9061098098754883,7,90.0,p07
2021-05-24 18:00:00,15,17.434729081324143,88.31208379577322,18.25,88.25,14.125,20.125,85.875,91.125,314,231726.674210679,40.46785354614258,981.4052124023438,15.608770370483398,-9.88150691986084,2,90.0,p07
2021-05-25 00:00:00,16,9.821353241683227,89.58589877839545,10.5,88.75,9.125,10.625,88.625,90.375,31,23604.270169169995,17.58914566040039,1003.1729125976562,3.5873212814331055,-2.666139602661133,7,96.0,p07
2021-05-25 00:00:00,16,12.221045624716583,85.27598633712006,13.25,85.0,10.625,13.375,84.125,86.125,46,34738.35143780783,17.63115119934082,999.384033203125,3.4762094020843506,-3.109954357147217,8,96.0,p07
2021-05-25 00:00:00,16,18.010245510128946,88.3211516411389,19.0,88.5,14.125,20.875,86.125,90.875,334,245719.25784204018,39.71892547607422,979.24169921875,16.223201751708984,-10.183064460754395,2,96.0,p07
2021-05-25 06:00:00,17,10.251935398408355,89.69019744467845,11.5,90.0,8.625,11.625,87.125,91.875,133,101129.63063504474,18.059717178344727,1003.9754638671875,3.6270830631256104,-2.6099724769592285,7,102.0,p07
2021-05-25 06:00:00,17,13.067867842792012,89.48199896437055,13.5,90.0,12.375,13.625,88.125,90.875,38,28604.61047004672,17.958194732666016,1001.21142578125,3.584594964981079,-3.291482448577881,9,102.0,p07
2021-05-25 06:00:00,17,18.472994035880575,88.80885913985423,19.5,88.5,14.875,21.375,85.875,91.875,419,307547.62793618214,45.093605041503906,978.8594360351562,21.231660842895508,-10.881340026855469,2,102.0,p07
2021-05-25 12:00:00,18,9.474548506850756,90.31861907699735,11.5,89.75,7.125,11.625,87.125,92.875,220,167672.73830676888,18.87648582458496,1001.82861328125,4.254344463348389,-3.1762075424194336,7,108.0,p07
2021-05-25 12:00:00,18,19.132622254419942,88.66254686088459,20.25,88.75,16.375,21.875,86.125,91.125,342,249894.28576823272,35.16792297363281,980.0446166992188,15.21281623840332,-9.781195640563965,2,108.0,p07
2021-05-25 18:00:00,19,9.23781427714026,90.13140725732654,9.75,90.0,8.875,9.875,88.875,91.125,25,19068.42082923179,18.065876007080078,1005.2181396484375,3.787158250808716,-2.403169631958008,7,114.0,p07
2021-05-25 18:00:00,19,10.859492366871097,86.54476866865711,11.0,86.0,10.625,11.125,85.875,87.125,9,6830.324544702662,17.713327407836914,1004.3001708984375,3.7449069023132324,-2.149076461791992,10,114.0,p07
2021-05-25 18:00:00,19,17.879227133197098,86.36445570485239,18.0,87.0,17.625,18.125,85.625,87.125,6,4412.789580415881,17.779523849487305,997.2720947265625,5.792695999145508,-3.3436341285705566,11,114.0,p07
2021-05-25 18:00:00,19,19.94809556875655,88.61090315269195,21.25,88.5,17.375,21.875,86.625,90.625,183,132975.90981510765,34.912437438964844,984.55810546875,14.23544979095459,-8.382134437561035,2,114.0,p07
2021-05-26 00:00:00,20,20.67301045897917,88.52142388061033,21.25,87.5,19.875,21.625,86.625,90.875,86,62185.06075826143,27.672597885131836,983.9824829101562,14.330402374267578,-8.21129035949707,11,120.0,p07
2021-05-26 00:00:00,20,22.00944096209849,87.42788529258983,21.75,87.75,21.625,22.375,86.875,88.125,7,5015.482067763495,18.151920318603516,984.6325073242188,14.668172836303711,-8.049421310424805,2,120.0,p07
2021-05-26 06:00:00,21,18.355692210701594,88.36106656774788,18.75,87.25,17.875,18.875,87.125,89.375,20,14669.4247626681,18.052156448364258,994.5975952148438,6.042486190795898,-4.590136528015137,11,126.0,p07
2021-05-26 06:00:00,21,20.77850966785482,87.70920045393686,21.0,87.25,19.375,22.125,86.625,88.625,48,34691.87581630229,22.992298126220703,986.2755737304688,10.776422500610352,-7.7912373542785645,2,126.0,p07
2021-05-26 18:00:00,23,17.255584968673503,86.99690884430166,17.5,86.75,16.875,17.625,86.625,87.375,9,6642.050257770986,17.35124397277832,997.1505737304688,5.256462574005127,-3.539165496826172,12,138.0,p07
2021-05-26 18:00:00,23,18.56571627128193,88.05408078146542,19.5,87.5,17.375,19.625,87.375,88.625,26,19047.475948786356,18.423768997192383,993.966552734375,6.257457733154297,-4.422933578491211,13,138.0,p07
2021-05-27 00:00:00,24,12.568179164851708,85.06739391939726,13.0,84.75,11.875,13.125,84.375,86.125,17,12821.82266532909,17.364242553710938,1001.458740234375,3.3921375274658203,-2.195101261138916,14,144.0,p07
2021-05-27 00:00:00,24,16.429309803641733,86.09268977260693,17.5,85.5,15.375,17.625,85.125,87.125,45,33358.297921853075,17.831897735595703,996.2067260742188,4.824216842651367,-3.4167001247406006,12,144.0,p07
2021-05-27 00:00:00,24,17.546885155578533,87.3832428491067,17.75,87.0,17.125,17.875,86.875,87.875,7,5157.97446959903,18.0317440032959,996.2867431640625,5.5075531005859375,-3.553738594055176,13,144.0,p07
2021-05-24 06:00:00,13,12.297994988954025,95.13817914687522,12.75,94.75,11.875,12.875,94.625,95.625,11,8305.415406508493,17.88112449645996,1004.9845581054688,4.89328145980835,-2.497612714767456,0,78.0,p08
2021-05-24 06:00:00,13,12.856908572362089,93.66528380576788,13.25,94.25,12.125,13.375,93.125,94.375,12,9040.705941110518,18.466655731201172,1004.4100952148438,4.842605113983154,-2.504659414291382,1,78.0,p08
2021-05-24 06:00:00,13,13.157516118048193,96.70537360991855,13.25,96.0,12.875,13.375,95.875,97.375,8,6019.879277222411,19.215517044067383,1004.8596801757812,6.5353169441223145,-2.6169726848602295,2,78.0,p08
2021-05-24 12:00:00,14,12.7163598603248,96.00482974589734,13.25,95.75,11.875,13.375,95.625,96.375,12,9045.879079959232,17.757347106933594,1003.1079711914062,5.171396255493164,-2.676848888397217,2,84.0,p08
2021-05-25 00:00:00,16,12.9467660005579,93.3928842255021,13.5,93.25,12.125,13.625,93.125,93.875,12,9037.628975364767,18.874435424804688,1001.7584228515625,5.064038276672363,-3.2279655933380127,3,96.0,p08
2021-05-25 00:00:00,16,13.065769008811687,95.20412482552804,14.5,94.0,11.625,14.625,93.625,96.375,67,50441.952160469424,22.536279678344727,1000.93603515625,7.280960559844971,-4.0312418937683105,4,96.0,p08
2021-05-25 00:00:00,16,13.52924474613374,91.3173351727861,15.75,92.75,11.875,15.875,89.625,92.875,99,74375.15739199659,19.57455825805664,1000.36962890625,4.944766998291016,-3.0975356101989746,5,96.0,p08
2021-05-25 06:00:00,17,13.132289961670343,92.6211120383802,15.5,94.25,11.125,15.625,87.625,96.625,279,209941.3060718017,22.010873794555664,1000.8392944335938,5.553188800811768,-4.39224100112915,3,102.0,p08
2021-05-25 06:00:00,17,15.75961201258632,95.99450888427941,16.0,95.75,15.375,16.125,95.625,96.375,7,5206.2639213564635,19.51402473449707,1000.2809448242188,6.372300148010254,-4.929577350616455,4,102.0,p08
2021-05-25 12:00:00,18,13.6096883699708,94.37848711542027,15.25,94.0,12.125,15.375,93.125,95.875,47,35301.84239707868,19.51749610900879,999.8264770507812,6.006271839141846,-4.323146343231201,4,108.0,p08
2021-05-25 12:00:00,18,14.321117525108116,92.12080511624234,15.5,93.0,12.875,15.625,91.125,93.125,51,38188.93300327576,19.425569534301758,999.0664672851562,5.10957670211792,-3.7391602993011475,3,108.0,p08
2021-05-25 18:00:00,19,15.276054014557188,92.29960116062162,16.75,94.0,13.375,16.875,88.875,95.125,186,138648.63166288598,20.59459686279297,999.0410766601562,5.733077526092529,-4.507427215576172,3,114.0,p08
2021-05-26 00:00:00,20,15.754809170246283,93.3069248947234,17.75,94.0,13.875,17.875,88.375,96.375,198,147234.79963355738,24.95370864868164,996.5283813476562,9.472151756286621,-5.2847137451171875,3,120.0,p08
2021-05-26 06:00:00,21,16.313073499937474,93.02789416571896,18.0,94.75,14.875,18.125,88.625,97.625,242,179430.5274447229,22.702259063720703,998.8392333984375,9.010262489318848,-4.767465114593506,3,126.0,p08
2021-05-26 12:00:00,22,15.793525806172182,94.28858189666822,16.5,94.0,15.375,16.625,93.625,95.125,15,11154.368501687773,19.397735595703125,1000.0865478515625,8.488118171691895,-3.318647623062134,3,132.0,p08
2021-05-26 12:00:00,22,16.325493845191367,96.54036761958423,16.75,96.0,15.875,16.875,95.875,97.125,7,5191.337046952849,20.207847595214844,1002.318603515625,8.226689338684082,-2.4520349502563477,6,132.0,p08
2021-05-22 06:00:00,5,13.451016012495895,89.33050017315762,13.75,89.75,13.125,13.875,88.625,89.875,10,7515.709356150542,21.682979583740234,1002.7089233398438,4.722823143005371,-2.4882373809814453,0,30.0,p09
2021-05-22 12:00:00,6,14.160880646079688,92.08096957061035,14.75,91.5,13.375,14.875,90.625,93.375,35,26225.857157875485,23.6158447265625,1000.3836059570312,5.850552558898926,-2.9988319873809814,0,36.0,p09
2021-05-22 18:00:00,7,15.417966398955048,93.90375409137098,15.75,93.25,14.875,15.875,93.125,94.625,14,10429.69793672855,18.689350128173828,1001.4982299804688,5.309847354888916,-3.4156765937805176,0,42.0,p09
2021-05-23 06:00:00,9,12.161213380963746,89.62176557793792,13.0,90.0,11.125,13.125,88.375,90.875,55,41548.8056260004,19.142658233642578,1002.5545043945312,3.9384517669677734,-2.825953960418701,1,54.0,p09
2021-05-23 06:00:00,9,17.30966056966859,89.85730120265029,17.75,90.75,16.125,18.375,88.875,91.125,40,29516.125943293035,22.593725204467773,994.9464721679688,6.383140563964844,-4.731354713439941,2,54.0,p09
2021-05-23 12:00:00,10,13.812224004849659,92.86419692344647,15.0,92.25,12.125,15.125,92.125,93.625,25,18758.978432558157,18.56887435913086,1001.09326171875,4.820364475250244,-2.7885754108428955,1,60.0,p09
2021-05-23 12:00:00,10,17.215238095669346,89.79832003135134,18.0,90.5,16.125,18.625,88.375,91.375,70,51680.31330154449,24.352466583251953,992.8228759765625,8.184099197387695,-4.9987616539001465,2,60.0,p09
2021-05-23 18:00:00,11,16.52004986705038,90.43933394306418,18.0,90.75,14.125,18.125,88.375,92.375,122,90444.8440186258,22.863632202148438,994.4488525390625,7.166443824768066,-4.9962263107299805,2,66.0,p09
2021-05-24 00:00:00,12,17.37771378869291,90.21432907114517,18.5,90.75,15.625,19.875,88.125,92.375,123,90734.37627008877,26.762887954711914,992.7432861328125,9.435528755187988,-4.850645065307617,2,72.0,p09
2021-05-24 06:00:00,13,17.733568164380724,90.36388612263684,19.0,90.75,15.875,19.625,87.875,92.625,156,114898.2012771097,29.782787322998047,992.9629516601562,10.548802375793457,-5.356436729431152,2,78.0,p09
2021-05-24 12:00:00,14,18.149934938782618,90.589013062297,19.5,90.75,14.875,20.875,88.125,92.625,201,147733.7946796958,22.267871856689453,990.4515380859375,9.6011962890625,-5.677748680114746,2,84.0,p09
2021-05-24 18:00:00,15,18.314819408350434,89.62264960785932,19.75,90.5,16.125,20.125,88.125,91.375,123,90260.68434632717,21.3695011138916,992.2100219726562,7.457610607147217,-5.28256893157959,2,90.0,p09
2021-05-25 00:00:00,16,18.87713792457179,90.44590629891562,20.0,90.5,16.875,20.875,88.625,92.125,107,78260.96739241152,27.889379501342773,990.81201171875,10.920760154724121,-5.679063320159912,2,96.0,p09
2021-05-25 06:00:00,17,19.586794100124997,90.65827869569736,20.25,90.5,18.375,20.375,89.125,92.375,67,48787.19072118431,24.91476058959961,994.5237426757812,10.005860328674316,-4.858492851257324,2,102.0,p09
2021-05-25 06:00:00,17,21.058515406429567,91.03106319575437,21.25,90.75,20.625,21.375,90.625,91.625,8,5769.0955168056,19.82501220703125,993.7137451171875,7.116131782531738,-5.012593746185303,3,102.0,p09
2021-05-25 12:00:00,18,20.50590009620052,90.88151595251855,21.0,90.5,19.875,21.125,89.375,91.875,31,22439.639106142473,22.511201858520508,993.7625732421875,10.767475128173828,-4.315504550933838,3,108.0,p09
2021-05-25 18:00:00,19,21.95630305110138,91.24255118461834,22.0,91.0,21.125,22.625,90.875,91.625,12,8601.58408450994,19.69523811340332,995.1746215820312,9.234640121459961,-4.600189685821533,3,114.0,p09
2021-05-26 00:00:00,20,8.99509793473735,88.78567068338114,11.25,90.0,7.125,11.375,86.875,90.625,120,91582.69264920529,19.38997459411621,1002.4488525390625,3.931546211242676,-2.76601505279541,4,120.0,p09
2021-05-26 06:00:00,21,9.450033757079236,91.83349213092056,11.25,92.25,7.125,11.375,90.125,94.125,108,82311.79363093872,19.439777374267578,1002.1045532226562,4.560334205627441,-3.9795358180999756,4,126.0,p09
2021-05-26 12:00:00,22,8.307383490019065,95.1111588495724,8.75,95.25,7.625,8.875,94.875,95.375,9,6881.86736790792,17.332035064697266,1004.177978515625,4.810400485992432,-2.721158027648926,5,132.0,p09
2021-05-26 12:00:00,22,10.610030432662063,94.42989656722735,12.0,95.0,9.125,12.125,93.125,96.375,59,44814.419054721526,19.743911743164062,999.81591796875,5.510385036468506,-5.073154926300049,4,132.0,p09
2021-05-26 18:00:00,23,10.430889908298598,94.13513180289088,11.25,95.0,9.875,11.375,93.125,95.125,13,9879.401216060973,18.068403244018555,1003.4450073242188,4.7184247970581055,-4.170655727386475,5,138.0,p09
2021-05-26 18:00:00,23,12.649889274120635,96.72933375812698,13.0,96.25,12.125,13.125,95.875,97.375,10,7540.023940966638,18.907899856567383,999.06103515625,5.689822673797607,-6.939992427825928,4,138.0,p09
2021-05-27 00:00:00,24,11.935970108495315,95.53866039368825,12.5,96.25,11.375,12.625,94.875,96.375,23,17389.204163520448,19.56764793395996,999.8236083984375,5.744834899902344,-5.452004909515381,4,144.0,p09
2021-05-22 12:00:00,6,15.104856043292482,93.88312531268207,15.5,93.25,14.625,15.625,93.125,94.375,10,7460.832398726917,19.087987899780273,1001.9185791015625,5.286473751068115,-2.4784512519836426,0,36.0,p10
2021-05-22 18:00:00,7,15.297511631332641,93.87844707192728,15.5,92.5,14.875,15.625,92.375,95.125,18,13417.323042011678,17.6962947845459,1003.0621948242188,5.187524795532227,-2.47078013420105,0,42.0,p10
2021-05-23 00:00:00,8,15.027588232797639,93.57108260862583,15.75,93.0,14.375,15.875,92.875,94.125,21,15673.154254518578,21.684885025024414,1001.4489135742188,6.490179061889648,-2.901577949523926,0,48.0,p10
2021-05-23 12:00:00,10,12.669163714357786,92.20091698847385,12.75,92.5,12.375,12.875,91.625,92.625,6,4523.762638382609,19.88777732849121,1003.0842895507812,5.230836868286133,-2.2509984970092773,1,60.0,p10
2021-05-23 12:00:00,10,13.505397508448219,93.27680587825108,14.0,92.75,12.625,14.125,92.625,93.625,11,8265.43837245373,20.007192611694336,1001.8107299804688,5.281795024871826,-2.6899867057800293,2,60.0,p10
2021-05-23 18:00:00,11,14.193477240287674,90.80740315072151,15.0,91.75,13.375,15.125,89.625,92.375,32,23972.935795187484,20.633020401000977,1001.6693115234375,4.798987865447998,-2.8537347316741943,1,66.0,p10
2021-05-24 00:00:00,12,15.0141471617755,94.48130428443453,15.5,94.0,14.375,15.625,93.875,94.875,10,7464.237893515152,18.37510108947754,1000.3060913085938,5.873075008392334,-3.859109401702881,3,72.0,p10
2021-05-24 00:00:00,12,15.869133841902569,90.55311366606514,17.5,91.5,13.375,18.375,87.125,93.875,263,195597.0838576328,24.245534896850586,992.74609375,7.416380882263184,-5.167733192443848,1,72.0,p10
2021-05-24 00:00:00,12,16.70799393493809,85.01944607013621,18.25,85.5,15.375,18.375,84.125,86.125,48,35542.35401418592,18.527786254882812,998.6941528320312,6.455697536468506,-2.346975564956665,4,72.0,p10
2021-05-24 00:00:00,12,18.250356194719064,91.6789236332364,18.0,91.5,17.875,18.625,91.375,92.125,7,5137.261567724575,18.077241897583008,992.9721069335938,6.039883136749268,-4.891980171203613,5,72.0,p10
2021-05-24 06:00:00,13,15.232450837793687,89.9212352786842,17.75,90.75,11.125,19.375,85.625,93.625,549,409749.30252322176,27.930233001708984,989.8630981445312,8.881484985351562,-6.4556355476379395,1,78.0,p10
2021-05-24 06:00:00,13,15.248122916434163,84.3383370688983,16.0,84.5,13.875,16.125,83.375,85.375,31,23114.743838490096,18.253747940063477,999.7371215820312,4.342770576477051,-2.728025197982788,4,78.0,p10
2021-05-24 12:00:00,14,11.91706861213593,90.79421151006609,12.0,90.5,11.625,12.125,90.375,91.375,6,4536.683384019568,17.229106903076172,1002.9060668945312,3.969189405441284,-2.14644193649292,6,84.0,p10
2021-05-24 12:00:00,14,17.430416005770173,90.8324017688987,18.25,90.5,13.375,20.875,88.125,94.125,386,284916.818026533,27.779178619384766,985.3572387695312,11.608353614807129,-7.8072590827941895,1,84.0,p10
2021-05-24 18:00:00,15,18.53544966733996,89.96123357704319,18.75,90.0,14.625,21.375,86.625,92.875,300,219911.76466816428,37.86069869995117,984.1136474609375,13.64747428894043,-8.872363090515137,1,90.0,p10
2021-05-25 00:00:00,16,19.32334432016507,89.82898336171425,19.75,89.5,16.125,21.875,87.125,92.125,305,222480.18757578905,34.97290802001953,982.214599609375,13.470438957214355,-8.548487663269043,1,96.0,p10
2021-05-25 06:00:00,17,15.314912075131526,88.75712433578332,15.0,89.25,14.625,16.125,87.875,89.625,24,17888.614683836917,18.43171501159668,1001.130126953125,4.266100883483887,-2.8998525142669678,7,102.0,p10
2021-05-25 06:00:00,17,19.551536002341393,89.09479663503775,20.25,88.75,16.625,21.875,86.625,91.875,318,231610.88752538656,33.49270248413086,981.8941650390625,15.231797218322754,-9.74635124206543,1,102.0,p10
2021-05-25 12:00:00,18,19.843390277586185,88.93930194019916,20.5,88.75,17.875,21.625,86.625,91.125,219,159175.8696251104,43.24318313598633,982.1841430664062,19.67966079711914,-8.983087539672852,1,108.0,p10
2021-05-25 18:00:00,19,21.018137040828286,89.37174736970711,21.75,88.75,19.125,22.625,86.875,91.625,171,123419.94506896294,33.943077087402344,984.9989013671875,14.549989700317383,-8.50545597076416,1,114.0,p10
2021-05-26 00:00:00,20,21.074515955144765,88.4460822264961,21.75,87.5,20.375,21.875,87.375,89.625,38,27399.668045498507,20.76714324951172,988.6735229492188,7.668037414550781,-6.261929035186768,1,120.0,p10
2021-05-26 00:00:00,20,23.4173867426902,87.62066871890838,23.25,87.75,23.125,23.625,87.125,88.125,6,4254.731769471818,18.70757293701172,987.103515625,16.512163162231445,-7.127318859100342,8,120.0,p10
2021-05-24 06:00:00,13,15.129900420736673,94.37345486567746,15.25,94.25,14.625,15.625,94.125,94.625,8,5967.927992467992,19.83167839050293,1002.4872436523438,5.6889214515686035,-3.2406113147735596,0,78.0,p11
2021-05-25 00:00:00,16,15.789705003618193,91.07893873073036,15.75,91.5,14.875,16.625,90.625,91.625,13,9667.4246979336,19.323139190673828,996.40478515625,4.888526439666748,-4.432449817657471,1,96.0,p11
2021-05-25 06:00:00,17,11.14247163131334,91.46385729029525,11.25,91.0,10.875,11.375,90.875,92.125,7,5307.398322352193,17.56879425048828,1003.7747802734375,3.6024537086486816,-2.8583264350891113,2,102.0,p11
2021-05-25 06:00:00,17,11.897200738309238,93.73179268182716,12.75,92.0,10.875,12.875,90.375,95.875,69,52168.484738494735,19.901283264160156,1001.833984375,5.517152786254883,-3.9441099166870117,3,102.0,p11
2021-05-25 06:00:00,17,15.340982329248384,91.22570881951171,16.0,91.5,14.125,16.625,90.125,92.375,61,45454.048114162346,25.503816604614258,993.94921875,7.007546901702881,-6.077980041503906,1,102.0,p11
2021-05-25 12:00:00,18,10.748618646456475,90.17547634536339,11.5,90.5,9.875,11.625,89.125,91.375,32,24296.279881371735,19.839916229248047,1000.6815795898438,4.825100421905518,-3.674285411834717,2,108.0,p11
2021-05-25 12:00:00,18,15.217652558743781,96.52650001379004,16.0,95.0,14.375,16.125,94.875,97.625,44,32811.58478246715,20.17314338684082,999.1311645507812,7.362130165100098,-4.755855083465576,4,108.0,p11
2021-05-25 12:00:00,18,16.852982462286594,90.96661352906366,16.5,91.0,14.625,18.875,88.875,92.875,178,131691.62449573027,26.33559226989746,988.1567993164062,8.865951538085938,-7.553366184234619,1,108.0,p11
2021-05-25 18:00:00,19,14.00218091849266,94.12589936359304,14.25,93.75,13.625,14.375,93.625,94.625,10,7498.106431315091,18.445873260498047,1000.2557983398438,4.790432929992676,-4.70134973526001,4,114.0,p11
2021-05-25 18:00:00,19,15.378769892439307,90.90952609605401,16.75,90.75,9.375,20.125,87.375,94.375,479,357330.5620436615,33.40361404418945,985.3629760742188,10.897247314453125,-8.860444068908691,1,114.0,p11
2021-05-26 00:00:00,20,9.473735482630566,83.49460716515979,10.5,84.25,8.625,10.625,82.625,84.875,30,22864.57661923543,18.078655242919922,1002.06103515625,4.5711588859558105,-2.4176247119903564,5,120.0,p11
2021-05-26 00:00:00,20,11.742964396006606,87.12755065193296,12.0,88.5,10.875,12.125,86.125,88.625,24,18158.32722801216,18.377918243408203,999.9553833007812,3.6943647861480713,-3.5595617294311523,6,120.0,p11
2021-05-26 00:00:00,20,12.498917505966393,94.44588369953277,13.5,93.5,11.375,13.625,93.375,95.625,61,46020.81939519445,18.456945419311523,999.60498046875,5.2354631423950195,-4.805403232574463,4,120.0,p11
2021-05-26 00:00:00,20,16.069716513291993,90.96851657644953,17.5,91.0,8.625,20.125,86.125,94.125,623,463845.5600420061,39.53890609741211,979.17138671875,14.242375373840332,-9.718010902404785,1,120.0,p11
2021-05-26 06:00:00,21,9.15213637014943,88.36155595144862,9.75,87.25,8.375,9.875,87.125,89.625,33,25176.29797960957,17.767560958862305,1004.9698486328125,3.4584407806396484,-2.3705952167510986,6,126.0,p11
2021-05-26 06:00:00,21,16.56467486400207,91.84139665009732,18.5,91.5,10.625,20.375,88.125,95.375,661,490968.32452585956,46.601898193359375,977.5117797851562,16.778316497802734,-10.608777046203613,1,126.0,p11
2021-05-26 12:00:00,22,12.50189155135566,94.37355738646967,12.75,94.25,12.125,12.875,94.125,94.625,6,4526.681830669308,17.123090744018555,1002.56298828125,4.615708351135254,-2.779332160949707,7,132.0,p11
2021-05-26 12:00:00,22,18.76806974228068,91.81296810839017,19.75,92.0,15.375,21.625,89.375,94.375,319,233820.78147655743,42.69102478027344,975.0170288085938,21.258638381958008,-11.981364250183105,1,132.0,p11
2021-05-26 18:00:00,23,14.964581595582324,81.65047023694795,15.5,82.0,14.125,15.625,81.125,82.125,15,11199.01038505708,18.017520904541016,998.421875,6.908819675445557,-2.7046663761138916,8,138.0,p11
2021-05-26 18:00:00,23,19.84701476815623,91.72894520862955,21.25,91.75,16.625,22.625,88.625,93.625,227,165383.4628806211,39.723934173583984,977.411865234375,20.349483489990234,-12.493385314941406,1,138.0,p11
2021-05-27 00:00:00,24,20.641703855537152,91.81673571298886,22.5,91.75,19.125,22.625,90.875,93.125,70,50626.76601521572,22.7512149810791,982.4053955078125,11.556395530700684,-9.98657512664795,1,144.0,p11
2021-05-24 00:00:00,12,11.86963878406144,91.47285816662962,12.5,91.5,11.125,12.625,90.625,92.375,20,15124.982267476502,17.935466766357422,1002.8163452148438,3.9123260974884033,-2.4633517265319824,0,72.0,p12
2021-05-24 06:00:00,13,12.197337887819165,91.1444588461968,13.5,92.5,10.875,13.625,89.375,93.375,109,82326.50040496023,20.585535049438477,1002.3165893554688,4.550219535827637,-3.4077601432800293,0,78.0,p12
2021-05-24 12:00:00,14,11.59756572106949,92.17502275811835,13.0,93.5,9.875,13.125,89.125,95.125,224,169587.74930506147,26.538118362426758,998.3488159179688,7.926972389221191,-5.510989665985107,0,84.0,p12
2021-05-24 18:00:00,15,11.288115855569163,94.36966544282596,13.5,94.5,8.875,13.875,91.125,96.625,212,160678.80807758466,22.13711929321289,997.5042114257812,6.428073406219482,-7.258645534515381,0,90.0,p12
2021-05-25 00:00:00,16,8.65714027508096,92.66836431814836,8.75,92.25,8.375,8.875,92.125,93.375,8,6111.72189137177,17.22577667236328,1004.275634765625,4.3593926429748535,-2.8267061710357666,1,96.0,p12
2021-05-25 00:00:00,16,10.717267570284626,95.53426060312374,13.25,94.75,7.875,13.375,93.625,97.375,151,114613.61543896899,20.36638641357422,995.5816650390625,5.841253757476807,-7.605101108551025,0,96.0,p12
2021-05-25 06:00:00,17,9.40538191906702,96.31010569224435,11.5,95.0,7.375,11.625,92.875,98.625,229,174587.45325670985,19.695423126220703,1000.0457763671875,7.981245994567871,-6.525774002075195,0,102.0,p12
2021-05-25 06:00:00,17,12.497705203632771,94.2295446118557,13.5,95.0,10.375,15.375,91.875,95.875,144,108650.0018345625,23.98770523071289,993.8817749023438,7.3512067794799805,-9.297820091247559,2,102.0,p12
2021-05-25 12:00:00,18,9.283477321523502,97.50763528153925,12.0,96.0,7.125,12.125,95.875,98.625,94,71699.72337081174,20.147647857666016,1000.0267944335938,10.909232139587402,-5.772927284240723,0,108.0,p12
2021-05-25 12:00:00,18,12.198200572628135,95.5588211628003,14.0,95.5,10.375,14.625,93.375,97.625,167,126152.14717852729,27.089235305786133,992.3688354492188,8.403626441955566,-10.19821548461914,2,108.0,p12
2021-05-25 18:00:00,19,9.7476493908883,94.00128509157113,10.0,94.25,9.375,10.125,93.625,94.375,7,5331.2245166380235,17.50155258178711,1004.035888671875,4.602357387542725,-3.8107190132141113,0,114.0,p12
2021-05-25 18:00:00,19,12.332100342341542,95.38309714118449,14.75,96.0,9.375,16.125,90.875,98.125,305,230363.56394889575,27.598283767700195,992.2478637695312,9.902693748474121,-11.113502502441406,2,114.0,p12
2021-05-26 00:00:00,20,8.849168727463224,94.9710788034386,9.5,95.5,8.125,9.625,93.875,95.875,21,16034.35885561333,17.893468856811523,1004.3692016601562,5.166562557220459,-2.995213508605957,0,120.0,p12
2021-05-26 00:00:00,20,10.8321564065355,97.5739152660603,11.75,96.75,9.625,11.875,96.625,98.375,29,22010.704938007868,18.06391143798828,1002.0671997070312,6.409208297729492,-4.900601863861084,3,120.0,p12
2021-05-26 00:00:00,20,13.502252764321327,94.10564826155618,16.0,95.75,10.125,16.625,87.625,97.625,423,318215.9048125738,30.64677619934082,989.9271850585938,12.83171558380127,-10.430206298828125,2,120.0,p12
2021-05-26 06:00:00,21,10.724914851784153,88.61834192347662,12.75,87.0,8.625,12.875,85.625,91.875,104,78942.55546215104,17.741344451904297,1003.2796020507812,3.765282392501831,-2.686847686767578,4,126.0,p12
2021-05-26 06:00:00,21,13.339087127072759,95.06633985279782,15.5,95.5,11.375,15.625,91.875,97.875,230,172946.81970429805,22.53888511657715,995.3635864257812,10.721720695495605,-8.140782356262207,3,126.0,p12
2021-05-26 06:00:00,21,15.871394250936541,95.78570402979629,16.5,95.5,15.125,16.625,94.375,96.875,32,23795.086039122787,25.674806594848633,990.193603515625,11.276860237121582,-11.840054512023926,2,126.0,p12
2021-05-26 06:00:00,21,16.885630047465803,94.14041108558166,16.75,94.25,16.375,17.375,93.875,94.375,6,4436.927008173601,18.27973175048828,991.877685546875,6.19486141204834,-8.308378219604492,5,126.0,p12
2021-05-26 12:00:00,22,14.812290154980731,95.01016667126508,17.0,95.5,12.875,17.625,91.875,97.875,252,188341.83248547115,21.350313186645508,991.2513427734375,16.59190559387207,-10.209218978881836,2,132.0,p12
2021-05-26 18:00:00,23,12.794019300971412,93.4966399814472,13.0,93.75,12.375,13.125,93.125,93.875,6,4521.522999370706,18.994447708129883,1003.085205078125,5.004090309143066,-3.261096239089966,2,138.0,p12
2021-05-26 18:00:00,23,14.491059674247667,91.71734938043791,15.25,91.25,13.625,15.375,90.375,92.875,40,29927.060237689708,18.74812126159668,1000.67919921875,4.289175033569336,-3.077509641647339,6,138.0,p12
2021-05-26 18:00:00,23,16.907784654455693,89.47271463950226,17.25,90.0,16.375,17.375,88.875,90.125,10,7393.876097919687,18.906841278076172,998.2352294921875,5.233597278594971,-3.466829776763916,7,138.0,p12
2021-05-26 18:00:00,23,17.678187340702394,94.28403259293107,18.0,94.5,17.125,18.375,93.875,94.625,11,8098.771228192908,21.23891830444336,994.3892211914062,10.196150779724121,-7.698413848876953,8,138.0,p12
2021-05-27 00:00:00,24,15.156224871200926,91.2610314347107,16.75,90.5,13.625,16.875,90.375,92.375,53,39536.05172880623,19.011850357055664,998.3404541015625,4.705651760101318,-3.294266700744629,6,144.0,p12
2021-05-27 00:00:00,24,18.423599352471275,93.72068745794961,19.5,94.5,17.375,19.625,93.125,94.625,26,19065.72647027176,19.48212242126465,995.3384399414062,9.639012336730957,-5.477046012878418,8,144.0,p12
2021-05-22 12:00:00,6,14.47374141380456,93.03670455614697,15.0,92.5,13.875,15.125,91.625,94.125,41,30675.542903190486,22.754146575927734,1000.9300537109375,6.220965385437012,-2.775057554244995,0,36.0,p13
2021-05-22 18:00:00,7,14.949693985996463,94.2578278995702,15.75,94.0,14.125,15.875,93.375,95.375,38,28372.603399765907,19.140775680541992,1000.562744140625,5.368760108947754,-4.105746746063232,0,42.0,p13
2021-05-23 00:00:00,8,14.151614638918492,94.74429521066354,14.5,94.0,13.625,14.625,93.125,96.125,28,20980.71521444426,19.985004425048828,1002.044677734375,6.2796220779418945,-2.989549398422241,0,48.0,p13
2021-05-23 06:00:00,9,12.248408860352793,90.37996957703444,13.0,91.0,11.375,13.125,89.375,91.125,34,25675.023024251284,18.475109100341797,1003.3302612304688,3.761671304702759,-2.5822250843048096,1,54.0,p13
2021-05-23 12:00:00,10,12.400942954647075,93.13000641709549,13.5,92.75,10.875,13.625,89.375,96.375,164,123772.31799035147,21.03843879699707,1000.52392578125,5.5892510414123535,-3.9972140789031982,2,60.0,p13
2021-05-23 12:00:00,10,14.176714426977224,90.1022665952277,14.5,90.5,13.625,14.625,89.625,90.625,10,7492.317923282235,17.877639770507812,999.8646850585938,4.094249248504639,-2.8672399520874023,1,60.0,p13
2021-05-23 12:00:00,10,15.985530322353224,91.3513113081201,16.5,92.25,15.375,16.625,90.375,92.375,28,20800.891350874506,18.507211685180664,995.78955078125,5.656278610229492,-4.729197025299072,3,60.0,p13
2021-05-23 18:00:00,11,12.978182218465372,93.52207452293621,16.75,93.0,9.875,16.875,87.625,97.625,386,290799.4135984606,22.6541805267334,999.60888671875,8.625017166137695,-5.567204475402832,2,66.0,p13
2021-05-23 18:00:00,11,16.05123341081376,92.05316093051997,16.75,93.0,15.375,16.875,90.375,93.625,38,28221.52466336646,19.76596450805664,994.7449340820312,5.58625602722168,-6.496471405029297,3,66.0,p13
2021-05-24 00:00:00,12,13.779583449070726,92.59220539192619,16.75,92.25,10.375,17.875,87.375,97.125,686,514758.4301052546,24.365041732788086,990.23779296875,7.43120002746582,-7.170031547546387,2,72.0,p13
2021-05-24 00:00:00,12,16.018118527326827,97.06917637415876,16.5,96.5,15.375,16.625,96.375,97.625,12,8915.73593988923,24.69613265991211,999.148193359375,14.42120361328125,-5.2817158699035645,4,72.0,p13
2021-05-24 06:00:00,13,14.245296457130701,92.51506307687244,17.0,92.25,10.375,18.625,85.875,97.625,903,676469.0891136177,27.959320068359375,987.062744140625,11.52726936340332,-8.504049301147461,2,78.0,p13
2021-05-24 12:00:00,14,14.985071351924908,92.49649540984139,17.5,92.25,11.375,19.875,85.875,97.375,784,585806.3300299834,28.76790428161621,982.7203369140625,10.31712532043457,-10.594287872314453,2,84.0,p13
2021-05-24 18:00:00,15,15.585307741462126,92.5070551816106,18.25,92.25,11.125,20.375,87.375,96.875,722,538510.6287119505,40.24365234375,981.2620849609375,12.852618217468262,-10.74184513092041,2,90.0,p13
2021-05-25 00:00:00,16,12.779106105552305,91.13770819514103,13.5,90.0,11.875,13.625,89.875,92.375,49,36926.59793217533,18.12984275817871,1001.7811889648438,4.000426292419434,-2.530712604522705,5,96.0,p13
2021-05-25 00:00:00,16,16.396300903597105,88.49426811923605,16.75,87.75,15.875,16.875,87.625,89.375,7,5189.449973961702,17.937231063842773,999.7592163085938,4.609804153442383,-2.457387924194336,6,96.0,p13
2021-05-25 00:00:00,16,18.007528616737968,92.02963705245409,19.0,92.25,14.625,20.875,89.125,94.625,342,251549.22668314402,43.74378204345703,981.3211669921875,17.923362731933594,-10.128034591674805,2,96.0,p13
2021-05-25 06:00:00,17,19.136460657839503,91.5718240295738,20.5,91.75,16.375,21.125,88.375,94.125,272,198819.40432916975,41.80891036987305,984.0488891601562,23.417207717895508,-9.030244827270508,2,102.0,p13
2021-05-25 12:00:00,18,20.07935647742444,91.2990345741103,21.75,91.0,18.125,22.125,89.375,93.125,159,115476.24033819223,38.93386459350586,985.31982421875,22.20552635192871,-8.023015975952148,2,108.0,p13
2021-05-25 18:00:00,19,21.396811735264386,91.05485266870959,22.5,90.5,20.375,22.625,89.375,92.125,60,43169.97453334643,34.51992416381836,990.5178833007812,16.398099899291992,-6.626073360443115,2,114.0,p13
2021-05-26 00:00:00,20,19.181658910759893,89.8101025406654,19.75,88.5,18.125,19.875,88.375,90.875,29,21167.823113348888,20.531391143798828,996.6085815429688,7.270008563995361,-3.330263137817383,7,120.0,p13
2021-05-26 00:00:00,20,22.544829719570675,91.07949272364193,23.5,90.5,21.375,23.625,90.375,91.625,28,20007.612147146792,27.381620407104492,991.984619140625,21.672849655151367,-5.816229343414307,2,120.0,p13
2021-05-26 06:00:00,21,24.431670141316573,89.74394084594479,24.25,89.75,24.125,24.875,89.375,90.125,7,4925.101875987984,18.93719482421875,994.3675537109375,13.227435111999512,-4.424901485443115,2,126.0,p13
2021-05-22 18:00:00,7,15.419500892154362,92.66918419393159,16.5,91.25,14.125,16.625,90.875,93.875,39,29056.336128997988,20.84446144104004,1002.2359619140625,5.554548263549805,-2.430077314376831,0,42.0,p14
2021-05-23 00:00:00,8,15.520542665027817,93.03756400355849,16.75,91.75,14.625,16.875,91.375,94.125,41,30530.737637202936,21.49643898010254,1001.1473999023438,6.746706008911133,-2.66398549079895,0,48.0,p14
2021-05-23 06:00:00,9,16.254811422262865,92.61142306545479,17.0,91.75,15.625,17.125,91.625,93.375,20,14837.676259693302,20.7329044342041,1002.3409423828125,5.3983988761901855,-2.398646593093872,0,54.0,p14
2021-05-24 06:00:00,13,16.892510170945567,88.74603837702641,17.25,88.75,16.625,17.375,88.125,89.125,7,5175.944227231918,20.76847267150879,1000.3982543945312,5.607393741607666,-2.8064382076263428,1,78.0,p14
2021-05-24 12:00:00,14,16.564513130149038,86.43652637489004,17.0,87.0,16.125,17.125,85.875,87.125,13,9629.355663601576,18.97550392150879,998.186279296875,5.939131259918213,-2.522599458694458,2,84.0,p14
2021-05-24 12:00:00,14,17.108309120954168,88.42480601338347,17.75,87.75,16.125,17.875,87.625,89.125,14,10342.755790627703,21.239276885986328,997.7322387695312,6.992551803588867,-2.8057358264923096,1,84.0,p14
2021-05-24 18:00:00,15,16.76498294759467,86.03462460716517,17.25,86.5,16.125,17.375,85.375,86.625,17,12579.523657688083,18.857526779174805,998.198974609375,5.363908767700195,-3.249297618865967,2,90.0,p14
2021-05-24 18:00:00,15,16.859707826425026,87.70853998817408,17.5,87.5,16.375,17.625,86.625,88.875,25,18489.59124768146,20.19468116760254,996.9229736328125,5.719529628753662,-3.751943588256836,1,90.0,p14
2021-05-25 00:00:00,16,17.056932932987735,87.1486714446056,18.0,87.0,14.625,19.125,84.875,88.875,175,129397.8679324712,26.33418083190918,993.7089233398438,9.533790588378906,-4.514326572418213,1,96.0,p14
2021-05-25 06:00:00,17,17.56643211739081,87.17453700254214,18.5,87.0,14.625,19.875,84.625,89.375,245,180696.25287735026,33.27019119262695,992.0748291015625,12.936810493469238,-5.380869388580322,1,102.0,p14
2021-05-25 12:00:00,18,17.543744939706272,87.61316224154777,18.75,87.25,14.875,19.875,85.375,89.875,241,177712.9569504799,28.622732162475586,988.8900146484375,11.359124183654785,-5.576646327972412,1,108.0,p14
2021-05-25 18:00:00,19,16.83313150481643,89.87000973019101,17.75,89.25,15.875,17.875,89.125,90.375,28,20712.832601696922,18.26125144958496,998.1956176757812,5.0821075439453125,-3.467339038848877,3,114.0,p14
2021-05-25 18:00:00,19,18.355174115930197,87.5551662399044,19.25,87.5,16.375,20.125,85.875,89.125,141,103442.09516852631,33.97490310668945,988.6995849609375,14.721041679382324,-6.564430236816406,1,114.0,p14
2021-05-26 00:00:00,20,14.915871141645933,84.40070722025298,16.25,83.25,13.125,16.375,80.375,87.875,173,129226.18497874303,20.785053253173828,995.4705200195312,5.522971153259277,-3.7933294773101807,4,120.0,p14
2021-05-26 00:00:00,20,18.65886127609408,88.46729767636711,19.5,88.0,16.375,20.625,86.375,91.125,229,167779.1064165521,36.34237289428711,985.2525634765625,15.721802711486816,-7.7820658683776855,1,120.0,p14
2021-05-26 06:00:00,21,14.424175536183345,86.27644519679563,16.0,84.25,12.875,16.125,83.625,88.875,154,115260.72100711305,18.888765335083008,998.2913818359375,4.4303998947143555,-3.537261962890625,4,126.0,p14
2021-05-26 06:00:00,21,19.291979849651206,88.9936469358509,20.0,88.25,15.875,21.625,86.875,91.125,294,214773.60441113662,39.81121063232422,984.4873657226562,19.07229232788086,-8.653243064880371,1,126.0,p14
2021-05-26 12:00:00,22,20.7220522785639,88.65331678181906,20.75,88.5,19.125,22.125,86.875,90.375,124,89658.90322906364,42.094482421875,981.2661743164062,18.312049865722656,-9.279006958007812,1,132.0,p14
2021-05-26 18:00:00,23,21.331248905185955,88.7171590601924,21.25,88.5,19.625,22.625,87.125,90.625,117,84305.63762963591,40.007545471191406,982.8234252929688,20.046037673950195,-9.060274124145508,1,138.0,p14
2021-05-27 00:00:00,24,15.279171722817809,85.66615465052875,16.25,85.0,14.375,16.375,84.875,86.125,21,15655.274793827371,17.902231216430664,995.3518676757812,4.135361671447754,-4.043612003326416,5,144.0,p14
2021-05-27 00:00:00,24,22.043272961779103,88.38939383725629,22.0,88.5,20.375,23.375,86.875,90.625,116,83230.0530122797,35.654151916503906,982.2139282226562,21.797828674316406,-8.779888153076172,1,144.0,p14
2021-05-22 18:00:00,7,13.6290418093969,90.3420973389201,14.75,89.75,12.375,14.875,88.375,92.125,91,68347.97394265229,23.293737411499023,1001.225341796875,5.640911102294922,-2.8840599060058594,0,42.0,p15
2021-05-22 18:00:00,7,15.5,94.91927184024085,15.5,94.25,15.375,15.625,94.125,95.625,6,4467.985236807988,19.99991226196289,1004.2365112304688,6.6244330406188965,-2.1043643951416016,1,42.0,p15
2021-05-23 00:00:00,8,14.462892403647508,91.13244489455907,15.5,90.25,13.375,15.625,89.625,91.875,40,29933.244302734514,20.913225173950195,999.1071166992188,5.079010009765625,-3.252673625946045,0,48.0,p15
2021-05-23 06:00:00,9,13.777649294911427,90.51422976777081,16.25,90.5,11.625,16.625,87.125,93.125,179,134387.55070328998,23.39764976501465,997.9771118164062,6.081958293914795,-4.2098588943481445,0,54.0,p15
2021-05-23 12:00:00,10,14.976747732298316,91.62400624484852,16.25,90.5,12.875,17.375,88.875,93.625,140,104514.09265461896,25.039825439453125,995.797119140625,6.520347595214844,-4.312977313995361,0,60.0,p15
2021-05-23 18:00:00,11,15.236488349689566,91.24041873273255,16.5,90.5,12.625,18.625,86.875,94.125,373,278126.9290229401,26.150875091552734,992.51318359375,7.916368007659912,-6.118037223815918,0,66.0,p15
2021-05-24 00:00:00,12,15.548893873728716,90.53847984981796,16.75,90.25,11.625,18.625,86.625,93.875,500,372581.51237951044,25.553010940551758,985.2845458984375,8.716115951538086,-8.093308448791504,0,72.0,p15
2021-05-24 06:00:00,13,16.178142379917926,90.46286736213747,17.25,89.75,10.625,20.625,86.625,94.125,822,611300.1836787093,32.6923942565918,982.6988525390625,12.317924499511719,-9.79206657409668,0,78.0,p15
2021-05-24 12:00:00,14,16.853688154692342,89.94213686114684,17.75,89.0,10.625,21.125,85.625,93.875,765,567021.6568994338,37.93709182739258,976.7415771484375,14.027406692504883,-11.409525871276855,0,84.0,p15
2021-05-24 18:00:00,15,17.05399898122339,88.53107091366093,18.0,88.25,11.375,21.375,82.625,94.375,923,683699.2673668478,44.24064254760742,975.0181884765625,18.78607940673828,-12.619938850402832,0,90.0,p15
2021-05-25 00:00:00,16,16.705736940726474,87.97718028321704,18.25,87.5,10.875,21.625,82.875,92.625,1080,802045.341441258,42.29373550415039,967.7593994140625,19.97743034362793,-14.701529502868652,0,96.0,p15
2021-05-25 06:00:00,17,17.5560226874962,88.12378836548274,18.5,87.25,11.375,21.375,84.625,91.875,776,573741.5692606249,46.38643264770508,968.1604614257812,20.63134002685547,-14.426405906677246,0,102.0,p15
2021-05-25 12:00:00,18,15.283241901947287,85.10655934179303,15.75,84.25,14.875,15.875,84.125,86.125,10,7454.631249742075,17.393972396850586,995.2467041015625,4.688950061798096,-3.4301042556762695,2,108.0,p15
2021-05-25 12:00:00,18,18.976490831793114,87.74237761003292,19.25,87.25,15.625,21.875,84.625,91.125,476,348001.4556231355,50.079246520996094,965.1387329101562,23.151670455932617,-14.533428192138672,0,108.0,p15
2021-05-25 18:00:00,19,14.71999627493589,88.92379726412248,14.75,86.75,13.875,15.625,86.625,90.375,33,24664.606593423796,17.462932586669922,999.1264038085938,3.9613230228424072,-3.6507279872894287,3,114.0,p15
2021-05-25 18:00:00,19,15.671041742375108,84.76490554386258,16.0,84.0,14.875,16.625,83.875,85.875,19,14138.275926101303,17.564743041992188,996.4044799804688,5.056128978729248,-3.7814879417419434,2,114.0,p15
2021-05-25 18:00:00,19,19.640908620377374,87.54587233806163,20.25,86.75,15.875,21.875,85.125,90.875,393,286558.9400449395,56.25414276123047,969.1264038085938,27.700979232788086,-14.32530403137207,0,114.0,p15
2021-05-26 00:00:00,20,20.178087240061934,87.35539058354684,21.0,86.5,15.625,22.875,83.375,90.875,431,313888.070992591,42.14995574951172,973.007080078125,31.221887588500977,-13.18431568145752,0,120.0,p15
2021-05-26 06:00:00,21,20.78104324045336,87.4941186118655,21.75,86.0,16.875,23.375,84.625,90.625,351,254406.7195528716,26.366117477416992,979.6781005859375,20.113080978393555,-10.45964527130127,0,126.0,p15
2021-05-22 18:00:00,7,14.357826910567612,92.5526637437398,14.75,91.5,13.875,14.875,91.375,93.375,22,16470.191668439104,19.87235450744629,1001.6295166015625,4.832108497619629,-3.1034209728240967,0,42.0,p16
2021-05-23 00:00:00,8,14.36105000517299,92.11432060972987,15.25,91.75,13.375,15.375,90.625,93.375,57,42676.011709056766,23.005037307739258,998.29541015625,6.126592636108398,-3.9186344146728516,0,48.0,p16
2021-05-23 06:00:00,9,12.143590361153548,89.54706777869676,13.25,90.5,10.875,13.375,88.375,90.625,54,40796.15131170481,20.203916549682617,1002.8389892578125,4.236110210418701,-2.6563305854797363,1,54.0,p16
2021-05-23 06:00:00,9,15.145889994234519,92.90737448519552,16.5,92.25,13.375,17.375,91.375,94.375,98,73104.65964967095,21.6684513092041,996.3174438476562,6.036122798919678,-5.146739959716797,0,54.0,p16
2021-05-23 12:00:00,10,16.147462040207788,92.22979332404586,17.0,91.75,11.625,19.375,89.625,94.125,235,174576.5717227481,24.620866775512695,992.3347778320312,8.287408828735352,-6.203922271728516,0,60.0,p16
2021-05-23 18:00:00,11,12.910267066314894,91.73011277954696,13.75,91.25,12.125,13.875,90.875,92.625,27,20336.28758005857,18.607282638549805,1001.8785400390625,4.318954944610596,-3.345041036605835,2,66.0,p16
2021-05-23 18:00:00,11,13.320395351033211,93.93722612292571,15.5,92.5,11.125,15.625,92.375,94.875,65,48876.092747221046,19.42078971862793,1001.324951171875,5.246474266052246,-3.7465410232543945,3,66.0,p16
2021-05-23 18:00:00,11,16.625393804014813,90.81343913698835,17.0,91.25,14.125,19.125,87.375,94.375,244,180720.77177316305,24.25470733642578,991.1681518554688,7.2131195068359375,-6.690794944763184,0,66.0,p16
2021-05-24 00:00:00,12,15.673111129418839,91.00067427059565,17.25,91.0,10.625,19.625,86.625,96.125,634,472499.5834555274,31.036296844482422,984.4617309570312,10.9103422164917,-8.052786827087402,0,72.0,p16
2021-05-24 00:00:00,12,15.716709245000503,84.45564059342847,16.5,85.0,14.625,16.625,83.375,85.625,46,34219.860420143414,18.572261810302734,998.25048828125,4.658824920654297,-2.7680492401123047,4,72.0,p16
2021-05-24 06:00:00,13,16.64746962174869,90.59964613993543,17.5,90.5,11.625,20.375,85.625,93.625,611,453444.9136870781,41.748069763183594,980.6431884765625,14.631855010986328,-10.158660888671875,0,78.0,p16
2021-05-24 12:00:00,14,17.336783104675074,89.91253795570172,18.0,90.0,11.375,21.125,86.875,92.625,564,417051.94902229996,45.11973190307617,977.6874389648438,17.0006103515625,-10.90362548828125,0,84.0,p16
2021-05-24 18:00:00,15,13.04577334816182,87.749496447737,13.5,88.25,12.625,13.625,87.125,88.375,11,8281.009295743484,17.5596866607666,1001.03076171875,3.5710344314575195,-3.1606297492980957,5,90.0,p16
2021-05-24 18:00:00,15,13.875044527359721,88.75176880743223,14.0,89.25,13.625,14.125,88.125,89.375,8,6001.753735413928,17.37531280517578,1000.4847412109375,3.601461172103882,-3.2647740840911865,6,90.0,p16
2021-05-24 18:00:00,15,18.398847896928373,89.58531639236487,18.5,89.75,15.125,21.125,86.875,92.625,366,268364.42410297855,46.76412582397461,980.5247802734375,17.132783889770508,-10.306927680969238,0,90.0,p16
2021-05-25 00:00:00,16,19.105191768533007,89.31166981746813,19.25,89.25,15.625,22.125,86.375,92.125,389,284077.1272720488,42.26918411254883,977.5490112304688,16.991065979003906,-10.562799453735352,0,96.0,p16
2021-05-25 06:00:00,17,13.632561530121723,88.3065749600865,15.0,86.0,12.125,15.125,85.875,90.375,113,84868.90030337864,18.441875457763672,999.7804565429688,4.0738911628723145,-3.5122673511505127,7,102.0,p16
2021-05-25 06:00:00,17,19.960278314568015,88.7541564476427,20.0,88.25,17.375,22.375,86.125,91.875,308,223720.2071849471,40.875850677490234,976.4984130859375,18.835098266601562,-11.74203872680664,0,102.0,p16
2021-05-25 12:00:00,18,18.249822772262366,85.62177752464927,18.5,86.0,17.875,18.625,85.125,86.125,8,5871.160069505108,18.882383346557617,993.0192260742188,6.278735160827637,-3.7606523036956787,8,108.0,p16
2021-05-25 12:00:00,18,19.938887564269734,87.98819357410717,20.25,87.5,16.875,22.125,85.125,91.375,266,193404.1938429267,39.117008209228516,977.1492309570312,18.184720993041992,-10.590944290161133,0,108.0,p16
2021-05-25 18:00:00,19,20.083115150587933,87.05269282818546,20.75,86.75,18.125,21.875,85.375,89.375,183,132923.93113914836,35.083438873291016,982.5349731445312,20.335857391357422,-8.91795539855957,0,114.0,p16
2021-05-26 00:00:00,20,20.216333631643806,86.94372094783571,20.75,86.25,19.125,21.625,85.375,88.625,88,63812.21036782076,24.976350784301758,985.5803833007812,16.231643676757812,-7.5030927658081055,0,120.0,p16
2021-05-26 06:00:00,21,20.6257424321372,87.2137146026881,21.0,86.25,19.375,21.625,86.125,87.875,20,14471.042229393948,18.306636810302734,991.6763305664062,8.557680130004883,-5.474567413330078,0,126.0,p16
2021-05-22 12:00:00,6,13.27914240005555,91.73981782152688,14.5,91.0,12.375,14.625,89.625,93.625,58,43622.54768529386,24.617666244506836,1001.340576171875,6.307056427001953,-2.867506265640259,0,36.0,p17
2021-05-22 18:00:00,7,13.08058553910837,91.12211752813491,13.75,92.5,12.125,13.875,89.625,92.875,52,39143.14240382444,22.422494888305664,1001.1192016601562,5.305485248565674,-3.765122652053833,0,42.0,p17
2021-05-22 18:00:00,7,14.08610157622569,93.40160267376872,14.75,92.75,13.125,14.875,91.875,94.375,32,23986.329328284104,23.523332595825195,1000.1256103515625,6.43011999130249,-4.550809383392334,1,42.0,p17
2021-05-23 00:00:00,8,14.764768694090737,93.67245434858262,15.25,92.5,14.375,15.375,92.375,94.625,22,16439.671131859366,20.690282821655273,999.1846923828125,6.018676280975342,-4.3699493408203125,1,48.0,p17
2021-05-23 06:00:00,9,11.838457482313778,89.86014003114909,12.5,91.0,11.125,12.625,88.875,91.125,21,15882.989611803096,19.23563575744629,1001.6152954101562,3.9086756706237793,-3.631120443344116,2,54.0,p17
2021-05-23 06:00:00,9,13.377618415932536,92.51026995270496,13.5,92.25,13.125,13.625,92.125,92.875,6,4510.8467549578545,19.117355346679688,1000.7689208984375,4.598629951477051,-4.102377414703369,1,54.0,p17
2021-05-23 18:00:00,11,12.624664068212883,91.63152032729847,12.75,91.25,12.375,12.875,91.125,92.125,8,6032.666157721702,17.51911735534668,1002.06396484375,4.07705020904541,-3.4058940410614014,3,66.0,p17
2021-05-24 00:00:00,12,11.487672679528346,85.92524807183572,12.5,87.0,10.625,12.625,85.125,87.125,43,32560.980448995128,19.338430404663086,1001.8984985351562,4.1191864013671875,-2.459761381149292,4,72.0,p17
2021-05-24 06:00:00,13,12.993878617953536,88.2888280946639,14.25,88.0,11.625,14.375,86.125,90.625,128,96378.4302518179,20.56424903869629,999.5465087890625,4.393996715545654,-3.760218620300293,4,78.0,p17
2021-05-24 06:00:00,13,14.780525030498014,90.87728572404792,15.25,90.25,14.125,15.375,90.125,91.625,22,16438.691706674552,18.41643524169922,998.0120849609375,4.535740375518799,-4.223056793212891,5,78.0,p17
2021-05-24 06:00:00,13,18.209013049173873,90.775034742205,18.0,90.25,15.625,19.875,88.125,93.375,166,121910.64129160442,23.755468368530273,990.4104614257812,7.818436622619629,-6.3149638175964355,6,78.0,p17
2021-05-24 12:00:00,14,14.39356246853792,92.33254278069352,15.25,91.5,13.625,15.375,91.375,93.125,25,18713.53444972046,18.481143951416016,998.9597778320312,4.472168445587158,-3.696232318878174,5,84.0,p17
2021-05-24 12:00:00,14,18.899160380233234,89.27395433737982,18.75,89.25,16.125,20.875,86.375,92.125,247,180628.06032461708,27.554000854492188,985.6013793945312,10.4579496383667,-7.560617446899414,6,84.0,p17
2021-05-24 18:00:00,15,19.025521522292873,88.57629941941627,19.5,88.5,17.125,21.125,86.125,90.875,206,150435.37665894255,34.872291564941406,984.0940551757812,14.19760513305664,-8.313746452331543,6,90.0,p17
2021-05-25 00:00:00,16,8.250959124010182,85.75987271193198,8.75,85.25,7.625,8.875,83.875,87.625,44,33649.0281113084,18.863210678100586,1003.272216796875,3.5958738327026367,-2.429670572280884,7,96.0,p17
2021-05-25 00:00:00,16,9.035028436677779,89.2672464218075,9.75,88.25,8.125,9.875,88.125,90.375,43,32815.076988264125,18.433576583862305,1002.84619140625,3.680117607116699,-2.8374924659729004,8,96.0,p17
2021-05-25 00:00:00,16,14.289508790246625,84.11150200018892,15.25,84.0,13.125,15.375,83.125,84.875,24,17973.265661431797,17.25289535522461,995.1761474609375,3.8424205780029297,-4.150604248046875,9,96.0,p17
2021-05-25 00:00:00,16,19.596037070959845,88.28609581869682,20.0,88.0,17.625,21.625,85.125,91.125,239,173947.96602058515,38.53828048706055,980.6861572265625,16.61443328857422,-9.449536323547363,6,96.0,p17
2021-05-25 06:00:00,17,10.18696483514996,89.56218321987691,11.5,87.0,8.875,11.625,86.875,92.375,134,101905.52630464413,18.920156478881836,1004.1785278320312,4.15125036239624,-2.3070220947265625,8,102.0,p17
2021-05-25 06:00:00,17,13.111122816485175,85.96813187245628,14.5,85.25,12.125,14.625,84.375,88.125,80,60208.75162952968,17.71681022644043,999.8925170898438,3.5930302143096924,-3.270021677017212,9,102.0,p17
2021-05-25 06:00:00,17,17.313281090714952,90.22674174537472,18.0,89.75,16.625,18.125,89.625,90.875,19,14018.907461247438,23.242233276367188,998.4545288085938,6.714052677154541,-3.3928327560424805,10,102.0,p17
2021-05-25 06:00:00,17,20.111893721806965,88.25899315025949,20.5,87.75,17.875,22.125,86.125,90.375,196,142309.45271012397,27.85732078552246,983.0064697265625,12.823519706726074,-9.19234848022461,6,102.0,p17
2021-05-25 06:00:00,17,20.8039743361946,90.97302696025318,20.5,90.75,20.375,21.375,90.625,91.375,8,5778.707383051476,18.1118106842041,995.990478515625,6.550179481506348,-4.209525108337402,11,102.0,p17
2021-05-25 12:00:00,18,6.228204608743809,87.45688631167016,6.75,88.0,5.375,6.875,86.625,88.125,29,22276.978124976868,17.954545974731445,1004.4135131835938,3.9548349380493164,-2.5022335052490234,12,108.0,p17
2021-05-25 12:00:00,18,18.29918238210456,85.82006068357941,18.75,86.5,17.875,18.875,85.125,86.625,15,11005.218919070228,20.811452865600586,993.2315063476562,7.278100490570068,-3.640190601348877,6,108.0,p17
2021-05-25 12:00:00,18,20.211235675274995,87.58573554674003,20.75,87.5,18.625,21.875,85.875,89.375,98,71074.87681432615,27.30171775817871,982.3975219726562,13.584630966186523,-8.541857719421387,11,108.0,p17
2021-05-25 18:00:00,19,20.628362276386852,87.95920303324903,21.5,88.0,19.625,21.875,85.875,90.375,95,68693.432090854,26.45763397216797,986.1671142578125,14.210274696350098,-7.650097846984863,11,114.0,p17
2021-05-25 18:00:00,19,22.216565206480134,91.2596130653129,22.0,91.0,21.625,22.625,90.875,91.625,8,5724.334633954815,18.425411224365234,997.007080078125,9.386948585510254,-3.818363666534424,13,114.0,p17
2021-05-26 00:00:00,20,21.009375823210508,88.73122947170235,21.75,88.0,20.125,21.875,87.125,90.375,67,48336.47283073796,20.299161911010742,987.462890625,8.924943923950195,-6.744904041290283,11,120.0,p17
2021-05-22 12:00:00,6,13.842725570443838,89.89951075093154,14.25,90.0,13.375,14.375,89.125,90.625,18,13506.285937792018,22.95692253112793,1000.788330078125,5.51929235458374,-2.4896047115325928,0,36.0,p18
2021-05-22 12:00:00,6,15.19405935581376,92.83514082645571,16.0,92.0,14.375,16.125,91.875,93.625,24,17899.9383115031,20.209962844848633,1000.2404174804688,5.482217311859131,-2.8870484828948975,1,36.0,p18
2021-05-22 18:00:00,7,15.762081048850758,92.4492120050825,17.25,91.5,13.875,18.125,90.125,93.625,103,76617.74990491568,22.677978515625,997.493896484375,6.008062839508057,-4.093104362487793,1,42.0,p18
2021-05-23 00:00:00,8,14.37541883292671,92.2550275454405,14.5,92.0,14.125,14.625,91.875,92.625,6,4491.441055575271,17.639698028564453,1002.0625,4.307672023773193,-2.373379945755005,2,48.0,p18
2021-05-23 00:00:00,8,16.199589086633747,93.79604971922745,16.75,93.5,15.625,16.875,93.375,94.125,9,6678.877383073034,18.367382049560547,999.955322265625,6.5594000816345215,-3.3842647075653076,3,48.0,p18
2021-05-23 00:00:00,8,16.59566396577295,92.51011951622051,17.0,91.5,15.875,17.125,91.375,93.125,20,14812.97510426155,18.74941062927246,996.1425170898438,6.014918327331543,-3.9945425987243652,1,48.0,p18
2021-05-23 06:00:00,9,13.432873771743395,89.89369133066991,16.0,91.5,10.875,16.125,84.875,94.625,322,242111.896078563,22.983657836914062,998.897216796875,7.120561599731445,-4.205925941467285,2,54.0,p18
2021-05-23 06:00:00,9,16.90452223972308,91.58961500589884,17.5,91.25,16.125,17.625,90.875,92.375,18,13310.612079131719,21.173538208007812,994.1884155273438,5.848394393920898,-4.958619594573975,1,54.0,p18
2021-05-23 06:00:00,9,18.821184995737426,91.68083235713542,18.5,91.25,18.375,19.125,91.125,92.125,7,5120.115396232513,18.282087326049805,994.4684448242188,6.465663909912109,-4.631021022796631,3,54.0,p18
2021-05-23 12:00:00,10,15.203906015692796,91.64053886295144,18.0,91.25,11.375,18.125,88.125,94.875,278,207478.33658601786,23.93069839477539,990.4129028320312,10.695489883422852,-5.888941764831543,1,60.0,p18
2021-05-23 18:00:00,11,12.572215914140966,91.889377359441,14.5,91.0,10.875,14.625,90.875,93.125,59,44494.325457301406,19.27372169494629,1001.1007690429688,4.557653903961182,-3.6006510257720947,4,66.0,p18
2021-05-23 18:00:00,11,13.547214482603291,88.75951345504056,15.25,90.75,11.625,15.375,85.875,90.875,81,60840.67444007634,19.743146896362305,1001.17919921875,4.239123821258545,-3.046938896179199,5,66.0,p18
2021-05-23 18:00:00,11,16.708855193377662,93.65449878073684,18.25,93.0,14.875,18.625,92.875,94.375,53,39230.60821158309,19.620813369750977,992.8143920898438,5.954782009124756,-6.533953666687012,1,66.0,p18
2021-05-23 18:00:00,11,17.719819622591285,90.97537069706647,18.25,91.5,15.625,20.625,89.375,92.875,135,99379.01456081055,27.543180465698242,988.5215454101562,8.887406349182129,-7.37399959564209,6,66.0,p18
2021-05-23 18:00:00,11,19.751008896359437,91.99164688374276,19.5,91.5,19.375,20.125,91.375,92.625,11,8000.391578332549,19.389162063598633,990.737548828125,8.758770942687988,-5.531355381011963,7,66.0,p18
2021-05-24 00:00:00,12,13.491631727129995,94.37139033102082,15.25,93.5,11.875,15.375,93.375,95.125,31,23296.00082392519,17.85857391357422,1000.9749755859375,5.06820821762085,-3.635688543319702,4,72.0,p18
2021-05-24 00:00:00,12,13.679720450541284,86.53444128130305,14.0,86.75,13.125,14.125,86.125,86.875,8,6006.53376046331,18.965557098388672,1001.04541015625,3.86594820022583,-2.2887485027313232,5,72.0,p18
2021-05-24 00:00:00,12,15.531547384120033,87.27820870232429,16.25,87.75,14.875,16.375,86.625,87.875,21,15635.848509121033,18.11590003967285,998.3157958984375,4.235842704772949,-3.0526492595672607,8,72.0,p18
2021-05-24 00:00:00,12,18.21973394467156,91.22433142134813,18.5,91.25,14.375,20.625,88.375,94.125,287,210868.56246723305,34.80049133300781,983.7606201171875,13.052821159362793,-8.285773277282715,6,72.0,p18
2021-05-24 06:00:00,13,12.005360114792593,93.70152389711888,12.5,93.25,11.375,12.625,93.125,94.375,14,10582.198306381488,17.710283279418945,1003.58203125,4.263206481933594,-3.037468433380127,4,78.0,p18
2021-05-24 06:00:00,13,18.73659135925221,91.15243498892575,19.5,91.25,15.125,21.375,89.125,93.375,279,204452.56355094857,37.493221282958984,982.3820190429688,15.313182830810547,-9.25718879699707,6,78.0,p18
2021-05-24 12:00:00,14,16.45724826318349,91.81604473639413,17.25,90.5,15.875,17.375,90.375,92.625,24,17786.281755571457,18.14931869506836,998.1820068359375,5.482427597045898,-3.2380781173706055,9,84.0,p18
2021-05-24 12:00:00,14,20.123245624631668,90.8262994680813,20.5,90.5,17.625,22.125,88.375,92.875,212,153907.65434030205,38.7277717590332,978.1852416992188,21.91779136657715,-10.79081916809082,6,84.0,p18
2021-05-24 18:00:00,15,16.514612919848734,89.1447588643898,18.25,89.75,14.375,18.375,86.875,92.125,125,92652.96523818732,18.93375587463379,995.3599853515625,5.547947406768799,-4.346909999847412,9,90.0,p18
2021-05-24 18:00:00,15,20.965773305360322,90.33232053983592,21.25,90.0,18.375,22.875,88.125,92.375,190,137269.60425945907,41.382999420166016,979.6839599609375,18.743253707885742,-10.666470527648926,6,90.0,p18
2021-05-25 00:00:00,16,15.20430329450693,88.41263281385005,15.75,88.75,14.625,15.875,88.125,88.875,9,6711.684026959714,17.391366958618164,998.50537109375,4.026509761810303,-3.1122891902923584,10,96.0,p18
2021-05-25 00:00:00,16,16.761911395270378,89.62337188616343,18.0,89.25,15.375,18.125,88.625,90.625,42,31083.72585605055,17.44369125366211,996.7918090820312,5.282454490661621,-3.5547289848327637,9,96.0,p18
2021-05-25 00:00:00,16,21.68707219248928,89.82084609331886,21.75,89.75,19.625,23.375,87.625,91.875,181,130172.7193527408,35.31003952026367,979.218994140625,22.580656051635742,-9.995660781860352,6,96.0,p18
2021-05-25 06:00:00,17,18.76082306517339,89.53407003019352,19.0,89.25,18.375,19.125,89.125,89.875,6,4390.524370517332,17.266021728515625,997.1627197265625,6.372875690460205,-3.8920645713806152,9,102.0,p18
2021-05-25 06:00:00,17,22.253487040965847,89.57106136804035,22.75,89.5,20.375,24.125,87.375,91.625,160,114529.65926134036,27.661348342895508,982.5963134765625,14.335229873657227,-9.167943000793457,6,102.0,p18
2021-05-25 12:00:00,18,23.565715520236164,89.18254072879567,23.75,89.25,22.375,24.375,87.875,90.375,49,34722.22246221376,22.08485984802246,983.8339233398438,20.036386489868164,-8.006091117858887,6,108.0,p18
2021-05-25 18:00:00,19,24.378693259715416,88.8043948468642,24.0,88.75,23.625,25.125,87.625,89.875,30,21117.62583507711,20.03098487854004,987.432373046875,16.892333984375,-7.4857988357543945,6,114.0,p18
2021-05-26 00:00:00,20,24.573989679940546,88.24675144746094,24.25,88.5,24.125,24.875,87.625,88.875,7,4919.508771780847,17.850780487060547,988.6843872070312,15.286274909973145,-6.54011869430542,6,120.0,p18
2021-05-22 18:00:00,7,13.63219025845283,94.08895264263857,14.0,94.0,13.125,14.125,93.625,94.625,7,5256.718834713195,21.074853897094727,1002.7438354492188,5.838391304016113,-3.4307639598846436,0,42.0,p19
2021-05-23 00:00:00,8,14.503109641227447,95.12735405955308,15.25,94.25,13.875,15.375,93.875,96.125,25,18704.34064085884,21.5112361907959,1000.6007080078125,7.0539164543151855,-4.1153388023376465,0,48.0,p19
2021-05-23 12:00:00,10,11.320535647011546,88.27470691141133,12.0,89.0,10.625,12.125,87.375,89.125,31,23491.125937914974,24.400705337524414,1000.7857055664062,6.0031352043151855,-3.1907482147216797,1,60.0,p19
2021-05-23 12:00:00,10,12.32549423209496,90.16771825772273,13.0,89.5,11.375,13.125,89.125,91.125,36,27179.950304559297,24.742090225219727,999.8881225585938,6.484265327453613,-3.5115890502929688,2,60.0,p19
2021-05-23 18:00:00,11,13.546908776974565,92.80250370466887,15.5,91.75,10.875,16.375,89.625,95.875,161,120983.6940404872,27.23136329650879,998.6986694335938,8.34271240234375,-4.845376014709473,2,66.0,p19
2021-05-24 00:00:00,12,10.566895299466884,90.78330386350478,11.0,90.5,9.875,11.125,90.375,91.125,8,6077.2904329018165,17.332218170166016,1000.4310302734375,3.5998077392578125,-4.165559768676758,3,72.0,p19
2021-05-24 00:00:00,12,15.83037253431576,92.37925472860502,15.5,91.25,12.875,18.125,89.875,94.375,151,112330.73107052111,30.31886863708496,992.2870483398438,10.333463668823242,-6.10332727432251,2,72.0,p19
2021-05-24 06:00:00,13,9.991676758729898,90.53385517566701,11.25,90.25,8.625,11.375,89.125,91.875,83,63162.39347014422,19.73112678527832,999.9271240234375,4.198847770690918,-4.884304046630859,3,78.0,p19
2021-05-24 06:00:00,13,15.680767107326826,91.88933518923369,15.5,90.5,11.125,18.375,87.875,94.625,289,215111.88663218342,29.887022018432617,988.5479125976562,9.464981079101562,-8.043837547302246,2,78.0,p19
2021-05-24 12:00:00,14,11.072064884911285,89.8134475201283,12.0,90.25,10.125,12.125,89.125,90.875,29,21991.72276337973,19.242828369140625,997.6447143554688,4.413206100463867,-5.273248672485352,3,84.0,p19
2021-05-24 12:00:00,14,14.922874537025729,90.90425324772977,15.75,90.0,9.625,18.375,87.125,94.375,639,477459.0850375366,29.25165557861328,982.8142700195312,9.34548568725586,-10.068507194519043,2,84.0,p19
2021-05-24 18:00:00,15,15.41545504709321,90.1793628795914,16.5,89.5,8.875,19.625,85.875,94.125,829,618603.8915714122,38.05330276489258,978.4627075195312,12.790143013000488,-11.806377410888672,2,90.0,p19
2021-05-25 00:00:00,16,7.459859788785484,84.94014996752568,7.75,84.25,6.875,7.875,83.625,86.125,32,24519.459291794785,18.566112518310547,1003.2620239257812,3.2639615535736084,-2.504889488220215,4,96.0,p19
2021-05-25 00:00:00,16,17.103790347638252,89.58118552332344,17.5,89.0,11.625,21.125,84.375,94.375,850,629059.3370581884,43.60676574707031,973.8475952148438,14.602455139160156,-12.341951370239258,2,96.0,p19
2021-05-25 06:00:00,17,13.874686269993326,86.430391654086,14.75,85.75,13.125,14.875,85.625,87.375,19,14254.169550490851,17.6154727935791,998.2484130859375,3.6808722019195557,-4.341063499450684,5,102.0,p19
2021-05-25 06:00:00,17,18.302530326246604,89.2929102300145,18.75,88.5,12.875,21.625,85.875,93.875,687,504889.2135170479,44.210533142089844,970.7603759765625,16.247358322143555,-14.026737213134766,2,102.0,p19
2021-05-25 12:00:00,18,7.67025573065204,85.01218121932105,8.0,84.5,7.375,8.125,84.125,85.875,16,12253.582692012194,18.074329376220703,1003.3712768554688,3.459634304046631,-2.4102625846862793,6,108.0,p19
2021-05-25 12:00:00,18,17.744482674955115,93.15249633351254,17.25,92.75,17.125,18.375,92.625,93.625,13,9567.617181393185,19.487960815429688,997.4992065429688,6.1469221115112305,-4.104743957519531,7,108.0,p19
2021-05-25 12:00:00,18,19.10637781793884,88.95757127322128,19.75,88.25,15.875,22.375,85.625,92.625,505,368954.5646611016,46.80766677856445,968.28125,23.652891159057617,-14.500313758850098,2,108.0,p19
2021-05-25 18:00:00,19,7.82615597387506,85.42629982658444,8.0,85.75,7.375,8.125,84.875,85.875,7,5359.037938066902,17.768449783325195,1005.3820190429688,3.3864147663116455,-2.294917345046997,6,114.0,p19
2021-05-25 18:00:00,19,20.15619953761723,88.63271019792984,20.75,88.25,17.875,22.375,85.875,91.625,334,242405.36366374852,45.71044158935547,971.9320068359375,22.620607376098633,-12.84005069732666,2,114.0,p19
2021-05-26 00:00:00,20,7.784128480905151,89.27192927733961,8.25,90.0,7.125,8.375,88.375,90.125,25,19140.63367843443,18.25910186767578,1004.07080078125,3.6766440868377686,-2.6393351554870605,8,120.0,p19
2021-05-26 00:00:00,20,15.131773155531977,86.32973863491432,15.5,85.75,14.625,15.625,85.625,87.125,12,8951.920394158986,17.725587844848633,994.3247680664062,3.9859678745269775,-4.64253044128418,9,120.0,p19
2021-05-26 00:00:00,20,15.704402346631012,83.6234591998596,16.25,84.25,15.125,16.375,83.125,84.375,14,10415.16736307401,17.55287742614746,993.3507690429688,4.464767932891846,-4.649705410003662,10,120.0,p19
2021-05-26 00:00:00,20,21.277958217429624,88.47676046409956,22.0,87.75,18.875,23.625,85.625,91.875,293,211343.88452232938,32.76746368408203,975.5947875976562,21.043333053588867,-11.62278938293457,2,120.0,p19
2021-05-26 06:00:00,21,21.588608644966047,88.08276542342891,22.0,87.5,21.125,22.125,87.125,89.125,22,15810.383767246005,21.482961654663086,984.3357543945312,10.30698013305664,-8.599942207336426,2,126.0,p19
2021-05-26 18:00:00,23,16.54855958568994,84.16603457825263,16.75,83.75,16.125,16.875,83.625,84.625,8,5926.580120028872,17.98100471496582,996.5970458984375,6.005195617675781,-3.371737241744995,11,138.0,p19
2021-05-22 18:00:00,7,12.893615893217461,94.06767740292865,13.0,94.5,12.625,13.125,93.625,94.625,7,5272.998140119682,18.239749908447266,1004.227294921875,4.84074592590332,-2.709644079208374,0,42.0,p20
2021-05-23 00:00:00,8,12.402115074823787,96.4520088267312,12.75,96.0,11.875,12.875,95.875,96.875,10,7547.364956854664,18.23406219482422,1003.8828125,5.7696709632873535,-2.9243175983428955,1,48.0,p20
2021-05-23 00:00:00,8,13.332950856712177,95.88149906439666,13.5,95.5,13.125,13.625,95.375,96.375,6,4511.626740609754,17.692359924316406,1002.2203979492188,5.464727401733398,-3.673811197280884,0,48.0,p20
2021-05-23 06:00:00,9,13.027490627728293,90.65954702273768,13.25,91.0,12.625,13.375,90.125,91.125,11,8281.789281395384,19.312400817871094,1002.7422485351562,4.052831649780273,-2.792212963104248,2,54.0,p20
2021-05-23 06:00:00,9,14.875201552814639,97.3142978120436,15.5,97.0,13.875,15.625,96.875,97.625,16,11952.159701180366,26.506916046142578,1001.75830078125,9.997440338134766,-4.449316501617432,0,54.0,p20
2021-05-23 12:00:00,10,12.631468694434812,93.08442026654335,13.75,92.75,11.625,13.875,90.875,95.875,75,56549.101073249534,21.81833839416504,999.5547485351562,6.800357818603516,-4.1447882652282715,2,60.0,p20
2021-05-23 12:00:00,10,15.45038021041614,96.45237148085965,16.0,96.0,14.875,16.125,95.875,96.875,10,7448.330791884416,17.75834846496582,1001.6060180664062,5.71863317489624,-3.266690731048584,0,60.0,p20
2021-05-23 18:00:00,11,13.092168269244388,94.5437314646795,15.0,93.75,11.125,15.125,92.375,96.125,107,80553.5177252572,24.462860107421875,998.8314208984375,7.0905585289001465,-5.897397041320801,0,66.0,p20
2021-05-23 18:00:00,11,13.58336511099046,92.04970985521196,14.5,92.75,12.625,14.625,91.125,92.875,40,30042.179452523626,20.989055633544922,999.7849731445312,5.375704288482666,-4.629438400268555,2,66.0,p20
2021-05-24 00:00:00,12,11.365369486406987,93.16713462458857,11.75,93.0,10.875,11.875,92.875,93.625,9,6818.570597159711,18.165376663208008,1002.9249267578125,4.266217231750488,-2.970694065093994,3,72.0,p20
2021-05-24 00:00:00,12,14.681910023158578,92.01038409122441,15.75,93.5,13.875,15.875,90.625,94.125,55,41113.32974944191,21.176090240478516,994.9025268554688,6.128854751586914,-6.523031711578369,2,72.0,p20
2021-05-24 00:00:00,12,15.031490942504014,95.57735788052376,15.75,94.5,14.125,16.125,94.375,96.375,38,28362.55651842145,22.617895126342773,996.6017456054688,7.772367000579834,-6.2169508934021,0,72.0,p20
2021-05-24 00:00:00,12,16.930596769582756,93.81896248297191,16.5,93.5,16.375,17.625,93.375,94.125,11,8131.872315015343,18.595123291015625,994.9185180664062,5.734347343444824,-5.978684902191162,4,72.0,p20
2021-05-24 06:00:00,13,14.336933984377294,90.2254651379587,15.25,91.0,13.125,15.375,89.375,91.125,44,32947.571241617676,23.661727905273438,997.955078125,6.0884552001953125,-4.39272403717041,2,78.0,p20
2021-05-24 06:00:00,13,16.309933123010136,92.72067475273606,16.0,92.25,14.125,18.125,90.875,94.125,104,77137.14081348311,28.05453872680664,993.9695434570312,8.2305269241333,-6.559272289276123,4,78.0,p20
2021-05-24 12:00:00,14,15.064522634781794,91.25651889460737,15.75,91.5,11.875,18.375,88.375,93.625,350,261311.29728629056,31.263660430908203,989.0411987304688,10.489068984985352,-7.92518424987793,2,84.0,p20
2021-05-24 18:00:00,15,14.935485791149269,91.25243643057594,15.75,91.25,11.375,18.875,87.625,93.875,419,312987.05230344494,30.472139358520508,987.988525390625,9.005775451660156,-8.593567848205566,2,90.0,p20
2021-05-25 00:00:00,16,14.887068370531095,90.51545829594956,15.75,90.5,8.875,18.625,86.625,93.375,640,478670.1192524603,29.308860778808594,984.0289916992188,9.410139083862305,-9.141462326049805,2,96.0,p20
2021-05-25 06:00:00,17,15.414441424761606,90.12064178899003,16.0,90.0,11.375,19.375,86.375,93.375,620,462186.55903718097,35.15148162841797,980.5811157226562,10.069890975952148,-11.38459587097168,2,102.0,p20
2021-05-25 12:00:00,18,15.990429945662715,89.89595526406688,16.25,89.25,11.875,19.375,86.375,93.625,609,452876.5936449631,40.80949401855469,974.2670288085938,14.902287483215332,-13.410828590393066,2,108.0,p20
2021-05-25 18:00:00,19,6.646303316510164,86.43339994484666,7.25,87.0,6.125,7.375,85.875,87.125,20,15351.1674623683,17.48776626586914,1005.7341918945312,3.4649455547332764,-2.6522934436798096,5,114.0,p20
2021-05-25 18:00:00,19,16.730903947343965,89.21936201178646,16.75,88.75,12.625,21.125,86.125,92.875,608,450391.5090892522,43.79078674316406,972.500244140625,14.967364311218262,-14.029119491577148,2,114.0,p20
2021-05-26 00:00:00,20,13.025644750603886,81.73692319055904,13.75,82.5,11.625,13.875,80.875,82.625,26,19574.57197005425,17.59128189086914,997.03369140625,4.079836845397949,-3.4450392723083496,6,120.0,p20
2021-05-26 00:00:00,20,15.802487106122552,88.2146490997644,17.25,88.25,6.875,21.375,80.875,92.875,1267,945538.9563525877,45.68745803833008,969.1517333984375,16.783042907714844,-14.42199420928955,2,120.0,p20
2021-05-26 06:00:00,21,7.738146028846766,84.2114034477581,8.25,83.75,6.875,8.375,83.125,85.875,22,16845.82532748289,18.50714111328125,1004.2736206054688,3.502396821975708,-2.7278568744659424,7,126.0,p20
2021-05-26 06:00:00,21,17.60328992051713,88.61995820997983,18.0,87.5,11.875,21.625,83.875,93.375,940,694161.4781495972,44.19246292114258,967.66162109375,18.81584930419922,-15.107036590576172,2,126.0,p20
2021-05-26 12:00:00,22,17.997837945938908,88.45858970314879,18.75,87.25,13.125,22.375,84.625,92.375,866,637992.1185966602,44.274314880371094,966.8150024414062,19.39122772216797,-14.004547119140625,2,132.0,p20
2021-05-26 18:00:00,23,17.946460510347713,87.62029065341025,19.75,87.25,10.875,22.375,80.625,91.625,921,680119.2619759445,44.7677116394043,968.1704711914062,21.12464714050293,-14.334798812866211,2,138.0,p20
2021-05-27 00:00:00,24,18.885242048177478,87.53432607205116,20.75,87.0,11.625,23.125,82.625,91.625,911,670427.6334626565,43.87850570678711,969.1415405273438,23.36920738220215,-14.19190788269043,2,144.0,p20
2021-05-23 18:00:00,11,15.20144070237177,90.97142358973429,16.25,90.25,13.875,16.375,89.375,92.125,39,29086.304118183005,21.625947952270508,1000.9163818359375,5.412346363067627,-2.6246378421783447,0,66.0,p21
2021-05-24 00:00:00,12,12.726332092418135,87.99725209379478,13.25,89.0,11.875,13.375,87.125,89.125,21,15829.197286905703,17.98679542541504,1000.8635864257812,3.60178279876709,-2.754470109939575,1,72.0,p21
2021-05-24 00:00:00,12,15.832731702272211,91.20816411654316,16.0,90.75,15.625,16.125,90.625,91.625,6,4460.691543578855,18.369857788085938,998.0988159179688,4.506444931030273,-3.3994970321655273,0,72.0,p21
2021-05-24 06:00:00,13,13.911743313293755,91.26500300004825,17.0,89.0,11.375,17.125,88.625,92.875,113,84775.87058627639,20.438323974609375,998.7789306640625,5.307157516479492,-3.474416732788086,0,78.0,p21
2021-05-24 06:00:00,13,15.5880633105863,87.3117296993104,16.25,88.25,14.875,16.375,86.375,88.375,26,19352.798195541243,19.441879272460938,997.0733032226562,4.4524993896484375,-4.445857048034668,1,78.0,p21
2021-05-24 06:00:00,13,17.363915241613725,87.21649338068967,17.75,87.5,16.875,17.875,86.875,87.625,7,5163.023050777739,18.561473846435547,995.694091796875,5.141387939453125,-4.4922590255737305,2,78.0,p21
2021-05-24 06:00:00,13,17.51002521973767,90.12341621570002,17.25,90.0,17.125,17.875,89.875,90.375,6,4421.992060880148,18.47307586669922,994.9229125976562,5.207045555114746,-4.916225433349609,3,78.0,p21
2021-05-24 12:00:00,14,12.896722760146236,91.30062406224413,14.0,90.0,11.625,14.125,89.875,92.875,57,42935.611539940095,19.42280387878418,1000.17138671875,4.71556282043457,-3.2538046836853027,0,84.0,p21
2021-05-24 12:00:00,14,15.670344347541954,87.48983968156448,17.5,88.5,12.625,18.625,85.875,90.125,175,130336.9796083496,23.77424430847168,989.79541015625,8.330704689025879,-5.682480812072754,1,84.0,p21
2021-05-24 12:00:00,14,16.09533252975824,92.88152185529198,16.75,92.5,14.375,17.875,92.375,93.375,40,29705.078094741297,18.40207862854004,998.827392578125,5.486516952514648,-3.2586708068847656,3,84.0,p21
2021-05-24 18:00:00,15,15.686225929846252,87.4900633588159,17.0,88.0,12.125,18.375,85.625,89.625,244,181714.8800702042,32.629337310791016,987.0457153320312,10.514673233032227,-8.00814151763916,1,90.0,p21
2021-05-25 00:00:00,16,14.040183701411372,86.52459161582865,17.5,87.75,8.875,18.375,81.875,90.125,703,527826.7302523525,36.46018600463867,983.242431640625,12.03548526763916,-8.790650367736816,1,96.0,p21
2021-05-25 00:00:00,16,19.6269616907546,86.5442161296624,19.25,87.0,19.125,20.125,86.125,87.125,6,4367.2423200012045,17.58967399597168,990.9992065429688,5.806388854980469,-5.351109027862549,4,96.0,p21
2021-05-25 00:00:00,16,19.650568573910384,88.89312926597113,19.25,88.25,19.125,20.125,88.125,89.625,16,11643.719200030066,17.61396598815918,989.6488037109375,5.964239120483398,-6.071127891540527,5,96.0,p21
2021-05-25 06:00:00,17,11.417789506325496,83.70714155963356,11.5,84.0,11.125,11.625,83.125,84.125,6,4544.865491548317,17.1621036529541,1002.7195434570312,3.4294090270996094,-2.648768901824951,6,102.0,p21
2021-05-25 06:00:00,17,12.55577351331122,85.01815288055276,13.0,84.25,12.125,13.125,84.125,85.875,22,16594.138931856873,17.761539459228516,1001.4215087890625,3.602876663208008,-3.10097599029541,1,102.0,p21
2021-05-25 06:00:00,17,13.929203220299842,83.61716357717773,14.5,83.25,13.375,14.625,83.125,84.125,6,4500.421051712625,17.419540405273438,999.83349609375,4.133578300476074,-2.8938705921173096,7,102.0,p21
2021-05-25 06:00:00,17,16.479299186254114,87.26344513276388,17.75,87.0,11.625,20.875,84.125,91.125,549,407390.1636698438,28.34341049194336,981.08544921875,8.933283805847168,-9.86909294128418,4,102.0,p21
2021-05-25 12:00:00,18,12.05927293808323,86.15792253274813,14.0,83.0,9.875,14.125,82.875,89.375,242,182869.91240911867,19.059640884399414,997.6126708984375,4.611018657684326,-3.8555078506469727,1,108.0,p21
2021-05-25 12:00:00,18,17.431661653860942,86.92797891157674,17.75,86.5,14.625,20.875,83.875,90.625,435,320637.03222902014,46.055240631103516,976.0946044921875,18.432537078857422,-10.416865348815918,4,108.0,p21
2021-05-25 18:00:00,19,13.101604149179192,85.48877482879651,14.5,82.5,11.375,14.625,82.375,88.625,176,132470.72586749512,19.626047134399414,998.4766235351562,4.513645648956299,-4.083701133728027,1,114.0,p21
2021-05-25 18:00:00,19,17.69820351590579,87.10716893760282,18.5,86.5,14.625,20.375,83.875,90.625,420,309159.00484437245,39.08374786376953,976.630615234375,16.665983200073242,-11.45380687713623,4,114.0,p21
2021-05-26 00:00:00,20,17.96859947733358,87.12079122560498,19.25,86.75,12.625,21.375,83.875,90.375,526,387426.6392217093,34.14896774291992,975.67333984375,17.538129806518555,-11.464481353759766,4,120.0,p21
2021-05-26 06:00:00,21,18.437327460437878,86.61921444019163,19.75,86.25,15.625,21.375,84.125,89.875,312,229059.39382002957,33.6495246887207,979.6409912109375,15.624536514282227,-9.825316429138184,4,126.0,p21
2021-05-26 12:00:00,22,18.301046242438446,85.85966290686211,19.75,86.25,16.875,20.125,83.875,87.875,146,107122.42588095233,27.311336517333984,981.9681396484375,12.980040550231934,-7.832428455352783,4,132.0,p21
2021-05-26 18:00:00,23,18.561714479488284,86.93872809892513,20.25,86.5,16.875,20.375,84.125,90.125,205,150198.15916776384,25.307876586914062,986.5013427734375,13.10137939453125,-7.239151954650879,4,138.0,p21
2021-05-27 00:00:00,24,18.72348422576871,87.3556443274862,19.5,86.75,17.625,19.625,84.625,89.875,81,59282.89669462864,18.755083084106445,988.6575927734375,6.605669975280762,-6.376563549041748,4,144.0,p21
2021-05-22 18:00:00,7,13.614023187260585,91.78677824410585,14.0,91.25,12.875,14.125,91.125,92.625,22,16523.857052509793,22.60875701904297,1002.6768798828125,5.596022129058838,-2.5491693019866943,0,42.0,p22
2021-05-23 00:00:00,8,14.076766106875382,92.55583421401217,15.0,91.75,13.375,15.125,91.625,93.125,17,12743.162833665294,18.527185440063477,999.5970458984375,4.707913875579834,-3.584301471710205,0,48.0,p22
2021-05-23 06:00:00,9,12.978013572730267,93.51785378381,13.5,93.25,12.375,13.625,93.125,93.875,10,7530.299819884845,18.319442749023438,1001.1956787109375,5.1503376960754395,-4.134437084197998,1,54.0,p22
2021-05-23 06:00:00,9,14.628218798508337,91.8283112129596,15.0,92.25,14.125,15.125,91.375,92.375,10,7477.264227512131,18.97422981262207,998.3621215820312,4.656744480133057,-4.7973198890686035,0,54.0,p22
2021-05-23 12:00:00,10,12.018561312575617,93.30875022273774,12.5,93.0,11.375,12.625,92.125,94.125,13,9826.286896633464,20.040056228637695,1001.614990234375,5.326879501342773,-3.3864927291870117,1,60.0,p22
2021-05-23 12:00:00,10,13.625492630734866,94.83320389778785,14.0,94.5,13.125,14.125,94.375,95.125,6,4506.095326609828,17.595195770263672,1000.112548828125,4.87519645690918,-4.2492547035217285,2,60.0,p22
2021-05-23 12:00:00,10,14.183665022169965,91.94211918494318,15.0,92.5,13.125,15.125,90.875,93.125,44,32966.89538245409,20.13312530517578,995.4742431640625,5.021607875823975,-5.745970249176025,0,60.0,p22
2021-05-23 18:00:00,11,12.27409824507995,91.28110059391818,14.75,92.0,10.625,14.875,88.625,94.375,149,112472.37745457739,21.276498794555664,998.2760009765625,5.2444682121276855,-4.94136381149292,1,66.0,p22
2021-05-23 18:00:00,11,15.299519731914966,93.174442969765,15.5,92.75,14.625,16.125,92.625,93.875,20,14907.233293578582,20.7802677154541,993.9031982421875,5.487940788269043,-6.713042736053467,2,66.0,p22
2021-05-23 18:00:00,11,16.464377665686683,92.31978253945769,16.25,92.0,16.125,16.875,91.875,92.625,7,5187.548794414774,18.358787536621094,993.9384155273438,5.083978176116943,-5.923573017120361,0,66.0,p22
2021-05-24 00:00:00,12,13.792917953955056,91.91928030365057,15.25,91.5,10.375,17.125,88.125,95.375,428,321300.2642415642,26.57407569885254,988.0197143554688,8.312825202941895,-8.253432273864746,1,72.0,p22
2021-05-24 00:00:00,12,14.153374782110442,95.97443597421004,14.75,95.5,13.625,14.875,95.375,96.625,16,11988.68186589129,18.759296417236328,1001.8372802734375,5.910822868347168,-3.64227032661438,2,72.0,p22
2021-05-24 06:00:00,13,14.37343872696172,91.22161005908178,15.75,91.0,10.125,18.125,86.625,95.125,694,519862.8074265388,36.348358154296875,983.6502075195312,10.592989921569824,-10.300639152526855,1,78.0,p22
2021-05-24 06:00:00,13,15.418212776940166,88.8752795163405,15.5,89.25,15.125,15.625,88.375,89.375,6,4469.773225427725,17.8449764251709,990.68701171875,4.018612861633301,-7.193866729736328,3,78.0,p22
2021-05-24 12:00:00,14,14.570247812919094,91.00233675406847,16.25,90.25,9.875,18.625,86.125,95.375,881,659631.5296092287,37.681514739990234,977.5582275390625,13.36485481262207,-11.909077644348145,1,84.0,p22
2021-05-24 18:00:00,15,10.22652087608181,88.61668449329906,10.5,88.25,9.875,10.625,87.875,89.375,13,9886.22538614929,19.188488006591797,1003.480224609375,4.05267858505249,-3.0568060874938965,4,90.0,p22
2021-05-24 18:00:00,15,11.176882116342135,85.87153557678104,12.0,87.0,10.375,12.125,84.875,87.125,22,16677.48586901406,19.665943145751953,1001.0306396484375,4.299270153045654,-3.491956949234009,5,90.0,p22
2021-05-24 18:00:00,15,15.861485208312333,89.52655211965326,16.5,89.75,10.375,20.375,83.625,95.125,748,556958.8255008098,54.93140411376953,976.4097900390625,18.245878219604492,-12.501755714416504,1,90.0,p22
2021-05-25 00:00:00,16,15.878420480182356,88.88101885397101,17.25,89.25,10.125,20.375,83.875,92.875,806,600555.4179758286,53.56110382080078,975.476806640625,17.184484481811523,-11.9154052734375,1,96.0,p22
2021-05-25 06:00:00,17,16.461700487303883,89.67233130595243,18.0,89.0,10.625,20.125,86.125,93.625,757,562450.0271706089,39.90088653564453,977.2859497070312,14.275639533996582,-11.676340103149414,1,102.0,p22
2021-05-25 12:00:00,18,12.314750457191296,89.23133775324851,13.0,89.75,11.625,13.125,87.375,91.375,54,40767.82963796719,17.97565460205078,1000.552490234375,4.0194478034973145,-3.0477726459503174,6,108.0,p22
2021-05-25 12:00:00,18,18.45334556488118,88.94316749356354,18.75,88.5,15.125,22.125,85.875,91.875,474,347454.3796833978,46.329833984375,974.2965087890625,20.414161682128906,-11.992146492004395,1,108.0,p22
2021-05-25 18:00:00,19,13.037114355257593,84.66784220589163,14.0,85.25,12.125,14.125,82.875,85.875,35,26349.869923887687,17.805370330810547,1001.5779418945312,4.190066814422607,-2.5541043281555176,7,114.0,p22
2021-05-25 18:00:00,19,18.942401462801623,88.67554026650714,19.75,88.25,15.375,22.125,84.625,91.875,465,340085.443101949,38.728431701660156,976.4339599609375,16.756092071533203,-11.178711891174316,1,114.0,p22
2021-05-26 00:00:00,20,14.52489482817798,85.03868639593968,16.5,83.5,13.375,16.625,83.125,87.875,122,91277.44837413366,19.204246520996094,996.44580078125,4.837674617767334,-3.3004326820373535,7,120.0,p22
2021-05-26 00:00:00,20,19.279502558025147,88.38184222244384,20.25,88.0,16.125,22.125,84.875,91.375,383,279653.5312924401,40.27473068237305,978.8317260742188,18.59768295288086,-10.1752290725708,1,120.0,p22
2021-05-26 06:00:00,21,14.811785508928077,87.80461321882127,16.25,85.5,13.625,16.375,85.375,89.375,75,56036.99158768728,18.017581939697266,1001.4174194335938,4.2030439376831055,-2.5973434448242188,7,126.0,p22
2021-05-26 06:00:00,21,19.657322659996563,88.30471525991099,20.75,87.25,16.625,21.875,85.625,91.875,306,223029.68112645752,34.31984329223633,982.387451171875,18.455656051635742,-9.28615665435791,1,126.0,p22
2021-05-26 12:00:00,22,17.325977554551272,87.80191828975849,17.5,86.75,16.875,17.625,86.625,89.125,22,16230.142255845472,18.2825870513916,996.9728393554688,5.823306083679199,-2.71148681640625,7,132.0,p22
2021-05-26 12:00:00,22,20.486626253965188,87.39539573826366,21.0,87.0,19.125,21.875,85.375,89.875,128,92663.07851933772,36.14081954956055,982.7927856445312,20.310256958007812,-8.333715438842773,1,132.0,p22
2021-05-26 18:00:00,23,20.90786936882896,87.39156306763806,21.75,86.75,19.375,22.375,85.625,88.875,82,59221.206637598065,30.664138793945312,987.45458984375,16.854413986206055,-7.159114837646484,1,138.0,p22
2021-05-27 00:00:00,24,20.77166380273781,87.59190651276253,21.75,86.75,19.625,21.875,86.625,88.625,50,36125.6031862351,20.871959686279297,988.7449951171875,10.654486656188965,-6.332369804382324,1,144.0,p22
2021-05-22 12:00:00,6,13.974482096303579,91.53290232676373,15.0,90.75,13.125,15.125,89.125,93.125,59,44246.40493730756,23.742874145507812,1000.4829711914062,6.090340614318848,-2.7480850219726562,0,36.0,p23
2021-05-22 18:00:00,7,14.548599120725486,91.93639080069238,16.0,91.25,12.375,16.625,90.375,93.125,99,74060.74866310532,21.38689613342285,996.8649291992188,5.498530864715576,-4.52440881729126,0,42.0,p23
2021-05-23 00:00:00,8,11.955124948619588,86.7985220129896,12.75,86.25,10.875,12.875,85.125,88.625,63,47630.03659396905,21.10727310180664,1001.0795288085938,4.522595405578613,-2.6100757122039795,1,48.0,p23
2021-05-23 00:00:00,8,15.333528045569187,91.6448060008346,16.5,90.75,13.125,17.875,89.875,93.625,122,90984.32829727854,25.896411895751953,993.7642822265625,7.2218122482299805,-4.908143520355225,0,48.0,p23
2021-05-23 06:00:00,9,12.368113836226296,88.36361952613018,14.5,89.5,10.625,14.625,86.125,90.875,119,89839.99364981576,22.95140266418457,999.549560546875,5.485483169555664,-3.721123695373535,1,54.0,p23
2021-05-23 06:00:00,9,16.127263782564953,91.4678909740238,17.0,90.0,14.875,17.625,89.375,93.375,89,66072.6009250172,24.8289737701416,993.7575073242188,6.73696756362915,-5.593329429626465,0,54.0,p23
2021-05-23 06:00:00,9,17.30958909565116,89.46425146843008,17.0,90.0,16.375,17.875,88.875,90.375,19,14017.886401774582,22.930091857910156,993.6295166015625,6.5536580085754395,-5.486816883087158,2,54.0,p23
2021-05-23 12:00:00,10,15.390438717576558,90.16495255512474,17.25,89.5,10.875,18.875,86.625,93.125,408,304272.12087520346,30.51756477355957,989.12744140625,10.879447937011719,-6.609995365142822,0,60.0,p23
2021-05-23 18:00:00,11,12.982865910966046,91.53619926111276,14.25,90.5,11.375,14.375,90.375,92.625,70,52709.37053862959,23.354000091552734,1000.5949096679688,5.735630512237549,-3.5450057983398438,3,66.0,p23
2021-05-23 18:00:00,11,17.623940130122953,88.96322903812775,18.0,88.5,14.875,19.625,86.625,92.375,232,171039.20590580153,27.016935348510742,987.4732666015625,10.928375244140625,-7.590033054351807,0,66.0,p23
2021-05-24 00:00:00,12,17.938418003965012,92.63447730932863,17.0,92.0,16.125,19.625,91.875,93.375,55,40437.71407376801,18.832359313964844,997.91357421875,6.864307880401611,-3.4227311611175537,4,72.0,p23
2021-05-24 00:00:00,12,17.95091019695129,87.42295364704933,18.0,87.25,14.875,20.625,85.375,90.875,276,203004.40294036502,38.74242401123047,984.12158203125,14.44612979888916,-8.35265064239502,0,72.0,p23
2021-05-24 06:00:00,13,17.366849460974155,87.00929642713167,18.5,87.0,13.375,20.125,84.625,90.625,360,265997.97021068877,40.04161071777344,982.5804443359375,14.600255966186523,-8.925268173217773,0,78.0,p23
2021-05-24 06:00:00,13,20.344291580771632,90.45244398984805,18.75,87.0,18.625,21.375,86.875,93.125,72,52169.75873901365,20.72244644165039,993.3004760742188,8.703600883483887,-5.134698390960693,4,78.0,p23
2021-05-24 12:00:00,14,15.976650073195295,90.0326377458003,16.25,89.75,15.625,16.375,89.625,90.625,9,6686.397371973731,18.50181007385254,999.6910400390625,5.421076774597168,-2.372246503829956,5,84.0,p23
2021-05-24 12:00:00,14,18.092246043806554,86.85354243403357,19.25,86.75,15.625,20.625,83.875,91.125,327,240314.68228182726,40.53165817260742,979.0702514648438,16.55626678466797,-8.799056053161621,0,84.0,p23
2021-05-24 12:00:00,14,18.65160963504239,90.69011753216886,19.25,90.5,18.125,19.375,90.375,91.125,9,6590.052237213745,18.87220001220703,997.5502319335938,7.605967044830322,-2.66754412651062,4,84.0,p23
2021-05-24 18:00:00,15,14.02872255011497,83.15074054115755,14.5,83.5,13.375,14.625,82.625,83.625,11,8247.05567340233,17.6838321685791,1000.6529541015625,4.3706440925598145,-2.2772722244262695,6,90.0,p23
2021-05-24 18:00:00,15,18.675781158352237,87.02925778800085,20.0,86.5,16.625,21.125,84.625,90.125,261,191196.30596920976,32.69628143310547,981.4529418945312,16.656023025512695,-9.353986740112305,0,90.0,p23
2021-05-25 00:00:00,16,15.61317138396095,83.21084789638954,16.5,82.25,14.125,16.875,82.125,84.375,80,59559.95804154803,20.32670021057129,995.9382934570312,6.445140838623047,-3.4563565254211426,6,96.0,p23
2021-05-25 00:00:00,16,19.74747267500098,87.54983183002663,20.75,86.5,18.125,21.875,84.625,91.125,222,161447.76164566484,34.20685577392578,981.3527221679688,16.249238967895508,-9.192914962768555,0,96.0,p23
2021-05-25 06:00:00,17,18.737129178771397,88.7048619133753,19.0,88.0,18.375,19.125,87.875,89.375,14,10245.643026436277,17.966751098632812,998.1760864257812,6.608657360076904,-3.3902339935302734,7,102.0,p23
2021-05-25 06:00:00,17,20.529633495550968,87.55712240293269,21.5,86.25,18.875,22.125,85.375,90.125,116,83956.27614232525,24.626853942871094,986.9781494140625,12.486207962036133,-7.2609968185424805,0,102.0,p23
2021-05-25 12:00:00,18,19.764069274133586,87.25336354779122,21.0,86.0,18.875,21.125,85.375,89.625,53,38537.0010072857,21.636659622192383,991.7330322265625,8.94620418548584,-4.429843425750732,0,108.0,p23
2021-05-25 18:00:00,19,19.556060785158213,87.27098361696771,19.75,86.5,19.125,19.875,86.375,88.125,13,9466.354335710761,18.673044204711914,998.082763671875,6.281031608581543,-2.6947903633117676,0,114.0,p23
2021-05-23 12:00:00,10,12.3267012240631,91.82196253560296,12.5,91.5,11.875,12.625,90.875,92.625,14,10569.522042857356,19.627832412719727,1002.8361206054688,5.167096138000488,-2.431999444961548,0,60.0,p24
2021-05-23 12:00:00,10,13.14523959307148,94.24839059717584,14.25,93.5,12.125,14.375,93.375,95.125,31,23325.407737695612,21.73204803466797,1002.5032958984375,6.405610084533691,-2.563196897506714,1,60.0,p24
2021-05-23 18:00:00,11,13.884271357072135,94.22814628175186,14.75,93.25,13.125,14.875,93.125,95.375,29,21755.553167921422,20.55510139465332,1002.800048828125,5.450536251068115,-3.042947769165039,1,66.0,p24
2021-05-24 00:00:00,12,11.564683499010792,89.00318280019383,12.25,89.75,10.875,12.375,88.125,90.125,17,12870.272350443898,17.61824607849121,1001.4821166992188,3.5178487300872803,-2.9673805236816406,2,72.0,p24
2021-05-24 12:00:00,14,13.359395821596744,91.41356776099374,14.0,90.25,12.875,14.125,90.125,92.375,21,15788.990517435694,18.311264038085938,997.631591796875,4.281267166137695,-4.60499382019043,3,84.0,p24
2021-05-24 12:00:00,14,14.083081644595405,87.26710399205614,14.75,88.0,13.375,14.875,86.375,88.125,25,18738.447814628144,18.32594108581543,998.4043579101562,4.338134288787842,-3.445888042449951,4,84.0,p24
2021-05-24 12:00:00,14,14.96570525710084,91.24889748246167,15.5,90.0,13.875,16.125,88.875,92.375,34,25391.277054622657,23.9588623046875,994.96923828125,7.3720269203186035,-5.23272180557251,5,84.0,p24
2021-05-24 18:00:00,15,12.423530449019468,89.22385273185591,12.75,89.5,12.125,12.875,88.625,89.875,10,7546.671081725525,18.195510864257812,999.613525390625,3.763620138168335,-4.291409969329834,3,90.0,p24
2021-05-24 18:00:00,15,15.915019105153224,90.11456713310797,16.0,89.25,13.625,17.625,87.375,91.625,91,67679.64246250426,22.909929275512695,992.8903198242188,7.035713195800781,-5.733241081237793,5,90.0,p24
2021-05-25 00:00:00,16,8.911376567071958,89.16121808680451,9.5,88.75,8.375,9.625,88.625,89.625,14,10688.045926898967,18.077091217041016,1003.1049194335938,3.50232195854187,-2.8225584030151367,3,96.0,p24
2021-05-25 00:00:00,16,12.58332150598606,84.70545330255247,12.75,85.25,12.375,12.875,84.125,85.375,6,4525.236598199944,17.50538444519043,1000.6281127929688,3.433265209197998,-2.7225522994995117,6,96.0,p24
2021-05-25 00:00:00,16,15.887756911507102,87.96061059175506,16.25,88.75,13.375,18.625,84.875,90.625,201,149440.6003723772,23.923254013061523,989.2840576171875,6.424598217010498,-6.808405876159668,5,96.0,p24
2021-05-25 06:00:00,17,8.628562546722465,85.61883523248142,8.75,85.25,8.375,8.875,85.125,86.125,6,4584.170666489109,17.82578468322754,1005.145263671875,3.355917453765869,-2.1561532020568848,3,102.0,p24
2021-05-25 06:00:00,17,10.242276939756177,83.75643720478489,10.5,84.0,9.875,10.625,83.375,84.125,7,5323.0273858550145,17.720691680908203,1003.835205078125,3.8661930561065674,-2.4362237453460693,6,102.0,p24
2021-05-25 06:00:00,17,15.53577735342085,87.54643660471446,16.75,88.25,10.875,19.625,83.375,90.875,569,424333.23251815804,30.96281623840332,986.5592041015625,8.889957427978516,-8.597429275512695,5,102.0,p24
2021-05-25 12:00:00,18,16.82737513269506,88.14284903326646,17.75,87.75,11.625,20.875,84.875,91.375,534,395754.9513592067,33.735801696777344,980.1853637695312,13.52377986907959,-9.61402416229248,5,108.0,p24
2021-05-25 18:00:00,19,12.906329201948349,82.56841425460824,14.0,81.75,11.625,14.125,81.125,84.375,59,44442.02572809851,18.124574661254883,997.8139038085938,4.420810222625732,-3.7211318016052246,7,114.0,p24
2021-05-25 18:00:00,19,14.595377800877628,90.20233826570724,15.0,89.75,13.875,15.125,89.625,90.875,14,10469.784339543612,17.4146671295166,998.473876953125,3.821263074874878,-3.905754327774048,8,114.0,p24
2021-05-25 18:00:00,19,17.657283794653296,87.55909225685151,18.0,87.5,14.125,21.125,84.875,91.625,397,292668.1711367869,40.50213623046875,978.3758544921875,15.258437156677246,-10.99445915222168,5,114.0,p24
2021-05-26 00:00:00,20,7.445186938634591,85.04272544987211,8.25,83.5,6.625,8.375,82.625,86.875,76,58233.110603911235,19.09996795654297,1002.6231079101562,3.4192018508911133,-3.0077881813049316,9,120.0,p24
2021-05-26 00:00:00,20,17.8884628203101,87.62148314810614,18.75,87.75,12.625,21.375,83.875,90.875,480,353976.2630613303,43.76924133300781,975.9810791015625,17.5714111328125,-11.476275444030762,5,120.0,p24
2021-05-26 06:00:00,21,8.45117599299167,87.00264750520252,11.0,89.75,6.375,11.125,83.625,89.875,181,138332.61263047543,19.118425369262695,1002.9773559570312,3.658684492111206,-3.4906413555145264,9,126.0,p24
2021-05-26 06:00:00,21,13.323534154868593,85.50979304051513,14.0,85.25,12.625,14.125,84.875,86.125,21,15791.072761717784,17.410097122192383,998.0814208984375,3.430809736251831,-4.287740230560303,10,126.0,p24
2021-05-26 06:00:00,21,13.429817692716796,87.99982698795367,13.75,88.25,13.125,13.875,87.625,88.375,7,5261.470263061222,17.274614334106445,998.5833740234375,3.490790843963623,-4.359112739562988,11,126.0,p24
2021-05-26 06:00:00,21,18.72979489808296,88.43814709827382,19.5,87.75,14.125,21.875,85.375,91.375,485,355671.43360283435,33.67759704589844,974.3473510742188,13.878121376037598,-12.26360034942627,5,126.0,p24
2021-05-26 12:00:00,22,11.638501541524946,87.32791482536594,16.0,84.0,6.375,16.125,83.875,90.375,494,373666.45008244494,19.654468536376953,994.917236328125,4.448530673980713,-4.225532054901123,11,132.0,p24
2021-05-26 12:00:00,22,19.855349929761378,88.07801689962679,20.25,87.5,17.375,21.875,85.375,91.125,280,203584.22666074813,40.1832160949707,973.6112670898438,19.033889770507812,-11.95331859588623,5,132.0,p24
2021-05-26 12:00:00,22,21.74690318242132,91.2438996631947,21.25,90.75,21.125,22.125,90.625,91.875,8,5741.990732366843,18.15470314025879,994.7132568359375,9.343794822692871,-3.911487340927124,12,132.0,p24
2021-05-26 18:00:00,23,6.238015342523142,84.10274598807428,7.0,83.75,5.375,7.125,82.625,85.375,56,43017.08282717644,18.6538028717041,1005.243896484375,3.346153736114502,-2.517894744873047,13,138.0,p24
2021-05-26 18:00:00,23,14.941449053363732,85.38873526564072,16.5,84.25,10.125,17.375,81.875,88.875,214,159816.48064345404,18.6544132232666,994.2039184570312,5.806684494018555,-4.759714603424072,14,138.0,p24
2021-05-26 18:00:00,23,17.628060280785405,89.62088980816662,17.75,89.25,17.375,17.875,89.125,90.125,8,5891.943050770953,17.634140014648438,995.2418823242188,5.25962495803833,-4.593352794647217,5,138.0,p24
2021-05-26 18:00:00,23,20.48840605986605,88.12645406896299,20.75,87.25,18.375,22.375,85.625,90.875,224,162308.64973988445,31.218107223510742,978.02587890625,16.088319778442383,-10.682802200317383,12,138.0,p24
2021-05-27 00:00:00,24,7.24545357630704,87.00369656970517,7.5,87.5,6.625,7.625,86.375,87.625,8,6132.670821465492,17.621057510375977,1004.6576538085938,3.2756214141845703,-2.1003057956695557,13,144.0,p24
2021-05-27 00:00:00,24,7.778707605260789,88.7192543697948,8.0,88.5,7.375,8.125,88.375,89.125,8,6125.196269990626,17.244962692260742,1004.2516479492188,3.3294036388397217,-2.4335403442382812,15,144.0,p24
2021-05-27 00:00:00,24,15.057761532548712,86.42483172937628,16.25,84.75,13.125,16.375,84.125,87.875,120,89565.53172051042,19.092378616333008,993.5616455078125,4.602288722991943,-4.690805912017822,14,144.0,p24
2021-05-27 00:00:00,24,20.636910509344286,87.57682068634082,21.25,86.5,19.125,22.125,85.625,90.375,106,76656.78663134729,28.048694610595703,979.4576416015625,18.71581268310547,-9.994436264038086,5,144.0,p24
2021-05-27 00:00:00,24,22.453590928591716,86.14344407755999,21.75,86.5,21.625,23.125,85.375,87.125,22,15711.699425341501,20.909622192382812,981.3956298828125,18.7448673248291,-9.93216609954834,12,144.0,p24
2021-05-23 00:00:00,8,14.788535192856953,93.58123376427173,15.0,93.25,14.375,15.125,92.875,94.125,11,8218.579848920186,22.50615692138672,1002.849609375,6.798147201538086,-2.377708673477173,0,48.0,p25
2021-05-23 06:00:00,9,15.639657368245262,92.97891885876192,15.75,92.5,15.375,15.875,92.125,93.875,9,6697.436996997269,17.842357635498047,1002.46728515625,4.568958759307861,-2.9296298027038574,0,54.0,p25
2021-05-23 18:00:00,11,14.861544610395171,93.33436799372345,15.75,92.5,13.875,15.875,92.375,94.125,18,13445.744823087385,22.246610641479492,1001.6949462890625,6.169223308563232,-3.0864338874816895,1,66.0,p25
2021-05-24 00:00:00,12,13.444746364525415,91.41975780538976,16.25,91.25,11.125,16.625,87.875,93.875,119,89488.3889456265,22.137693405151367,998.3672485351562,6.396348476409912,-3.927509069442749,1,72.0,p25
2021-05-24 06:00:00,13,11.450670219085561,90.57563036750686,11.75,90.0,11.125,11.875,89.875,91.125,10,7573.8602828566545,17.772253036499023,1001.947509765625,3.6484172344207764,-3.648237943649292,2,78.0,p25
2021-05-24 06:00:00,13,12.500801162593076,92.00207842105338,12.75,91.75,12.125,12.875,91.625,92.375,7,5281.1335903388535,17.733848571777344,1001.7667236328125,3.97792387008667,-3.7021820545196533,1,78.0,p25
2021-05-24 06:00:00,13,15.992871238092427,92.46808059454538,16.25,90.75,12.875,18.625,90.375,94.125,178,132257.1121927427,25.36776351928711,993.2531127929688,7.0127081871032715,-6.227832317352295,3,78.0,p25
2021-05-24 12:00:00,14,11.75268760951954,87.3105939204109,12.0,87.75,11.375,12.125,86.875,87.875,8,6052.582892510079,18.087093353271484,999.9129028320312,4.139321804046631,-3.6312525272369385,2,84.0,p25
2021-05-24 12:00:00,14,16.282029144320546,91.92821311150996,16.25,90.0,11.375,18.875,89.625,93.875,198,146958.26738344078,20.35220718383789,990.1065063476562,7.421063423156738,-6.440058708190918,3,84.0,p25
2021-05-24 18:00:00,15,7.838364238585257,88.53049487253294,8.5,89.25,7.125,8.625,87.625,89.375,29,22200.53064240582,17.448528289794922,1004.8986206054688,3.5221920013427734,-2.8381221294403076,4,90.0,p25
2021-05-24 18:00:00,15,10.333483773443298,88.20966226925405,10.5,88.5,10.125,10.625,87.625,88.625,6,4561.40525174389,17.221534729003906,1002.668212890625,3.4307193756103516,-3.5654494762420654,2,90.0,p25
2021-05-24 18:00:00,15,11.237341459293956,90.26532463454195,13.75,89.5,8.625,13.875,88.125,92.125,91,68967.11145770243,18.95109748840332,998.517822265625,4.341147422790527,-5.170158386230469,5,90.0,p25
2021-05-24 18:00:00,15,17.039263197248886,90.16913620736693,16.0,89.5,14.125,19.125,87.375,93.625,204,150801.14558865374,20.1165828704834,990.6906127929688,6.227232933044434,-7.083313465118408,3,90.0,p25
2021-05-25 00:00:00,16,9.072560429712356,91.0196095283633,11.0,89.5,7.625,11.125,89.125,93.375,122,93091.88230244943,19.24864387512207,1000.422119140625,4.446555137634277,-4.255086421966553,5,96.0,p25
2021-05-25 00:00:00,16,9.383659682100683,85.3864517715343,9.75,86.0,8.625,9.875,84.625,86.125,16,12198.991494734886,20.740503311157227,1002.3389282226562,4.351594924926758,-2.654174327850342,2,96.0,p25
2021-05-25 00:00:00,16,16.076769842259075,89.06557341695944,16.0,88.75,10.625,19.875,83.125,93.625,601,446756.25414175005,26.590665817260742,986.1149291992188,7.16935396194458,-8.1534423828125,3,96.0,p25
2021-05-25 06:00:00,17,7.932328629474433,87.8997953626467,8.5,89.0,7.375,8.625,86.625,89.125,21,16072.348284784823,19.130002975463867,1004.5978393554688,3.845219373703003,-3.0027220249176025,2,102.0,p25
2021-05-25 06:00:00,17,12.638809231559174,93.89536516980641,13.5,93.5,11.625,13.625,93.375,94.875,20,15081.148558972685,18.563077926635742,1001.3082275390625,4.876513481140137,-4.119743347167969,6,102.0,p25
2021-05-25 06:00:00,17,15.005222837142094,87.8859837407693,16.0,87.75,9.875,19.625,84.125,91.375,681,508964.7627781806,35.32538986206055,981.6570434570312,9.384445190429688,-10.774561882019043,3,102.0,p25
2021-05-25 12:00:00,18,15.741783297712779,87.18014389550355,16.25,87.25,12.375,19.125,84.375,90.375,413,307409.4263288429,33.47462463378906,978.544189453125,9.949386596679688,-11.35153579711914,3,108.0,p25
2021-05-25 18:00:00,19,8.410480367233607,87.56174047495269,9.25,88.5,6.625,9.375,85.875,89.875,64,48924.222966190726,18.027469635009766,1003.6493530273438,3.6526613235473633,-3.4493818283081055,7,114.0,p25
2021-05-25 18:00:00,19,15.89962865959516,87.01491849175736,16.5,87.0,11.125,19.375,83.875,90.375,572,425813.67953464366,46.94416427612305,976.3753662109375,15.112692832946777,-12.35488224029541,3,114.0,p25
2021-05-26 00:00:00,20,7.567843301036505,84.90686547619839,8.5,84.0,6.625,8.625,83.125,86.125,29,22215.192575984234,17.2961483001709,1002.8936157226562,3.0516464710235596,-2.72420334815979,7,120.0,p25
2021-05-26 00:00:00,20,9.51183028471596,83.96196714489211,9.75,84.75,9.125,9.875,83.125,84.875,14,10669.777976470674,17.360246658325195,1001.921630859375,4.20085334777832,-2.847240447998047,8,120.0,p25
2021-05-26 00:00:00,20,9.734826435007104,81.74006926604923,10.25,81.25,9.125,10.375,80.625,82.875,24,18279.392013650995,18.523530960083008,1002.171630859375,3.814272165298462,-2.2220633029937744,9,120.0,p25
2021-05-26 00:00:00,20,10.624075600544003,82.50120590479185,10.75,82.75,10.375,10.875,82.125,82.875,6,4557.11121141116,17.372888565063477,1001.5216674804688,3.30619478225708,-2.481386423110962,10,120.0,p25
2021-05-26 00:00:00,20,15.92066714854945,87.23464017214205,17.25,87.25,10.625,20.625,83.125,90.875,820,610756.4464181915,42.91429138183594,972.9896240234375,14.429130554199219,-12.604668617248535,3,120.0,p25
2021-05-26 06:00:00,21,7.279159097697609,84.23308287267666,8.0,83.25,6.375,8.125,82.875,85.625,46,35261.56836226675,19.00408363342285,1005.2489013671875,3.6998140811920166,-2.1716010570526123,7,126.0,p25
2021-05-26 06:00:00,21,9.486619417581423,88.8592688389891,10.25,87.0,8.625,10.375,86.875,90.625,44,33535.278834947436,17.426116943359375,1004.1788940429688,3.531940221786499,-2.512152910232544,11,126.0,p25
2021-05-26 06:00:00,21,16.356723197408265,87.42411119408662,18.0,86.75,9.625,21.125,82.125,91.875,1064,791205.9073888502,34.94442367553711,973.2208862304688,12.355403900146484,-12.492049217224121,3,126.0,p25
2021-05-26 12:00:00,22,17.137449574469816,87.07786142104382,18.25,86.25,12.375,20.875,82.875,91.625,705,521347.4650305008,42.17182922363281,972.3884887695312,17.374658584594727,-11.447989463806152,3,132.0,p25
2021-05-26 18:00:00,23,15.28554464463907,81.94149295220906,15.75,81.0,14.625,15.875,80.625,83.625,21,15659.13446658972,19.814538955688477,996.9004516601562,11.189166069030762,-3.3421788215637207,12,138.0,p25
2021-05-26 18:00:00,23,17.79663723101167,87.23081567019602,18.75,86.25,14.125,21.125,83.875,91.125,587,432500.4864198855,38.10627746582031,976.008544921875,16.50165557861328,-11.577070236206055,3,138.0,p25
2021-05-27 00:00:00,24,18.536957764638153,86.57812827897992,19.75,86.0,14.375,21.875,81.375,90.625,560,411259.0871053034,38.34273910522461,977.4141235351562,23.1420955657959,-10.726901054382324,3,144.0,p25
2021-05-22 18:00:00,7,14.384515437937848,93.96267389989393,15.0,94.5,13.625,15.125,92.625,95.125,40,29944.14425887187,24.733205795288086,1001.78662109375,7.048477649688721,-3.666923999786377,0,42.0,p26
2021-05-22 18:00:00,7,14.99630449251139,96.00487582182711,15.25,95.75,14.625,15.375,95.625,96.375,9,6717.899370297993,19.824983596801758,1002.4346313476562,6.801482200622559,-3.5793418884277344,1,42.0,p26
2021-05-23 00:00:00,8,15.347690546441914,95.69395522810122,16.5,94.75,14.375,16.625,94.125,96.875,51,38012.25818132707,20.884754180908203,1000.0445556640625,7.35715389251709,-4.059327125549316,1,48.0,p26
2021-05-23 06:00:00,9,14.913044878089615,93.47919594195794,16.25,94.0,13.375,16.375,89.875,96.625,123,91872.5523499544,20.796998977661133,1000.2380981445312,7.44352912902832,-4.4119696617126465,1,54.0,p26
2021-05-23 12:00:00,10,14.3491629402622,93.52406079275832,15.25,93.75,13.125,15.375,92.125,94.625,48,35943.63923366211,25.198007583618164,999.3072509765625,7.311512470245361,-4.139764785766602,1,60.0,p26
2021-05-24 00:00:00,12,11.375353636207471,89.75344934819934,11.5,90.0,11.125,11.625,89.375,90.125,6,4545.530518249877,17.291465759277344,1003.2835693359375,3.4700183868408203,-2.2597692012786865,2,72.0,p26
2021-05-24 00:00:00,12,13.752529206614142,94.50992939765092,14.75,93.5,12.375,14.875,93.375,95.875,51,38284.98581691728,18.574079513549805,999.5811767578125,5.443606376647949,-4.335753440856934,3,72.0,p26
2021-05-24 00:00:00,12,14.17316563096572,88.50014184472434,14.5,89.0,13.625,14.625,87.875,89.125,18,13486.680245686126,20.079050064086914,999.99560546875,4.465922832489014,-2.7548904418945312,4,72.0,p26
2021-05-24 06:00:00,13,12.228997356195281,91.73130817105205,15.0,92.25,9.875,15.125,88.875,94.625,228,172207.38358864238,20.17377471923828,997.9556274414062,5.415470123291016,-5.1871232986450195,2,78.0,p26
2021-05-24 06:00:00,13,15.676088680693827,90.34235021576222,17.25,92.5,14.125,17.625,87.625,93.125,141,104915.18420982145,19.654855728149414,992.605224609375,5.259903907775879,-6.242980003356934,4,78.0,p26
2021-05-24 06:00:00,13,16.0493892348879,96.64244768700405,16.75,96.0,15.125,16.875,95.875,97.375,26,19313.252001160203,19.731481552124023,1001.4595947265625,7.61074161529541,-4.252779960632324,3,78.0,p26
2021-05-24 12:00:00,14,10.321551704013642,89.99940541366249,10.5,90.25,9.875,10.625,89.625,90.375,7,5321.827394282391,17.29791831970215,1003.3092041015625,3.7182953357696533,-2.272723436355591,2,84.0,p26
2021-05-24 12:00:00,14,14.169852699495733,87.76724357628832,15.25,88.25,12.875,15.375,87.125,88.375,29,21728.622997239294,20.55242156982422,998.530029296875,5.115158557891846,-2.9495222568511963,5,84.0,p26
2021-05-24 12:00:00,14,15.420407543885664,91.34794219541642,17.5,92.5,10.625,18.875,88.625,93.625,385,287144.2178484739,26.33254051208496,987.9652099609375,8.718010902404785,-8.551508903503418,4,84.0,p26
2021-05-24 18:00:00,15,16.75877622875724,91.57530851552654,17.75,92.0,13.375,19.625,89.375,93.375,241,178428.44385649014,30.52801513671875,987.4735717773438,10.45784854888916,-8.249726295471191,4,90.0,p26
2021-05-25 00:00:00,16,11.798954168832145,85.47619849602893,12.25,86.25,10.875,12.375,84.375,86.375,32,24205.186554515047,17.491844177246094,1001.4573364257812,3.463841438293457,-2.504077434539795,6,96.0,p26
2021-05-25 00:00:00,16,12.826149630533978,87.36732158053043,14.25,86.75,11.625,14.375,86.125,88.625,55,41438.61462599679,18.316967010498047,998.7273559570312,3.675077438354492,-3.2430200576782227,7,96.0,p26
2021-05-25 00:00:00,16,15.508430356540993,85.95199220013016,15.75,85.75,14.875,15.875,85.375,86.375,6,4467.928510455327,17.108413696289062,996.225341796875,3.9697225093841553,-3.809868335723877,8,96.0,p26
2021-05-25 00:00:00,16,18.42842336469947,91.22595037294052,18.75,91.5,15.875,20.625,88.375,93.375,231,169398.44019664708,29.466270446777344,986.4193115234375,11.321857452392578,-7.389179229736328,4,96.0,p26
2021-05-25 06:00:00,17,12.675343747373125,88.47876566305385,15.75,86.0,8.875,15.875,84.375,92.375,457,344550.5743605944,20.52617645263672,998.0145263671875,4.658279895782471,-4.038393020629883,7,102.0,p26
2021-05-25 06:00:00,17,19.59422598200957,90.48155336488313,19.5,90.25,17.625,21.375,88.375,92.625,179,130341.17238354639,31.736591339111328,985.384521484375,14.033919334411621,-8.356001853942871,4,102.0,p26
2021-05-25 12:00:00,18,11.551307301088332,89.43112452877284,14.0,88.75,8.375,14.125,86.125,92.625,378,286140.12236075057,19.217870712280273,997.7098388671875,4.477633953094482,-4.003786563873291,7,108.0,p26
2021-05-25 12:00:00,18,20.00757275779163,89.25076106869128,20.0,89.5,17.875,21.875,86.875,91.375,202,146669.96578751138,34.05583190917969,983.73583984375,15.60240364074707,-8.419148445129395,4,108.0,p26
2021-05-25 18:00:00,19,12.676188119092881,87.57030780102599,16.5,85.0,9.875,16.625,83.375,92.125,420,316595.98329923814,18.69549560546875,996.6798706054688,4.450190544128418,-3.9991421699523926,7,114.0,p26
2021-05-25 18:00:00,19,12.749474516783806,95.1695844328699,13.0,94.75,12.375,13.125,94.625,95.625,6,4522.2743289223245,17.4106388092041,1002.1378173828125,4.594018459320068,-4.390406131744385,9,114.0,p26
2021-05-25 18:00:00,19,16.50527654209434,84.65594251785124,16.5,85.0,16.125,16.875,84.125,85.125,6,4445.665672333238,18.177288055419922,996.3538208007812,5.153932094573975,-3.765933036804199,10,114.0,p26
2021-05-25 18:00:00,19,20.278192099113106,88.40064249585433,20.25,88.75,18.375,22.125,86.375,90.875,143,103636.50908411047,34.0731315612793,986.4498291015625,14.625345230102539,-7.425650119781494,4,114.0,p26
2021-05-26 00:00:00,20,13.423647430547957,86.11593597849864,16.75,84.75,9.875,17.875,81.875,89.875,665,499856.3682829464,21.874011993408203,993.8353271484375,6.111917018890381,-4.35072660446167,7,120.0,p26
2021-05-26 00:00:00,20,20.5399544047434,88.47075304794107,20.75,88.25,19.125,21.875,86.625,90.875,129,93351.34904495064,40.37256622314453,984.9193115234375,16.75452423095703,-7.688836097717285,4,120.0,p26
2021-05-26 00:00:00,20,21.76074946086882,91.10767805950584,21.5,90.75,21.375,22.125,90.625,91.625,6,4306.506732051942,17.69890785217285,993.63134765625,8.139904975891113,-4.738246440887451,11,120.0,p26
2021-05-26 06:00:00,21,7.59600813920353,86.85074802720666,8.0,87.5,7.125,8.125,85.875,87.625,16,12255.746796280206,17.81737518310547,1005.5145263671875,3.347740411758423,-2.3321046829223633,12,126.0,p26
2021-05-26 06:00:00,21,12.29487135251977,86.96088035490753,15.5,86.5,9.625,15.625,83.625,90.125,303,228721.70974526007,19.1149845123291,997.3345336914062,3.9652931690216064,-4.498444080352783,7,126.0,p26
2021-05-26 06:00:00,21,21.125151625910863,88.45477744749469,21.5,88.0,19.875,22.375,86.875,90.125,86,62015.945043671694,30.50899887084961,987.73046875,14.924689292907715,-7.3210859298706055,4,126.0,p26
2021-05-26 12:00:00,22,20.739453971788887,87.29382348641826,21.25,87.25,19.875,21.375,86.625,88.125,27,19512.078930271542,21.04109764099121,987.802490234375,10.30799388885498,-6.2288713455200195,4,132.0,p26
2021-05-26 18:00:00,23,16.57655369478244,85.59925614127,17.0,85.0,16.125,17.125,84.875,86.125,12,8888.409033786738,18.459104537963867,995.6310424804688,5.189567565917969,-3.947725772857666,13,138.0,p26
2021-05-27 00:00:00,24,15.297129389037023,86.30210133620363,18.0,85.75,11.625,18.125,82.375,89.375,421,314079.8525153995,21.466697692871094,994.20654296875,6.524515151977539,-4.152489185333252,13,144.0,p26
2021-05-27 00:00:00,24,21.84239481057102,90.9793838599638,21.75,90.5,21.375,22.375,90.375,91.375,12,8607.97468675793,18.51456069946289,996.4905395507812,8.49788761138916,-3.4723808765411377,14,144.0,p26
2021-05-22 18:00:00,7,14.36118999171619,94.50381287881763,15.75,94.25,12.875,15.875,91.125,96.625,101,75633.76255277274,22.06834602355957,1000.542724609375,7.88634729385376,-4.375764846801758,0,42.0,p27
2021-05-23 00:00:00,8,14.105818921927913,94.68926986037405,15.0,94.25,13.125,15.125,93.375,95.875,40,29979.49779312367,20.959903717041016,999.9240112304688,6.604320526123047,-3.8087944984436035,0,48.0,p27
2021-05-23 06:00:00,9,15.818823563529778,94.1698127395142,16.0,94.0,15.375,16.125,93.125,94.875,16,11897.28707668195,21.916711807250977,999.0859375,8.718600273132324,-5.166797637939453,0,54.0,p27
2021-05-23 12:00:00,10,16.52721057337125,93.9723300852685,17.5,93.25,15.625,17.625,93.125,94.625,13,9633.812534268609,20.45847511291504,996.0554809570312,8.001962661743164,-5.584757328033447,0,60.0,p27
2021-05-23 18:00:00,11,15.463035968027524,91.99030399828663,17.25,92.5,13.125,18.625,88.625,94.625,167,124424.00809070465,21.234403610229492,995.6370849609375,6.1117119789123535,-5.279909610748291,0,66.0,p27
2021-05-24 00:00:00,12,12.887581445494964,89.81820728358733,14.25,91.0,11.875,14.375,88.125,91.125,51,38416.63909614249,18.95125389099121,1001.7329711914062,3.9516189098358154,-2.496068239212036,1,72.0,p27
2021-05-24 00:00:00,12,16.190817327239852,91.81672437920867,17.0,92.25,14.375,18.375,89.375,94.375,149,110628.68673910921,20.549930572509766,993.447021484375,6.856075286865234,-5.437753200531006,0,72.0,p27
2021-05-24 06:00:00,13,12.999580980726465,93.45433272319553,13.25,93.25,12.625,13.375,93.125,93.875,6,4517.752030578132,17.56279754638672,1004.8275146484375,4.76275110244751,-2.1688082218170166,1,78.0,p27
2021-05-24 06:00:00,13,15.222287629469417,91.41981165277107,17.25,91.5,11.375,19.625,88.625,93.625,367,273843.6979971783,27.69798469543457,993.1122436523438,7.586913108825684,-5.795982837677002,0,78.0,p27
2021-05-24 06:00:00,13,18.01436417797149,91.09391677015405,17.5,91.25,17.375,18.625,90.875,91.375,8,5879.495657583919,18.902734756469727,993.1171264648438,6.1765289306640625,-5.220931529998779,2,78.0,p27
2021-05-24 12:00:00,14,16.943651046352297,91.30349835562436,17.75,91.25,13.375,19.875,87.875,93.875,336,248647.028668601,24.313030242919922,989.1299438476562,10.480707168579102,-6.53494119644165,2,84.0,p27
2021-05-24 18:00:00,15,15.178962483724524,86.77023797893905,15.5,86.25,14.625,15.625,86.125,87.625,10,7458.178804504187,18.249984741210938,1000.7045288085938,4.269761085510254,-2.6201062202453613,3,90.0,p27
2021-05-24 18:00:00,15,18.02254370962473,89.75646641489593,18.25,90.0,16.125,20.125,88.125,91.625,152,111688.18043945928,33.86806106567383,990.5845336914062,11.842472076416016,-6.322218418121338,2,90.0,p27
2021-05-25 00:00:00,16,12.830403781141863,88.78813205434406,13.0,89.0,12.375,13.375,87.875,89.875,19,14315.986768897757,17.590139389038086,1001.15087890625,3.46099853515625,-2.8126907348632812,4,96.0,p27
2021-05-25 00:00:00,16,13.024374221675519,86.92751663714222,13.0,86.25,12.625,13.375,86.125,87.625,10,7528.840166524841,17.3310546875,1001.2548217773438,3.369333505630493,-2.5726749897003174,3,96.0,p27
2021-05-25 00:00:00,16,17.514508375947507,89.07624217818024,18.25,89.5,15.625,19.375,85.125,91.375,202,148917.64315797552,34.51326370239258,989.3029174804688,12.2640380859375,-6.349141597747803,2,96.0,p27
2021-05-25 06:00:00,17,12.265390330211494,86.43221425194717,13.0,87.0,11.375,13.125,85.875,87.125,22,16612.75422033295,17.542343139648438,1003.8037719726562,3.433187246322632,-2.135652542114258,3,102.0,p27
2021-05-25 06:00:00,17,14.336370086098702,87.87283204822906,14.5,88.25,14.125,14.625,87.375,88.375,6,4492.2781730532015,18.7342472076416,1002.6597900390625,4.06474494934082,-2.327432632446289,4,102.0,p27
2021-05-25 06:00:00,17,16.3231564697253,87.10114306821217,17.25,89.0,14.625,17.375,84.875,89.125,93,68980.95187839904,21.91391372680664,995.2437744140625,6.264739036560059,-4.976151943206787,5,102.0,p27
2021-05-25 06:00:00,17,18.56520192566922,89.48917614222023,18.75,89.25,16.875,20.125,87.375,91.375,124,90860.82080911452,30.440635681152344,990.1157836914062,10.719454765319824,-6.628856658935547,2,102.0,p27
2021-05-25 12:00:00,18,18.68888466191851,88.97775714457607,19.25,88.75,16.125,20.875,86.875,90.875,212,155271.46524611267,23.80317497253418,987.2185668945312,9.30798053741455,-6.8192853927612305,2,108.0,p27
2021-05-25 18:00:00,19,18.871289297843983,88.50280824144306,19.75,89.0,17.625,20.375,86.625,90.625,100,73110.59005079007,25.2561092376709,989.6079711914062,9.707972526550293,-6.497076511383057,2,114.0,p27
2021-05-26 00:00:00,20,16.44876526593647,85.6055367413018,16.75,85.25,15.875,16.875,84.875,86.125,13,9635.073308529569,18.612834930419922,997.76708984375,4.668876647949219,-2.9994821548461914,6,120.0,p27
2021-05-26 00:00:00,20,19.682394562038663,89.02750605628515,20.25,89.25,18.375,21.125,86.375,91.375,159,115622.46434782766,29.50465965270996,987.3370971679688,11.890671730041504,-6.650961399078369,2,120.0,p27
2021-05-26 06:00:00,21,20.23971025719988,89.19142686764737,21.0,89.0,18.625,21.875,87.125,91.125,151,109477.65494915654,27.21863555908203,988.97412109375,11.958029747009277,-6.915297031402588,2,126.0,p27
2021-05-26 12:00:00,22,20.96932606855265,88.73719721923192,21.5,88.75,19.875,22.125,87.625,90.125,56,40419.485327191534,34.645137786865234,988.1983032226562,15.247742652893066,-6.475945949554443,2,132.0,p27
2021-05-26 18:00:00,23,21.268852520140054,88.37282253246273,22.0,88.5,20.375,22.125,87.375,89.375,38,27376.455748190667,25.621028900146484,990.393798828125,10.225240707397461,-6.148316860198975,2,138.0,p27
2021-05-27 00:00:00,24,17.983440265738114,86.02634374310036,18.25,85.75,17.625,18.375,85.375,86.625,12,8820.362397315854,18.975751876831055,995.9114990234375,6.000087738037109,-3.472496271133423,7,144.0,p27
2021-05-27 00:00:00,24,19.05186939573364,87.57691522293936,19.25,86.75,18.625,19.375,86.625,88.375,10,7304.441743570574,17.867219924926758,995.1814575195312,6.082883834838867,-3.8958563804626465,8,144.0,p27
2021-05-27 00:00:00,24,21.91740079526555,88.0892698506567,22.0,87.75,21.125,22.625,87.375,88.625,22,15784.02934112415,23.31832504272461,990.0675048828125,15.240113258361816,-5.752098083496094,2,144.0,p27
2021-05-27 00:00:00,24,22.789875693909337,87.37391466130323,22.5,87.75,22.375,23.125,86.875,87.875,6,4274.568326687289,18.211660385131836,990.6195068359375,15.630006790161133,-5.579556941986084,9,144.0,p27
2021-05-22 06:00:00,5,13.221820499058868,89.52433775144338,14.0,89.75,12.375,14.125,88.125,90.625,35,26330.972173220078,20.91895294189453,1001.702392578125,4.570894241333008,-2.8661108016967773,0,30.0,p28
2021-05-22 12:00:00,6,14.326824557432175,91.23160865189695,15.25,90.5,12.875,15.375,88.375,93.375,99,74131.30058505,24.929698944091797,998.6832885742188,7.279165267944336,-3.335925340652466,0,36.0,p28
2021-05-22 18:00:00,7,15.782157916837502,92.01443189133107,17.0,91.0,13.625,18.125,89.625,94.125,136,101171.59923888292,24.307817459106445,996.6071166992188,6.838350772857666,-4.457972049713135,0,42.0,p28
2021-05-23 00:00:00,8,16.161637321300457,92.09614344356343,17.75,91.0,14.625,17.875,90.375,93.375,66,48999.62310900139,19.64034080505371,994.0067749023438,6.092816352844238,-4.584834098815918,0,48.0,p28
2021-05-23 06:00:00,9,12.749735494950853,90.62612186738227,13.0,90.5,12.375,13.125,90.375,90.875,6,4522.2599792793735,17.208471298217773,1001.4417114257812,3.512861728668213,-3.4257705211639404,1,54.0,p28
2021-05-23 06:00:00,9,15.140047933165356,92.50500084305627,16.5,92.0,14.125,16.625,91.875,93.125,34,25360.855595868354,17.90505599975586,998.3504638671875,4.510376930236816,-4.148329734802246,0,54.0,p28
2021-05-23 06:00:00,9,17.67255617519536,88.664848517406,18.0,89.0,17.375,18.125,88.375,89.125,6,4417.922330779075,18.080224990844727,994.56494140625,5.443225383758545,-5.036490440368652,2,54.0,p28
2021-05-23 06:00:00,9,19.63644364474066,91.65528602989652,19.25,91.0,19.125,20.125,90.875,92.625,17,12373.296251785432,18.19915771484375,995.1136474609375,6.4986796379089355,-4.546794891357422,3,54.0,p28
2021-05-23 12:00:00,10,13.752211863181667,91.04182124777721,15.75,89.75,12.375,15.875,87.375,93.875,142,106592.72181975856,22.419416427612305,998.713623046875,5.292287349700928,-3.7703771591186523,1,60.0,p28
2021-05-23 12:00:00,10,18.187648963243298,88.73180495856062,18.5,89.25,16.625,19.875,87.125,90.625,106,77815.80818997431,24.207311630249023,988.8975830078125,8.94205093383789,-6.2574944496154785,2,60.0,p28
2021-05-23 18:00:00,11,14.698308443975586,91.7952575722816,17.5,88.75,11.875,17.625,88.375,94.375,136,101721.946864812,21.818191528320312,999.6060791015625,6.240579605102539,-3.675189971923828,1,66.0,p28
2021-05-23 18:00:00,11,17.60970826653756,88.78048069633826,18.75,88.75,15.375,20.125,86.625,90.625,200,147418.70447328864,26.13957977294922,987.8820190429688,8.985041618347168,-7.052093029022217,2,66.0,p28
2021-05-24 00:00:00,12,17.978476597004192,88.58157226535597,19.0,88.75,13.625,20.625,86.625,91.125,256,188364.6464538033,26.185352325439453,984.0863037109375,9.844904899597168,-8.269609451293945,2,72.0,p28
2021-05-24 06:00:00,13,12.733314254651523,87.92900138922599,13.25,87.5,12.125,13.375,87.375,88.375,10,7537.798679932953,18.270126342773438,1001.7341918945312,3.681119918823242,-3.057103157043457,4,78.0,p28
2021-05-24 06:00:00,13,14.686650707827365,85.20245945923544,15.0,84.75,14.125,15.125,84.375,85.875,18,13455.607543626675,17.76349449157715,998.84423828125,3.846376895904541,-3.5206475257873535,5,78.0,p28
2021-05-24 06:00:00,13,14.92158104974074,89.96070734855604,15.5,89.5,14.375,15.625,89.375,90.375,12,8960.61886628912,18.377973556518555,999.1522827148438,4.328795909881592,-3.652498245239258,6,78.0,p28
2021-05-24 06:00:00,13,19.19221356590162,89.19641584456352,19.75,88.5,15.375,22.125,86.625,92.875,374,273111.6687658534,31.39866065979004,982.3742065429688,12.8969144821167,-9.588773727416992,2,78.0,p28
2021-05-24 12:00:00,14,10.416437397995892,90.93294714161495,10.75,90.25,9.875,10.875,90.125,92.125,22,16720.381361367858,19.00471305847168,1003.0892944335938,4.26518440246582,-2.344459295272827,7,84.0,p28
2021-05-24 12:00:00,14,15.230472379012351,90.28960688893562,15.5,90.5,14.875,15.625,89.875,90.625,8,5965.31701480582,19.318809509277344,998.037353515625,5.335054397583008,-3.3476791381835938,6,84.0,p28
2021-05-24 12:00:00,14,19.573680575532364,88.25456058812684,20.25,88.25,17.375,21.875,85.875,90.625,245,178320.69397043274,29.788267135620117,980.1173706054688,13.83930492401123,-9.674241065979004,2,84.0,p28
2021-05-24 18:00:00,15,19.746787445639445,88.13204598692568,20.5,87.75,17.375,22.375,85.125,91.375,277,201470.9019025106,35.26901626586914,980.366943359375,16.042116165161133,-9.286623001098633,2,90.0,p28
2021-05-25 00:00:00,16,15.393495443654992,84.6849358336583,17.0,84.5,13.375,17.125,82.875,86.375,88,65580.54131846342,19.195026397705078,994.375732421875,5.005932807922363,-4.138212203979492,8,96.0,p28
2021-05-25 00:00:00,16,20.435865352895316,87.93412679829835,21.25,87.25,18.625,22.375,85.875,90.375,173,125309.64135112443,28.941530227661133,979.8517456054688,18.616655349731445,-9.886648178100586,2,96.0,p28
2021-05-25 06:00:00,17,20.424079409216827,87.59442521407242,21.5,86.5,19.625,21.625,86.375,88.875,44,31870.984392257047,20.896419525146484,985.2718505859375,11.139132499694824,-8.215291976928711,2,102.0,p28
2021-05-25 12:00:00,18,20.007807738956252,86.83973740129767,21.25,86.25,19.125,21.375,85.375,87.875,36,26131.374694671533,21.295867919921875,990.0945434570312,9.782245635986328,-5.2124152183532715,2,108.0,p28
2021-05-25 18:00:00,19,20.97619090835667,88.26058960968453,21.5,87.0,20.125,21.625,86.875,89.625,47,33910.75449424626,21.534273147583008,994.20556640625,8.270954132080078,-4.198862075805664,2,114.0,p28
2021-05-26 06:00:00,21,12.415047670209113,95.04442838044628,12.75,95.5,12.125,12.875,94.625,95.625,6,4528.141426812657,17.701702117919922,1005.471435546875,4.898096084594727,-2.305047035217285,9,126.0,p28
2021-05-25 06:00:00,17,15.555424518757704,88.85749684382574,16.0,89.25,14.875,16.125,88.125,89.375,16,11911.732673059025,18.80678367614746,1000.2625122070312,4.404840469360352,-3.1611738204956055,0,102.0,p29
2021-05-25 12:00:00,18,15.107152536897757,88.96679088450065,16.25,90.0,13.875,16.375,87.125,90.875,86,64172.351294216634,24.067453384399414,996.12158203125,7.169236183166504,-4.044580459594727,0,108.0,p29
2021-05-25 18:00:00,19,14.49614224482255,89.9568412499466,16.5,90.0,12.625,17.125,87.625,91.875,149,111495.40633634586,22.596904754638672,995.2730712890625,5.590412616729736,-4.857394218444824,0,114.0,p29
2021-05-26 00:00:00,20,12.064467490676076,96.65248168925798,13.75,94.5,10.875,13.875,94.375,98.375,117,88414.44642135772,18.2027587890625,1003.566650390625,6.885034561157227,-3.4520809650421143,1,120.0,p29
2021-05-26 00:00:00,20,14.29671756572142,89.67705874370117,16.0,90.25,10.625,17.625,85.875,92.875,451,337890.1881271661,27.09440803527832,992.0346069335938,7.2767815589904785,-5.8047661781311035,0,120.0,p29
2021-05-26 00:00:00,20,15.808568837204934,83.49905231145874,16.0,83.25,15.375,16.125,82.625,84.375,10,7435.687361460153,18.624412536621094,999.6566162109375,4.957151889801025,-2.1251614093780518,2,120.0,p29
2021-05-26 06:00:00,21,12.820479769083203,91.22490340638173,16.75,91.0,7.875,17.875,83.125,98.375,1017,766464.2311776202,27.467662811279297,991.6420288085938,9.376153945922852,-6.582796573638916,0,126.0,p29
2021-05-26 12:00:00,22,11.275917412767951,94.36570420415883,12.0,93.0,10.375,12.125,92.875,95.875,46,34860.70714601042,17.77105140686035,1002.418701171875,5.011569023132324,-3.0075650215148926,3,132.0,p29
2021-05-26 12:00:00,22,14.847713030949683,91.10022480865055,17.0,91.0,10.625,20.375,85.625,94.875,517,386752.3461326555,31.82594108581543,988.45263671875,10.880778312683105,-7.509604454040527,0,132.0,p29
2021-05-26 12:00:00,22,17.969226315556423,90.78231778563848,17.25,91.0,17.125,18.875,89.875,91.625,18,13234.844063469405,18.18607521057129,987.9246826171875,7.3051981925964355,-7.096997261047363,4,132.0,p29
2021-05-26 18:00:00,23,13.99857991664926,83.71320531832438,15.25,84.25,12.625,15.375,82.375,85.125,56,41994.028770945544,18.667009353637695,999.2296142578125,4.557040691375732,-2.6793549060821533,5,138.0,p29
2021-05-26 18:00:00,23,15.416579021851618,91.57598446161539,17.25,91.0,10.375,19.375,88.125,94.375,536,399480.1598943289,24.878271102905273,987.025634765625,7.620828151702881,-8.180861473083496,0,138.0,p29
2021-05-27 00:00:00,24,9.820504441991348,88.03636358521742,10.0,87.5,9.625,10.125,87.375,88.625,7,5330.096980310644,17.233997344970703,1003.6858520507812,3.194775342941284,-2.1740593910217285,6,144.0,p29
2021-05-27 00:00:00,24,14.686502058190221,90.119498028394,17.5,91.0,10.375,19.625,83.125,95.625,992,742688.128294725,31.456449508666992,984.1779174804688,10.134791374206543,-8.052717208862305,0,144.0,p29
2021-05-22 18:00:00,7,12.746354924480249,91.49147828735035,13.75,91.25,11.875,13.875,89.875,92.625,41,30904.235232906503,20.75896644592285,1001.4609985351562,5.006060600280762,-3.5732736587524414,0,42.0,p30
2021-05-23 00:00:00,8,12.399873383168714,91.44081140541338,13.75,92.0,10.875,13.875,89.875,92.875,79,59632.0638862364,25.610586166381836,999.0285034179688,5.985809803009033,-4.301463603973389,0,48.0,p30
2021-05-23 00:00:00,8,12.846859624673165,88.65416517892966,13.25,89.5,12.375,13.375,87.875,89.625,13,9794.463769527052,18.538557052612305,1001.700439453125,3.774733543395996,-2.6668412685394287,1,48.0,p30
2021-05-23 00:00:00,8,14.857404555043964,94.19841759805537,15.75,93.25,13.375,16.875,93.125,95.375,61,45563.98514720671,23.621858596801758,997.138916015625,7.373161315917969,-4.972581386566162,2,48.0,p30
2021-05-23 06:00:00,9,12.280899497753056,92.57158615170961,14.25,92.75,9.625,14.375,89.125,95.375,199,150329.9108121579,25.073171615600586,997.2513427734375,7.399264812469482,-6.110831260681152,0,54.0,p30
2021-05-23 06:00:00,9,17.135006111821664,93.09862938054246,16.25,92.75,16.125,17.875,91.875,93.875,31,22892.620538193707,23.388835906982422,995.9296875,6.489350318908691,-5.765323638916016,2,54.0,p30
2021-05-23 12:00:00,10,11.406728037711831,92.00366265571851,11.5,92.5,11.125,11.625,91.375,92.625,8,6060.042330964943,17.44327735900879,1002.024658203125,4.2589616775512695,-3.2802700996398926,0,60.0,p30
2021-05-23 12:00:00,10,13.378981825323079,92.11604980203089,15.5,92.75,10.125,16.125,88.625,95.125,224,168388.8873271045,21.698665618896484,993.706298828125,6.487973213195801,-7.115911960601807,3,60.0,p30
2021-05-23 18:00:00,11,11.233691678052741,93.59940129559398,11.75,93.25,10.625,11.875,93.125,94.125,13,9853.42071146324,17.35110092163086,1000.893798828125,4.313351154327393,-5.128829479217529,0,66.0,p30
2021-05-23 18:00:00,11,13.029104017236408,91.30442985611319,15.5,92.5,9.375,15.875,87.875,95.125,296,222905.47873838808,27.93790626525879,990.2586059570312,7.5417704582214355,-9.121655464172363,3,66.0,p30
2021-05-23 18:00:00,11,14.504121946751118,97.07096734448281,14.75,96.75,14.125,14.875,96.625,97.375,7,5237.056166081429,18.533349990844727,1002.1690063476562,6.692715644836426,-4.335287094116211,4,66.0,p30
2021-05-23 18:00:00,11,15.873731700625747,96.55007799071137,16.0,96.0,15.375,16.375,95.875,97.125,16,11893.541162447413,20.123851776123047,998.6602172851562,8.580729484558105,-5.970552921295166,5,66.0,p30
2021-05-23 18:00:00,11,17.20347885182781,92.6037334354323,16.5,92.75,16.375,17.875,91.125,94.125,38,28049.883569813454,18.981569290161133,992.2714233398438,5.65997314453125,-7.591370105743408,6,66.0,p30
2021-05-24 00:00:00,12,13.820188223379747,92.59629679916264,15.75,92.25,9.375,18.375,87.125,97.625,788,591607.511553359,27.71119499206543,983.4960327148438,9.327129364013672,-10.75818157196045,3,72.0,p30
2021-05-24 06:00:00,13,14.335083751672725,92.41910402451518,16.0,92.25,9.375,18.875,86.875,97.375,934,699689.9734294754,38.17861557006836,978.37646484375,11.957839012145996,-13.363814353942871,3,78.0,p30
2021-05-24 12:00:00,14,15.091135005491806,91.97598184156962,16.75,92.0,9.625,19.875,86.875,95.875,891,666125.0967084027,40.73103713989258,971.1347045898438,14.895843505859375,-16.284317016601562,3,84.0,p30
2021-05-24 18:00:00,15,15.543074208156456,91.35004885630595,17.75,91.25,10.375,20.375,84.125,97.125,1095,817571.6543101175,41.37552261352539,970.826904296875,14.141658782958984,-14.477375030517578,3,90.0,p30
2021-05-25 00:00:00,16,16.459418024985595,89.80232255871873,18.5,90.25,10.125,21.375,83.375,94.125,1228,913352.7534169074,54.16428756713867,970.9625244140625,22.632577896118164,-12.998239517211914,3,96.0,p30
2021-05-25 06:00:00,17,17.553582257033764,89.40298609854501,19.5,89.25,11.875,21.875,83.875,93.125,887,655867.950708914,48.87413787841797,973.6492309570312,21.101762771606445,-13.039999008178711,3,102.0,p30
2021-05-25 12:00:00,18,13.938210559095085,88.68223188703625,14.25,88.25,13.625,14.375,88.125,89.375,12,9000.17630527043,17.576553344726562,998.8785400390625,3.9782986640930176,-3.163472890853882,7,108.0,p30
2021-05-25 12:00:00,18,15.182880476615097,87.06681921334635,15.5,86.5,14.875,15.625,86.375,87.625,11,8203.751216052282,17.306121826171875,996.8897094726562,4.218001842498779,-3.479015827178955,8,108.0,p30
2021-05-25 12:00:00,18,15.444262490288557,89.54777779950723,16.0,88.25,14.375,16.125,88.125,90.875,45,33523.31358330753,17.550960540771484,997.5409545898438,5.096055030822754,-3.346842050552368,3,108.0,p30
2021-05-25 12:00:00,18,19.718196074712658,89.09580262757474,20.0,88.75,16.375,22.375,86.125,91.625,318,231442.58412921324,41.74723434448242,973.044921875,20.529930114746094,-12.665411949157715,9,108.0,p30
2021-05-25 18:00:00,19,20.35049743566594,88.67114106940818,20.75,88.25,18.125,22.625,85.375,91.875,288,208666.4989946636,41.89802551269531,977.9436645507812,18.718332290649414,-10.560704231262207,9,114.0,p30
2021-05-26 00:00:00,20,15.859003525181592,85.461841454894,16.0,85.0,15.625,16.125,84.875,86.125,7,5203.525246384839,17.471986770629883,997.2896118164062,4.190918445587158,-3.21126127243042,10,120.0,p30
2021-05-26 00:00:00,20,20.646365548770614,87.8490201542262,21.25,87.5,18.125,22.625,85.875,90.875,215,155628.39227447318,34.09458923339844,980.4815673828125,18.417564392089844,-9.685103416442871,9,120.0,p30
2021-05-26 06:00:00,21,15.057024572896278,84.58373278847478,15.25,85.0,14.625,15.375,83.875,85.125,9,6716.168192592252,17.385425567626953,1000.2539672851562,3.8243322372436523,-2.8065435886383057,10,126.0,p30
2021-05-26 06:00:00,21,20.43906632561629,87.21616426895798,21.0,86.75,19.125,21.875,85.375,88.625,96,69535.37615990883,29.472219467163086,986.7579956054688,15.231206893920898,-7.495045185089111,9,126.0,p30
2021-05-26 12:00:00,22,20.636133059193952,87.8097875392877,21.0,86.5,19.625,22.125,86.375,88.875,54,39047.87541060797,20.746267318725586,989.96533203125,10.652876853942871,-5.255164623260498,9,132.0,p30
