{"type": "FeatureCollection", "features": [{"type": "Feature", "geometry": {"type": "Polygon", "coordinates": [[[81.375, 15.125], [81.625, 15.125], [81.625, 15.375], [81.375, 15.375], [81.375, 15.125]]]}, "properties": {"time": "2014-10-12T06:00:00", "variable": "ws", "tier": "low", "percentile": 99.2, "z": 3.62, "wind_ms": 11.04, "value": 11.04, "lat": 15.25, "lon": 81.5}}, {"type": "Feature", "geometry": {"type": "Polygon", "coordinates": [[[81.625, 15.125], [81.875, 15.125], [81.875, 15.375], [81.625, 15.375], [81.625, 15.125]]]}, "properties": {"time": "2014-10-12T06:00:00", "variable": "ws", "tier": "low", "percentile": 100.0, "z": 3.68, "wind_ms": 11.44, "value": 11.44, "lat": 15.25, "lon": 81.75}}, {"type": "Feature", "geometry": {"type": "Polygon", "coordinates": [[[81.875, 15.125], [82.125, 15.125], [82.125, 15.375], [81.875, 15.375], [81.875, 15.125]]]}, "properties": {"time": "2014-10-12T06:00:00", "variable": "ws", "tier": "low", "percentile": 100.0, "z": 3.77, "wind_ms": 11.81, "value": 11.81, "lat": 15.25, "lon": 82.0}}, {"type": "Feature", "geometry": {"type": "Polygon", "coordinates": [[[82.125, 15.125], [82.375, 15.125], [82.375, 15.375], [82.125, 15.375], [82.125, 15.125]]]}, "properties": {"time": "2014-10-12T06:00:00", "variable": "ws", "tier": "low", "percentile": 100.0, "z": 3.84, "wind_ms": 12.25, "value": 12.25, "lat": 15.25, "lon": 82.25}}, {"type": "Feature", "geometry": {"type": "Polygon", "coordinates": [[[82.375, 15.125], [82.625, 15.125], [82.625, 15.375], [82.375, 15.375], [82.375, 15.125]]]}, "properties": {"time": "2014-10-12T06:00:00", "variable": "ws", "tier": "low", "percentile": 100.0, "z": 3.88, "wind_ms": 12.79, "value": 12.79, "lat": 15.25, "lon": 82.5}}, {"type": "Feature", "geometry": {"type": "Polygon", "coordinates": [[[82.625, 15.125], [82.875, 15.125], [82.875, 15.375], [82.625, 15.375], [82.625, 15.125]]]}, "properties": {"time": "2014-10-12T06:00:00", "variable": "ws", "tier": "low", "percentile": 100.0, "z": 3.9, "wind_ms": 13.15, "value": 13.15, "lat": 15.25, "lon": 82.75}}, {"type": "Feature", "geometry": {"type": "Polygon", "coordinates": [[[82.875, 15.125], [83.125, 15.125], [83.125, 15.375], [82.875, 15.375], [82.875, 15.125]]]}, "properties": {"time": "2014-10-12T06:00:00", "variable": "ws", "tier": "low", "percentile": 100.0, "z": 4.0, "wind_ms": 13.6, "value": 13.6, "lat": 15.25, "lon": 83.0}}, {"type": "Feature", "geometry": {"type": "Polygon", "coordinates": [[[83.125, 15.125], [83.375, 15.125], [83.375, 15.375], [83.125, 15.375], [83.125, 15.125]]]}, "properties": {"time": "2014-10-12T06:00:00", "variable": "ws", "tier": "low", "percentile": 100.0, "z": 4.01, "wind_ms": 13.93, "value": 13.93, "lat": 15.25, "lon": 83.25}}, {"type": "Feature", "geometry": {"type": "Polygon", "coordinates": [[[83.375, 15.125], [83.625, 15.125], [83.625, 15.375], [83.375, 15.375], [83.375, 15.125]]]}, "properties": {"time": "2014-10-12T06:00:00", "variable": "ws", "tier": "low", "percentile": 100.0, "z": 4.03, "wind_ms": 14.36, "value": 14.36, "lat": 15.25, "lon": 83.5}}, {"type": "Feature", "geometry": {"type": "Polygon", "coordinates": [[[83.625, 15.125], [83.875, 15.125], [83.875, 15.375], [83.625, 15.375], [83.625, 15.125]]]}, "properties": {"time": "2014-10-12T06:00:00", "variable": "ws", "tier": "low", "percentile": 100.0, "z": 4.1, "wind_ms": 14.91, "value": 14.91, "lat": 15.25, "lon": 83.75}}, {"type": "Feature", "geometry": {"type": "Polygon", "coordinates": [[[83.875, 15.125], [84.125, 15.125], [84.125, 15.375], [83.875, 15.375], [83.875, 15.125]]]}, "properties": {"time": "2014-10-12T06:00:00", "variable": "ws", "tier": "low", "percentile": 100.0, "z": 4.07, "wind_ms": 14.95, "value": 14.95, "lat": 15.25, "lon": 84.0}}, {"type": "Feature", "geometry": {"type": "Polygon", "coordinates": [[[84.125, 15.125], [84.375, 15.125], [84.375, 15.375], [84.125, 15.375], [84.125, 15.125]]]}, "properties": {"time": "2014-10-12T06:00:00", "variable": "ws", "tier": "low", "percentile": 100.0, "z": 3.95, "wind_ms": 14.86, "value": 14.86, "lat": 15.25, "lon": 84.25}}, {"type": "Feature", "geometry": {"type": "Polygon", "coordinates": [[[84.375, 15.125], [84.625, 15.125], [84.625, 15.375], [84.375, 15.375], [84.375, 15.125]]]}, "properties": {"time": "2014-10-12T06:00:00", "variable": "ws", "tier": "low", "percentile": 100.0, "z": 3.79, "wind_ms": 14.64, "value": 14.64, "lat": 15.25, "lon": 84.5}}, {"type": "Feature", "geometry": {"type": "Polygon", "coordinates": [[[84.625, 15.125], [84.875, 15.125], [84.875, 15.375], [84.625, 15.375], [84.625, 15.125]]]}, "properties": {"time": "2014-10-12T06:00:00", "variable": "ws", "tier": "low", "percentile": 100.0, "z": 3.65, "wind_ms": 14.51, "value": 14.51, "lat": 15.25, "lon": 84.75}}, {"type": "Feature", "geometry": {"type": "Polygon", "coordinates": [[[84.875, 15.125], [85.125, 15.125], [85.125, 15.375], [84.875, 15.375], [84.875, 15.125]]]}, "properties": {"time": "2014-10-12T06:00:00", "variable": "ws", "tier": "low", "percentile": 100.0, "z": 3.73, "wind_ms": 14.85, "value": 14.85, "lat": 15.25, "lon": 85.0}}, {"type": "Feature", "geometry": {"type": "Polygon", "coordinates": [[[85.125, 15.125], [85.375, 15.125], [85.375, 15.375], [85.125, 15.375], [85.125, 15.125]]]}, "properties": {"time": "2014-10-12T06:00:00", "variable": "ws", "tier": "low", "percentile": 100.0, "z": 3.84, "wind_ms": 15.2, "value": 15.2, "lat": 15.25, "lon": 85.25}}, {"type": "Feature", "geometry": {"type": "Polygon", "coordinates": [[[85.375, 15.125], [85.625, 15.125], [85.625, 15.375], [85.375, 15.375], [85.375, 15.125]]]}, "properties": {"time": "2014-10-12T06:00:00", "variable": "ws", "tier": "low", "percentile": 100.0, "z": 3.87, "wind_ms": 15.24, "value": 15.24, "lat": 15.25, "lon": 85.5}}, {"type": "Feature", "geometry": {"type": "Polygon", "coordinates": [[[85.625, 15.125], [85.875, 15.125], [85.875, 15.375], [85.625, 15.375], [85.625, 15.125]]]}, "properties": {"time": "2014-10-12T06:00:00", "variable": "ws", "tier": "low", "percentile": 100.0, "z": 4.07, "wind_ms": 15.6, "value": 15.6, "lat": 15.25, "lon": 85.75}}, {"type": "Feature", "geometry": {"type": "Polygon", "coordinates": [[[85.875, 15.125], [86.125, 15.125], [86.125, 15.375], [85.875, 15.375], [85.875, 15.125]]]}, "properties": {"time": "2014-10-12T06:00:00", "variable": "ws", "tier": "low", "percentile": 100.0, "z": 4.1, "wind_ms": 15.49, "value": 15.49, "lat": 15.25, "lon": 86.0}}, {"type": "Feature", "geometry": {"type": "Polygon", "coordinates": [[[86.125, 15.125], [86.375, 15.125], [86.375, 15.375], [86.125, 15.375], [86.125, 15.125]]]}, "properties": {"time": "2014-10-12T06:00:00", "variable": "ws", "tier": "low", "percentile": 100.0, "z": 4.02, "wind_ms": 15.1, "value": 15.1, "lat": 15.25, "lon": 86.25}}, {"type": "Feature", "geometry": {"type": "Polygon", "coordinates": [[[86.375, 15.125], [86.625, 15.125], [86.625, 15.375], [86.375, 15.375], [86.375, 15.125]]]}, "properties": {"time": "2014-10-12T06:00:00", "variable": "ws", "tier": "low", "percentile": 100.0, "z": 3.96, "wind_ms": 14.76, "value": 14.76, "lat": 15.25, "lon": 86.5}}, {"type": "Feature", "geometry": {"type": "Polygon", "coordinates": [[[86.625, 15.125], [86.875, 15.125], [86.875, 15.375], [86.625, 15.375], [86.625, 15.125]]]}, "properties": {"time": "2014-10-12T06:00:00", "variable": "ws", "tier": "low", "percentile": 100.0, "z": 3.84, "wind_ms": 14.3, "value": 14.3, "lat": 15.25, "lon": 86.75}}, {"type": "Feature", "geometry": {"type": "Polygon", "coordinates": [[[81.375, 15.375], [81.625, 15.375], [81.625, 15.625], [81.375, 15.625], [81.375, 15.375]]]}, "properties": {"time": "2014-10-12T06:00:00", "variable": "ws", "tier": "low", "percentile": 100.0, "z": 3.97, "wind_ms": 11.4, "value": 11.4, "lat": 15.5, "lon": 81.5}}, {"type": "Feature", "geometry": {"type": "Polygon", "coordinates": [[[81.625, 15.375], [81.875, 15.375], [81.875, 15.625], [81.625, 15.625], [81.625, 15.375]]]}, "properties": {"time": "2014-10-12T06:00:00", "variable": "ws", "tier": "low", "percentile": 100.0, "z": 4.13, "wind_ms": 11.98, "value": 11.98, "lat": 15.5, "lon": 81.75}}, {"type": "Feature", "geometry": {"type": "Polygon", "coordinates": [[[81.875, 15.375], [82.125, 15.375], [82.125, 15.625], [81.875, 15.625], [81.875, 15.375]]]}, "properties": {"time": "2014-10-12T06:00:00", "variable": "ws", "tier": "low", "percentile": 100.0, "z": 4.22, "wind_ms": 12.32, "value": 12.32, "lat": 15.5, "lon": 82.0}}, {"type": "Feature", "geometry": {"type": "Polygon", "coordinates": [[[82.125, 15.375], [82.375, 15.375], [82.375, 15.625], [82.125, 15.625], [82.125, 15.375]]]}, "properties": {"time": "2014-10-12T06:00:00", "variable": "ws", "tier": "low", "percentile": 100.0, "z": 4.25, "wind_ms": 12.78, "value": 12.78, "lat": 15.5, "lon": 82.25}}, {"type": "Feature", "geometry": {"type": "Polygon", "coordinates": [[[82.375, 15.375], [82.625, 15.375], [82.625, 15.625], [82.375, 15.625], [82.375, 15.375]]]}, "properties": {"time": "2014-10-12T06:00:00", "variable": "ws", "tier": "low", "percentile": 100.0, "z": 4.3, "wind_ms": 13.27, "value": 13.27, "lat": 15.5, "lon": 82.5}}, {"type": "Feature", "geometry": {"type": "Polygon", "coordinates": [[[82.625, 15.375], [82.875, 15.375], [82.875, 15.625], [82.625, 15.625], [82.625, 15.375]]]}, "properties": {"time": "2014-10-12T06:00:00", "variable": "ws", "tier": "low", "percentile": 100.0, "z": 4.32, "wind_ms": 13.68, "value": 13.68, "lat": 15.5, "lon": 82.75}}, {"type": "Feature", "geometry": {"type": "Polygon", "coordinates": [[[82.875, 15.375], [83.125, 15.375], [83.125, 15.625], [82.875, 15.625], [82.875, 15.375]]]}, "properties": {"time": "2014-10-12T06:00:00", "variable": "ws", "tier": "low", "percentile": 100.0, "z": 4.38, "wind_ms": 14.15, "value": 14.15, "lat": 15.5, "lon": 83.0}}, {"type": "Feature", "geometry": {"type": "Polygon", "coordinates": [[[83.125, 15.375], [83.375, 15.375], [83.375, 15.625], [83.125, 15.625], [83.125, 15.375]]]}, "properties": {"time": "2014-10-12T06:00:00", "variable": "ws", "tier": "low", "percentile": 100.0, "z": 4.38, "wind_ms": 14.56, "value": 14.56, "lat": 15.5, "lon": 83.25}}, {"type": "Feature", "geometry": {"type": "Polygon", "coordinates": [[[83.375, 15.375], [83.625, 15.375], [83.625, 15.625], [83.375, 15.625], [83.375, 15.375]]]}, "properties": {"time": "2014-10-12T06:00:00", "variable": "ws", "tier": "low", "percentile": 100.0, "z": 4.25, "wind_ms": 14.71, "value": 14.71, "lat": 15.5, "lon": 83.5}}, {"type": "Feature", "geometry": {"type": "Polygon", "coordinates": [[[83.625, 15.375], [83.875, 15.375], [83.875, 15.625], [83.625, 15.625], [83.625, 15.375]]]}, "properties": {"time": "2014-10-12T06:00:00", "variable": "ws", "tier": "low", "percentile": 100.0, "z": 4.27, "wind_ms": 15.19, "value": 15.19, "lat": 15.5, "lon": 83.75}}, {"type": "Feature", "geometry": {"type": "Polygon", "coordinates": [[[83.875, 15.375], [84.125, 15.375], [84.125, 15.625], [83.875, 15.625], [83.875, 15.375]]]}, "properties": {"time": "2014-10-12T06:00:00", "variable": "ws", "tier": "low", "percentile": 100.0, "z": 4.19, "wind_ms": 15.3, "value": 15.3, "lat": 15.5, "lon": 84.0}}, {"type": "Feature", "geometry": {"type": "Polygon", "coordinates": [[[84.125, 15.375], [84.375, 15.375], [84.375, 15.625], [84.125, 15.625], [84.125, 15.375]]]}, "properties": {"time": "2014-10-12T06:00:00", "variable": "ws", "tier": "low", "percentile": 100.0, "z": 4.07, "wind_ms": 15.22, "value": 15.22, "lat": 15.5, "lon": 84.25}}, {"type": "Feature", "geometry": {"type": "Polygon", "coordinates": [[[84.375, 15.375], [84.625, 15.375], [84.625, 15.625], [84.375, 15.625], [84.375, 15.375]]]}, "properties": {"time": "2014-10-12T06:00:00", "variable": "ws", "tier": "low", "percentile": 100.0, "z": 3.96, "wind_ms": 15.13, "value": 15.13, "lat": 15.5, "lon": 84.5}}, {"type": "Feature", "geometry": {"type": "Polygon", "coordinates": [[[84.625, 15.375], [84.875, 15.375], [84.875, 15.625], [84.625, 15.625], [84.625, 15.375]]]}, "properties": {"time": "2014-10-12T06:00:00", "variable": "ws", "tier": "low", "percentile": 100.0, "z": 3.84, "wind_ms": 15.06, "value": 15.06, "lat": 15.5, "lon": 84.75}}, {"type": "Feature", "geometry": {"type": "Polygon", "coordinates": [[[84.875, 15.375], [85.125, 15.375], [85.125, 15.625], [84.875, 15.625], [84.875, 15.375]]]}, "properties": {"time": "2014-10-12T06:00:00", "variable": "ws", "tier": "low", "percentile": 100.0, "z": 3.75, "wind_ms": 15.03, "value": 15.03, "lat": 15.5, "lon": 85.0}}, {"type": "Feature", "geometry": {"type": "Polygon", "coordinates": [[[85.125, 15.375], [85.375, 15.375], [85.375, 15.625], [85.125, 15.625], [85.125, 15.375]]]}, "properties": {"time": "2014-10-12T06:00:00", "variable": "ws", "tier": "low", "percentile": 100.0, "z": 3.76, "wind_ms": 15.15, "value": 15.15, "lat": 15.5, "lon": 85.25}}, {"type": "Feature", "geometry": {"type": "Polygon", "coordinates": [[[85.375, 15.375], [85.625, 15.375], [85.625, 15.625], [85.375, 15.625], [85.375, 15.375]]]}, "properties": {"time": "2014-10-12T06:00:00", "variable": "ws", "tier": "low", "percentile": 100.0, "z": 3.85, "wind_ms": 15.38, "value": 15.38, "lat": 15.5, "lon": 85.5}}, {"type": "Feature", "geometry": {"type": "Polygon", "coordinates": [[[85.625, 15.375], [85.875, 15.375], [85.875, 15.625], [85.625, 15.625], [85.625, 15.375]]]}, "properties": {"time": "2014-10-12T06:00:00", "variable": "ws", "tier": "low", "percentile": 100.0, "z": 4.22, "wind_ms": 16.2, "value": 16.2, "lat": 15.5, "lon": 85.75}}, {"type": "Feature", "geometry": {"type": "Polygon", "coordinates": [[[85.875, 15.375], [86.125, 15.375], [86.125, 15.625], [85.875, 15.625], [85.875, 15.375]]]}, "properties": {"time": "2014-10-12T06:00:00", "variable": "ws", "tier": "low", "percentile": 100.0, "z": 4.21, "wind_ms": 15.95, "value": 15.95, "lat": 15.5, "lon": 86.0}}, {"type": "Feature", "geometry": {"type": "Polygon", "coordinates": [[[86.125, 15.375], [86.375, 15.375], [86.375, 15.625], [86.125, 15.625], [86.125, 15.375]]]}, "properties": {"time": "2014-10-12T06:00:00", "variable": "ws", "tier": "low", "percentile": 99.2, "z": 4.0, "wind_ms": 15.21, "value": 15.21, "lat": 15.5, "lon": 86.25}}, {"type": "Feature", "geometry": {"type": "Polygon", "coordinates": [[[86.375, 15.375], [86.625, 15.375], [86.625, 15.625], [86.375, 15.625], [86.375, 15.375]]]}, "properties": {"time": "2014-10-12T06:00:00", "variable": "ws", "tier": "low", "percentile": 99.2, "z": 3.96, "wind_ms": 14.93, "value": 14.93, "lat": 15.5, "lon": 86.5}}, {"type": "Feature", "geometry": {"type": "Polygon", "coordinates": [[[86.625, 15.375], [86.875, 15.375], [86.875, 15.625], [86.625, 15.625], [86.625, 15.375]]]}, "properties": {"time": "2014-10-12T06:00:00", "variable": "ws", "tier": "low", "percentile": 100.0, "z": 3.93, "wind_ms": 14.75, "value": 14.75, "lat": 15.5, "lon": 86.75}}, {"type": "Feature", "geometry": {"type": "Polygon", "coordinates": [[[81.375, 15.625], [81.625, 15.625], [81.625, 15.875], [81.375, 15.875], [81.375, 15.625]]]}, "properties": {"time": "2014-10-12T06:00:00", "variable": "ws", "tier": "low", "percentile": 100.0, "z": 4.46, "wind_ms": 12.1, "value": 12.1, "lat": 15.75, "lon": 81.5}}, {"type": "Feature", "geometry": {"type": "Polygon", "coordinates": [[[81.625, 15.625], [81.875, 15.625], [81.875, 15.875], [81.625, 15.875], [81.625, 15.625]]]}, "properties": {"time": "2014-10-12T06:00:00", "variable": "ws", "tier": "low", "percentile": 100.0, "z": 4.6, "wind_ms": 12.55, "value": 12.55, "lat": 15.75, "lon": 81.75}}, {"type": "Feature", "geometry": {"type": "Polygon", "coordinates": [[[81.875, 15.625], [82.125, 15.625], [82.125, 15.875], [81.875, 15.875], [81.875, 15.625]]]}, "properties": {"time": "2014-10-12T06:00:00", "variable": "ws", "tier": "low", "percentile": 100.0, "z": 4.71, "wind_ms": 12.95, "value": 12.95, "lat": 15.75, "lon": 82.0}}, {"type": "Feature", "geometry": {"type": "Polygon", "coordinates": [[[82.125, 15.625], [82.375, 15.625], [82.375, 15.875], [82.125, 15.875], [82.125, 15.625]]]}, "properties": {"time": "2014-10-12T06:00:00", "variable": "ws", "tier": "low", "percentile": 100.0, "z": 4.67, "wind_ms": 13.34, "value": 13.34, "lat": 15.75, "lon": 82.25}}, {"type": "Feature", "geometry": {"type": "Polygon", "coordinates": [[[82.375, 15.625], [82.625, 15.625], [82.625, 15.875], [82.375, 15.875], [82.375, 15.625]]]}, "properties": {"time": "2014-10-12T06:00:00", "variable": "ws", "tier": "low", "percentile": 100.0, "z": 4.78, "wind_ms": 13.95, "value": 13.95, "lat": 15.75, "lon": 82.5}}, {"type": "Feature", "geometry": {"type": "Polygon", "coordinates": [[[82.625, 15.625], [82.875, 15.625], [82.875, 15.875], [82.625, 15.875], [82.625, 15.625]]]}, "properties": {"time": "2014-10-12T06:00:00", "variable": "ws", "tier": "low", "percentile": 100.0, "z": 4.85, "wind_ms": 14.45, "value": 14.45, "lat": 15.75, "lon": 82.75}}, {"type": "Feature", "geometry": {"type": "Polygon", "coordinates": [[[82.875, 15.625], [83.125, 15.625], [83.125, 15.875], [82.875, 15.875], [82.875, 15.625]]]}, "properties": {"time": "2014-10-12T06:00:00", "variable": "ws", "tier": "low", "percentile": 100.0, "z": 4.84, "wind_ms": 14.9, "value": 14.9, "lat": 15.75, "lon": 83.0}}, {"type": "Feature", "geometry": {"type": "Polygon", "coordinates": [[[83.125, 15.625], [83.375, 15.625], [83.375, 15.875], [83.125, 15.875], [83.125, 15.625]]]}, "properties": {"time": "2014-10-12T06:00:00", "variable": "ws", "tier": "low", "percentile": 100.0, "z": 4.83, "wind_ms": 15.38, "value": 15.38, "lat": 15.75, "lon": 83.25}}, {"type": "Feature", "geometry": {"type": "Polygon", "coordinates": [[[83.375, 15.625], [83.625, 15.625], [83.625, 15.875], [83.375, 15.875], [83.375, 15.625]]]}, "properties": {"time": "2014-10-12T06:00:00", "variable": "ws", "tier": "low", "percentile": 100.0, "z": 4.62, "wind_ms": 15.41, "value": 15.41, "lat": 15.75, "lon": 83.5}}, {"type": "Feature", "geometry": {"type": "Polygon", "coordinates": [[[83.625, 15.625], [83.875, 15.625], [83.875, 15.875], [83.625, 15.875], [83.625, 15.625]]]}, "properties": {"time": "2014-10-12T06:00:00", "variable": "ws", "tier": "low", "percentile": 100.0, "z": 4.45, "wind_ms": 15.5, "value": 15.5, "lat": 15.75, "lon": 83.75}}, {"type": "Feature", "geometry": {"type": "Polygon", "coordinates": [[[83.875, 15.625], [84.125, 15.625], [84.125, 15.875], [83.875, 15.875], [83.875, 15.625]]]}, "properties": {"time": "2014-10-12T06:00:00", "variable": "ws", "tier": "low", "percentile": 100.0, "z": 4.35, "wind_ms": 15.62, "value": 15.62, "lat": 15.75, "lon": 84.0}}, {"type": "Feature", "geometry": {"type": "Polygon", "coordinates": [[[84.125, 15.625], [84.375, 15.625], [84.375, 15.875], [84.125, 15.875], [84.125, 15.625]]]}, "properties": {"time": "2014-10-12T06:00:00", "variable": "ws", "tier": "low", "percentile": 100.0, "z": 4.18, "wind_ms": 15.5, "value": 15.5, "lat": 15.75, "lon": 84.25}}, {"type": "Feature", "geometry": {"type": "Polygon", "coordinates": [[[84.375, 15.625], [84.625, 15.625], [84.625, 15.875], [84.375, 15.875], [84.375, 15.625]]]}, "properties": {"time": "2014-10-12T06:00:00", "variable": "ws", "tier": "low", "percentile": 100.0, "z": 4.06, "wind_ms": 15.45, "value": 15.45, "lat": 15.75, "lon": 84.5}}, {"type": "Feature", "geometry": {"type": "Polygon", "coordinates": [[[84.625, 15.625], [84.875, 15.625], [84.875, 15.875], [84.625, 15.875], [84.625, 15.625]]]}, "properties": {"time": "2014-10-12T06:00:00", "variable": "ws", "tier": "low", "percentile": 100.0, "z": 3.92, "wind_ms": 15.41, "value": 15.41, "lat": 15.75, "lon": 84.75}}, {"type": "Feature", "geometry": {"type": "Polygon", "coordinates": [[[84.875, 15.625], [85.125, 15.625], [85.125, 15.875], [84.875, 15.875], [84.875, 15.625]]]}, "properties": {"time": "2014-10-12T06:00:00", "variable": "ws", "tier": "low", "percentile": 100.0, "z": 3.84, "wind_ms": 15.43, "value": 15.43, "lat": 15.75, "lon": 85.0}}, {"type": "Feature", "geometry": {"type": "Polygon", "coordinates": [[[85.125, 15.625], [85.375, 15.625], [85.375, 15.875], [85.125, 15.875], [85.125, 15.625]]]}, "properties": {"time": "2014-10-12T06:00:00", "variable": "ws", "tier": "low", "percentile": 99.2, "z": 3.81, "wind_ms": 15.48, "value": 15.48, "lat": 15.75, "lon": 85.25}}, {"type": "Feature", "geometry": {"type": "Polygon", "coordinates": [[[85.375, 15.625], [85.625, 15.625], [85.625, 15.875], [85.375, 15.875], [85.375, 15.625]]]}, "properties": {"time": "2014-10-12T06:00:00", "variable": "ws", "tier": "low", "percentile": 99.2, "z": 3.88, "wind_ms": 15.7, "value": 15.7, "lat": 15.75, "lon": 85.5}}, {"type": "Feature", "geometry": {"type": "Polygon", "coordinates": [[[85.625, 15.625], [85.875, 15.625], [85.875, 15.875], [85.625, 15.875], [85.625, 15.625]]]}, "properties": {"time": "2014-10-12T06:00:00", "variable": "ws", "tier": "low", "percentile": 100.0, "z": 4.26, "wind_ms": 16.58, "value": 16.58, "lat": 15.75, "lon": 85.75}}, {"type": "Feature", "geometry": {"type": "Polygon", "coordinates": [[[85.875, 15.625], [86.125, 15.625], [86.125, 15.875], [85.875, 15.875], [85.875, 15.625]]]}, "properties": {"time": "2014-10-12T06:00:00", "variable": "ws", "tier": "low", "percentile": 100.0, "z": 4.28, "wind_ms": 16.49, "value": 16.49, "lat": 15.75, "lon": 86.0}}, {"type": "Feature", "geometry": {"type": "Polygon", "coordinates": [[[86.125, 15.625], [86.375, 15.625], [86.375, 15.875], [86.125, 15.875], [86.125, 15.625]]]}, "properties": {"time": "2014-10-12T06:00:00", "variable": "ws", "tier": "low", "percentile": 99.2, "z": 4.07, "wind_ms": 15.73, "value": 15.73, "lat": 15.75, "lon": 86.25}}, {"type": "Feature", "geometry": {"type": "Polygon", "coordinates": [[[86.375, 15.625], [86.625, 15.625], [86.625, 15.875], [86.375, 15.875], [86.375, 15.625]]]}, "properties": {"time": "2014-10-12T06:00:00", "variable": "ws", "tier": "low", "percentile": 99.2, "z": 4.05, "wind_ms": 15.47, "value": 15.47, "lat": 15.75, "lon": 86.5}}, {"type": "Feature", "geometry": {"type": "Polygon", "coordinates": [[[86.625, 15.625], [86.875, 15.625], [86.875, 15.875], [86.625, 15.875], [86.625, 15.625]]]}, "properties": {"time": "2014-10-12T06:00:00", "variable": "ws", "tier": "low", "percentile": 99.2, "z": 4.01, "wind_ms": 15.28, "value": 15.28, "lat": 15.75, "lon": 86.75}}, {"type": "Feature", "geometry": {"type": "Polygon", "coordinates": [[[81.375, 15.875], [81.625, 15.875], [81.625, 16.125], [81.375, 16.125], [81.375, 15.875]]]}, "properties": {"time": "2014-10-12T06:00:00", "variable": "ws", "tier": "low", "percentile": 100.0, "z": 4.82, "wind_ms": 12.17, "value": 12.17, "lat": 16.0, "lon": 81.5}}, {"type": "Feature", "geometry": {"type": "Polygon", "coordinates": [[[81.625, 15.875], [81.875, 15.875], [81.875, 16.125], [81.625, 16.125], [81.625, 15.875]]]}, "properties": {"time": "2014-10-12T06:00:00", "variable": "ws", "tier": "low", "percentile": 100.0, "z": 5.08, "wind_ms": 13.0, "value": 13.0, "lat": 16.0, "lon": 81.75}}, {"type": "Feature", "geometry": {"type": "Polygon", "coordinates": [[[81.875, 15.875], [82.125, 15.875], [82.125, 16.125], [81.875, 16.125], [81.875, 15.875]]]}, "properties": {"time": "2014-10-12T06:00:00", "variable": "ws", "tier": "low", "percentile": 100.0, "z": 5.17, "wind_ms": 13.37, "value": 13.37, "lat": 16.0, "lon": 82.0}}, {"type": "Feature", "geometry": {"type": "Polygon", "coordinates": [[[82.125, 15.875], [82.375, 15.875], [82.375, 16.125], [82.125, 16.125], [82.125, 15.875]]]}, "properties": {"time": "2014-10-12T06:00:00", "variable": "ws", "tier": "low", "percentile": 100.0, "z": 5.2, "wind_ms": 14.18, "value": 14.18, "lat": 16.0, "lon": 82.25}}, {"type": "Feature", "geometry": {"type": "Polygon", "coordinates": [[[82.375, 15.875], [82.625, 15.875], [82.625, 16.125], [82.375, 16.125], [82.375, 15.875]]]}, "properties": {"time": "2014-10-12T06:00:00", "variable": "ws", "tier": "low", "percentile": 100.0, "z": 5.33, "wind_ms": 14.77, "value": 14.77, "lat": 16.0, "lon": 82.5}}, {"type": "Feature", "geometry": {"type": "Polygon", "coordinates": [[[82.625, 15.875], [82.875, 15.875], [82.875, 16.125], [82.625, 16.125], [82.625, 15.875]]]}, "properties": {"time": "2014-10-12T06:00:00", "variable": "ws", "tier": "low", "percentile": 100.0, "z": 5.41, "wind_ms": 15.31, "value": 15.31, "lat": 16.0, "lon": 82.75}}, {"type": "Feature", "geometry": {"type": "Polygon", "coordinates": [[[82.875, 15.875], [83.125, 15.875], [83.125, 16.125], [82.875, 16.125], [82.875, 15.875]]]}, "properties": {"time": "2014-10-12T06:00:00", "variable": "ws", "tier": "low", "percentile": 100.0, "z": 5.39, "wind_ms": 15.81, "value": 15.81, "lat": 16.0, "lon": 83.0}}, {"type": "Feature", "geometry": {"type": "Polygon", "coordinates": [[[83.125, 15.875], [83.375, 15.875], [83.375, 16.125], [83.125, 16.125], [83.125, 15.875]]]}, "properties": {"time": "2014-10-12T06:00:00", "variable": "ws", "tier": "low", "percentile": 100.0, "z": 5.31, "wind_ms": 16.26, "value": 16.26, "lat": 16.0, "lon": 83.25}}, {"type": "Feature", "geometry": {"type": "Polygon", "coordinates": [[[83.375, 15.875], [83.625, 15.875], [83.625, 16.125], [83.375, 16.125], [83.375, 15.875]]]}, "properties": {"time": "2014-10-12T06:00:00", "variable": "ws", "tier": "low", "percentile": 100.0, "z": 5.07, "wind_ms": 16.48, "value": 16.48, "lat": 16.0, "lon": 83.5}}, {"type": "Feature", "geometry": {"type": "Polygon", "coordinates": [[[83.625, 15.875], [83.875, 15.875], [83.875, 16.125], [83.625, 16.125], [83.625, 15.875]]]}, "properties": {"time": "2014-10-12T06:00:00", "variable": "ws", "tier": "low", "percentile": 100.0, "z": 4.79, "wind_ms": 16.35, "value": 16.35, "lat": 16.0, "lon": 83.75}}, {"type": "Feature", "geometry": {"type": "Polygon", "coordinates": [[[83.875, 15.875], [84.125, 15.875], [84.125, 16.125], [83.875, 16.125], [83.875, 15.875]]]}, "properties": {"time": "2014-10-12T06:00:00", "variable": "ws", "tier": "low", "percentile": 100.0, "z": 4.5, "wind_ms": 16.01, "value": 16.01, "lat": 16.0, "lon": 84.0}}, {"type": "Feature", "geometry": {"type": "Polygon", "coordinates": [[[84.125, 15.875], [84.375, 15.875], [84.375, 16.125], [84.125, 16.125], [84.125, 15.875]]]}, "properties": {"time": "2014-10-12T06:00:00", "variable": "ws", "tier": "low", "percentile": 100.0, "z": 4.33, "wind_ms": 15.9, "value": 15.9, "lat": 16.0, "lon": 84.25}}, {"type": "Feature", "geometry": {"type": "Polygon", "coordinates": [[[84.375, 15.875], [84.625, 15.875], [84.625, 16.125], [84.375, 16.125], [84.375, 15.875]]]}, "properties": {"time": "2014-10-12T06:00:00", "variable": "ws", "tier": "low", "percentile": 100.0, "z": 4.12, "wind_ms": 15.76, "value": 15.76, "lat": 16.0, "lon": 84.5}}, {"type": "Feature", "geometry": {"type": "Polygon", "coordinates": [[[84.625, 15.875], [84.875, 15.875], [84.875, 16.125], [84.625, 16.125], [84.625, 15.875]]]}, "properties": {"time": "2014-10-12T06:00:00", "variable": "ws", "tier": "low", "percentile": 100.0, "z": 3.99, "wind_ms": 15.76, "value": 15.76, "lat": 16.0, "lon": 84.75}}, {"type": "Feature", "geometry": {"type": "Polygon", "coordinates": [[[84.875, 15.875], [85.125, 15.875], [85.125, 16.125], [84.875, 16.125], [84.875, 15.875]]]}, "properties": {"time": "2014-10-12T06:00:00", "variable": "ws", "tier": "low", "percentile": 99.2, "z": 3.89, "wind_ms": 15.78, "value": 15.78, "lat": 16.0, "lon": 85.0}}, {"type": "Feature", "geometry": {"type": "Polygon", "coordinates": [[[85.125, 15.875], [85.375, 15.875], [85.375, 16.125], [85.125, 16.125], [85.125, 15.875]]]}, "properties": {"time": "2014-10-12T06:00:00", "variable": "ws", "tier": "low", "percentile": 99.2, "z": 3.87, "wind_ms": 15.88, "value": 15.88, "lat": 16.0, "lon": 85.25}}, {"type": "Feature", "geometry": {"type": "Polygon", "coordinates": [[[85.375, 15.875], [85.625, 15.875], [85.625, 16.125], [85.375, 16.125], [85.375, 15.875]]]}, "properties": {"time": "2014-10-12T06:00:00", "variable": "ws", "tier": "low", "percentile": 99.2, "z": 3.93, "wind_ms": 16.06, "value": 16.06, "lat": 16.0, "lon": 85.5}}, {"type": "Feature", "geometry": {"type": "Polygon", "coordinates": [[[85.625, 15.875], [85.875, 15.875], [85.875, 16.125], [85.625, 16.125], [85.625, 15.875]]]}, "properties": {"time": "2014-10-12T06:00:00", "variable": "ws", "tier": "low", "percentile": 100.0, "z": 4.19, "wind_ms": 16.67, "value": 16.67, "lat": 16.0, "lon": 85.75}}, {"type": "Feature", "geometry": {"type": "Polygon", "coordinates": [[[85.875, 15.875], [86.125, 15.875], [86.125, 16.125], [85.875, 16.125], [85.875, 15.875]]]}, "properties": {"time": "2014-10-12T06:00:00", "variable": "ws", "tier": "low", "percentile": 100.0, "z": 4.3, "wind_ms": 16.81, "value": 16.81, "lat": 16.0, "lon": 86.0}}, {"type": "Feature", "geometry": {"type": "Polygon", "coordinates": [[[86.125, 15.875], [86.375, 15.875], [86.375, 16.125], [86.125, 16.125], [86.125, 15.875]]]}, "properties": {"time": "2014-10-12T06:00:00", "variable": "ws", "tier": "low", "percentile": 100.0, "z": 4.19, "wind_ms": 16.26, "value": 16.26, "lat": 16.0, "lon": 86.25}}, {"type": "Feature", "geometry": {"type": "Polygon", "coordinates": [[[86.375, 15.875], [86.625, 15.875], [86.625, 16.125], [86.375, 16.125], [86.375, 15.875]]]}, "properties": {"time": "2014-10-12T06:00:00", "variable": "ws", "tier": "low", "percentile": 99.2, "z": 4.15, "wind_ms": 16.0, "value": 16.0, "lat": 16.0, "lon": 86.5}}, {"type": "Feature", "geometry": {"type": "Polygon", "coordinates": [[[86.625, 15.875], [86.875, 15.875], [86.875, 16.125], [86.625, 16.125], [86.625, 15.875]]]}, "properties": {"time": "2014-10-12T06:00:00", "variable": "ws", "tier": "low", "percentile": 99.2, "z": 4.21, "wind_ms": 16.03, "value": 16.03, "lat": 16.0, "lon": 86.75}}, {"type": "Feature", "geometry": {"type": "Polygon", "coordinates": [[[81.375, 16.125], [81.625, 16.125], [81.625, 16.375], [81.375, 16.375], [81.375, 16.125]]]}, "properties": {"time": "2014-10-12T06:00:00", "variable": "ws", "tier": "low", "percentile": 100.0, "z": 5.09, "wind_ms": 10.89, "value": 10.89, "lat": 16.25, "lon": 81.5}}, {"type": "Feature", "geometry": {"type": "Polygon", "coordinates": [[[81.625, 16.125], [81.875, 16.125], [81.875, 16.375], [81.625, 16.375], [81.625, 16.125]]]}, "properties": {"time": "2014-10-12T06:00:00", "variable": "ws", "tier": "low", "percentile": 100.0, "z": 5.44, "wind_ms": 11.85, "value": 11.85, "lat": 16.25, "lon": 81.75}}, {"type": "Feature", "geometry": {"type": "Polygon", "coordinates": [[[81.875, 16.125], [82.125, 16.125], [82.125, 16.375], [81.875, 16.375], [81.875, 16.125]]]}, "properties": {"time": "2014-10-12T06:00:00", "variable": "ws", "tier": "low", "percentile": 100.0, "z": 5.7, "wind_ms": 13.74, "value": 13.74, "lat": 16.25, "lon": 82.0}}, {"type": "Feature", "geometry": {"type": "Polygon", "coordinates": [[[82.125, 16.125], [82.375, 16.125], [82.375, 16.375], [82.125, 16.375], [82.125, 16.125]]]}, "properties": {"time": "2014-10-12T06:00:00", "variable": "ws", "tier": "low", "percentile": 100.0, "z": 5.83, "wind_ms": 14.6, "value": 14.6, "lat": 16.25, "lon": 82.25}}, {"type": "Feature", "geometry": {"type": "Polygon", "coordinates": [[[82.375, 16.125], [82.625, 16.125], [82.625, 16.375], [82.375, 16.375], [82.375, 16.125]]]}, "properties": {"time": "2014-10-12T06:00:00", "variable": "ws", "tier": "low", "percentile": 100.0, "z": 5.95, "wind_ms": 15.88, "value": 15.88, "lat": 16.25, "lon": 82.5}}, {"type": "Feature", "geometry": {"type": "Polygon", "coordinates": [[[82.625, 16.125], [82.875, 16.125], [82.875, 16.375], [82.625, 16.375], [82.625, 16.125]]]}, "properties": {"time": "2014-10-12T06:00:00", "variable": "ws", "tier": "low", "percentile": 100.0, "z": 6.08, "wind_ms": 16.38, "value": 16.38, "lat": 16.25, "lon": 82.75}}, {"type": "Feature", "geometry": {"type": "Polygon", "coordinates": [[[82.875, 16.125], [83.125, 16.125], [83.125, 16.375], [82.875, 16.375], [82.875, 16.125]]]}, "properties": {"time": "2014-10-12T06:00:00", "variable": "ws", "tier": "low", "percentile": 100.0, "z": 6.01, "wind_ms": 16.96, "value": 16.96, "lat": 16.25, "lon": 83.0}}, {"type": "Feature", "geometry": {"type": "Polygon", "coordinates": [[[83.125, 16.125], [83.375, 16.125], [83.375, 16.375], [83.125, 16.375], [83.125, 16.125]]]}, "properties": {"time": "2014-10-12T06:00:00", "variable": "ws", "tier": "moderate", "percentile": 100.0, "z": 5.83, "wind_ms": 17.29, "value": 17.29, "lat": 16.25, "lon": 83.25}}, {"type": "Feature", "geometry": {"type": "Polygon", "coordinates": [[[83.375, 16.125], [83.625, 16.125], [83.625, 16.375], [83.375, 16.375], [83.375, 16.125]]]}, "properties": {"time": "2014-10-12T06:00:00", "variable": "ws", "tier": "moderate", "percentile": 100.0, "z": 5.55, "wind_ms": 17.61, "value": 17.61, "lat": 16.25, "lon": 83.5}}, {"type": "Feature", "geometry": {"type": "Polygon", "coordinates": [[[83.625, 16.125], [83.875, 16.125], [83.875, 16.375], [83.625, 16.375], [83.625, 16.125]]]}, "properties": {"time": "2014-10-12T06:00:00", "variable": "ws", "tier": "moderate", "percentile": 100.0, "z": 5.16, "wind_ms": 17.39, "value": 17.39, "lat": 16.25, "lon": 83.75}}, {"type": "Feature", "geometry": {"type": "Polygon", "coordinates": [[[83.875, 16.125], [84.125, 16.125], [84.125, 16.375], [83.875, 16.375], [83.875, 16.125]]]}, "properties": {"time": "2014-10-12T06:00:00", "variable": "ws", "tier": "low", "percentile": 100.0, "z": 4.84, "wind_ms": 16.9, "value": 16.9, "lat": 16.25, "lon": 84.0}}, {"type": "Feature", "geometry": {"type": "Polygon", "coordinates": [[[84.125, 16.125], [84.375, 16.125], [84.375, 16.375], [84.125, 16.375], [84.125, 16.125]]]}, "properties": {"time": "2014-10-12T06:00:00", "variable": "ws", "tier": "low", "percentile": 100.0, "z": 4.4, "wind_ms": 16.27, "value": 16.27, "lat": 16.25, "lon": 84.25}}, {"type": "Feature", "geometry": {"type": "Polygon", "coordinates": [[[84.375, 16.125], [84.625, 16.125], [84.625, 16.375], [84.375, 16.375], [84.375, 16.125]]]}, "properties": {"time": "2014-10-12T06:00:00", "variable": "ws", "tier": "low", "percentile": 100.0, "z": 4.22, "wind_ms": 16.2, "value": 16.2, "lat": 16.25, "lon": 84.5}}, {"type": "Feature", "geometry": {"type": "Polygon", "coordinates": [[[84.625, 16.125], [84.875, 16.125], [84.875, 16.375], [84.625, 16.375], [84.625, 16.125]]]}, "properties": {"time": "2014-10-12T06:00:00", "variable": "ws", "tier": "low", "percentile": 99.2, "z": 4.09, "wind_ms": 16.22, "value": 16.22, "lat": 16.25, "lon": 84.75}}, {"type": "Feature", "geometry": {"type": "Polygon", "coordinates": [[[84.875, 16.125], [85.125, 16.125], [85.125, 16.375], [84.875, 16.375], [84.875, 16.125]]]}, "properties": {"time": "2014-10-12T06:00:00", "variable": "ws", "tier": "low", "percentile": 99.2, "z": 4.0, "wind_ms": 16.21, "value": 16.21, "lat": 16.25, "lon": 85.0}}, {"type": "Feature", "geometry": {"type": "Polygon", "coordinates": [[[85.125, 16.125], [85.375, 16.125], [85.375, 16.375], [85.125, 16.375], [85.125, 16.125]]]}, "properties": {"time": "2014-10-12T06:00:00", "variable": "ws", "tier": "low", "percentile": 100.0, "z": 3.97, "wind_ms": 16.15, "value": 16.15, "lat": 16.25, "lon": 85.25}}, {"type": "Feature", "geometry": {"type": "Polygon", "coordinates": [[[85.375, 16.125], [85.625, 16.125], [85.625, 16.375], [85.375, 16.375], [85.375, 16.125]]]}, "properties": {"time": "2014-10-12T06:00:00", "variable": "ws", "tier": "low", "percentile": 100.0, "z": 4.06, "wind_ms": 16.41, "value": 16.41, "lat": 16.25, "lon": 85.5}}, {"type": "Feature", "geometry": {"type": "Polygon", "coordinates": [[[85.625, 16.125], [85.875, 16.125], [85.875, 16.375], [85.625, 16.375], [85.625, 16.125]]]}, "properties": {"time": "2014-10-12T06:00:00", "variable": "ws", "tier": "low", "percentile": 100.0, "z": 4.22, "wind_ms": 16.72, "value": 16.72, "lat": 16.25, "lon": 85.75}}, {"type": "Feature", "geometry": {"type": "Polygon", "coordinates": [[[85.875, 16.125], [86.125, 16.125], [86.125, 16.375], [85.875, 16.375], [85.875, 16.125]]]}, "properties": {"time": "2014-10-12T06:00:00", "variable": "ws", "tier": "moderate", "percentile": 100.0, "z": 4.4, "wind_ms": 17.07, "value": 17.07, "lat": 16.25, "lon": 86.0}}, {"type": "Feature", "geometry": {"type": "Polygon", "coordinates": [[[86.125, 16.125], [86.375, 16.125], [86.375, 16.375], [86.125, 16.375], [86.125, 16.125]]]}, "properties": {"time": "2014-10-12T06:00:00", "variable": "ws", "tier": "low", "percentile": 100.0, "z": 4.29, "wind_ms": 16.6, "value": 16.6, "lat": 16.25, "lon": 86.25}}, {"type": "Feature", "geometry": {"type": "Polygon", "coordinates": [[[86.375, 16.125], [86.625, 16.125], [86.625, 16.375], [86.375, 16.375], [86.375, 16.125]]]}, "properties": {"time": "2014-10-12T06:00:00", "variable": "ws", "tier": "low", "percentile": 99.2, "z": 4.22, "wind_ms": 16.28, "value": 16.28, "lat": 16.25, "lon": 86.5}}, {"type": "Feature", "geometry": {"type": "Polygon", "coordinates": [[[86.625, 16.125], [86.875, 16.125], [86.875, 16.375], [86.625, 16.375], [86.625, 16.125]]]}, "properties": {"time": "2014-10-12T06:00:00", "variable": "ws", "tier": "low", "percentile": 99.2, "z": 4.25, "wind_ms": 16.28, "value": 16.28, "lat": 16.25, "lon": 86.75}}, {"type": "Feature", "geometry": {"type": "Polygon", "coordinates": [[[81.625, 16.375], [81.875, 16.375], [81.875, 16.625], [81.625, 16.625], [81.625, 16.375]]]}, "properties": {"time": "2014-10-12T06:00:00", "variable": "ws", "tier": "low", "percentile": 100.0, "z": 6.09, "wind_ms": 9.46, "value": 9.46, "lat": 16.5, "lon": 81.75}}, {"type": "Feature", "geometry": {"type": "Polygon", "coordinates": [[[81.875, 16.375], [82.125, 16.375], [82.125, 16.625], [81.875, 16.625], [81.875, 16.375]]]}, "properties": {"time": "2014-10-12T06:00:00", "variable": "ws", "tier": "low", "percentile": 100.0, "z": 6.53, "wind_ms": 11.75, "value": 11.75, "lat": 16.5, "lon": 82.0}}, {"type": "Feature", "geometry": {"type": "Polygon", "coordinates": [[[82.125, 16.375], [82.375, 16.375], [82.375, 16.625], [82.125, 16.625], [82.125, 16.375]]]}, "properties": {"time": "2014-10-12T06:00:00", "variable": "ws", "tier": "low", "percentile": 100.0, "z": 6.9, "wind_ms": 15.24, "value": 15.24, "lat": 16.5, "lon": 82.25}}, {"type": "Feature", "geometry": {"type": "Polygon", "coordinates": [[[82.375, 16.375], [82.625, 16.375], [82.625, 16.625], [82.375, 16.625], [82.375, 16.375]]]}, "properties": {"time": "2014-10-12T06:00:00", "variable": "ws", "tier": "moderate", "percentile": 100.0, "z": 7.1, "wind_ms": 17.49, "value": 17.49, "lat": 16.5, "lon": 82.5}}, {"type": "Feature", "geometry": {"type": "Polygon", "coordinates": [[[82.625, 16.375], [82.875, 16.375], [82.875, 16.625], [82.625, 16.625], [82.625, 16.375]]]}, "properties": {"time": "2014-10-12T06:00:00", "variable": "ws", "tier": "moderate", "percentile": 100.0, "z": 6.94, "wind_ms": 18.13, "value": 18.13, "lat": 16.5, "lon": 82.75}}, {"type": "Feature", "geometry": {"type": "Polygon", "coordinates": [[[82.875, 16.375], [83.125, 16.375], [83.125, 16.625], [82.875, 16.625], [82.875, 16.375]]]}, "properties": {"time": "2014-10-12T06:00:00", "variable": "ws", "tier": "moderate", "percentile": 100.0, "z": 6.84, "wind_ms": 18.7, "value": 18.7, "lat": 16.5, "lon": 83.0}}, {"type": "Feature", "geometry": {"type": "Polygon", "coordinates": [[[83.125, 16.375], [83.375, 16.375], [83.375, 16.625], [83.125, 16.625], [83.125, 16.375]]]}, "properties": {"time": "2014-10-12T06:00:00", "variable": "ws", "tier": "moderate", "percentile": 100.0, "z": 6.46, "wind_ms": 18.77, "value": 18.77, "lat": 16.5, "lon": 83.25}}, {"type": "Feature", "geometry": {"type": "Polygon", "coordinates": [[[83.375, 16.375], [83.625, 16.375], [83.625, 16.625], [83.375, 16.625], [83.375, 16.375]]]}, "properties": {"time": "2014-10-12T06:00:00", "variable": "ws", "tier": "moderate", "percentile": 100.0, "z": 5.98, "wind_ms": 18.61, "value": 18.61, "lat": 16.5, "lon": 83.5}}, {"type": "Feature", "geometry": {"type": "Polygon", "coordinates": [[[83.625, 16.375], [83.875, 16.375], [83.875, 16.625], [83.625, 16.625], [83.625, 16.375]]]}, "properties": {"time": "2014-10-12T06:00:00", "variable": "ws", "tier": "moderate", "percentile": 100.0, "z": 5.62, "wind_ms": 18.58, "value": 18.58, "lat": 16.5, "lon": 83.75}}, {"type": "Feature", "geometry": {"type": "Polygon", "coordinates": [[[83.875, 16.375], [84.125, 16.375], [84.125, 16.625], [83.875, 16.625], [83.875, 16.375]]]}, "properties": {"time": "2014-10-12T06:00:00", "variable": "ws", "tier": "moderate", "percentile": 100.0, "z": 5.08, "wind_ms": 17.76, "value": 17.76, "lat": 16.5, "lon": 84.0}}, {"type": "Feature", "geometry": {"type": "Polygon", "coordinates": [[[84.125, 16.375], [84.375, 16.375], [84.375, 16.625], [84.125, 16.625], [84.125, 16.375]]]}, "properties": {"time": "2014-10-12T06:00:00", "variable": "ws", "tier": "moderate", "percentile": 100.0, "z": 4.65, "wind_ms": 17.13, "value": 17.13, "lat": 16.5, "lon": 84.25}}, {"type": "Feature", "geometry": {"type": "Polygon", "coordinates": [[[84.375, 16.375], [84.625, 16.375], [84.625, 16.625], [84.375, 16.625], [84.375, 16.375]]]}, "properties": {"time": "2014-10-12T06:00:00", "variable": "ws", "tier": "low", "percentile": 100.0, "z": 4.29, "wind_ms": 16.59, "value": 16.59, "lat": 16.5, "lon": 84.5}}, {"type": "Feature", "geometry": {"type": "Polygon", "coordinates": [[[84.625, 16.375], [84.875, 16.375], [84.875, 16.625], [84.625, 16.625], [84.625, 16.375]]]}, "properties": {"time": "2014-10-12T06:00:00", "variable": "ws", "tier": "low", "percentile": 99.2, "z": 4.17, "wind_ms": 16.6, "value": 16.6, "lat": 16.5, "lon": 84.75}}, {"type": "Feature", "geometry": {"type": "Polygon", "coordinates": [[[84.875, 16.375], [85.125, 16.375], [85.125, 16.625], [84.875, 16.625], [84.875, 16.375]]]}, "properties": {"time": "2014-10-12T06:00:00", "variable": "ws", "tier": "low", "percentile": 100.0, "z": 4.21, "wind_ms": 16.72, "value": 16.72, "lat": 16.5, "lon": 85.0}}, {"type": "Feature", "geometry": {"type": "Polygon", "coordinates": [[[85.125, 16.375], [85.375, 16.375], [85.375, 16.625], [85.125, 16.625], [85.125, 16.375]]]}, "properties": {"time": "2014-10-12T06:00:00", "variable": "ws", "tier": "low", "percentile": 100.0, "z": 4.23, "wind_ms": 16.53, "value": 16.53, "lat": 16.5, "lon": 85.25}}, {"type": "Feature", "geometry": {"type": "Polygon", "coordinates": [[[85.375, 16.375], [85.625, 16.375], [85.625, 16.625], [85.375, 16.625], [85.375, 16.375]]]}, "properties": {"time": "2014-10-12T06:00:00", "variable": "ws", "tier": "low", "percentile": 100.0, "z": 4.4, "wind_ms": 16.81, "value": 16.81, "lat": 16.5, "lon": 85.5}}, {"type": "Feature", "geometry": {"type": "Polygon", "coordinates": [[[85.625, 16.375], [85.875, 16.375], [85.875, 16.625], [85.625, 16.625], [85.625, 16.375]]]}, "properties": {"time": "2014-10-12T06:00:00", "variable": "ws", "tier": "low", "percentile": 100.0, "z": 4.4, "wind_ms": 16.81, "value": 16.81, "lat": 16.5, "lon": 85.75}}, {"type": "Feature", "geometry": {"type": "Polygon", "coordinates": [[[85.875, 16.375], [86.125, 16.375], [86.125, 16.625], [85.875, 16.625], [85.875, 16.375]]]}, "properties": {"time": "2014-10-12T06:00:00", "variable": "ws", "tier": "moderate", "percentile": 100.0, "z": 4.54, "wind_ms": 17.2, "value": 17.2, "lat": 16.5, "lon": 86.0}}, {"type": "Feature", "geometry": {"type": "Polygon", "coordinates": [[[86.125, 16.375], [86.375, 16.375], [86.375, 16.625], [86.125, 16.625], [86.125, 16.375]]]}, "properties": {"time": "2014-10-12T06:00:00", "variable": "ws", "tier": "moderate", "percentile": 100.0, "z": 4.49, "wind_ms": 17.12, "value": 17.12, "lat": 16.5, "lon": 86.25}}, {"type": "Feature", "geometry": {"type": "Polygon", "coordinates": [[[86.375, 16.375], [86.625, 16.375], [86.625, 16.625], [86.375, 16.625], [86.375, 16.375]]]}, "properties": {"time": "2014-10-12T06:00:00", "variable": "ws", "tier": "low", "percentile": 100.0, "z": 4.31, "wind_ms": 16.62, "value": 16.62, "lat": 16.5, "lon": 86.5}}, {"type": "Feature", "geometry": {"type": "Polygon", "coordinates": [[[86.625, 16.375], [86.875, 16.375], [86.875, 16.625], [86.625, 16.625], [86.625, 16.375]]]}, "properties": {"time": "2014-10-12T06:00:00", "variable": "ws", "tier": "low", "percentile": 99.2, "z": 4.03, "wind_ms": 15.85, "value": 15.85, "lat": 16.5, "lon": 86.75}}, {"type": "Feature", "geometry": {"type": "Polygon", "coordinates": [[[81.375, 16.625], [81.625, 16.625], [81.625, 16.875], [81.375, 16.875], [81.375, 16.625]]]}, "properties": {"time": "2014-10-12T06:00:00", "variable": "ws", "tier": "low", "percentile": 100.0, "z": 5.85, "wind_ms": 8.71, "value": 8.71, "lat": 16.75, "lon": 81.5}}, {"type": "Feature", "geometry": {"type": "Polygon", "coordinates": [[[81.625, 16.625], [81.875, 16.625], [81.875, 16.875], [81.625, 16.875], [81.625, 16.625]]]}, "properties": {"time": "2014-10-12T06:00:00", "variable": "ws", "tier": "low", "percentile": 100.0, "z": 6.82, "wind_ms": 9.42, "value": 9.42, "lat": 16.75, "lon": 81.75}}, {"type": "Feature", "geometry": {"type": "Polygon", "coordinates": [[[81.875, 16.625], [82.125, 16.625], [82.125, 16.875], [81.875, 16.875], [81.875, 16.625]]]}, "properties": {"time": "2014-10-12T06:00:00", "variable": "ws", "tier": "low", "percentile": 100.0, "z": 7.92, "wind_ms": 10.94, "value": 10.94, "lat": 16.75, "lon": 82.0}}, {"type": "Feature", "geometry": {"type": "Polygon", "coordinates": [[[82.125, 16.625], [82.375, 16.625], [82.375, 16.875], [82.125, 16.875], [82.125, 16.625]]]}, "properties": {"time": "2014-10-12T06:00:00", "variable": "ws", "tier": "low", "percentile": 100.0, "z": 8.43, "wind_ms": 14.71, "value": 14.71, "lat": 16.75, "lon": 82.25}}, {"type": "Feature", "geometry": {"type": "Polygon", "coordinates": [[[82.375, 16.625], [82.625, 16.625], [82.625, 16.875], [82.375, 16.875], [82.375, 16.625]]]}, "properties": {"time": "2014-10-12T06:00:00", "variable": "ws", "tier": "moderate", "percentile": 100.0, "z": 8.53, "wind_ms": 19.32, "value": 19.32, "lat": 16.75, "lon": 82.5}}, {"type": "Feature", "geometry": {"type": "Polygon", "coordinates": [[[82.625, 16.625], [82.875, 16.625], [82.875, 16.875], [82.625, 16.875], [82.625, 16.625]]]}, "properties": {"time": "2014-10-12T06:00:00", "variable": "ws", "tier": "moderate", "percentile": 100.0, "z": 8.37, "wind_ms": 20.78, "value": 20.78, "lat": 16.75, "lon": 82.75}}, {"type": "Feature", "geometry": {"type": "Polygon", "coordinates": [[[82.875, 16.625], [83.125, 16.625], [83.125, 16.875], [82.875, 16.875], [82.875, 16.625]]]}, "properties": {"time": "2014-10-12T06:00:00", "variable": "ws", "tier": "moderate", "percentile": 100.0, "z": 8.01, "wind_ms": 20.79, "value": 20.79, "lat": 16.75, "lon": 83.0}}, {"type": "Feature", "geometry": {"type": "Polygon", "coordinates": [[[83.125, 16.625], [83.375, 16.625], [83.375, 16.875], [83.125, 16.875], [83.125, 16.625]]]}, "properties": {"time": "2014-10-12T06:00:00", "variable": "ws", "tier": "moderate", "percentile": 100.0, "z": 7.39, "wind_ms": 21.04, "value": 21.04, "lat": 16.75, "lon": 83.25}}, {"type": "Feature", "geometry": {"type": "Polygon", "coordinates": [[[83.375, 16.625], [83.625, 16.625], [83.625, 16.875], [83.375, 16.875], [83.375, 16.625]]]}, "properties": {"time": "2014-10-12T06:00:00", "variable": "ws", "tier": "moderate", "percentile": 100.0, "z": 6.69, "wind_ms": 20.59, "value": 20.59, "lat": 16.75, "lon": 83.5}}, {"type": "Feature", "geometry": {"type": "Polygon", "coordinates": [[[83.625, 16.625], [83.875, 16.625], [83.875, 16.875], [83.625, 16.875], [83.625, 16.625]]]}, "properties": {"time": "2014-10-12T06:00:00", "variable": "ws", "tier": "moderate", "percentile": 100.0, "z": 5.85, "wind_ms": 19.37, "value": 19.37, "lat": 16.75, "lon": 83.75}}, {"type": "Feature", "geometry": {"type": "Polygon", "coordinates": [[[83.875, 16.625], [84.125, 16.625], [84.125, 16.875], [83.875, 16.875], [83.875, 16.625]]]}, "properties": {"time": "2014-10-12T06:00:00", "variable": "ws", "tier": "moderate", "percentile": 100.0, "z": 5.31, "wind_ms": 18.6, "value": 18.6, "lat": 16.75, "lon": 84.0}}, {"type": "Feature", "geometry": {"type": "Polygon", "coordinates": [[[84.125, 16.625], [84.375, 16.625], [84.375, 16.875], [84.125, 16.875], [84.125, 16.625]]]}, "properties": {"time": "2014-10-12T06:00:00", "variable": "ws", "tier": "moderate", "percentile": 100.0, "z": 4.87, "wind_ms": 18.03, "value": 18.03, "lat": 16.75, "lon": 84.25}}, {"type": "Feature", "geometry": {"type": "Polygon", "coordinates": [[[84.375, 16.625], [84.625, 16.625], [84.625, 16.875], [84.375, 16.875], [84.375, 16.625]]]}, "properties": {"time": "2014-10-12T06:00:00", "variable": "ws", "tier": "moderate", "percentile": 100.0, "z": 4.52, "wind_ms": 17.48, "value": 17.48, "lat": 16.75, "lon": 84.5}}, {"type": "Feature", "geometry": {"type": "Polygon", "coordinates": [[[84.625, 16.625], [84.875, 16.625], [84.875, 16.875], [84.625, 16.875], [84.625, 16.625]]]}, "properties": {"time": "2014-10-12T06:00:00", "variable": "ws", "tier": "low", "percentile": 100.0, "z": 4.27, "wind_ms": 16.87, "value": 16.87, "lat": 16.75, "lon": 84.75}}, {"type": "Feature", "geometry": {"type": "Polygon", "coordinates": [[[84.875, 16.625], [85.125, 16.625], [85.125, 16.875], [84.875, 16.875], [84.875, 16.625]]]}, "properties": {"time": "2014-10-12T06:00:00", "variable": "ws", "tier": "low", "percentile": 100.0, "z": 4.33, "wind_ms": 16.87, "value": 16.87, "lat": 16.75, "lon": 85.0}}, {"type": "Feature", "geometry": {"type": "Polygon", "coordinates": [[[85.125, 16.625], [85.375, 16.625], [85.375, 16.875], [85.125, 16.875], [85.125, 16.625]]]}, "properties": {"time": "2014-10-12T06:00:00", "variable": "ws", "tier": "low", "percentile": 100.0, "z": 4.52, "wind_ms": 17.0, "value": 17.0, "lat": 16.75, "lon": 85.25}}, {"type": "Feature", "geometry": {"type": "Polygon", "coordinates": [[[85.375, 16.625], [85.625, 16.625], [85.625, 16.875], [85.375, 16.875], [85.375, 16.625]]]}, "properties": {"time": "2014-10-12T06:00:00", "variable": "ws", "tier": "moderate", "percentile": 100.0, "z": 4.68, "wind_ms": 17.28, "value": 17.28, "lat": 16.75, "lon": 85.5}}, {"type": "Feature", "geometry": {"type": "Polygon", "coordinates": [[[85.625, 16.625], [85.875, 16.625], [85.875, 16.875], [85.625, 16.875], [85.625, 16.625]]]}, "properties": {"time": "2014-10-12T06:00:00", "variable": "ws", "tier": "low", "percentile": 100.0, "z": 4.58, "wind_ms": 16.98, "value": 16.98, "lat": 16.75, "lon": 85.75}}, {"type": "Feature", "geometry": {"type": "Polygon", "coordinates": [[[85.875, 16.625], [86.125, 16.625], [86.125, 16.875], [85.875, 16.875], [85.875, 16.625]]]}, "properties": {"time": "2014-10-12T06:00:00", "variable": "ws", "tier": "low", "percentile": 100.0, "z": 4.41, "wind_ms": 16.75, "value": 16.75, "lat": 16.75, "lon": 86.0}}, {"type": "Feature", "geometry": {"type": "Polygon", "coordinates": [[[86.125, 16.625], [86.375, 16.625], [86.375, 16.875], [86.125, 16.875], [86.125, 16.625]]]}, "properties": {"time": "2014-10-12T06:00:00", "variable": "ws", "tier": "low", "percentile": 100.0, "z": 4.4, "wind_ms": 16.98, "value": 16.98, "lat": 16.75, "lon": 86.25}}, {"type": "Feature", "geometry": {"type": "Polygon", "coordinates": [[[86.375, 16.625], [86.625, 16.625], [86.625, 16.875], [86.375, 16.875], [86.375, 16.625]]]}, "properties": {"time": "2014-10-12T06:00:00", "variable": "ws", "tier": "low", "percentile": 99.2, "z": 4.21, "wind_ms": 16.55, "value": 16.55, "lat": 16.75, "lon": 86.5}}, {"type": "Feature", "geometry": {"type": "Polygon", "coordinates": [[[86.625, 16.625], [86.875, 16.625], [86.875, 16.875], [86.625, 16.875], [86.625, 16.625]]]}, "properties": {"time": "2014-10-12T06:00:00", "variable": "ws", "tier": "low", "percentile": 99.2, "z": 3.85, "wind_ms": 15.53, "value": 15.53, "lat": 16.75, "lon": 86.75}}, {"type": "Feature", "geometry": {"type": "Polygon", "coordinates": [[[81.375, 16.875], [81.625, 16.875], [81.625, 17.125], [81.375, 17.125], [81.375, 16.875]]]}, "properties": {"time": "2014-10-12T06:00:00", "variable": "ws", "tier": "low", "percentile": 100.0, "z": 6.94, "wind_ms": 9.35, "value": 9.35, "lat": 17.0, "lon": 81.5}}, {"type": "Feature", "geometry": {"type": "Polygon", "coordinates": [[[81.625, 16.875], [81.875, 16.875], [81.875, 17.125], [81.625, 17.125], [81.625, 16.875]]]}, "properties": {"time": "2014-10-12T06:00:00", "variable": "ws", "tier": "low", "percentile": 100.0, "z": 8.2, "wind_ms": 10.92, "value": 10.92, "lat": 17.0, "lon": 81.75}}, {"type": "Feature", "geometry": {"type": "Polygon", "coordinates": [[[81.875, 16.875], [82.125, 16.875], [82.125, 17.125], [81.875, 17.125], [81.875, 16.875]]]}, "properties": {"time": "2014-10-12T06:00:00", "variable": "ws", "tier": "low", "percentile": 100.0, "z": 9.29, "wind_ms": 12.52, "value": 12.52, "lat": 17.0, "lon": 82.0}}, {"type": "Feature", "geometry": {"type": "Polygon", "coordinates": [[[82.125, 16.875], [82.375, 16.875], [82.375, 17.125], [82.125, 17.125], [82.125, 16.875]]]}, "properties": {"time": "2014-10-12T06:00:00", "variable": "ws", "tier": "low", "percentile": 100.0, "z": 10.0, "wind_ms": 15.74, "value": 15.74, "lat": 17.0, "lon": 82.25}}, {"type": "Feature", "geometry": {"type": "Polygon", "coordinates": [[[82.375, 16.875], [82.625, 16.875], [82.625, 17.125], [82.375, 17.125], [82.375, 16.875]]]}, "properties": {"time": "2014-10-12T06:00:00", "variable": "ws", "tier": "moderate", "percentile": 100.0, "z": 10.03, "wind_ms": 20.64, "value": 20.64, "lat": 17.0, "lon": 82.5}}, {"type": "Feature", "geometry": {"type": "Polygon", "coordinates": [[[82.625, 16.875], [82.875, 16.875], [82.875, 17.125], [82.625, 17.125], [82.625, 16.875]]]}, "properties": {"time": "2014-10-12T06:00:00", "variable": "ws", "tier": "moderate", "percentile": 100.0, "z": 9.81, "wind_ms": 24.26, "value": 24.26, "lat": 17.0, "lon": 82.75}}, {"type": "Feature", "geometry": {"type": "Polygon", "coordinates": [[[82.875, 16.875], [83.125, 16.875], [83.125, 17.125], [82.875, 17.125], [82.875, 16.875]]]}, "properties": {"time": "2014-10-12T06:00:00", "variable": "ws", "tier": "severe", "percentile": 100.0, "z": 9.79, "wind_ms": 25.05, "value": 25.05, "lat": 17.0, "lon": 83.0}}, {"type": "Feature", "geometry": {"type": "Polygon", "coordinates": [[[83.125, 16.875], [83.375, 16.875], [83.375, 17.125], [83.125, 17.125], [83.125, 16.875]]]}, "properties": {"time": "2014-10-12T06:00:00", "variable": "ws", "tier": "moderate", "percentile": 100.0, "z": 9.03, "wind_ms": 24.84, "value": 24.84, "lat": 17.0, "lon": 83.25}}, {"type": "Feature", "geometry": {"type": "Polygon", "coordinates": [[[83.375, 16.875], [83.625, 16.875], [83.625, 17.125], [83.375, 17.125], [83.375, 16.875]]]}, "properties": {"time": "2014-10-12T06:00:00", "variable": "ws", "tier": "moderate", "percentile": 100.0, "z": 7.6, "wind_ms": 22.74, "value": 22.74, "lat": 17.0, "lon": 83.5}}, {"type": "Feature", "geometry": {"type": "Polygon", "coordinates": [[[83.625, 16.875], [83.875, 16.875], [83.875, 17.125], [83.625, 17.125], [83.625, 16.875]]]}, "properties": {"time": "2014-10-12T06:00:00", "variable": "ws", "tier": "moderate", "percentile": 100.0, "z": 6.4, "wind_ms": 20.88, "value": 20.88, "lat": 17.0, "lon": 83.75}}, {"type": "Feature", "geometry": {"type": "Polygon", "coordinates": [[[83.875, 16.875], [84.125, 16.875], [84.125, 17.125], [83.875, 17.125], [83.875, 16.875]]]}, "properties": {"time": "2014-10-12T06:00:00", "variable": "ws", "tier": "moderate", "percentile": 100.0, "z": 5.49, "wind_ms": 19.24, "value": 19.24, "lat": 17.0, "lon": 84.0}}, {"type": "Feature", "geometry": {"type": "Polygon", "coordinates": [[[84.125, 16.875], [84.375, 16.875], [84.375, 17.125], [84.125, 17.125], [84.125, 16.875]]]}, "properties": {"time": "2014-10-12T06:00:00", "variable": "ws", "tier": "moderate", "percentile": 100.0, "z": 4.97, "wind_ms": 18.44, "value": 18.44, "lat": 17.0, "lon": 84.25}}, {"type": "Feature", "geometry": {"type": "Polygon", "coordinates": [[[84.375, 16.875], [84.625, 16.875], [84.625, 17.125], [84.375, 17.125], [84.375, 16.875]]]}, "properties": {"time": "2014-10-12T06:00:00", "variable": "ws", "tier": "moderate", "percentile": 100.0, "z": 4.66, "wind_ms": 18.02, "value": 18.02, "lat": 17.0, "lon": 84.5}}, {"type": "Feature", "geometry": {"type": "Polygon", "coordinates": [[[84.625, 16.875], [84.875, 16.875], [84.875, 17.125], [84.625, 17.125], [84.625, 16.875]]]}, "properties": {"time": "2014-10-12T06:00:00", "variable": "ws", "tier": "moderate", "percentile": 100.0, "z": 4.44, "wind_ms": 17.51, "value": 17.51, "lat": 17.0, "lon": 84.75}}, {"type": "Feature", "geometry": {"type": "Polygon", "coordinates": [[[84.875, 16.875], [85.125, 16.875], [85.125, 17.125], [84.875, 17.125], [84.875, 16.875]]]}, "properties": {"time": "2014-10-12T06:00:00", "variable": "ws", "tier": "moderate", "percentile": 100.0, "z": 4.4, "wind_ms": 17.09, "value": 17.09, "lat": 17.0, "lon": 85.0}}, {"type": "Feature", "geometry": {"type": "Polygon", "coordinates": [[[85.125, 16.875], [85.375, 16.875], [85.375, 17.125], [85.125, 17.125], [85.125, 16.875]]]}, "properties": {"time": "2014-10-12T06:00:00", "variable": "ws", "tier": "moderate", "percentile": 100.0, "z": 4.63, "wind_ms": 17.28, "value": 17.28, "lat": 17.0, "lon": 85.25}}, {"type": "Feature", "geometry": {"type": "Polygon", "coordinates": [[[85.375, 16.875], [85.625, 16.875], [85.625, 17.125], [85.375, 17.125], [85.375, 16.875]]]}, "properties": {"time": "2014-10-12T06:00:00", "variable": "ws", "tier": "moderate", "percentile": 100.0, "z": 4.77, "wind_ms": 17.54, "value": 17.54, "lat": 17.0, "lon": 85.5}}, {"type": "Feature", "geometry": {"type": "Polygon", "coordinates": [[[85.625, 16.875], [85.875, 16.875], [85.875, 17.125], [85.625, 17.125], [85.625, 16.875]]]}, "properties": {"time": "2014-10-12T06:00:00", "variable": "ws", "tier": "moderate", "percentile": 100.0, "z": 4.65, "wind_ms": 17.23, "value": 17.23, "lat": 17.0, "lon": 85.75}}, {"type": "Feature", "geometry": {"type": "Polygon", "coordinates": [[[85.875, 16.875], [86.125, 16.875], [86.125, 17.125], [85.875, 17.125], [85.875, 16.875]]]}, "properties": {"time": "2014-10-12T06:00:00", "variable": "ws", "tier": "low", "percentile": 100.0, "z": 4.33, "wind_ms": 16.6, "value": 16.6, "lat": 17.0, "lon": 86.0}}, {"type": "Feature", "geometry": {"type": "Polygon", "coordinates": [[[86.125, 16.875], [86.375, 16.875], [86.375, 17.125], [86.125, 17.125], [86.125, 16.875]]]}, "properties": {"time": "2014-10-12T06:00:00", "variable": "ws", "tier": "low", "percentile": 100.0, "z": 4.06, "wind_ms": 16.15, "value": 16.15, "lat": 17.0, "lon": 86.25}}, {"type": "Feature", "geometry": {"type": "Polygon", "coordinates": [[[86.375, 16.875], [86.625, 16.875], [86.625, 17.125], [86.375, 17.125], [86.375, 16.875]]]}, "properties": {"time": "2014-10-12T06:00:00", "variable": "ws", "tier": "low", "percentile": 99.2, "z": 3.86, "wind_ms": 15.73, "value": 15.73, "lat": 17.0, "lon": 86.5}}, {"type": "Feature", "geometry": {"type": "Polygon", "coordinates": [[[86.625, 16.875], [86.875, 16.875], [86.875, 17.125], [86.625, 17.125], [86.625, 16.875]]]}, "properties": {"time": "2014-10-12T06:00:00", "variable": "ws", "tier": "low", "percentile": 99.2, "z": 3.62, "wind_ms": 15.05, "value": 15.05, "lat": 17.0, "lon": 86.75}}, {"type": "Feature", "geometry": {"type": "Polygon", "coordinates": [[[81.375, 17.125], [81.625, 17.125], [81.625, 17.375], [81.375, 17.375], [81.375, 17.125]]]}, "properties": {"time": "2014-10-12T06:00:00", "variable": "ws", "tier": "low", "percentile": 100.0, "z": 7.46, "wind_ms": 9.29, "value": 9.29, "lat": 17.25, "lon": 81.5}}, {"type": "Feature", "geometry": {"type": "Polygon", "coordinates": [[[81.625, 17.125], [81.875, 17.125], [81.875, 17.375], [81.625, 17.375], [81.625, 17.125]]]}, "properties": {"time": "2014-10-12T06:00:00", "variable": "ws", "tier": "low", "percentile": 100.0, "z": 9.33, "wind_ms": 11.05, "value": 11.05, "lat": 17.25, "lon": 81.75}}, {"type": "Feature", "geometry": {"type": "Polygon", "coordinates": [[[81.875, 17.125], [82.125, 17.125], [82.125, 17.375], [81.875, 17.375], [81.875, 17.125]]]}, "properties": {"time": "2014-10-12T06:00:00", "variable": "ws", "tier": "low", "percentile": 100.0, "z": 10.76, "wind_ms": 12.48, "value": 12.48, "lat": 17.25, "lon": 82.0}}, {"type": "Feature", "geometry": {"type": "Polygon", "coordinates": [[[82.125, 17.125], [82.375, 17.125], [82.375, 17.375], [82.125, 17.375], [82.125, 17.125]]]}, "properties": {"time": "2014-10-12T06:00:00", "variable": "ws", "tier": "low", "percentile": 100.0, "z": 11.57, "wind_ms": 14.03, "value": 14.03, "lat": 17.25, "lon": 82.25}}, {"type": "Feature", "geometry": {"type": "Polygon", "coordinates": [[[82.375, 17.125], [82.625, 17.125], [82.625, 17.375], [82.375, 17.375], [82.375, 17.125]]]}, "properties": {"time": "2014-10-12T06:00:00", "variable": "ws", "tier": "low", "percentile": 100.0, "z": 10.93, "wind_ms": 16.93, "value": 16.93, "lat": 17.25, "lon": 82.5}}, {"type": "Feature", "geometry": {"type": "Polygon", "coordinates": [[[82.625, 17.125], [82.875, 17.125], [82.875, 17.375], [82.625, 17.375], [82.625, 17.125]]]}, "properties": {"time": "2014-10-12T06:00:00", "variable": "ws", "tier": "moderate", "percentile": 100.0, "z": 9.77, "wind_ms": 20.71, "value": 20.71, "lat": 17.25, "lon": 82.75}}, {"type": "Feature", "geometry": {"type": "Polygon", "coordinates": [[[82.875, 17.125], [83.125, 17.125], [83.125, 17.375], [82.875, 17.375], [82.875, 17.125]]]}, "properties": {"time": "2014-10-12T06:00:00", "variable": "ws", "tier": "moderate", "percentile": 100.0, "z": 9.3, "wind_ms": 22.98, "value": 22.98, "lat": 17.25, "lon": 83.0}}, {"type": "Feature", "geometry": {"type": "Polygon", "coordinates": [[[83.125, 17.125], [83.375, 17.125], [83.375, 17.375], [83.125, 17.375], [83.125, 17.125]]]}, "properties": {"time": "2014-10-12T06:00:00", "variable": "ws", "tier": "severe", "percentile": 100.0, "z": 9.42, "wind_ms": 26.13, "value": 26.13, "lat": 17.25, "lon": 83.25}}, {"type": "Feature", "geometry": {"type": "Polygon", "coordinates": [[[83.375, 17.125], [83.625, 17.125], [83.625, 17.375], [83.375, 17.375], [83.375, 17.125]]]}, "properties": {"time": "2014-10-12T06:00:00", "variable": "ws", "tier": "moderate", "percentile": 100.0, "z": 8.45, "wind_ms": 24.6, "value": 24.6, "lat": 17.25, "lon": 83.5}}, {"type": "Feature", "geometry": {"type": "Polygon", "coordinates": [[[83.625, 17.125], [83.875, 17.125], [83.875, 17.375], [83.625, 17.375], [83.625, 17.125]]]}, "properties": {"time": "2014-10-12T06:00:00", "variable": "ws", "tier": "moderate", "percentile": 100.0, "z": 6.84, "wind_ms": 21.54, "value": 21.54, "lat": 17.25, "lon": 83.75}}, {"type": "Feature", "geometry": {"type": "Polygon", "coordinates": [[[83.875, 17.125], [84.125, 17.125], [84.125, 17.375], [83.875, 17.375], [83.875, 17.125]]]}, "properties": {"time": "2014-10-12T06:00:00", "variable": "ws", "tier": "moderate", "percentile": 100.0, "z": 5.71, "wind_ms": 19.8, "value": 19.8, "lat": 17.25, "lon": 84.0}}, {"type": "Feature", "geometry": {"type": "Polygon", "coordinates": [[[84.125, 17.125], [84.375, 17.125], [84.375, 17.375], [84.125, 17.375], [84.125, 17.125]]]}, "properties": {"time": "2014-10-12T06:00:00", "variable": "ws", "tier": "moderate", "percentile": 100.0, "z": 5.16, "wind_ms": 19.09, "value": 19.09, "lat": 17.25, "lon": 84.25}}, {"type": "Feature", "geometry": {"type": "Polygon", "coordinates": [[[84.375, 17.125], [84.625, 17.125], [84.625, 17.375], [84.375, 17.375], [84.375, 17.125]]]}, "properties": {"time": "2014-10-12T06:00:00", "variable": "ws", "tier": "moderate", "percentile": 100.0, "z": 4.91, "wind_ms": 18.72, "value": 18.72, "lat": 17.25, "lon": 84.5}}, {"type": "Feature", "geometry": {"type": "Polygon", "coordinates": [[[84.625, 17.125], [84.875, 17.125], [84.875, 17.375], [84.625, 17.375], [84.625, 17.125]]]}, "properties": {"time": "2014-10-12T06:00:00", "variable": "ws", "tier": "moderate", "percentile": 100.0, "z": 4.73, "wind_ms": 18.28, "value": 18.28, "lat": 17.25, "lon": 84.75}}, {"type": "Feature", "geometry": {"type": "Polygon", "coordinates": [[[84.875, 17.125], [85.125, 17.125], [85.125, 17.375], [84.875, 17.375], [84.875, 17.125]]]}, "properties": {"time": "2014-10-12T06:00:00", "variable": "ws", "tier": "moderate", "percentile": 100.0, "z": 4.47, "wind_ms": 17.42, "value": 17.42, "lat": 17.25, "lon": 85.0}}, {"type": "Feature", "geometry": {"type": "Polygon", "coordinates": [[[85.125, 17.125], [85.375, 17.125], [85.375, 17.375], [85.125, 17.375], [85.125, 17.125]]]}, "properties": {"time": "2014-10-12T06:00:00", "variable": "ws", "tier": "moderate", "percentile": 100.0, "z": 4.5, "wind_ms": 17.19, "value": 17.19, "lat": 17.25, "lon": 85.25}}, {"type": "Feature", "geometry": {"type": "Polygon", "coordinates": [[[85.375, 17.125], [85.625, 17.125], [85.625, 17.375], [85.375, 17.375], [85.375, 17.125]]]}, "properties": {"time": "2014-10-12T06:00:00", "variable": "ws", "tier": "moderate", "percentile": 100.0, "z": 4.58, "wind_ms": 17.11, "value": 17.11, "lat": 17.25, "lon": 85.5}}, {"type": "Feature", "geometry": {"type": "Polygon", "coordinates": [[[85.625, 17.125], [85.875, 17.125], [85.875, 17.375], [85.625, 17.375], [85.625, 17.125]]]}, "properties": {"time": "2014-10-12T06:00:00", "variable": "ws", "tier": "low", "percentile": 100.0, "z": 4.47, "wind_ms": 16.79, "value": 16.79, "lat": 17.25, "lon": 85.75}}, {"type": "Feature", "geometry": {"type": "Polygon", "coordinates": [[[85.875, 17.125], [86.125, 17.125], [86.125, 17.375], [85.875, 17.375], [85.875, 17.125]]]}, "properties": {"time": "2014-10-12T06:00:00", "variable": "ws", "tier": "low", "percentile": 100.0, "z": 4.3, "wind_ms": 16.54, "value": 16.54, "lat": 17.25, "lon": 86.0}}, {"type": "Feature", "geometry": {"type": "Polygon", "coordinates": [[[86.125, 17.125], [86.375, 17.125], [86.375, 17.375], [86.125, 17.375], [86.125, 17.125]]]}, "properties": {"time": "2014-10-12T06:00:00", "variable": "ws", "tier": "low", "percentile": 100.0, "z": 3.87, "wind_ms": 15.62, "value": 15.62, "lat": 17.25, "lon": 86.25}}, {"type": "Feature", "geometry": {"type": "Polygon", "coordinates": [[[86.375, 17.125], [86.625, 17.125], [86.625, 17.375], [86.375, 17.375], [86.375, 17.125]]]}, "properties": {"time": "2014-10-12T06:00:00", "variable": "ws", "tier": "low", "percentile": 99.2, "z": 3.59, "wind_ms": 14.96, "value": 14.96, "lat": 17.25, "lon": 86.5}}, {"type": "Feature", "geometry": {"type": "Polygon", "coordinates": [[[86.625, 17.125], [86.875, 17.125], [86.875, 17.375], [86.625, 17.375], [86.625, 17.125]]]}, "properties": {"time": "2014-10-12T06:00:00", "variable": "ws", "tier": "low", "percentile": 99.2, "z": 3.5, "wind_ms": 14.72, "value": 14.72, "lat": 17.25, "lon": 86.75}}, {"type": "Feature", "geometry": {"type": "Polygon", "coordinates": [[[81.375, 17.375], [81.625, 17.375], [81.625, 17.625], [81.375, 17.625], [81.375, 17.375]]]}, "properties": {"time": "2014-10-12T06:00:00", "variable": "ws", "tier": "low", "percentile": 100.0, "z": 7.12, "wind_ms": 8.88, "value": 8.88, "lat": 17.5, "lon": 81.5}}, {"type": "Feature", "geometry": {"type": "Polygon", "coordinates": [[[81.625, 17.375], [81.875, 17.375], [81.875, 17.625], [81.625, 17.625], [81.625, 17.375]]]}, "properties": {"time": "2014-10-12T06:00:00", "variable": "ws", "tier": "low", "percentile": 100.0, "z": 8.93, "wind_ms": 10.6, "value": 10.6, "lat": 17.5, "lon": 81.75}}, {"type": "Feature", "geometry": {"type": "Polygon", "coordinates": [[[81.875, 17.375], [82.125, 17.375], [82.125, 17.625], [81.875, 17.625], [81.875, 17.375]]]}, "properties": {"time": "2014-10-12T06:00:00", "variable": "ws", "tier": "low", "percentile": 100.0, "z": 10.52, "wind_ms": 12.28, "value": 12.28, "lat": 17.5, "lon": 82.0}}, {"type": "Feature", "geometry": {"type": "Polygon", "coordinates": [[[82.125, 17.375], [82.375, 17.375], [82.375, 17.625], [82.125, 17.625], [82.125, 17.375]]]}, "properties": {"time": "2014-10-12T06:00:00", "variable": "ws", "tier": "low", "percentile": 100.0, "z": 11.4, "wind_ms": 13.25, "value": 13.25, "lat": 17.5, "lon": 82.25}}, {"type": "Feature", "geometry": {"type": "Polygon", "coordinates": [[[82.375, 17.375], [82.625, 17.375], [82.625, 17.625], [82.375, 17.625], [82.375, 17.375]]]}, "properties": {"time": "2014-10-12T06:00:00", "variable": "ws", "tier": "low", "percentile": 100.0, "z": 11.27, "wind_ms": 13.2, "value": 13.2, "lat": 17.5, "lon": 82.5}}, {"type": "Feature", "geometry": {"type": "Polygon", "coordinates": [[[82.625, 17.375], [82.875, 17.375], [82.875, 17.625], [82.625, 17.625], [82.625, 17.375]]]}, "properties": {"time": "2014-10-12T06:00:00", "variable": "ws", "tier": "low", "percentile": 100.0, "z": 9.71, "wind_ms": 13.43, "value": 13.43, "lat": 17.5, "lon": 82.75}}, {"type": "Feature", "geometry": {"type": "Polygon", "coordinates": [[[82.875, 17.375], [83.125, 17.375], [83.125, 17.625], [82.875, 17.625], [82.875, 17.375]]]}, "properties": {"time": "2014-10-12T06:00:00", "variable": "ws", "tier": "low", "percentile": 100.0, "z": 5.54, "wind_ms": 10.83, "value": 10.83, "lat": 17.5, "lon": 83.0}}, {"type": "Feature", "geometry": {"type": "Polygon", "coordinates": [[[83.125, 17.375], [83.375, 17.375], [83.375, 17.625], [83.125, 17.625], [83.125, 17.375]]]}, "properties": {"time": "2014-10-12T06:00:00", "variable": "ws", "tier": "low", "percentile": 100.0, "z": 6.69, "wind_ms": 16.8, "value": 16.8, "lat": 17.5, "lon": 83.25}}, {"type": "Feature", "geometry": {"type": "Polygon", "coordinates": [[[83.375, 17.375], [83.625, 17.375], [83.625, 17.625], [83.375, 17.625], [83.375, 17.375]]]}, "properties": {"time": "2014-10-12T06:00:00", "variable": "ws", "tier": "moderate", "percentile": 100.0, "z": 8.34, "wind_ms": 23.63, "value": 23.63, "lat": 17.5, "lon": 83.5}}, {"type": "Feature", "geometry": {"type": "Polygon", "coordinates": [[[83.625, 17.375], [83.875, 17.375], [83.875, 17.625], [83.625, 17.625], [83.625, 17.375]]]}, "properties": {"time": "2014-10-12T06:00:00", "variable": "ws", "tier": "moderate", "percentile": 100.0, "z": 7.27, "wind_ms": 21.89, "value": 21.89, "lat": 17.5, "lon": 83.75}}, {"type": "Feature", "geometry": {"type": "Polygon", "coordinates": [[[83.875, 17.375], [84.125, 17.375], [84.125, 17.625], [83.875, 17.625], [83.875, 17.375]]]}, "properties": {"time": "2014-10-12T06:00:00", "variable": "ws", "tier": "moderate", "percentile": 100.0, "z": 6.13, "wind_ms": 20.16, "value": 20.16, "lat": 17.5, "lon": 84.0}}, {"type": "Feature", "geometry": {"type": "Polygon", "coordinates": [[[84.125, 17.375], [84.375, 17.375], [84.375, 17.625], [84.125, 17.625], [84.125, 17.375]]]}, "properties": {"time": "2014-10-12T06:00:00", "variable": "ws", "tier": "moderate", "percentile": 100.0, "z": 5.26, "wind_ms": 18.98, "value": 18.98, "lat": 17.5, "lon": 84.25}}, {"type": "Feature", "geometry": {"type": "Polygon", "coordinates": [[[84.375, 17.375], [84.625, 17.375], [84.625, 17.625], [84.375, 17.625], [84.375, 17.375]]]}, "properties": {"time": "2014-10-12T06:00:00", "variable": "ws", "tier": "moderate", "percentile": 100.0, "z": 4.94, "wind_ms": 18.67, "value": 18.67, "lat": 17.5, "lon": 84.5}}, {"type": "Feature", "geometry": {"type": "Polygon", "coordinates": [[[84.625, 17.375], [84.875, 17.375], [84.875, 17.625], [84.625, 17.625], [84.625, 17.375]]]}, "properties": {"time": "2014-10-12T06:00:00", "variable": "ws", "tier": "moderate", "percentile": 100.0, "z": 4.72, "wind_ms": 18.28, "value": 18.28, "lat": 17.5, "lon": 84.75}}, {"type": "Feature", "geometry": {"type": "Polygon", "coordinates": [[[84.875, 17.375], [85.125, 17.375], [85.125, 17.625], [84.875, 17.625], [84.875, 17.375]]]}, "properties": {"time": "2014-10-12T06:00:00", "variable": "ws", "tier": "moderate", "percentile": 100.0, "z": 4.5, "wind_ms": 17.54, "value": 17.54, "lat": 17.5, "lon": 85.0}}, {"type": "Feature", "geometry": {"type": "Polygon", "coordinates": [[[85.125, 17.375], [85.375, 17.375], [85.375, 17.625], [85.125, 17.625], [85.125, 17.375]]]}, "properties": {"time": "2014-10-12T06:00:00", "variable": "ws", "tier": "low", "percentile": 100.0, "z": 4.2, "wind_ms": 16.57, "value": 16.57, "lat": 17.5, "lon": 85.25}}, {"type": "Feature", "geometry": {"type": "Polygon", "coordinates": [[[85.375, 17.375], [85.625, 17.375], [85.625, 17.625], [85.375, 17.625], [85.375, 17.375]]]}, "properties": {"time": "2014-10-12T06:00:00", "variable": "ws", "tier": "low", "percentile": 100.0, "z": 4.24, "wind_ms": 16.47, "value": 16.47, "lat": 17.5, "lon": 85.5}}, {"type": "Feature", "geometry": {"type": "Polygon", "coordinates": [[[85.625, 17.375], [85.875, 17.375], [85.875, 17.625], [85.625, 17.625], [85.625, 17.375]]]}, "properties": {"time": "2014-10-12T06:00:00", "variable": "ws", "tier": "low", "percentile": 100.0, "z": 4.21, "wind_ms": 16.23, "value": 16.23, "lat": 17.5, "lon": 85.75}}, {"type": "Feature", "geometry": {"type": "Polygon", "coordinates": [[[85.875, 17.375], [86.125, 17.375], [86.125, 17.625], [85.875, 17.625], [85.875, 17.375]]]}, "properties": {"time": "2014-10-12T06:00:00", "variable": "ws", "tier": "low", "percentile": 100.0, "z": 4.15, "wind_ms": 16.21, "value": 16.21, "lat": 17.5, "lon": 86.0}}, {"type": "Feature", "geometry": {"type": "Polygon", "coordinates": [[[86.125, 17.375], [86.375, 17.375], [86.375, 17.625], [86.125, 17.625], [86.125, 17.375]]]}, "properties": {"time": "2014-10-12T06:00:00", "variable": "ws", "tier": "low", "percentile": 99.2, "z": 3.83, "wind_ms": 15.55, "value": 15.55, "lat": 17.5, "lon": 86.25}}, {"type": "Feature", "geometry": {"type": "Polygon", "coordinates": [[[86.375, 17.375], [86.625, 17.375], [86.625, 17.625], [86.375, 17.625], [86.375, 17.375]]]}, "properties": {"time": "2014-10-12T06:00:00", "variable": "ws", "tier": "low", "percentile": 99.2, "z": 3.61, "wind_ms": 14.98, "value": 14.98, "lat": 17.5, "lon": 86.5}}, {"type": "Feature", "geometry": {"type": "Polygon", "coordinates": [[[86.625, 17.375], [86.875, 17.375], [86.875, 17.625], [86.625, 17.625], [86.625, 17.375]]]}, "properties": {"time": "2014-10-12T06:00:00", "variable": "ws", "tier": "low", "percentile": 99.2, "z": 3.55, "wind_ms": 14.78, "value": 14.78, "lat": 17.5, "lon": 86.75}}, {"type": "Feature", "geometry": {"type": "Polygon", "coordinates": [[[81.625, 17.625], [81.875, 17.625], [81.875, 17.875], [81.625, 17.875], [81.625, 17.625]]]}, "properties": {"time": "2014-10-12T06:00:00", "variable": "ws", "tier": "low", "percentile": 100.0, "z": 7.23, "wind_ms": 8.91, "value": 8.91, "lat": 17.75, "lon": 81.75}}, {"type": "Feature", "geometry": {"type": "Polygon", "coordinates": [[[81.875, 17.625], [82.125, 17.625], [82.125, 17.875], [81.875, 17.875], [81.875, 17.625]]]}, "properties": {"time": "2014-10-12T06:00:00", "variable": "ws", "tier": "low", "percentile": 100.0, "z": 9.38, "wind_ms": 10.89, "value": 10.89, "lat": 17.75, "lon": 82.0}}, {"type": "Feature", "geometry": {"type": "Polygon", "coordinates": [[[82.125, 17.625], [82.375, 17.625], [82.375, 17.875], [82.125, 17.875], [82.125, 17.625]]]}, "properties": {"time": "2014-10-12T06:00:00", "variable": "ws", "tier": "low", "percentile": 100.0, "z": 11.14, "wind_ms": 12.85, "value": 12.85, "lat": 17.75, "lon": 82.25}}, {"type": "Feature", "geometry": {"type": "Polygon", "coordinates": [[[82.375, 17.625], [82.625, 17.625], [82.625, 17.875], [82.375, 17.875], [82.375, 17.625]]]}, "properties": {"time": "2014-10-12T06:00:00", "variable": "ws", "tier": "low", "percentile": 100.0, "z": 11.39, "wind_ms": 13.14, "value": 13.14, "lat": 17.75, "lon": 82.5}}, {"type": "Feature", "geometry": {"type": "Polygon", "coordinates": [[[82.625, 17.625], [82.875, 17.625], [82.875, 17.875], [82.625, 17.875], [82.625, 17.625]]]}, "properties": {"time": "2014-10-12T06:00:00", "variable": "ws", "tier": "low", "percentile": 100.0, "z": 9.09, "wind_ms": 10.97, "value": 10.97, "lat": 17.75, "lon": 82.75}}, {"type": "Feature", "geometry": {"type": "Polygon", "coordinates": [[[83.375, 17.625], [83.625, 17.625], [83.625, 17.875], [83.375, 17.875], [83.375, 17.625]]]}, "properties": {"time": "2014-10-12T06:00:00", "variable": "ws", "tier": "moderate", "percentile": 100.0, "z": 8.94, "wind_ms": 21.02, "value": 21.02, "lat": 17.75, "lon": 83.5}}, {"type": "Feature", "geometry": {"type": "Polygon", "coordinates": [[[83.625, 17.625], [83.875, 17.625], [83.875, 17.875], [83.625, 17.875], [83.625, 17.625]]]}, "properties": {"time": "2014-10-12T06:00:00", "variable": "ws", "tier": "moderate", "percentile": 100.0, "z": 8.26, "wind_ms": 22.65, "value": 22.65, "lat": 17.75, "lon": 83.75}}, {"type": "Feature", "geometry": {"type": "Polygon", "coordinates": [[[83.875, 17.625], [84.125, 17.625], [84.125, 17.875], [83.875, 17.875], [83.875, 17.625]]]}, "properties": {"time": "2014-10-12T06:00:00", "variable": "ws", "tier": "moderate", "percentile": 100.0, "z": 6.64, "wind_ms": 20.43, "value": 20.43, "lat": 17.75, "lon": 84.0}}, {"type": "Feature", "geometry": {"type": "Polygon", "coordinates": [[[84.125, 17.625], [84.375, 17.625], [84.375, 17.875], [84.125, 17.875], [84.125, 17.625]]]}, "properties": {"time": "2014-10-12T06:00:00", "variable": "ws", "tier": "moderate", "percentile": 100.0, "z": 5.63, "wind_ms": 19.06, "value": 19.06, "lat": 17.75, "lon": 84.25}}, {"type": "Feature", "geometry": {"type": "Polygon", "coordinates": [[[84.375, 17.625], [84.625, 17.625], [84.625, 17.875], [84.375, 17.875], [84.375, 17.625]]]}, "properties": {"time": "2014-10-12T06:00:00", "variable": "ws", "tier": "moderate", "percentile": 100.0, "z": 4.83, "wind_ms": 17.97, "value": 17.97, "lat": 17.75, "lon": 84.5}}, {"type": "Feature", "geometry": {"type": "Polygon", "coordinates": [[[84.625, 17.625], [84.875, 17.625], [84.875, 17.875], [84.625, 17.875], [84.625, 17.625]]]}, "properties": {"time": "2014-10-12T06:00:00", "variable": "ws", "tier": "moderate", "percentile": 99.2, "z": 4.52, "wind_ms": 17.47, "value": 17.47, "lat": 17.75, "lon": 84.75}}, {"type": "Feature", "geometry": {"type": "Polygon", "coordinates": [[[84.875, 17.625], [85.125, 17.625], [85.125, 17.875], [84.875, 17.875], [84.875, 17.625]]]}, "properties": {"time": "2014-10-12T06:00:00", "variable": "ws", "tier": "moderate", "percentile": 99.2, "z": 4.4, "wind_ms": 17.19, "value": 17.19, "lat": 17.75, "lon": 85.0}}, {"type": "Feature", "geometry": {"type": "Polygon", "coordinates": [[[85.125, 17.625], [85.375, 17.625], [85.375, 17.875], [85.125, 17.875], [85.125, 17.625]]]}, "properties": {"time": "2014-10-12T06:00:00", "variable": "ws", "tier": "low", "percentile": 99.2, "z": 4.03, "wind_ms": 16.01, "value": 16.01, "lat": 17.75, "lon": 85.25}}, {"type": "Feature", "geometry": {"type": "Polygon", "coordinates": [[[85.375, 17.625], [85.625, 17.625], [85.625, 17.875], [85.375, 17.875], [85.375, 17.625]]]}, "properties": {"time": "2014-10-12T06:00:00", "variable": "ws", "tier": "low", "percentile": 99.2, "z": 3.93, "wind_ms": 15.64, "value": 15.64, "lat": 17.75, "lon": 85.5}}, {"type": "Feature", "geometry": {"type": "Polygon", "coordinates": [[[85.625, 17.625], [85.875, 17.625], [85.875, 17.875], [85.625, 17.875], [85.625, 17.625]]]}, "properties": {"time": "2014-10-12T06:00:00", "variable": "ws", "tier": "low", "percentile": 100.0, "z": 4.08, "wind_ms": 16.01, "value": 16.01, "lat": 17.75, "lon": 85.75}}, {"type": "Feature", "geometry": {"type": "Polygon", "coordinates": [[[85.875, 17.625], [86.125, 17.625], [86.125, 17.875], [85.875, 17.875], [85.875, 17.625]]]}, "properties": {"time": "2014-10-12T06:00:00", "variable": "ws", "tier": "low", "percentile": 100.0, "z": 4.03, "wind_ms": 15.91, "value": 15.91, "lat": 17.75, "lon": 86.0}}, {"type": "Feature", "geometry": {"type": "Polygon", "coordinates": [[[86.125, 17.625], [86.375, 17.625], [86.375, 17.875], [86.125, 17.875], [86.125, 17.625]]]}, "properties": {"time": "2014-10-12T06:00:00", "variable": "ws", "tier": "low", "percentile": 99.2, "z": 3.91, "wind_ms": 15.78, "value": 15.78, "lat": 17.75, "lon": 86.25}}, {"type": "Feature", "geometry": {"type": "Polygon", "coordinates": [[[86.375, 17.625], [86.625, 17.625], [86.625, 17.875], [86.375, 17.875], [86.375, 17.625]]]}, "properties": {"time": "2014-10-12T06:00:00", "variable": "ws", "tier": "low", "percentile": 99.2, "z": 3.75, "wind_ms": 15.29, "value": 15.29, "lat": 17.75, "lon": 86.5}}, {"type": "Feature", "geometry": {"type": "Polygon", "coordinates": [[[86.625, 17.625], [86.875, 17.625], [86.875, 17.875], [86.625, 17.875], [86.625, 17.625]]]}, "properties": {"time": "2014-10-12T06:00:00", "variable": "ws", "tier": "low", "percentile": 99.2, "z": 3.67, "wind_ms": 14.96, "value": 14.96, "lat": 17.75, "lon": 86.75}}, {"type": "Feature", "geometry": {"type": "Polygon", "coordinates": [[[81.875, 17.875], [82.125, 17.875], [82.125, 18.125], [81.875, 18.125], [81.875, 17.875]]]}, "properties": {"time": "2014-10-12T06:00:00", "variable": "ws", "tier": "low", "percentile": 100.0, "z": 8.18, "wind_ms": 9.96, "value": 9.96, "lat": 18.0, "lon": 82.0}}, {"type": "Feature", "geometry": {"type": "Polygon", "coordinates": [[[82.125, 17.875], [82.375, 17.875], [82.375, 18.125], [82.125, 18.125], [82.125, 17.875]]]}, "properties": {"time": "2014-10-12T06:00:00", "variable": "ws", "tier": "low", "percentile": 100.0, "z": 10.49, "wind_ms": 11.93, "value": 11.93, "lat": 18.0, "lon": 82.25}}, {"type": "Feature", "geometry": {"type": "Polygon", "coordinates": [[[82.375, 17.875], [82.625, 17.875], [82.625, 18.125], [82.375, 18.125], [82.375, 17.875]]]}, "properties": {"time": "2014-10-12T06:00:00", "variable": "ws", "tier": "low", "percentile": 100.0, "z": 10.55, "wind_ms": 12.29, "value": 12.29, "lat": 18.0, "lon": 82.5}}, {"type": "Feature", "geometry": {"type": "Polygon", "coordinates": [[[82.625, 17.875], [82.875, 17.875], [82.875, 18.125], [82.625, 18.125], [82.625, 17.875]]]}, "properties": {"time": "2014-10-12T06:00:00", "variable": "ws", "tier": "low", "percentile": 100.0, "z": 10.61, "wind_ms": 12.38, "value": 12.38, "lat": 18.0, "lon": 82.75}}, {"type": "Feature", "geometry": {"type": "Polygon", "coordinates": [[[82.875, 17.875], [83.125, 17.875], [83.125, 18.125], [82.875, 18.125], [82.875, 17.875]]]}, "properties": {"time": "2014-10-12T06:00:00", "variable": "ws", "tier": "low", "percentile": 100.0, "z": 11.7, "wind_ms": 13.59, "value": 13.59, "lat": 18.0, "lon": 83.0}}, {"type": "Feature", "geometry": {"type": "Polygon", "coordinates": [[[83.125, 17.875], [83.375, 17.875], [83.375, 18.125], [83.125, 18.125], [83.125, 17.875]]]}, "properties": {"time": "2014-10-12T06:00:00", "variable": "ws", "tier": "low", "percentile": 100.0, "z": 9.86, "wind_ms": 12.18, "value": 12.18, "lat": 18.0, "lon": 83.25}}, {"type": "Feature", "geometry": {"type": "Polygon", "coordinates": [[[83.375, 17.875], [83.625, 17.875], [83.625, 18.125], [83.375, 18.125], [83.375, 17.875]]]}, "properties": {"time": "2014-10-12T06:00:00", "variable": "ws", "tier": "moderate", "percentile": 100.0, "z": 10.44, "wind_ms": 17.59, "value": 17.59, "lat": 18.0, "lon": 83.5}}, {"type": "Feature", "geometry": {"type": "Polygon", "coordinates": [[[83.625, 17.875], [83.875, 17.875], [83.875, 18.125], [83.625, 18.125], [83.625, 17.875]]]}, "properties": {"time": "2014-10-12T06:00:00", "variable": "ws", "tier": "moderate", "percentile": 100.0, "z": 9.64, "wind_ms": 22.01, "value": 22.01, "lat": 18.0, "lon": 83.75}}, {"type": "Feature", "geometry": {"type": "Polygon", "coordinates": [[[83.875, 17.875], [84.125, 17.875], [84.125, 18.125], [83.875, 18.125], [83.875, 17.875]]]}, "properties": {"time": "2014-10-12T06:00:00", "variable": "ws", "tier": "moderate", "percentile": 100.0, "z": 7.62, "wind_ms": 20.36, "value": 20.36, "lat": 18.0, "lon": 84.0}}, {"type": "Feature", "geometry": {"type": "Polygon", "coordinates": [[[84.125, 17.875], [84.375, 17.875], [84.375, 18.125], [84.125, 18.125], [84.125, 17.875]]]}, "properties": {"time": "2014-10-12T06:00:00", "variable": "ws", "tier": "moderate", "percentile": 100.0, "z": 5.86, "wind_ms": 19.09, "value": 19.09, "lat": 18.0, "lon": 84.25}}, {"type": "Feature", "geometry": {"type": "Polygon", "coordinates": [[[84.375, 17.875], [84.625, 17.875], [84.625, 18.125], [84.375, 18.125], [84.375, 17.875]]]}, "properties": {"time": "2014-10-12T06:00:00", "variable": "ws", "tier": "moderate", "percentile": 100.0, "z": 4.91, "wind_ms": 17.68, "value": 17.68, "lat": 18.0, "lon": 84.5}}, {"type": "Feature", "geometry": {"type": "Polygon", "coordinates": [[[84.625, 17.875], [84.875, 17.875], [84.875, 18.125], [84.625, 18.125], [84.625, 17.875]]]}, "properties": {"time": "2014-10-12T06:00:00", "variable": "ws", "tier": "low", "percentile": 99.2, "z": 4.42, "wind_ms": 16.85, "value": 16.85, "lat": 18.0, "lon": 84.75}}, {"type": "Feature", "geometry": {"type": "Polygon", "coordinates": [[[84.875, 17.875], [85.125, 17.875], [85.125, 18.125], [84.875, 18.125], [84.875, 17.875]]]}, "properties": {"time": "2014-10-12T06:00:00", "variable": "ws", "tier": "low", "percentile": 98.5, "z": 4.27, "wind_ms": 16.45, "value": 16.45, "lat": 18.0, "lon": 85.0}}, {"type": "Feature", "geometry": {"type": "Polygon", "coordinates": [[[85.125, 17.875], [85.375, 17.875], [85.375, 18.125], [85.125, 18.125], [85.125, 17.875]]]}, "properties": {"time": "2014-10-12T06:00:00", "variable": "ws", "tier": "low", "percentile": 98.5, "z": 3.96, "wind_ms": 15.7, "value": 15.7, "lat": 18.0, "lon": 85.25}}, {"type": "Feature", "geometry": {"type": "Polygon", "coordinates": [[[85.375, 17.875], [85.625, 17.875], [85.625, 18.125], [85.375, 18.125], [85.375, 17.875]]]}, "properties": {"time": "2014-10-12T06:00:00", "variable": "ws", "tier": "low", "percentile": 98.5, "z": 3.79, "wind_ms": 15.07, "value": 15.07, "lat": 18.0, "lon": 85.5}}, {"type": "Feature", "geometry": {"type": "Polygon", "coordinates": [[[85.625, 17.875], [85.875, 17.875], [85.875, 18.125], [85.625, 18.125], [85.625, 17.875]]]}, "properties": {"time": "2014-10-12T06:00:00", "variable": "ws", "tier": "low", "percentile": 99.2, "z": 3.96, "wind_ms": 15.66, "value": 15.66, "lat": 18.0, "lon": 85.75}}, {"type": "Feature", "geometry": {"type": "Polygon", "coordinates": [[[85.875, 17.875], [86.125, 17.875], [86.125, 18.125], [85.875, 18.125], [85.875, 17.875]]]}, "properties": {"time": "2014-10-12T06:00:00", "variable": "ws", "tier": "low", "percentile": 100.0, "z": 3.97, "wind_ms": 15.77, "value": 15.77, "lat": 18.0, "lon": 86.0}}, {"type": "Feature", "geometry": {"type": "Polygon", "coordinates": [[[86.125, 17.875], [86.375, 17.875], [86.375, 18.125], [86.125, 18.125], [86.125, 17.875]]]}, "properties": {"time": "2014-10-12T06:00:00", "variable": "ws", "tier": "low", "percentile": 99.2, "z": 3.94, "wind_ms": 15.73, "value": 15.73, "lat": 18.0, "lon": 86.25}}, {"type": "Feature", "geometry": {"type": "Polygon", "coordinates": [[[86.375, 17.875], [86.625, 17.875], [86.625, 18.125], [86.375, 18.125], [86.375, 17.875]]]}, "properties": {"time": "2014-10-12T06:00:00", "variable": "ws", "tier": "low", "percentile": 99.2, "z": 4.0, "wind_ms": 15.85, "value": 15.85, "lat": 18.0, "lon": 86.5}}, {"type": "Feature", "geometry": {"type": "Polygon", "coordinates": [[[86.625, 17.875], [86.875, 17.875], [86.875, 18.125], [86.625, 18.125], [86.625, 17.875]]]}, "properties": {"time": "2014-10-12T06:00:00", "variable": "ws", "tier": "low", "percentile": 99.2, "z": 3.94, "wind_ms": 15.51, "value": 15.51, "lat": 18.0, "lon": 86.75}}, {"type": "Feature", "geometry": {"type": "Polygon", "coordinates": [[[81.875, 18.125], [82.125, 18.125], [82.125, 18.375], [81.875, 18.375], [81.875, 18.125]]]}, "properties": {"time": "2014-10-12T06:00:00", "variable": "ws", "tier": "low", "percentile": 100.0, "z": 8.75, "wind_ms": 10.14, "value": 10.14, "lat": 18.25, "lon": 82.0}}, {"type": "Feature", "geometry": {"type": "Polygon", "coordinates": [[[82.125, 18.125], [82.375, 18.125], [82.375, 18.375], [82.125, 18.375], [82.125, 18.125]]]}, "properties": {"time": "2014-10-12T06:00:00", "variable": "ws", "tier": "low", "percentile": 100.0, "z": 9.13, "wind_ms": 11.02, "value": 11.02, "lat": 18.25, "lon": 82.25}}, {"type": "Feature", "geometry": {"type": "Polygon", "coordinates": [[[82.375, 18.125], [82.625, 18.125], [82.625, 18.375], [82.375, 18.375], [82.375, 18.125]]]}, "properties": {"time": "2014-10-12T06:00:00", "variable": "ws", "tier": "low", "percentile": 100.0, "z": 10.68, "wind_ms": 12.4, "value": 12.4, "lat": 18.25, "lon": 82.5}}, {"type": "Feature", "geometry": {"type": "Polygon", "coordinates": [[[82.625, 18.125], [82.875, 18.125], [82.875, 18.375], [82.625, 18.375], [82.625, 18.125]]]}, "properties": {"time": "2014-10-12T06:00:00", "variable": "ws", "tier": "low", "percentile": 100.0, "z": 10.07, "wind_ms": 13.02, "value": 13.02, "lat": 18.25, "lon": 82.75}}, {"type": "Feature", "geometry": {"type": "Polygon", "coordinates": [[[82.875, 18.125], [83.125, 18.125], [83.125, 18.375], [82.875, 18.375], [82.875, 18.125]]]}, "properties": {"time": "2014-10-12T06:00:00", "variable": "ws", "tier": "low", "percentile": 100.0, "z": 12.23, "wind_ms": 14.17, "value": 14.17, "lat": 18.25, "lon": 83.0}}, {"type": "Feature", "geometry": {"type": "Polygon", "coordinates": [[[83.125, 18.125], [83.375, 18.125], [83.375, 18.375], [83.125, 18.375], [83.125, 18.125]]]}, "properties": {"time": "2014-10-12T06:00:00", "variable": "ws", "tier": "low", "percentile": 100.0, "z": 12.34, "wind_ms": 14.07, "value": 14.07, "lat": 18.25, "lon": 83.25}}, {"type": "Feature", "geometry": {"type": "Polygon", "coordinates": [[[83.375, 18.125], [83.625, 18.125], [83.625, 18.375], [83.375, 18.375], [83.375, 18.125]]]}, "properties": {"time": "2014-10-12T06:00:00", "variable": "ws", "tier": "low", "percentile": 100.0, "z": 11.8, "wind_ms": 14.79, "value": 14.79, "lat": 18.25, "lon": 83.5}}, {"type": "Feature", "geometry": {"type": "Polygon", "coordinates": [[[83.625, 18.125], [83.875, 18.125], [83.875, 18.375], [83.625, 18.375], [83.625, 18.125]]]}, "properties": {"time": "2014-10-12T06:00:00", "variable": "ws", "tier": "moderate", "percentile": 100.0, "z": 10.8, "wind_ms": 17.88, "value": 17.88, "lat": 18.25, "lon": 83.75}}, {"type": "Feature", "geometry": {"type": "Polygon", "coordinates": [[[83.875, 18.125], [84.125, 18.125], [84.125, 18.375], [83.875, 18.375], [83.875, 18.125]]]}, "properties": {"time": "2014-10-12T06:00:00", "variable": "ws", "tier": "moderate", "percentile": 100.0, "z": 8.74, "wind_ms": 17.21, "value": 17.21, "lat": 18.25, "lon": 84.0}}, {"type": "Feature", "geometry": {"type": "Polygon", "coordinates": [[[84.125, 18.125], [84.375, 18.125], [84.375, 18.375], [84.125, 18.375], [84.125, 18.125]]]}, "properties": {"time": "2014-10-12T06:00:00", "variable": "ws", "tier": "low", "percentile": 100.0, "z": 6.09, "wind_ms": 15.57, "value": 15.57, "lat": 18.25, "lon": 84.25}}, {"type": "Feature", "geometry": {"type": "Polygon", "coordinates": [[[84.375, 18.125], [84.625, 18.125], [84.625, 18.375], [84.375, 18.375], [84.375, 18.125]]]}, "properties": {"time": "2014-10-12T06:00:00", "variable": "ws", "tier": "moderate", "percentile": 100.0, "z": 4.94, "wind_ms": 17.55, "value": 17.55, "lat": 18.25, "lon": 84.5}}, {"type": "Feature", "geometry": {"type": "Polygon", "coordinates": [[[84.625, 18.125], [84.875, 18.125], [84.875, 18.375], [84.625, 18.375], [84.625, 18.125]]]}, "properties": {"time": "2014-10-12T06:00:00", "variable": "ws", "tier": "low", "percentile": 98.5, "z": 4.33, "wind_ms": 16.35, "value": 16.35, "lat": 18.25, "lon": 84.75}}, {"type": "Feature", "geometry": {"type": "Polygon", "coordinates": [[[84.875, 18.125], [85.125, 18.125], [85.125, 18.375], [84.875, 18.375], [84.875, 18.125]]]}, "properties": {"time": "2014-10-12T06:00:00", "variable": "ws", "tier": "low", "percentile": 98.5, "z": 4.16, "wind_ms": 15.85, "value": 15.85, "lat": 18.25, "lon": 85.0}}, {"type": "Feature", "geometry": {"type": "Polygon", "coordinates": [[[85.125, 18.125], [85.375, 18.125], [85.375, 18.375], [85.125, 18.375], [85.125, 18.125]]]}, "properties": {"time": "2014-10-12T06:00:00", "variable": "ws", "tier": "low", "percentile": 98.5, "z": 3.96, "wind_ms": 15.45, "value": 15.45, "lat": 18.25, "lon": 85.25}}, {"type": "Feature", "geometry": {"type": "Polygon", "coordinates": [[[85.375, 18.125], [85.625, 18.125], [85.625, 18.375], [85.375, 18.375], [85.375, 18.125]]]}, "properties": {"time": "2014-10-12T06:00:00", "variable": "ws", "tier": "low", "percentile": 98.5, "z": 3.78, "wind_ms": 14.91, "value": 14.91, "lat": 18.25, "lon": 85.5}}, {"type": "Feature", "geometry": {"type": "Polygon", "coordinates": [[[85.625, 18.125], [85.875, 18.125], [85.875, 18.375], [85.625, 18.375], [85.625, 18.125]]]}, "properties": {"time": "2014-10-12T06:00:00", "variable": "ws", "tier": "low", "percentile": 99.2, "z": 3.94, "wind_ms": 15.45, "value": 15.45, "lat": 18.25, "lon": 85.75}}, {"type": "Feature", "geometry": {"type": "Polygon", "coordinates": [[[85.875, 18.125], [86.125, 18.125], [86.125, 18.375], [85.875, 18.375], [85.875, 18.125]]]}, "properties": {"time": "2014-10-12T06:00:00", "variable": "ws", "tier": "low", "percentile": 100.0, "z": 3.98, "wind_ms": 15.68, "value": 15.68, "lat": 18.25, "lon": 86.0}}, {"type": "Feature", "geometry": {"type": "Polygon", "coordinates": [[[86.125, 18.125], [86.375, 18.125], [86.375, 18.375], [86.125, 18.375], [86.125, 18.125]]]}, "properties": {"time": "2014-10-12T06:00:00", "variable": "ws", "tier": "low", "percentile": 100.0, "z": 4.02, "wind_ms": 15.85, "value": 15.85, "lat": 18.25, "lon": 86.25}}, {"type": "Feature", "geometry": {"type": "Polygon", "coordinates": [[[86.375, 18.125], [86.625, 18.125], [86.625, 18.375], [86.375, 18.375], [86.375, 18.125]]]}, "properties": {"time": "2014-10-12T06:00:00", "variable": "ws", "tier": "low", "percentile": 100.0, "z": 4.1, "wind_ms": 15.95, "value": 15.95, "lat": 18.25, "lon": 86.5}}, {"type": "Feature", "geometry": {"type": "Polygon", "coordinates": [[[86.625, 18.125], [86.875, 18.125], [86.875, 18.375], [86.625, 18.375], [86.625, 18.125]]]}, "properties": {"time": "2014-10-12T06:00:00", "variable": "ws", "tier": "low", "percentile": 100.0, "z": 3.99, "wind_ms": 15.43, "value": 15.43, "lat": 18.25, "lon": 86.75}}, {"type": "Feature", "geometry": {"type": "Polygon", "coordinates": [[[81.625, 18.375], [81.875, 18.375], [81.875, 18.625], [81.625, 18.625], [81.625, 18.375]]]}, "properties": {"time": "2014-10-12T06:00:00", "variable": "ws", "tier": "low", "percentile": 100.0, "z": 8.44, "wind_ms": 9.61, "value": 9.61, "lat": 18.5, "lon": 81.75}}, {"type": "Feature", "geometry": {"type": "Polygon", "coordinates": [[[81.875, 18.375], [82.125, 18.375], [82.125, 18.625], [81.875, 18.625], [81.875, 18.375]]]}, "properties": {"time": "2014-10-12T06:00:00", "variable": "ws", "tier": "low", "percentile": 100.0, "z": 8.78, "wind_ms": 10.01, "value": 10.01, "lat": 18.5, "lon": 82.0}}, {"type": "Feature", "geometry": {"type": "Polygon", "coordinates": [[[82.125, 18.375], [82.375, 18.375], [82.375, 18.625], [82.125, 18.625], [82.125, 18.375]]]}, "properties": {"time": "2014-10-12T06:00:00", "variable": "ws", "tier": "low", "percentile": 100.0, "z": 9.67, "wind_ms": 11.23, "value": 11.23, "lat": 18.5, "lon": 82.25}}, {"type": "Feature", "geometry": {"type": "Polygon", "coordinates": [[[82.375, 18.375], [82.625, 18.375], [82.625, 18.625], [82.375, 18.625], [82.375, 18.375]]]}, "properties": {"time": "2014-10-12T06:00:00", "variable": "ws", "tier": "low", "percentile": 100.0, "z": 10.61, "wind_ms": 12.67, "value": 12.67, "lat": 18.5, "lon": 82.5}}, {"type": "Feature", "geometry": {"type": "Polygon", "coordinates": [[[82.625, 18.375], [82.875, 18.375], [82.875, 18.625], [82.625, 18.625], [82.625, 18.375]]]}, "properties": {"time": "2014-10-12T06:00:00", "variable": "ws", "tier": "low", "percentile": 100.0, "z": 10.64, "wind_ms": 14.34, "value": 14.34, "lat": 18.5, "lon": 82.75}}, {"type": "Feature", "geometry": {"type": "Polygon", "coordinates": [[[82.875, 18.375], [83.125, 18.375], [83.125, 18.625], [82.875, 18.625], [82.875, 18.375]]]}, "properties": {"time": "2014-10-12T06:00:00", "variable": "ws", "tier": "low", "percentile": 100.0, "z": 11.93, "wind_ms": 14.03, "value": 14.03, "lat": 18.5, "lon": 83.0}}, {"type": "Feature", "geometry": {"type": "Polygon", "coordinates": [[[83.125, 18.375], [83.375, 18.375], [83.375, 18.625], [83.125, 18.625], [83.125, 18.375]]]}, "properties": {"time": "2014-10-12T06:00:00", "variable": "ws", "tier": "low", "percentile": 100.0, "z": 11.61, "wind_ms": 13.28, "value": 13.28, "lat": 18.5, "lon": 83.25}}, {"type": "Feature", "geometry": {"type": "Polygon", "coordinates": [[[83.375, 18.375], [83.625, 18.375], [83.625, 18.625], [83.375, 18.625], [83.375, 18.375]]]}, "properties": {"time": "2014-10-12T06:00:00", "variable": "ws", "tier": "low", "percentile": 100.0, "z": 11.54, "wind_ms": 12.94, "value": 12.94, "lat": 18.5, "lon": 83.5}}, {"type": "Feature", "geometry": {"type": "Polygon", "coordinates": [[[83.625, 18.375], [83.875, 18.375], [83.875, 18.625], [83.625, 18.625], [83.625, 18.375]]]}, "properties": {"time": "2014-10-12T06:00:00", "variable": "ws", "tier": "low", "percentile": 100.0, "z": 11.65, "wind_ms": 13.43, "value": 13.43, "lat": 18.5, "lon": 83.75}}, {"type": "Feature", "geometry": {"type": "Polygon", "coordinates": [[[83.875, 18.375], [84.125, 18.375], [84.125, 18.625], [83.875, 18.625], [83.875, 18.375]]]}, "properties": {"time": "2014-10-12T06:00:00", "variable": "ws", "tier": "low", "percentile": 100.0, "z": 8.83, "wind_ms": 12.06, "value": 12.06, "lat": 18.5, "lon": 84.0}}, {"type": "Feature", "geometry": {"type": "Polygon", "coordinates": [[[84.125, 18.375], [84.375, 18.375], [84.375, 18.625], [84.125, 18.625], [84.125, 18.375]]]}, "properties": {"time": "2014-10-12T06:00:00", "variable": "ws", "tier": "low", "percentile": 100.0, "z": 6.68, "wind_ms": 12.6, "value": 12.6, "lat": 18.5, "lon": 84.25}}, {"type": "Feature", "geometry": {"type": "Polygon", "coordinates": [[[84.375, 18.375], [84.625, 18.375], [84.625, 18.625], [84.375, 18.625], [84.375, 18.375]]]}, "properties": {"time": "2014-10-12T06:00:00", "variable": "ws", "tier": "low", "percentile": 100.0, "z": 4.91, "wind_ms": 14.18, "value": 14.18, "lat": 18.5, "lon": 84.5}}, {"type": "Feature", "geometry": {"type": "Polygon", "coordinates": [[[84.625, 18.375], [84.875, 18.375], [84.875, 18.625], [84.625, 18.625], [84.625, 18.375]]]}, "properties": {"time": "2014-10-12T06:00:00", "variable": "ws", "tier": "low", "percentile": 98.5, "z": 4.25, "wind_ms": 15.92, "value": 15.92, "lat": 18.5, "lon": 84.75}}, {"type": "Feature", "geometry": {"type": "Polygon", "coordinates": [[[84.875, 18.375], [85.125, 18.375], [85.125, 18.625], [84.875, 18.625], [84.875, 18.375]]]}, "properties": {"time": "2014-10-12T06:00:00", "variable": "ws", "tier": "low", "percentile": 98.5, "z": 3.96, "wind_ms": 15.05, "value": 15.05, "lat": 18.5, "lon": 85.0}}, {"type": "Feature", "geometry": {"type": "Polygon", "coordinates": [[[85.125, 18.375], [85.375, 18.375], [85.375, 18.625], [85.125, 18.625], [85.125, 18.375]]]}, "properties": {"time": "2014-10-12T06:00:00", "variable": "ws", "tier": "low", "percentile": 98.5, "z": 3.9, "wind_ms": 15.01, "value": 15.01, "lat": 18.5, "lon": 85.25}}, {"type": "Feature", "geometry": {"type": "Polygon", "coordinates": [[[85.375, 18.375], [85.625, 18.375], [85.625, 18.625], [85.375, 18.625], [85.375, 18.375]]]}, "properties": {"time": "2014-10-12T06:00:00", "variable": "ws", "tier": "low", "percentile": 98.5, "z": 3.82, "wind_ms": 14.86, "value": 14.86, "lat": 18.5, "lon": 85.5}}, {"type": "Feature", "geometry": {"type": "Polygon", "coordinates": [[[85.625, 18.375], [85.875, 18.375], [85.875, 18.625], [85.625, 18.625], [85.625, 18.375]]]}, "properties": {"time": "2014-10-12T06:00:00", "variable": "ws", "tier": "low", "percentile": 99.2, "z": 3.99, "wind_ms": 15.39, "value": 15.39, "lat": 18.5, "lon": 85.75}}, {"type": "Feature", "geometry": {"type": "Polygon", "coordinates": [[[85.875, 18.375], [86.125, 18.375], [86.125, 18.625], [85.875, 18.625], [85.875, 18.375]]]}, "properties": {"time": "2014-10-12T06:00:00", "variable": "ws", "tier": "low", "percentile": 100.0, "z": 4.09, "wind_ms": 15.8, "value": 15.8, "lat": 18.5, "lon": 86.0}}, {"type": "Feature", "geometry": {"type": "Polygon", "coordinates": [[[86.125, 18.375], [86.375, 18.375], [86.375, 18.625], [86.125, 18.625], [86.125, 18.375]]]}, "properties": {"time": "2014-10-12T06:00:00", "variable": "ws", "tier": "low", "percentile": 100.0, "z": 4.11, "wind_ms": 15.9, "value": 15.9, "lat": 18.5, "lon": 86.25}}, {"type": "Feature", "geometry": {"type": "Polygon", "coordinates": [[[86.375, 18.375], [86.625, 18.375], [86.625, 18.625], [86.375, 18.625], [86.375, 18.375]]]}, "properties": {"time": "2014-10-12T06:00:00", "variable": "ws", "tier": "low", "percentile": 100.0, "z": 4.01, "wind_ms": 15.6, "value": 15.6, "lat": 18.5, "lon": 86.5}}, {"type": "Feature", "geometry": {"type": "Polygon", "coordinates": [[[86.625, 18.375], [86.875, 18.375], [86.875, 18.625], [86.625, 18.625], [86.625, 18.375]]]}, "properties": {"time": "2014-10-12T06:00:00", "variable": "ws", "tier": "low", "percentile": 100.0, "z": 3.91, "wind_ms": 15.07, "value": 15.07, "lat": 18.5, "lon": 86.75}}, {"type": "Feature", "geometry": {"type": "Polygon", "coordinates": [[[81.375, 18.625], [81.625, 18.625], [81.625, 18.875], [81.375, 18.875], [81.375, 18.625]]]}, "properties": {"time": "2014-10-12T06:00:00", "variable": "ws", "tier": "low", "percentile": 100.0, "z": 6.68, "wind_ms": 8.91, "value": 8.91, "lat": 18.75, "lon": 81.5}}, {"type": "Feature", "geometry": {"type": "Polygon", "coordinates": [[[81.625, 18.625], [81.875, 18.625], [81.875, 18.875], [81.625, 18.875], [81.625, 18.625]]]}, "properties": {"time": "2014-10-12T06:00:00", "variable": "ws", "tier": "low", "percentile": 100.0, "z": 8.16, "wind_ms": 10.39, "value": 10.39, "lat": 18.75, "lon": 81.75}}, {"type": "Feature", "geometry": {"type": "Polygon", "coordinates": [[[81.875, 18.625], [82.125, 18.625], [82.125, 18.875], [81.875, 18.875], [81.875, 18.625]]]}, "properties": {"time": "2014-10-12T06:00:00", "variable": "ws", "tier": "low", "percentile": 100.0, "z": 8.96, "wind_ms": 11.03, "value": 11.03, "lat": 18.75, "lon": 82.0}}, {"type": "Feature", "geometry": {"type": "Polygon", "coordinates": [[[82.125, 18.625], [82.375, 18.625], [82.375, 18.875], [82.125, 18.875], [82.125, 18.625]]]}, "properties": {"time": "2014-10-12T06:00:00", "variable": "ws", "tier": "low", "percentile": 100.0, "z": 9.28, "wind_ms": 11.61, "value": 11.61, "lat": 18.75, "lon": 82.25}}, {"type": "Feature", "geometry": {"type": "Polygon", "coordinates": [[[82.375, 18.625], [82.625, 18.625], [82.625, 18.875], [82.375, 18.875], [82.375, 18.625]]]}, "properties": {"time": "2014-10-12T06:00:00", "variable": "ws", "tier": "low", "percentile": 100.0, "z": 10.04, "wind_ms": 13.05, "value": 13.05, "lat": 18.75, "lon": 82.5}}, {"type": "Feature", "geometry": {"type": "Polygon", "coordinates": [[[82.625, 18.625], [82.875, 18.625], [82.875, 18.875], [82.625, 18.875], [82.625, 18.625]]]}, "properties": {"time": "2014-10-12T06:00:00", "variable": "ws", "tier": "low", "percentile": 100.0, "z": 9.65, "wind_ms": 13.57, "value": 13.57, "lat": 18.75, "lon": 82.75}}, {"type": "Feature", "geometry": {"type": "Polygon", "coordinates": [[[82.875, 18.625], [83.125, 18.625], [83.125, 18.875], [82.875, 18.875], [82.875, 18.625]]]}, "properties": {"time": "2014-10-12T06:00:00", "variable": "ws", "tier": "low", "percentile": 100.0, "z": 10.29, "wind_ms": 13.06, "value": 13.06, "lat": 18.75, "lon": 83.0}}, {"type": "Feature", "geometry": {"type": "Polygon", "coordinates": [[[83.125, 18.625], [83.375, 18.625], [83.375, 18.875], [83.125, 18.875], [83.125, 18.625]]]}, "properties": {"time": "2014-10-12T06:00:00", "variable": "ws", "tier": "low", "percentile": 100.0, "z": 10.04, "wind_ms": 11.69, "value": 11.69, "lat": 18.75, "lon": 83.25}}, {"type": "Feature", "geometry": {"type": "Polygon", "coordinates": [[[83.375, 18.625], [83.625, 18.625], [83.625, 18.875], [83.375, 18.875], [83.375, 18.625]]]}, "properties": {"time": "2014-10-12T06:00:00", "variable": "ws", "tier": "low", "percentile": 100.0, "z": 8.97, "wind_ms": 10.27, "value": 10.27, "lat": 18.75, "lon": 83.5}}, {"type": "Feature", "geometry": {"type": "Polygon", "coordinates": [[[83.625, 18.625], [83.875, 18.625], [83.875, 18.875], [83.625, 18.875], [83.625, 18.625]]]}, "properties": {"time": "2014-10-12T06:00:00", "variable": "ws", "tier": "low", "percentile": 100.0, "z": 8.78, "wind_ms": 10.19, "value": 10.19, "lat": 18.75, "lon": 83.75}}, {"type": "Feature", "geometry": {"type": "Polygon", "coordinates": [[[83.875, 18.625], [84.125, 18.625], [84.125, 18.875], [83.875, 18.875], [83.875, 18.625]]]}, "properties": {"time": "2014-10-12T06:00:00", "variable": "ws", "tier": "low", "percentile": 100.0, "z": 8.44, "wind_ms": 9.94, "value": 9.94, "lat": 18.75, "lon": 84.0}}, {"type": "Feature", "geometry": {"type": "Polygon", "coordinates": [[[84.125, 18.625], [84.375, 18.625], [84.375, 18.875], [84.125, 18.875], [84.125, 18.625]]]}, "properties": {"time": "2014-10-12T06:00:00", "variable": "ws", "tier": "low", "percentile": 100.0, "z": 6.49, "wind_ms": 9.81, "value": 9.81, "lat": 18.75, "lon": 84.25}}, {"type": "Feature", "geometry": {"type": "Polygon", "coordinates": [[[84.375, 18.625], [84.625, 18.625], [84.625, 18.875], [84.375, 18.875], [84.375, 18.625]]]}, "properties": {"time": "2014-10-12T06:00:00", "variable": "ws", "tier": "low", "percentile": 99.2, "z": 4.93, "wind_ms": 10.57, "value": 10.57, "lat": 18.75, "lon": 84.5}}, {"type": "Feature", "geometry": {"type": "Polygon", "coordinates": [[[84.625, 18.625], [84.875, 18.625], [84.875, 18.875], [84.625, 18.875], [84.625, 18.625]]]}, "properties": {"time": "2014-10-12T06:00:00", "variable": "ws", "tier": "low", "percentile": 98.5, "z": 3.99, "wind_ms": 12.42, "value": 12.42, "lat": 18.75, "lon": 84.75}}, {"type": "Feature", "geometry": {"type": "Polygon", "coordinates": [[[84.875, 18.625], [85.125, 18.625], [85.125, 18.875], [84.875, 18.875], [84.875, 18.625]]]}, "properties": {"time": "2014-10-12T06:00:00", "variable": "ws", "tier": "low", "percentile": 98.5, "z": 3.81, "wind_ms": 14.39, "value": 14.39, "lat": 18.75, "lon": 85.0}}, {"type": "Feature", "geometry": {"type": "Polygon", "coordinates": [[[85.125, 18.625], [85.375, 18.625], [85.375, 18.875], [85.125, 18.875], [85.125, 18.625]]]}, "properties": {"time": "2014-10-12T06:00:00", "variable": "ws", "tier": "low", "percentile": 98.5, "z": 3.75, "wind_ms": 14.2, "value": 14.2, "lat": 18.75, "lon": 85.25}}, {"type": "Feature", "geometry": {"type": "Polygon", "coordinates": [[[85.375, 18.625], [85.625, 18.625], [85.625, 18.875], [85.375, 18.875], [85.375, 18.625]]]}, "properties": {"time": "2014-10-12T06:00:00", "variable": "ws", "tier": "low", "percentile": 98.5, "z": 3.79, "wind_ms": 14.4, "value": 14.4, "lat": 18.75, "lon": 85.5}}, {"type": "Feature", "geometry": {"type": "Polygon", "coordinates": [[[85.625, 18.625], [85.875, 18.625], [85.875, 18.875], [85.625, 18.875], [85.625, 18.625]]]}, "properties": {"time": "2014-10-12T06:00:00", "variable": "ws", "tier": "low", "percentile": 99.2, "z": 4.05, "wind_ms": 15.25, "value": 15.25, "lat": 18.75, "lon": 85.75}}, {"type": "Feature", "geometry": {"type": "Polygon", "coordinates": [[[85.875, 18.625], [86.125, 18.625], [86.125, 18.875], [85.875, 18.875], [85.875, 18.625]]]}, "properties": {"time": "2014-10-12T06:00:00", "variable": "ws", "tier": "low", "percentile": 100.0, "z": 4.16, "wind_ms": 15.56, "value": 15.56, "lat": 18.75, "lon": 86.0}}, {"type": "Feature", "geometry": {"type": "Polygon", "coordinates": [[[86.125, 18.625], [86.375, 18.625], [86.375, 18.875], [86.125, 18.875], [86.125, 18.625]]]}, "properties": {"time": "2014-10-12T06:00:00", "variable": "ws", "tier": "low", "percentile": 100.0, "z": 4.1, "wind_ms": 15.6, "value": 15.6, "lat": 18.75, "lon": 86.25}}, {"type": "Feature", "geometry": {"type": "Polygon", "coordinates": [[[86.375, 18.625], [86.625, 18.625], [86.625, 18.875], [86.375, 18.875], [86.375, 18.625]]]}, "properties": {"time": "2014-10-12T06:00:00", "variable": "ws", "tier": "low", "percentile": 100.0, "z": 3.96, "wind_ms": 15.14, "value": 15.14, "lat": 18.75, "lon": 86.5}}, {"type": "Feature", "geometry": {"type": "Polygon", "coordinates": [[[86.625, 18.625], [86.875, 18.625], [86.875, 18.875], [86.625, 18.875], [86.625, 18.625]]]}, "properties": {"time": "2014-10-12T06:00:00", "variable": "ws", "tier": "low", "percentile": 100.0, "z": 3.83, "wind_ms": 14.73, "value": 14.73, "lat": 18.75, "lon": 86.75}}, {"type": "Feature", "geometry": {"type": "Polygon", "coordinates": [[[81.375, 18.875], [81.625, 18.875], [81.625, 19.125], [81.375, 19.125], [81.375, 18.875]]]}, "properties": {"time": "2014-10-12T06:00:00", "variable": "ws", "tier": "low", "percentile": 100.0, "z": 6.09, "wind_ms": 8.94, "value": 8.94, "lat": 19.0, "lon": 81.5}}, {"type": "Feature", "geometry": {"type": "Polygon", "coordinates": [[[81.625, 18.875], [81.875, 18.875], [81.875, 19.125], [81.625, 19.125], [81.625, 18.875]]]}, "properties": {"time": "2014-10-12T06:00:00", "variable": "ws", "tier": "low", "percentile": 100.0, "z": 7.15, "wind_ms": 10.69, "value": 10.69, "lat": 19.0, "lon": 81.75}}, {"type": "Feature", "geometry": {"type": "Polygon", "coordinates": [[[81.875, 18.875], [82.125, 18.875], [82.125, 19.125], [81.875, 19.125], [81.875, 18.875]]]}, "properties": {"time": "2014-10-12T06:00:00", "variable": "ws", "tier": "low", "percentile": 100.0, "z": 7.72, "wind_ms": 11.71, "value": 11.71, "lat": 19.0, "lon": 82.0}}, {"type": "Feature", "geometry": {"type": "Polygon", "coordinates": [[[82.125, 18.875], [82.375, 18.875], [82.375, 19.125], [82.125, 19.125], [82.125, 18.875]]]}, "properties": {"time": "2014-10-12T06:00:00", "variable": "ws", "tier": "low", "percentile": 100.0, "z": 8.02, "wind_ms": 12.05, "value": 12.05, "lat": 19.0, "lon": 82.25}}, {"type": "Feature", "geometry": {"type": "Polygon", "coordinates": [[[82.375, 18.875], [82.625, 18.875], [82.625, 19.125], [82.375, 19.125], [82.375, 18.875]]]}, "properties": {"time": "2014-10-12T06:00:00", "variable": "ws", "tier": "low", "percentile": 100.0, "z": 8.18, "wind_ms": 11.58, "value": 11.58, "lat": 19.0, "lon": 82.5}}, {"type": "Feature", "geometry": {"type": "Polygon", "coordinates": [[[82.625, 18.875], [82.875, 18.875], [82.875, 19.125], [82.625, 19.125], [82.625, 18.875]]]}, "properties": {"time": "2014-10-12T06:00:00", "variable": "ws", "tier": "low", "percentile": 100.0, "z": 7.93, "wind_ms": 11.04, "value": 11.04, "lat": 19.0, "lon": 82.75}}, {"type": "Feature", "geometry": {"type": "Polygon", "coordinates": [[[82.875, 18.875], [83.125, 18.875], [83.125, 19.125], [82.875, 19.125], [82.875, 18.875]]]}, "properties": {"time": "2014-10-12T06:00:00", "variable": "ws", "tier": "low", "percentile": 100.0, "z": 7.69, "wind_ms": 11.05, "value": 11.05, "lat": 19.0, "lon": 83.0}}, {"type": "Feature", "geometry": {"type": "Polygon", "coordinates": [[[83.125, 18.875], [83.375, 18.875], [83.375, 19.125], [83.125, 19.125], [83.125, 18.875]]]}, "properties": {"time": "2014-10-12T06:00:00", "variable": "ws", "tier": "low", "percentile": 100.0, "z": 7.93, "wind_ms": 9.78, "value": 9.78, "lat": 19.0, "lon": 83.25}}, {"type": "Feature", "geometry": {"type": "Polygon", "coordinates": [[[84.625, 18.875], [84.875, 18.875], [84.875, 19.125], [84.625, 19.125], [84.625, 18.875]]]}, "properties": {"time": "2014-10-12T06:00:00", "variable": "ws", "tier": "low", "percentile": 98.5, "z": 3.86, "wind_ms": 9.19, "value": 9.19, "lat": 19.0, "lon": 84.75}}, {"type": "Feature", "geometry": {"type": "Polygon", "coordinates": [[[84.875, 18.875], [85.125, 18.875], [85.125, 19.125], [84.875, 19.125], [84.875, 18.875]]]}, "properties": {"time": "2014-10-12T06:00:00", "variable": "ws", "tier": "low", "percentile": 98.5, "z": 3.93, "wind_ms": 12.9, "value": 12.9, "lat": 19.0, "lon": 85.0}}, {"type": "Feature", "geometry": {"type": "Polygon", "coordinates": [[[85.125, 18.875], [85.375, 18.875], [85.375, 19.125], [85.125, 19.125], [85.125, 18.875]]]}, "properties": {"time": "2014-10-12T06:00:00", "variable": "ws", "tier": "low", "percentile": 98.5, "z": 3.71, "wind_ms": 13.52, "value": 13.52, "lat": 19.0, "lon": 85.25}}, {"type": "Feature", "geometry": {"type": "Polygon", "coordinates": [[[85.375, 18.875], [85.625, 18.875], [85.625, 19.125], [85.375, 19.125], [85.375, 18.875]]]}, "properties": {"time": "2014-10-12T06:00:00", "variable": "ws", "tier": "low", "percentile": 97.7, "z": 3.67, "wind_ms": 13.28, "value": 13.28, "lat": 19.0, "lon": 85.5}}, {"type": "Feature", "geometry": {"type": "Polygon", "coordinates": [[[85.625, 18.875], [85.875, 18.875], [85.875, 19.125], [85.625, 19.125], [85.625, 18.875]]]}, "properties": {"time": "2014-10-12T06:00:00", "variable": "ws", "tier": "low", "percentile": 99.2, "z": 3.88, "wind_ms": 14.25, "value": 14.25, "lat": 19.0, "lon": 85.75}}, {"type": "Feature", "geometry": {"type": "Polygon", "coordinates": [[[85.875, 18.875], [86.125, 18.875], [86.125, 19.125], [85.875, 19.125], [85.875, 18.875]]]}, "properties": {"time": "2014-10-12T06:00:00", "variable": "ws", "tier": "low", "percentile": 100.0, "z": 3.98, "wind_ms": 14.61, "value": 14.61, "lat": 19.0, "lon": 86.0}}, {"type": "Feature", "geometry": {"type": "Polygon", "coordinates": [[[86.125, 18.875], [86.375, 18.875], [86.375, 19.125], [86.125, 19.125], [86.125, 18.875]]]}, "properties": {"time": "2014-10-12T06:00:00", "variable": "ws", "tier": "low", "percentile": 100.0, "z": 4.02, "wind_ms": 14.91, "value": 14.91, "lat": 19.0, "lon": 86.25}}, {"type": "Feature", "geometry": {"type": "Polygon", "coordinates": [[[86.375, 18.875], [86.625, 18.875], [86.625, 19.125], [86.375, 19.125], [86.375, 18.875]]]}, "properties": {"time": "2014-10-12T06:00:00", "variable": "ws", "tier": "low", "percentile": 100.0, "z": 4.01, "wind_ms": 14.99, "value": 14.99, "lat": 19.0, "lon": 86.5}}, {"type": "Feature", "geometry": {"type": "Polygon", "coordinates": [[[86.625, 18.875], [86.875, 18.875], [86.875, 19.125], [86.625, 19.125], [86.625, 18.875]]]}, "properties": {"time": "2014-10-12T06:00:00", "variable": "ws", "tier": "low", "percentile": 100.0, "z": 3.9, "wind_ms": 14.63, "value": 14.63, "lat": 19.0, "lon": 86.75}}, {"type": "Feature", "geometry": {"type": "Polygon", "coordinates": [[[81.625, 19.125], [81.875, 19.125], [81.875, 19.375], [81.625, 19.375], [81.625, 19.125]]]}, "properties": {"time": "2014-10-12T06:00:00", "variable": "ws", "tier": "low", "percentile": 100.0, "z": 6.46, "wind_ms": 9.95, "value": 9.95, "lat": 19.25, "lon": 81.75}}, {"type": "Feature", "geometry": {"type": "Polygon", "coordinates": [[[81.875, 19.125], [82.125, 19.125], [82.125, 19.375], [81.875, 19.375], [81.875, 19.125]]]}, "properties": {"time": "2014-10-12T06:00:00", "variable": "ws", "tier": "low", "percentile": 100.0, "z": 7.31, "wind_ms": 11.35, "value": 11.35, "lat": 19.25, "lon": 82.0}}, {"type": "Feature", "geometry": {"type": "Polygon", "coordinates": [[[82.125, 19.125], [82.375, 19.125], [82.375, 19.375], [82.125, 19.375], [82.125, 19.125]]]}, "properties": {"time": "2014-10-12T06:00:00", "variable": "ws", "tier": "low", "percentile": 100.0, "z": 7.45, "wind_ms": 11.63, "value": 11.63, "lat": 19.25, "lon": 82.25}}, {"type": "Feature", "geometry": {"type": "Polygon", "coordinates": [[[82.375, 19.125], [82.625, 19.125], [82.625, 19.375], [82.375, 19.375], [82.375, 19.125]]]}, "properties": {"time": "2014-10-12T06:00:00", "variable": "ws", "tier": "low", "percentile": 100.0, "z": 7.07, "wind_ms": 10.77, "value": 10.77, "lat": 19.25, "lon": 82.5}}, {"type": "Feature", "geometry": {"type": "Polygon", "coordinates": [[[82.625, 19.125], [82.875, 19.125], [82.875, 19.375], [82.625, 19.375], [82.625, 19.125]]]}, "properties": {"time": "2014-10-12T06:00:00", "variable": "ws", "tier": "low", "percentile": 100.0, "z": 6.7, "wind_ms": 9.7, "value": 9.7, "lat": 19.25, "lon": 82.75}}, {"type": "Feature", "geometry": {"type": "Polygon", "coordinates": [[[82.875, 19.125], [83.125, 19.125], [83.125, 19.375], [82.875, 19.375], [82.875, 19.125]]]}, "properties": {"time": "2014-10-12T06:00:00", "variable": "ws", "tier": "low", "percentile": 100.0, "z": 6.5, "wind_ms": 9.49, "value": 9.49, "lat": 19.25, "lon": 83.0}}, {"type": "Feature", "geometry": {"type": "Polygon", "coordinates": [[[84.875, 19.125], [85.125, 19.125], [85.125, 19.375], [84.875, 19.375], [84.875, 19.125]]]}, "properties": {"time": "2014-10-12T06:00:00", "variable": "ws", "tier": "low", "percentile": 98.5, "z": 4.17, "wind_ms": 11.6, "value": 11.6, "lat": 19.25, "lon": 85.0}}, {"type": "Feature", "geometry": {"type": "Polygon", "coordinates": [[[85.125, 19.125], [85.375, 19.125], [85.375, 19.375], [85.125, 19.375], [85.125, 19.125]]]}, "properties": {"time": "2014-10-12T06:00:00", "variable": "ws", "tier": "low", "percentile": 97.7, "z": 3.88, "wind_ms": 13.23, "value": 13.23, "lat": 19.25, "lon": 85.25}}, {"type": "Feature", "geometry": {"type": "Polygon", "coordinates": [[[85.375, 19.125], [85.625, 19.125], [85.625, 19.375], [85.375, 19.375], [85.375, 19.125]]]}, "properties": {"time": "2014-10-12T06:00:00", "variable": "ws", "tier": "low", "percentile": 97.7, "z": 3.79, "wind_ms": 12.98, "value": 12.98, "lat": 19.25, "lon": 85.5}}, {"type": "Feature", "geometry": {"type": "Polygon", "coordinates": [[[85.625, 19.125], [85.875, 19.125], [85.875, 19.375], [85.625, 19.375], [85.625, 19.125]]]}, "properties": {"time": "2014-10-12T06:00:00", "variable": "ws", "tier": "low", "percentile": 98.5, "z": 3.8, "wind_ms": 13.44, "value": 13.44, "lat": 19.25, "lon": 85.75}}, {"type": "Feature", "geometry": {"type": "Polygon", "coordinates": [[[85.875, 19.125], [86.125, 19.125], [86.125, 19.375], [85.875, 19.375], [85.875, 19.125]]]}, "properties": {"time": "2014-10-12T06:00:00", "variable": "ws", "tier": "low", "percentile": 100.0, "z": 3.93, "wind_ms": 14.09, "value": 14.09, "lat": 19.25, "lon": 86.0}}, {"type": "Feature", "geometry": {"type": "Polygon", "coordinates": [[[86.125, 19.125], [86.375, 19.125], [86.375, 19.375], [86.125, 19.375], [86.125, 19.125]]]}, "properties": {"time": "2014-10-12T06:00:00", "variable": "ws", "tier": "low", "percentile": 100.0, "z": 4.02, "wind_ms": 14.4, "value": 14.4, "lat": 19.25, "lon": 86.25}}, {"type": "Feature", "geometry": {"type": "Polygon", "coordinates": [[[86.375, 19.125], [86.625, 19.125], [86.625, 19.375], [86.375, 19.375], [86.375, 19.125]]]}, "properties": {"time": "2014-10-12T06:00:00", "variable": "ws", "tier": "low", "percentile": 100.0, "z": 4.1, "wind_ms": 14.82, "value": 14.82, "lat": 19.25, "lon": 86.5}}, {"type": "Feature", "geometry": {"type": "Polygon", "coordinates": [[[86.625, 19.125], [86.875, 19.125], [86.875, 19.375], [86.625, 19.375], [86.625, 19.125]]]}, "properties": {"time": "2014-10-12T06:00:00", "variable": "ws", "tier": "low", "percentile": 100.0, "z": 4.06, "wind_ms": 14.83, "value": 14.83, "lat": 19.25, "lon": 86.75}}], "properties": {"thresholds": {"low_z": 1.5, "low_ws": 8.7, "moderate_z": 2.0, "moderate_ws": 17.0, "severe_z": 3.0, "severe_ws": 25.0}, "note": "Tiers: z-score AND wind >= 8.7/17/25 m/s (IMD D/CS/SCS), only inside tracked-object boxes + 1 deg. Adjusted after observing results; not validated against impacts. Per-hour ERA5 reanalysis climatology; single member, not an ensemble EFI."}}