{"type": "FeatureCollection", "features": [{"type": "Feature", "geometry": {"type": "Polygon", "coordinates": [[[81.375, 15.125], [81.625, 15.125], [81.625, 15.375], [81.375, 15.375], [81.375, 15.125]]]}, "properties": {"time": "2014-10-12T06:00:00", "variable": "msl", "tier": "low", "percentile": 100.0, "z": 3.35, "wind_ms": 11.04, "value": 1001.46, "lat": 15.25, "lon": 81.5}}, {"type": "Feature", "geometry": {"type": "Polygon", "coordinates": [[[81.625, 15.125], [81.875, 15.125], [81.875, 15.375], [81.625, 15.375], [81.625, 15.125]]]}, "properties": {"time": "2014-10-12T06:00:00", "variable": "msl", "tier": "low", "percentile": 100.0, "z": 3.41, "wind_ms": 11.44, "value": 1001.27, "lat": 15.25, "lon": 81.75}}, {"type": "Feature", "geometry": {"type": "Polygon", "coordinates": [[[81.875, 15.125], [82.125, 15.125], [82.125, 15.375], [81.875, 15.375], [81.875, 15.125]]]}, "properties": {"time": "2014-10-12T06:00:00", "variable": "msl", "tier": "low", "percentile": 100.0, "z": 3.48, "wind_ms": 11.81, "value": 1001.06, "lat": 15.25, "lon": 82.0}}, {"type": "Feature", "geometry": {"type": "Polygon", "coordinates": [[[82.125, 15.125], [82.375, 15.125], [82.375, 15.375], [82.125, 15.375], [82.125, 15.125]]]}, "properties": {"time": "2014-10-12T06:00:00", "variable": "msl", "tier": "low", "percentile": 100.0, "z": 3.54, "wind_ms": 12.25, "value": 1000.88, "lat": 15.25, "lon": 82.25}}, {"type": "Feature", "geometry": {"type": "Polygon", "coordinates": [[[82.375, 15.125], [82.625, 15.125], [82.625, 15.375], [82.375, 15.375], [82.375, 15.125]]]}, "properties": {"time": "2014-10-12T06:00:00", "variable": "msl", "tier": "low", "percentile": 100.0, "z": 3.6, "wind_ms": 12.79, "value": 1000.7, "lat": 15.25, "lon": 82.5}}, {"type": "Feature", "geometry": {"type": "Polygon", "coordinates": [[[82.625, 15.125], [82.875, 15.125], [82.875, 15.375], [82.625, 15.375], [82.625, 15.125]]]}, "properties": {"time": "2014-10-12T06:00:00", "variable": "msl", "tier": "low", "percentile": 100.0, "z": 3.63, "wind_ms": 13.15, "value": 1000.59, "lat": 15.25, "lon": 82.75}}, {"type": "Feature", "geometry": {"type": "Polygon", "coordinates": [[[82.875, 15.125], [83.125, 15.125], [83.125, 15.375], [82.875, 15.375], [82.875, 15.125]]]}, "properties": {"time": "2014-10-12T06:00:00", "variable": "msl", "tier": "low", "percentile": 100.0, "z": 3.66, "wind_ms": 13.6, "value": 1000.52, "lat": 15.25, "lon": 83.0}}, {"type": "Feature", "geometry": {"type": "Polygon", "coordinates": [[[83.125, 15.125], [83.375, 15.125], [83.375, 15.375], [83.125, 15.375], [83.125, 15.125]]]}, "properties": {"time": "2014-10-12T06:00:00", "variable": "msl", "tier": "low", "percentile": 100.0, "z": 3.64, "wind_ms": 13.93, "value": 1000.53, "lat": 15.25, "lon": 83.25}}, {"type": "Feature", "geometry": {"type": "Polygon", "coordinates": [[[83.375, 15.125], [83.625, 15.125], [83.625, 15.375], [83.375, 15.375], [83.375, 15.125]]]}, "properties": {"time": "2014-10-12T06:00:00", "variable": "msl", "tier": "low", "percentile": 100.0, "z": 3.58, "wind_ms": 14.36, "value": 1000.66, "lat": 15.25, "lon": 83.5}}, {"type": "Feature", "geometry": {"type": "Polygon", "coordinates": [[[83.625, 15.125], [83.875, 15.125], [83.875, 15.375], [83.625, 15.375], [83.625, 15.125]]]}, "properties": {"time": "2014-10-12T06:00:00", "variable": "msl", "tier": "low", "percentile": 100.0, "z": 3.48, "wind_ms": 14.91, "value": 1000.87, "lat": 15.25, "lon": 83.75}}, {"type": "Feature", "geometry": {"type": "Polygon", "coordinates": [[[83.875, 15.125], [84.125, 15.125], [84.125, 15.375], [83.875, 15.375], [83.875, 15.125]]]}, "properties": {"time": "2014-10-12T06:00:00", "variable": "msl", "tier": "low", "percentile": 100.0, "z": 3.38, "wind_ms": 14.95, "value": 1001.09, "lat": 15.25, "lon": 84.0}}, {"type": "Feature", "geometry": {"type": "Polygon", "coordinates": [[[84.125, 15.125], [84.375, 15.125], [84.375, 15.375], [84.125, 15.375], [84.125, 15.125]]]}, "properties": {"time": "2014-10-12T06:00:00", "variable": "msl", "tier": "low", "percentile": 100.0, "z": 3.23, "wind_ms": 14.86, "value": 1001.43, "lat": 15.25, "lon": 84.25}}, {"type": "Feature", "geometry": {"type": "Polygon", "coordinates": [[[84.375, 15.125], [84.625, 15.125], [84.625, 15.375], [84.375, 15.375], [84.375, 15.125]]]}, "properties": {"time": "2014-10-12T06:00:00", "variable": "msl", "tier": "low", "percentile": 100.0, "z": 3.08, "wind_ms": 14.64, "value": 1001.74, "lat": 15.25, "lon": 84.5}}, {"type": "Feature", "geometry": {"type": "Polygon", "coordinates": [[[84.625, 15.125], [84.875, 15.125], [84.875, 15.375], [84.625, 15.375], [84.625, 15.125]]]}, "properties": {"time": "2014-10-12T06:00:00", "variable": "msl", "tier": "low", "percentile": 100.0, "z": 2.92, "wind_ms": 14.51, "value": 1002.07, "lat": 15.25, "lon": 84.75}}, {"type": "Feature", "geometry": {"type": "Polygon", "coordinates": [[[84.875, 15.125], [85.125, 15.125], [85.125, 15.375], [84.875, 15.375], [84.875, 15.125]]]}, "properties": {"time": "2014-10-12T06:00:00", "variable": "msl", "tier": "low", "percentile": 99.2, "z": 2.8, "wind_ms": 14.85, "value": 1002.31, "lat": 15.25, "lon": 85.0}}, {"type": "Feature", "geometry": {"type": "Polygon", "coordinates": [[[85.125, 15.125], [85.375, 15.125], [85.375, 15.375], [85.125, 15.375], [85.125, 15.125]]]}, "properties": {"time": "2014-10-12T06:00:00", "variable": "msl", "tier": "low", "percentile": 98.5, "z": 2.7, "wind_ms": 15.2, "value": 1002.51, "lat": 15.25, "lon": 85.25}}, {"type": "Feature", "geometry": {"type": "Polygon", "coordinates": [[[85.375, 15.125], [85.625, 15.125], [85.625, 15.375], [85.375, 15.375], [85.375, 15.125]]]}, "properties": {"time": "2014-10-12T06:00:00", "variable": "msl", "tier": "low", "percentile": 98.5, "z": 2.6, "wind_ms": 15.24, "value": 1002.72, "lat": 15.25, "lon": 85.5}}, {"type": "Feature", "geometry": {"type": "Polygon", "coordinates": [[[85.625, 15.125], [85.875, 15.125], [85.875, 15.375], [85.625, 15.375], [85.625, 15.125]]]}, "properties": {"time": "2014-10-12T06:00:00", "variable": "msl", "tier": "low", "percentile": 97.7, "z": 2.47, "wind_ms": 15.6, "value": 1003.02, "lat": 15.25, "lon": 85.75}}, {"type": "Feature", "geometry": {"type": "Polygon", "coordinates": [[[85.875, 15.125], [86.125, 15.125], [86.125, 15.375], [85.875, 15.375], [85.875, 15.125]]]}, "properties": {"time": "2014-10-12T06:00:00", "variable": "msl", "tier": "low", "percentile": 96.9, "z": 2.31, "wind_ms": 15.49, "value": 1003.4, "lat": 15.25, "lon": 86.0}}, {"type": "Feature", "geometry": {"type": "Polygon", "coordinates": [[[86.125, 15.125], [86.375, 15.125], [86.375, 15.375], [86.125, 15.375], [86.125, 15.125]]]}, "properties": {"time": "2014-10-12T06:00:00", "variable": "msl", "tier": "low", "percentile": 96.2, "z": 2.12, "wind_ms": 15.1, "value": 1003.88, "lat": 15.25, "lon": 86.25}}, {"type": "Feature", "geometry": {"type": "Polygon", "coordinates": [[[86.375, 15.125], [86.625, 15.125], [86.625, 15.375], [86.375, 15.375], [86.375, 15.125]]]}, "properties": {"time": "2014-10-12T06:00:00", "variable": "msl", "tier": "low", "percentile": 96.2, "z": 1.92, "wind_ms": 14.76, "value": 1004.41, "lat": 15.25, "lon": 86.5}}, {"type": "Feature", "geometry": {"type": "Polygon", "coordinates": [[[86.625, 15.125], [86.875, 15.125], [86.875, 15.375], [86.625, 15.375], [86.625, 15.125]]]}, "properties": {"time": "2014-10-12T06:00:00", "variable": "msl", "tier": "low", "percentile": 95.4, "z": 1.76, "wind_ms": 14.3, "value": 1004.84, "lat": 15.25, "lon": 86.75}}, {"type": "Feature", "geometry": {"type": "Polygon", "coordinates": [[[81.375, 15.375], [81.625, 15.375], [81.625, 15.625], [81.375, 15.625], [81.375, 15.375]]]}, "properties": {"time": "2014-10-12T06:00:00", "variable": "msl", "tier": "low", "percentile": 100.0, "z": 3.53, "wind_ms": 11.4, "value": 1000.87, "lat": 15.5, "lon": 81.5}}, {"type": "Feature", "geometry": {"type": "Polygon", "coordinates": [[[81.625, 15.375], [81.875, 15.375], [81.875, 15.625], [81.625, 15.625], [81.625, 15.375]]]}, "properties": {"time": "2014-10-12T06:00:00", "variable": "msl", "tier": "low", "percentile": 100.0, "z": 3.64, "wind_ms": 11.98, "value": 1000.53, "lat": 15.5, "lon": 81.75}}, {"type": "Feature", "geometry": {"type": "Polygon", "coordinates": [[[81.875, 15.375], [82.125, 15.375], [82.125, 15.625], [81.875, 15.625], [81.875, 15.375]]]}, "properties": {"time": "2014-10-12T06:00:00", "variable": "msl", "tier": "low", "percentile": 100.0, "z": 3.71, "wind_ms": 12.32, "value": 1000.3, "lat": 15.5, "lon": 82.0}}, {"type": "Feature", "geometry": {"type": "Polygon", "coordinates": [[[82.125, 15.375], [82.375, 15.375], [82.375, 15.625], [82.125, 15.625], [82.125, 15.375]]]}, "properties": {"time": "2014-10-12T06:00:00", "variable": "msl", "tier": "low", "percentile": 100.0, "z": 3.79, "wind_ms": 12.78, "value": 1000.07, "lat": 15.5, "lon": 82.25}}, {"type": "Feature", "geometry": {"type": "Polygon", "coordinates": [[[82.375, 15.375], [82.625, 15.375], [82.625, 15.625], [82.375, 15.625], [82.375, 15.375]]]}, "properties": {"time": "2014-10-12T06:00:00", "variable": "msl", "tier": "low", "percentile": 100.0, "z": 3.85, "wind_ms": 13.27, "value": 999.9, "lat": 15.5, "lon": 82.5}}, {"type": "Feature", "geometry": {"type": "Polygon", "coordinates": [[[82.625, 15.375], [82.875, 15.375], [82.875, 15.625], [82.625, 15.625], [82.625, 15.375]]]}, "properties": {"time": "2014-10-12T06:00:00", "variable": "msl", "tier": "low", "percentile": 100.0, "z": 3.9, "wind_ms": 13.68, "value": 999.74, "lat": 15.5, "lon": 82.75}}, {"type": "Feature", "geometry": {"type": "Polygon", "coordinates": [[[82.875, 15.375], [83.125, 15.375], [83.125, 15.625], [82.875, 15.625], [82.875, 15.375]]]}, "properties": {"time": "2014-10-12T06:00:00", "variable": "msl", "tier": "low", "percentile": 100.0, "z": 3.93, "wind_ms": 14.15, "value": 999.66, "lat": 15.5, "lon": 83.0}}, {"type": "Feature", "geometry": {"type": "Polygon", "coordinates": [[[83.125, 15.375], [83.375, 15.375], [83.375, 15.625], [83.125, 15.625], [83.125, 15.375]]]}, "properties": {"time": "2014-10-12T06:00:00", "variable": "msl", "tier": "low", "percentile": 100.0, "z": 3.94, "wind_ms": 14.56, "value": 999.63, "lat": 15.5, "lon": 83.25}}, {"type": "Feature", "geometry": {"type": "Polygon", "coordinates": [[[83.375, 15.375], [83.625, 15.375], [83.625, 15.625], [83.375, 15.625], [83.375, 15.375]]]}, "properties": {"time": "2014-10-12T06:00:00", "variable": "msl", "tier": "low", "percentile": 100.0, "z": 3.88, "wind_ms": 14.71, "value": 999.76, "lat": 15.5, "lon": 83.5}}, {"type": "Feature", "geometry": {"type": "Polygon", "coordinates": [[[83.625, 15.375], [83.875, 15.375], [83.875, 15.625], [83.625, 15.625], [83.625, 15.375]]]}, "properties": {"time": "2014-10-12T06:00:00", "variable": "msl", "tier": "low", "percentile": 100.0, "z": 3.77, "wind_ms": 15.19, "value": 999.99, "lat": 15.5, "lon": 83.75}}, {"type": "Feature", "geometry": {"type": "Polygon", "coordinates": [[[83.875, 15.375], [84.125, 15.375], [84.125, 15.625], [83.875, 15.625], [83.875, 15.375]]]}, "properties": {"time": "2014-10-12T06:00:00", "variable": "msl", "tier": "low", "percentile": 100.0, "z": 3.6, "wind_ms": 15.3, "value": 1000.36, "lat": 15.5, "lon": 84.0}}, {"type": "Feature", "geometry": {"type": "Polygon", "coordinates": [[[84.125, 15.375], [84.375, 15.375], [84.375, 15.625], [84.125, 15.625], [84.125, 15.375]]]}, "properties": {"time": "2014-10-12T06:00:00", "variable": "msl", "tier": "low", "percentile": 100.0, "z": 3.44, "wind_ms": 15.22, "value": 1000.72, "lat": 15.5, "lon": 84.25}}, {"type": "Feature", "geometry": {"type": "Polygon", "coordinates": [[[84.375, 15.375], [84.625, 15.375], [84.625, 15.625], [84.375, 15.625], [84.375, 15.375]]]}, "properties": {"time": "2014-10-12T06:00:00", "variable": "msl", "tier": "low", "percentile": 100.0, "z": 3.22, "wind_ms": 15.13, "value": 1001.2, "lat": 15.5, "lon": 84.5}}, {"type": "Feature", "geometry": {"type": "Polygon", "coordinates": [[[84.625, 15.375], [84.875, 15.375], [84.875, 15.625], [84.625, 15.625], [84.625, 15.375]]]}, "properties": {"time": "2014-10-12T06:00:00", "variable": "msl", "tier": "low", "percentile": 100.0, "z": 3.05, "wind_ms": 15.06, "value": 1001.55, "lat": 15.5, "lon": 84.75}}, {"type": "Feature", "geometry": {"type": "Polygon", "coordinates": [[[84.875, 15.375], [85.125, 15.375], [85.125, 15.625], [84.875, 15.625], [84.875, 15.375]]]}, "properties": {"time": "2014-10-12T06:00:00", "variable": "msl", "tier": "low", "percentile": 99.2, "z": 2.88, "wind_ms": 15.03, "value": 1001.93, "lat": 15.5, "lon": 85.0}}, {"type": "Feature", "geometry": {"type": "Polygon", "coordinates": [[[85.125, 15.375], [85.375, 15.375], [85.375, 15.625], [85.125, 15.625], [85.125, 15.375]]]}, "properties": {"time": "2014-10-12T06:00:00", "variable": "msl", "tier": "low", "percentile": 99.2, "z": 2.77, "wind_ms": 15.15, "value": 1002.17, "lat": 15.5, "lon": 85.25}}, {"type": "Feature", "geometry": {"type": "Polygon", "coordinates": [[[85.375, 15.375], [85.625, 15.375], [85.625, 15.625], [85.375, 15.625], [85.375, 15.375]]]}, "properties": {"time": "2014-10-12T06:00:00", "variable": "msl", "tier": "low", "percentile": 98.5, "z": 2.68, "wind_ms": 15.38, "value": 1002.36, "lat": 15.5, "lon": 85.5}}, {"type": "Feature", "geometry": {"type": "Polygon", "coordinates": [[[85.625, 15.375], [85.875, 15.375], [85.875, 15.625], [85.625, 15.625], [85.625, 15.375]]]}, "properties": {"time": "2014-10-12T06:00:00", "variable": "msl", "tier": "low", "percentile": 97.7, "z": 2.57, "wind_ms": 16.2, "value": 1002.63, "lat": 15.5, "lon": 85.75}}, {"type": "Feature", "geometry": {"type": "Polygon", "coordinates": [[[85.875, 15.375], [86.125, 15.375], [86.125, 15.625], [85.875, 15.625], [85.875, 15.375]]]}, "properties": {"time": "2014-10-12T06:00:00", "variable": "msl", "tier": "low", "percentile": 97.7, "z": 2.41, "wind_ms": 15.95, "value": 1003.04, "lat": 15.5, "lon": 86.0}}, {"type": "Feature", "geometry": {"type": "Polygon", "coordinates": [[[86.125, 15.375], [86.375, 15.375], [86.375, 15.625], [86.125, 15.625], [86.125, 15.375]]]}, "properties": {"time": "2014-10-12T06:00:00", "variable": "msl", "tier": "low", "percentile": 96.9, "z": 2.21, "wind_ms": 15.21, "value": 1003.54, "lat": 15.5, "lon": 86.25}}, {"type": "Feature", "geometry": {"type": "Polygon", "coordinates": [[[86.375, 15.375], [86.625, 15.375], [86.625, 15.625], [86.375, 15.625], [86.375, 15.375]]]}, "properties": {"time": "2014-10-12T06:00:00", "variable": "msl", "tier": "low", "percentile": 96.2, "z": 2.02, "wind_ms": 14.93, "value": 1004.08, "lat": 15.5, "lon": 86.5}}, {"type": "Feature", "geometry": {"type": "Polygon", "coordinates": [[[86.625, 15.375], [86.875, 15.375], [86.875, 15.625], [86.625, 15.625], [86.625, 15.375]]]}, "properties": {"time": "2014-10-12T06:00:00", "variable": "msl", "tier": "low", "percentile": 95.4, "z": 1.82, "wind_ms": 14.75, "value": 1004.62, "lat": 15.5, "lon": 86.75}}, {"type": "Feature", "geometry": {"type": "Polygon", "coordinates": [[[81.375, 15.625], [81.625, 15.625], [81.625, 15.875], [81.375, 15.875], [81.375, 15.625]]]}, "properties": {"time": "2014-10-12T06:00:00", "variable": "msl", "tier": "low", "percentile": 100.0, "z": 3.75, "wind_ms": 12.1, "value": 1000.19, "lat": 15.75, "lon": 81.5}}, {"type": "Feature", "geometry": {"type": "Polygon", "coordinates": [[[81.625, 15.625], [81.875, 15.625], [81.875, 15.875], [81.625, 15.875], [81.625, 15.625]]]}, "properties": {"time": "2014-10-12T06:00:00", "variable": "msl", "tier": "low", "percentile": 100.0, "z": 3.86, "wind_ms": 12.55, "value": 999.83, "lat": 15.75, "lon": 81.75}}, {"type": "Feature", "geometry": {"type": "Polygon", "coordinates": [[[81.875, 15.625], [82.125, 15.625], [82.125, 15.875], [81.875, 15.875], [81.875, 15.625]]]}, "properties": {"time": "2014-10-12T06:00:00", "variable": "msl", "tier": "low", "percentile": 100.0, "z": 3.99, "wind_ms": 12.95, "value": 999.44, "lat": 15.75, "lon": 82.0}}, {"type": "Feature", "geometry": {"type": "Polygon", "coordinates": [[[82.125, 15.625], [82.375, 15.625], [82.375, 15.875], [82.125, 15.875], [82.125, 15.625]]]}, "properties": {"time": "2014-10-12T06:00:00", "variable": "msl", "tier": "low", "percentile": 100.0, "z": 4.06, "wind_ms": 13.34, "value": 999.21, "lat": 15.75, "lon": 82.25}}, {"type": "Feature", "geometry": {"type": "Polygon", "coordinates": [[[82.375, 15.625], [82.625, 15.625], [82.625, 15.875], [82.375, 15.875], [82.375, 15.625]]]}, "properties": {"time": "2014-10-12T06:00:00", "variable": "msl", "tier": "low", "percentile": 100.0, "z": 4.18, "wind_ms": 13.95, "value": 998.9, "lat": 15.75, "lon": 82.5}}, {"type": "Feature", "geometry": {"type": "Polygon", "coordinates": [[[82.625, 15.625], [82.875, 15.625], [82.875, 15.875], [82.625, 15.875], [82.625, 15.625]]]}, "properties": {"time": "2014-10-12T06:00:00", "variable": "msl", "tier": "low", "percentile": 100.0, "z": 4.24, "wind_ms": 14.45, "value": 998.72, "lat": 15.75, "lon": 82.75}}, {"type": "Feature", "geometry": {"type": "Polygon", "coordinates": [[[82.875, 15.625], [83.125, 15.625], [83.125, 15.875], [82.875, 15.875], [82.875, 15.625]]]}, "properties": {"time": "2014-10-12T06:00:00", "variable": "msl", "tier": "low", "percentile": 100.0, "z": 4.28, "wind_ms": 14.9, "value": 998.6, "lat": 15.75, "lon": 83.0}}, {"type": "Feature", "geometry": {"type": "Polygon", "coordinates": [[[83.125, 15.625], [83.375, 15.625], [83.375, 15.875], [83.125, 15.875], [83.125, 15.625]]]}, "properties": {"time": "2014-10-12T06:00:00", "variable": "msl", "tier": "low", "percentile": 100.0, "z": 4.3, "wind_ms": 15.38, "value": 998.56, "lat": 15.75, "lon": 83.25}}, {"type": "Feature", "geometry": {"type": "Polygon", "coordinates": [[[83.375, 15.625], [83.625, 15.625], [83.625, 15.875], [83.375, 15.875], [83.375, 15.625]]]}, "properties": {"time": "2014-10-12T06:00:00", "variable": "msl", "tier": "low", "percentile": 100.0, "z": 4.24, "wind_ms": 15.41, "value": 998.68, "lat": 15.75, "lon": 83.5}}, {"type": "Feature", "geometry": {"type": "Polygon", "coordinates": [[[83.625, 15.625], [83.875, 15.625], [83.875, 15.875], [83.625, 15.875], [83.625, 15.625]]]}, "properties": {"time": "2014-10-12T06:00:00", "variable": "msl", "tier": "low", "percentile": 100.0, "z": 4.1, "wind_ms": 15.5, "value": 998.98, "lat": 15.75, "lon": 83.75}}, {"type": "Feature", "geometry": {"type": "Polygon", "coordinates": [[[83.875, 15.625], [84.125, 15.625], [84.125, 15.875], [83.875, 15.875], [83.875, 15.625]]]}, "properties": {"time": "2014-10-12T06:00:00", "variable": "msl", "tier": "low", "percentile": 100.0, "z": 3.91, "wind_ms": 15.62, "value": 999.4, "lat": 15.75, "lon": 84.0}}, {"type": "Feature", "geometry": {"type": "Polygon", "coordinates": [[[84.125, 15.625], [84.375, 15.625], [84.375, 15.875], [84.125, 15.875], [84.125, 15.625]]]}, "properties": {"time": "2014-10-12T06:00:00", "variable": "msl", "tier": "low", "percentile": 100.0, "z": 3.64, "wind_ms": 15.5, "value": 1000.0, "lat": 15.75, "lon": 84.25}}, {"type": "Feature", "geometry": {"type": "Polygon", "coordinates": [[[84.375, 15.625], [84.625, 15.625], [84.625, 15.875], [84.375, 15.875], [84.375, 15.625]]]}, "properties": {"time": "2014-10-12T06:00:00", "variable": "msl", "tier": "low", "percentile": 100.0, "z": 3.43, "wind_ms": 15.45, "value": 1000.47, "lat": 15.75, "lon": 84.5}}, {"type": "Feature", "geometry": {"type": "Polygon", "coordinates": [[[84.625, 15.625], [84.875, 15.625], [84.875, 15.875], [84.625, 15.875], [84.625, 15.625]]]}, "properties": {"time": "2014-10-12T06:00:00", "variable": "msl", "tier": "low", "percentile": 99.2, "z": 3.19, "wind_ms": 15.41, "value": 1001.04, "lat": 15.75, "lon": 84.75}}, {"type": "Feature", "geometry": {"type": "Polygon", "coordinates": [[[84.875, 15.625], [85.125, 15.625], [85.125, 15.875], [84.875, 15.875], [84.875, 15.625]]]}, "properties": {"time": "2014-10-12T06:00:00", "variable": "msl", "tier": "low", "percentile": 99.2, "z": 3.01, "wind_ms": 15.43, "value": 1001.44, "lat": 15.75, "lon": 85.0}}, {"type": "Feature", "geometry": {"type": "Polygon", "coordinates": [[[85.125, 15.625], [85.375, 15.625], [85.375, 15.875], [85.125, 15.875], [85.125, 15.625]]]}, "properties": {"time": "2014-10-12T06:00:00", "variable": "msl", "tier": "low", "percentile": 99.2, "z": 2.84, "wind_ms": 15.48, "value": 1001.8, "lat": 15.75, "lon": 85.25}}, {"type": "Feature", "geometry": {"type": "Polygon", "coordinates": [[[85.375, 15.625], [85.625, 15.625], [85.625, 15.875], [85.375, 15.875], [85.375, 15.625]]]}, "properties": {"time": "2014-10-12T06:00:00", "variable": "msl", "tier": "low", "percentile": 99.2, "z": 2.73, "wind_ms": 15.7, "value": 1002.01, "lat": 15.75, "lon": 85.5}}, {"type": "Feature", "geometry": {"type": "Polygon", "coordinates": [[[85.625, 15.625], [85.875, 15.625], [85.875, 15.875], [85.625, 15.875], [85.625, 15.625]]]}, "properties": {"time": "2014-10-12T06:00:00", "variable": "msl", "tier": "low", "percentile": 98.5, "z": 2.63, "wind_ms": 16.58, "value": 1002.27, "lat": 15.75, "lon": 85.75}}, {"type": "Feature", "geometry": {"type": "Polygon", "coordinates": [[[85.875, 15.625], [86.125, 15.625], [86.125, 15.875], [85.875, 15.875], [85.875, 15.625]]]}, "properties": {"time": "2014-10-12T06:00:00", "variable": "msl", "tier": "low", "percentile": 97.7, "z": 2.48, "wind_ms": 16.49, "value": 1002.68, "lat": 15.75, "lon": 86.0}}, {"type": "Feature", "geometry": {"type": "Polygon", "coordinates": [[[86.125, 15.625], [86.375, 15.625], [86.375, 15.875], [86.125, 15.875], [86.125, 15.625]]]}, "properties": {"time": "2014-10-12T06:00:00", "variable": "msl", "tier": "low", "percentile": 96.9, "z": 2.3, "wind_ms": 15.73, "value": 1003.18, "lat": 15.75, "lon": 86.25}}, {"type": "Feature", "geometry": {"type": "Polygon", "coordinates": [[[86.375, 15.625], [86.625, 15.625], [86.625, 15.875], [86.375, 15.875], [86.375, 15.625]]]}, "properties": {"time": "2014-10-12T06:00:00", "variable": "msl", "tier": "low", "percentile": 96.9, "z": 2.11, "wind_ms": 15.47, "value": 1003.73, "lat": 15.75, "lon": 86.5}}, {"type": "Feature", "geometry": {"type": "Polygon", "coordinates": [[[86.625, 15.625], [86.875, 15.625], [86.875, 15.875], [86.625, 15.875], [86.625, 15.625]]]}, "properties": {"time": "2014-10-12T06:00:00", "variable": "msl", "tier": "low", "percentile": 95.4, "z": 1.93, "wind_ms": 15.28, "value": 1004.27, "lat": 15.75, "lon": 86.75}}, {"type": "Feature", "geometry": {"type": "Polygon", "coordinates": [[[81.375, 15.875], [81.625, 15.875], [81.625, 16.125], [81.375, 16.125], [81.375, 15.875]]]}, "properties": {"time": "2014-10-12T06:00:00", "variable": "msl", "tier": "low", "percentile": 100.0, "z": 3.92, "wind_ms": 12.17, "value": 999.61, "lat": 16.0, "lon": 81.5}}, {"type": "Feature", "geometry": {"type": "Polygon", "coordinates": [[[81.625, 15.875], [81.875, 15.875], [81.875, 16.125], [81.625, 16.125], [81.625, 15.875]]]}, "properties": {"time": "2014-10-12T06:00:00", "variable": "msl", "tier": "low", "percentile": 100.0, "z": 4.11, "wind_ms": 13.0, "value": 999.03, "lat": 16.0, "lon": 81.75}}, {"type": "Feature", "geometry": {"type": "Polygon", "coordinates": [[[81.875, 15.875], [82.125, 15.875], [82.125, 16.125], [81.875, 16.125], [81.875, 15.875]]]}, "properties": {"time": "2014-10-12T06:00:00", "variable": "msl", "tier": "low", "percentile": 100.0, "z": 4.23, "wind_ms": 13.37, "value": 998.64, "lat": 16.0, "lon": 82.0}}, {"type": "Feature", "geometry": {"type": "Polygon", "coordinates": [[[82.125, 15.875], [82.375, 15.875], [82.375, 16.125], [82.125, 16.125], [82.125, 15.875]]]}, "properties": {"time": "2014-10-12T06:00:00", "variable": "msl", "tier": "low", "percentile": 100.0, "z": 4.43, "wind_ms": 14.18, "value": 998.08, "lat": 16.0, "lon": 82.25}}, {"type": "Feature", "geometry": {"type": "Polygon", "coordinates": [[[82.375, 15.875], [82.625, 15.875], [82.625, 16.125], [82.375, 16.125], [82.375, 15.875]]]}, "properties": {"time": "2014-10-12T06:00:00", "variable": "msl", "tier": "low", "percentile": 100.0, "z": 4.55, "wind_ms": 14.77, "value": 997.76, "lat": 16.0, "lon": 82.5}}, {"type": "Feature", "geometry": {"type": "Polygon", "coordinates": [[[82.625, 15.875], [82.875, 15.875], [82.875, 16.125], [82.625, 16.125], [82.625, 15.875]]]}, "properties": {"time": "2014-10-12T06:00:00", "variable": "msl", "tier": "low", "percentile": 100.0, "z": 4.66, "wind_ms": 15.31, "value": 997.46, "lat": 16.0, "lon": 82.75}}, {"type": "Feature", "geometry": {"type": "Polygon", "coordinates": [[[82.875, 15.875], [83.125, 15.875], [83.125, 16.125], [82.875, 16.125], [82.875, 15.875]]]}, "properties": {"time": "2014-10-12T06:00:00", "variable": "msl", "tier": "low", "percentile": 100.0, "z": 4.72, "wind_ms": 15.81, "value": 997.31, "lat": 16.0, "lon": 83.0}}, {"type": "Feature", "geometry": {"type": "Polygon", "coordinates": [[[83.125, 15.875], [83.375, 15.875], [83.375, 16.125], [83.125, 16.125], [83.125, 15.875]]]}, "properties": {"time": "2014-10-12T06:00:00", "variable": "msl", "tier": "low", "percentile": 100.0, "z": 4.73, "wind_ms": 16.26, "value": 997.27, "lat": 16.0, "lon": 83.25}}, {"type": "Feature", "geometry": {"type": "Polygon", "coordinates": [[[83.375, 15.875], [83.625, 15.875], [83.625, 16.125], [83.375, 16.125], [83.375, 15.875]]]}, "properties": {"time": "2014-10-12T06:00:00", "variable": "msl", "tier": "low", "percentile": 100.0, "z": 4.65, "wind_ms": 16.48, "value": 997.45, "lat": 16.0, "lon": 83.5}}, {"type": "Feature", "geometry": {"type": "Polygon", "coordinates": [[[83.625, 15.875], [83.875, 15.875], [83.875, 16.125], [83.625, 16.125], [83.625, 15.875]]]}, "properties": {"time": "2014-10-12T06:00:00", "variable": "msl", "tier": "low", "percentile": 100.0, "z": 4.48, "wind_ms": 16.35, "value": 997.8, "lat": 16.0, "lon": 83.75}}, {"type": "Feature", "geometry": {"type": "Polygon", "coordinates": [[[83.875, 15.875], [84.125, 15.875], [84.125, 16.125], [83.875, 16.125], [83.875, 15.875]]]}, "properties": {"time": "2014-10-12T06:00:00", "variable": "msl", "tier": "low", "percentile": 100.0, "z": 4.21, "wind_ms": 16.01, "value": 998.42, "lat": 16.0, "lon": 84.0}}, {"type": "Feature", "geometry": {"type": "Polygon", "coordinates": [[[84.125, 15.875], [84.375, 15.875], [84.375, 16.125], [84.125, 16.125], [84.125, 15.875]]]}, "properties": {"time": "2014-10-12T06:00:00", "variable": "msl", "tier": "low", "percentile": 100.0, "z": 3.95, "wind_ms": 15.9, "value": 999.02, "lat": 16.0, "lon": 84.25}}, {"type": "Feature", "geometry": {"type": "Polygon", "coordinates": [[[84.375, 15.875], [84.625, 15.875], [84.625, 16.125], [84.375, 16.125], [84.375, 15.875]]]}, "properties": {"time": "2014-10-12T06:00:00", "variable": "msl", "tier": "low", "percentile": 100.0, "z": 3.62, "wind_ms": 15.76, "value": 999.8, "lat": 16.0, "lon": 84.5}}, {"type": "Feature", "geometry": {"type": "Polygon", "coordinates": [[[84.625, 15.875], [84.875, 15.875], [84.875, 16.125], [84.625, 16.125], [84.625, 15.875]]]}, "properties": {"time": "2014-10-12T06:00:00", "variable": "msl", "tier": "low", "percentile": 99.2, "z": 3.38, "wind_ms": 15.76, "value": 1000.36, "lat": 16.0, "lon": 84.75}}, {"type": "Feature", "geometry": {"type": "Polygon", "coordinates": [[[84.875, 15.875], [85.125, 15.875], [85.125, 16.125], [84.875, 16.125], [84.875, 15.875]]]}, "properties": {"time": "2014-10-12T06:00:00", "variable": "msl", "tier": "low", "percentile": 99.2, "z": 3.12, "wind_ms": 15.78, "value": 1000.94, "lat": 16.0, "lon": 85.0}}, {"type": "Feature", "geometry": {"type": "Polygon", "coordinates": [[[85.125, 15.875], [85.375, 15.875], [85.375, 16.125], [85.125, 16.125], [85.125, 15.875]]]}, "properties": {"time": "2014-10-12T06:00:00", "variable": "msl", "tier": "low", "percentile": 99.2, "z": 2.93, "wind_ms": 15.88, "value": 1001.37, "lat": 16.0, "lon": 85.25}}, {"type": "Feature", "geometry": {"type": "Polygon", "coordinates": [[[85.375, 15.875], [85.625, 15.875], [85.625, 16.125], [85.375, 16.125], [85.375, 15.875]]]}, "properties": {"time": "2014-10-12T06:00:00", "variable": "msl", "tier": "low", "percentile": 99.2, "z": 2.78, "wind_ms": 16.06, "value": 1001.67, "lat": 16.0, "lon": 85.5}}, {"type": "Feature", "geometry": {"type": "Polygon", "coordinates": [[[85.625, 15.875], [85.875, 15.875], [85.875, 16.125], [85.625, 16.125], [85.625, 15.875]]]}, "properties": {"time": "2014-10-12T06:00:00", "variable": "msl", "tier": "low", "percentile": 99.2, "z": 2.66, "wind_ms": 16.67, "value": 1001.96, "lat": 16.0, "lon": 85.75}}, {"type": "Feature", "geometry": {"type": "Polygon", "coordinates": [[[85.875, 15.875], [86.125, 15.875], [86.125, 16.125], [85.875, 16.125], [85.875, 15.875]]]}, "properties": {"time": "2014-10-12T06:00:00", "variable": "msl", "tier": "low", "percentile": 98.5, "z": 2.54, "wind_ms": 16.81, "value": 1002.34, "lat": 16.0, "lon": 86.0}}, {"type": "Feature", "geometry": {"type": "Polygon", "coordinates": [[[86.125, 15.875], [86.375, 15.875], [86.375, 16.125], [86.125, 16.125], [86.125, 15.875]]]}, "properties": {"time": "2014-10-12T06:00:00", "variable": "msl", "tier": "low", "percentile": 97.7, "z": 2.38, "wind_ms": 16.26, "value": 1002.84, "lat": 16.0, "lon": 86.25}}, {"type": "Feature", "geometry": {"type": "Polygon", "coordinates": [[[86.375, 15.875], [86.625, 15.875], [86.625, 16.125], [86.375, 16.125], [86.375, 15.875]]]}, "properties": {"time": "2014-10-12T06:00:00", "variable": "msl", "tier": "low", "percentile": 96.9, "z": 2.2, "wind_ms": 16.0, "value": 1003.39, "lat": 16.0, "lon": 86.5}}, {"type": "Feature", "geometry": {"type": "Polygon", "coordinates": [[[86.625, 15.875], [86.875, 15.875], [86.875, 16.125], [86.625, 16.125], [86.625, 15.875]]]}, "properties": {"time": "2014-10-12T06:00:00", "variable": "msl", "tier": "low", "percentile": 96.2, "z": 2.01, "wind_ms": 16.03, "value": 1003.98, "lat": 16.0, "lon": 86.75}}, {"type": "Feature", "geometry": {"type": "Polygon", "coordinates": [[[81.375, 16.125], [81.625, 16.125], [81.625, 16.375], [81.375, 16.375], [81.375, 16.125]]]}, "properties": {"time": "2014-10-12T06:00:00", "variable": "msl", "tier": "low", "percentile": 100.0, "z": 4.09, "wind_ms": 10.89, "value": 999.0, "lat": 16.25, "lon": 81.5}}, {"type": "Feature", "geometry": {"type": "Polygon", "coordinates": [[[81.625, 16.125], [81.875, 16.125], [81.875, 16.375], [81.625, 16.375], [81.625, 16.125]]]}, "properties": {"time": "2014-10-12T06:00:00", "variable": "msl", "tier": "low", "percentile": 100.0, "z": 4.3, "wind_ms": 11.85, "value": 998.35, "lat": 16.25, "lon": 81.75}}, {"type": "Feature", "geometry": {"type": "Polygon", "coordinates": [[[81.875, 16.125], [82.125, 16.125], [82.125, 16.375], [81.875, 16.375], [81.875, 16.125]]]}, "properties": {"time": "2014-10-12T06:00:00", "variable": "msl", "tier": "low", "percentile": 100.0, "z": 4.6, "wind_ms": 13.74, "value": 997.51, "lat": 16.25, "lon": 82.0}}, {"type": "Feature", "geometry": {"type": "Polygon", "coordinates": [[[82.125, 16.125], [82.375, 16.125], [82.375, 16.375], [82.125, 16.375], [82.125, 16.125]]]}, "properties": {"time": "2014-10-12T06:00:00", "variable": "msl", "tier": "low", "percentile": 100.0, "z": 4.79, "wind_ms": 14.6, "value": 996.95, "lat": 16.25, "lon": 82.25}}, {"type": "Feature", "geometry": {"type": "Polygon", "coordinates": [[[82.375, 16.125], [82.625, 16.125], [82.625, 16.375], [82.375, 16.375], [82.375, 16.125]]]}, "properties": {"time": "2014-10-12T06:00:00", "variable": "msl", "tier": "low", "percentile": 100.0, "z": 5.06, "wind_ms": 15.88, "value": 996.23, "lat": 16.25, "lon": 82.5}}, {"type": "Feature", "geometry": {"type": "Polygon", "coordinates": [[[82.625, 16.125], [82.875, 16.125], [82.875, 16.375], [82.625, 16.375], [82.625, 16.125]]]}, "properties": {"time": "2014-10-12T06:00:00", "variable": "msl", "tier": "low", "percentile": 100.0, "z": 5.18, "wind_ms": 16.38, "value": 995.91, "lat": 16.25, "lon": 82.75}}, {"type": "Feature", "geometry": {"type": "Polygon", "coordinates": [[[82.875, 16.125], [83.125, 16.125], [83.125, 16.375], [82.875, 16.375], [82.875, 16.125]]]}, "properties": {"time": "2014-10-12T06:00:00", "variable": "msl", "tier": "low", "percentile": 100.0, "z": 5.28, "wind_ms": 16.96, "value": 995.65, "lat": 16.25, "lon": 83.0}}, {"type": "Feature", "geometry": {"type": "Polygon", "coordinates": [[[83.125, 16.125], [83.375, 16.125], [83.375, 16.375], [83.125, 16.375], [83.125, 16.125]]]}, "properties": {"time": "2014-10-12T06:00:00", "variable": "msl", "tier": "moderate", "percentile": 100.0, "z": 5.28, "wind_ms": 17.29, "value": 995.64, "lat": 16.25, "lon": 83.25}}, {"type": "Feature", "geometry": {"type": "Polygon", "coordinates": [[[83.375, 16.125], [83.625, 16.125], [83.625, 16.375], [83.375, 16.375], [83.375, 16.125]]]}, "properties": {"time": "2014-10-12T06:00:00", "variable": "msl", "tier": "moderate", "percentile": 100.0, "z": 5.15, "wind_ms": 17.61, "value": 995.94, "lat": 16.25, "lon": 83.5}}, {"type": "Feature", "geometry": {"type": "Polygon", "coordinates": [[[83.625, 16.125], [83.875, 16.125], [83.875, 16.375], [83.625, 16.375], [83.625, 16.125]]]}, "properties": {"time": "2014-10-12T06:00:00", "variable": "msl", "tier": "moderate", "percentile": 100.0, "z": 4.89, "wind_ms": 17.39, "value": 996.55, "lat": 16.25, "lon": 83.75}}, {"type": "Feature", "geometry": {"type": "Polygon", "coordinates": [[[83.875, 16.125], [84.125, 16.125], [84.125, 16.375], [83.875, 16.375], [83.875, 16.125]]]}, "properties": {"time": "2014-10-12T06:00:00", "variable": "msl", "tier": "low", "percentile": 100.0, "z": 4.61, "wind_ms": 16.9, "value": 997.18, "lat": 16.25, "lon": 84.0}}, {"type": "Feature", "geometry": {"type": "Polygon", "coordinates": [[[84.125, 16.125], [84.375, 16.125], [84.375, 16.375], [84.125, 16.375], [84.125, 16.125]]]}, "properties": {"time": "2014-10-12T06:00:00", "variable": "msl", "tier": "low", "percentile": 100.0, "z": 4.2, "wind_ms": 16.27, "value": 998.16, "lat": 16.25, "lon": 84.25}}, {"type": "Feature", "geometry": {"type": "Polygon", "coordinates": [[[84.375, 16.125], [84.625, 16.125], [84.625, 16.375], [84.375, 16.375], [84.375, 16.125]]]}, "properties": {"time": "2014-10-12T06:00:00", "variable": "msl", "tier": "low", "percentile": 100.0, "z": 3.87, "wind_ms": 16.2, "value": 998.94, "lat": 16.25, "lon": 84.5}}, {"type": "Feature", "geometry": {"type": "Polygon", "coordinates": [[[84.625, 16.125], [84.875, 16.125], [84.875, 16.375], [84.625, 16.375], [84.625, 16.125]]]}, "properties": {"time": "2014-10-12T06:00:00", "variable": "msl", "tier": "low", "percentile": 99.2, "z": 3.52, "wind_ms": 16.22, "value": 999.74, "lat": 16.25, "lon": 84.75}}, {"type": "Feature", "geometry": {"type": "Polygon", "coordinates": [[[84.875, 16.125], [85.125, 16.125], [85.125, 16.375], [84.875, 16.375], [84.875, 16.125]]]}, "properties": {"time": "2014-10-12T06:00:00", "variable": "msl", "tier": "low", "percentile": 99.2, "z": 3.25, "wind_ms": 16.21, "value": 1000.36, "lat": 16.25, "lon": 85.0}}, {"type": "Feature", "geometry": {"type": "Polygon", "coordinates": [[[85.125, 16.125], [85.375, 16.125], [85.375, 16.375], [85.125, 16.375], [85.125, 16.125]]]}, "properties": {"time": "2014-10-12T06:00:00", "variable": "msl", "tier": "low", "percentile": 99.2, "z": 3.0, "wind_ms": 16.15, "value": 1000.91, "lat": 16.25, "lon": 85.25}}, {"type": "Feature", "geometry": {"type": "Polygon", "coordinates": [[[85.375, 16.125], [85.625, 16.125], [85.625, 16.375], [85.375, 16.375], [85.375, 16.125]]]}, "properties": {"time": "2014-10-12T06:00:00", "variable": "msl", "tier": "low", "percentile": 99.2, "z": 2.82, "wind_ms": 16.41, "value": 1001.31, "lat": 16.25, "lon": 85.5}}, {"type": "Feature", "geometry": {"type": "Polygon", "coordinates": [[[85.625, 16.125], [85.875, 16.125], [85.875, 16.375], [85.625, 16.375], [85.625, 16.125]]]}, "properties": {"time": "2014-10-12T06:00:00", "variable": "msl", "tier": "low", "percentile": 99.2, "z": 2.69, "wind_ms": 16.72, "value": 1001.64, "lat": 16.25, "lon": 85.75}}, {"type": "Feature", "geometry": {"type": "Polygon", "coordinates": [[[85.875, 16.125], [86.125, 16.125], [86.125, 16.375], [85.875, 16.375], [85.875, 16.125]]]}, "properties": {"time": "2014-10-12T06:00:00", "variable": "msl", "tier": "moderate", "percentile": 99.2, "z": 2.59, "wind_ms": 17.07, "value": 1002.0, "lat": 16.25, "lon": 86.0}}, {"type": "Feature", "geometry": {"type": "Polygon", "coordinates": [[[86.125, 16.125], [86.375, 16.125], [86.375, 16.375], [86.125, 16.375], [86.125, 16.125]]]}, "properties": {"time": "2014-10-12T06:00:00", "variable": "msl", "tier": "low", "percentile": 98.5, "z": 2.45, "wind_ms": 16.6, "value": 1002.51, "lat": 16.25, "lon": 86.25}}, {"type": "Feature", "geometry": {"type": "Polygon", "coordinates": [[[86.375, 16.125], [86.625, 16.125], [86.625, 16.375], [86.375, 16.375], [86.375, 16.125]]]}, "properties": {"time": "2014-10-12T06:00:00", "variable": "msl", "tier": "low", "percentile": 97.7, "z": 2.28, "wind_ms": 16.28, "value": 1003.08, "lat": 16.25, "lon": 86.5}}, {"type": "Feature", "geometry": {"type": "Polygon", "coordinates": [[[86.625, 16.125], [86.875, 16.125], [86.875, 16.375], [86.625, 16.375], [86.625, 16.125]]]}, "properties": {"time": "2014-10-12T06:00:00", "variable": "msl", "tier": "low", "percentile": 96.2, "z": 2.09, "wind_ms": 16.28, "value": 1003.68, "lat": 16.25, "lon": 86.75}}, {"type": "Feature", "geometry": {"type": "Polygon", "coordinates": [[[81.625, 16.375], [81.875, 16.375], [81.875, 16.625], [81.625, 16.625], [81.625, 16.375]]]}, "properties": {"time": "2014-10-12T06:00:00", "variable": "msl", "tier": "low", "percentile": 100.0, "z": 4.59, "wind_ms": 9.46, "value": 997.44, "lat": 16.5, "lon": 81.75}}, {"type": "Feature", "geometry": {"type": "Polygon", "coordinates": [[[81.875, 16.375], [82.125, 16.375], [82.125, 16.625], [81.875, 16.625], [81.875, 16.375]]]}, "properties": {"time": "2014-10-12T06:00:00", "variable": "msl", "tier": "low", "percentile": 100.0, "z": 4.91, "wind_ms": 11.75, "value": 996.51, "lat": 16.5, "lon": 82.0}}, {"type": "Feature", "geometry": {"type": "Polygon", "coordinates": [[[82.125, 16.375], [82.375, 16.375], [82.375, 16.625], [82.125, 16.625], [82.125, 16.375]]]}, "properties": {"time": "2014-10-12T06:00:00", "variable": "msl", "tier": "low", "percentile": 100.0, "z": 5.37, "wind_ms": 15.24, "value": 995.2, "lat": 16.5, "lon": 82.25}}, {"type": "Feature", "geometry": {"type": "Polygon", "coordinates": [[[82.375, 16.375], [82.625, 16.375], [82.625, 16.625], [82.375, 16.625], [82.375, 16.375]]]}, "properties": {"time": "2014-10-12T06:00:00", "variable": "msl", "tier": "moderate", "percentile": 100.0, "z": 5.69, "wind_ms": 17.49, "value": 994.37, "lat": 16.5, "lon": 82.5}}, {"type": "Feature", "geometry": {"type": "Polygon", "coordinates": [[[82.625, 16.375], [82.875, 16.375], [82.875, 16.625], [82.625, 16.625], [82.625, 16.375]]]}, "properties": {"time": "2014-10-12T06:00:00", "variable": "msl", "tier": "moderate", "percentile": 100.0, "z": 5.93, "wind_ms": 18.13, "value": 993.74, "lat": 16.5, "lon": 82.75}}, {"type": "Feature", "geometry": {"type": "Polygon", "coordinates": [[[82.875, 16.375], [83.125, 16.375], [83.125, 16.625], [82.875, 16.625], [82.875, 16.375]]]}, "properties": {"time": "2014-10-12T06:00:00", "variable": "msl", "tier": "moderate", "percentile": 100.0, "z": 6.04, "wind_ms": 18.7, "value": 993.41, "lat": 16.5, "lon": 83.0}}, {"type": "Feature", "geometry": {"type": "Polygon", "coordinates": [[[83.125, 16.375], [83.375, 16.375], [83.375, 16.625], [83.125, 16.625], [83.125, 16.375]]]}, "properties": {"time": "2014-10-12T06:00:00", "variable": "msl", "tier": "moderate", "percentile": 100.0, "z": 5.98, "wind_ms": 18.77, "value": 993.53, "lat": 16.5, "lon": 83.25}}, {"type": "Feature", "geometry": {"type": "Polygon", "coordinates": [[[83.375, 16.375], [83.625, 16.375], [83.625, 16.625], [83.375, 16.625], [83.375, 16.375]]]}, "properties": {"time": "2014-10-12T06:00:00", "variable": "msl", "tier": "moderate", "percentile": 100.0, "z": 5.78, "wind_ms": 18.61, "value": 994.01, "lat": 16.5, "lon": 83.5}}, {"type": "Feature", "geometry": {"type": "Polygon", "coordinates": [[[83.625, 16.375], [83.875, 16.375], [83.875, 16.625], [83.625, 16.625], [83.625, 16.375]]]}, "properties": {"time": "2014-10-12T06:00:00", "variable": "msl", "tier": "moderate", "percentile": 100.0, "z": 5.45, "wind_ms": 18.58, "value": 994.83, "lat": 16.5, "lon": 83.75}}, {"type": "Feature", "geometry": {"type": "Polygon", "coordinates": [[[83.875, 16.375], [84.125, 16.375], [84.125, 16.625], [83.875, 16.625], [83.875, 16.375]]]}, "properties": {"time": "2014-10-12T06:00:00", "variable": "msl", "tier": "moderate", "percentile": 100.0, "z": 4.97, "wind_ms": 17.76, "value": 996.03, "lat": 16.5, "lon": 84.0}}, {"type": "Feature", "geometry": {"type": "Polygon", "coordinates": [[[84.125, 16.375], [84.375, 16.375], [84.375, 16.625], [84.125, 16.625], [84.125, 16.375]]]}, "properties": {"time": "2014-10-12T06:00:00", "variable": "msl", "tier": "moderate", "percentile": 100.0, "z": 4.54, "wind_ms": 17.13, "value": 997.08, "lat": 16.5, "lon": 84.25}}, {"type": "Feature", "geometry": {"type": "Polygon", "coordinates": [[[84.375, 16.375], [84.625, 16.375], [84.625, 16.625], [84.375, 16.625], [84.375, 16.375]]]}, "properties": {"time": "2014-10-12T06:00:00", "variable": "msl", "tier": "low", "percentile": 100.0, "z": 4.07, "wind_ms": 16.59, "value": 998.22, "lat": 16.5, "lon": 84.5}}, {"type": "Feature", "geometry": {"type": "Polygon", "coordinates": [[[84.625, 16.375], [84.875, 16.375], [84.875, 16.625], [84.625, 16.625], [84.625, 16.375]]]}, "properties": {"time": "2014-10-12T06:00:00", "variable": "msl", "tier": "low", "percentile": 99.2, "z": 3.69, "wind_ms": 16.6, "value": 999.08, "lat": 16.5, "lon": 84.75}}, {"type": "Feature", "geometry": {"type": "Polygon", "coordinates": [[[84.875, 16.375], [85.125, 16.375], [85.125, 16.625], [84.875, 16.625], [84.875, 16.375]]]}, "properties": {"time": "2014-10-12T06:00:00", "variable": "msl", "tier": "low", "percentile": 99.2, "z": 3.35, "wind_ms": 16.72, "value": 999.83, "lat": 16.5, "lon": 85.0}}, {"type": "Feature", "geometry": {"type": "Polygon", "coordinates": [[[85.125, 16.375], [85.375, 16.375], [85.375, 16.625], [85.125, 16.625], [85.125, 16.375]]]}, "properties": {"time": "2014-10-12T06:00:00", "variable": "msl", "tier": "low", "percentile": 99.2, "z": 3.08, "wind_ms": 16.53, "value": 1000.42, "lat": 16.5, "lon": 85.25}}, {"type": "Feature", "geometry": {"type": "Polygon", "coordinates": [[[85.375, 16.375], [85.625, 16.375], [85.625, 16.625], [85.375, 16.625], [85.375, 16.375]]]}, "properties": {"time": "2014-10-12T06:00:00", "variable": "msl", "tier": "low", "percentile": 99.2, "z": 2.87, "wind_ms": 16.81, "value": 1000.9, "lat": 16.5, "lon": 85.5}}, {"type": "Feature", "geometry": {"type": "Polygon", "coordinates": [[[85.625, 16.375], [85.875, 16.375], [85.875, 16.625], [85.625, 16.625], [85.625, 16.375]]]}, "properties": {"time": "2014-10-12T06:00:00", "variable": "msl", "tier": "low", "percentile": 99.2, "z": 2.72, "wind_ms": 16.81, "value": 1001.36, "lat": 16.5, "lon": 85.75}}, {"type": "Feature", "geometry": {"type": "Polygon", "coordinates": [[[85.875, 16.375], [86.125, 16.375], [86.125, 16.625], [85.875, 16.625], [85.875, 16.375]]]}, "properties": {"time": "2014-10-12T06:00:00", "variable": "msl", "tier": "moderate", "percentile": 99.2, "z": 2.64, "wind_ms": 17.2, "value": 1001.68, "lat": 16.5, "lon": 86.0}}, {"type": "Feature", "geometry": {"type": "Polygon", "coordinates": [[[86.125, 16.375], [86.375, 16.375], [86.375, 16.625], [86.125, 16.625], [86.125, 16.375]]]}, "properties": {"time": "2014-10-12T06:00:00", "variable": "msl", "tier": "moderate", "percentile": 99.2, "z": 2.51, "wind_ms": 17.12, "value": 1002.19, "lat": 16.5, "lon": 86.25}}, {"type": "Feature", "geometry": {"type": "Polygon", "coordinates": [[[86.375, 16.375], [86.625, 16.375], [86.625, 16.625], [86.375, 16.625], [86.375, 16.375]]]}, "properties": {"time": "2014-10-12T06:00:00", "variable": "msl", "tier": "low", "percentile": 98.5, "z": 2.34, "wind_ms": 16.62, "value": 1002.78, "lat": 16.5, "lon": 86.5}}, {"type": "Feature", "geometry": {"type": "Polygon", "coordinates": [[[86.625, 16.375], [86.875, 16.375], [86.875, 16.625], [86.625, 16.625], [86.625, 16.375]]]}, "properties": {"time": "2014-10-12T06:00:00", "variable": "msl", "tier": "low", "percentile": 96.9, "z": 2.14, "wind_ms": 15.85, "value": 1003.45, "lat": 16.5, "lon": 86.75}}, {"type": "Feature", "geometry": {"type": "Polygon", "coordinates": [[[81.375, 16.625], [81.625, 16.625], [81.625, 16.875], [81.375, 16.875], [81.375, 16.625]]]}, "properties": {"time": "2014-10-12T06:00:00", "variable": "msl", "tier": "low", "percentile": 100.0, "z": 4.5, "wind_ms": 8.71, "value": 997.68, "lat": 16.75, "lon": 81.5}}, {"type": "Feature", "geometry": {"type": "Polygon", "coordinates": [[[81.625, 16.625], [81.875, 16.625], [81.875, 16.875], [81.625, 16.875], [81.625, 16.625]]]}, "properties": {"time": "2014-10-12T06:00:00", "variable": "msl", "tier": "low", "percentile": 100.0, "z": 4.89, "wind_ms": 9.42, "value": 996.52, "lat": 16.75, "lon": 81.75}}, {"type": "Feature", "geometry": {"type": "Polygon", "coordinates": [[[81.875, 16.625], [82.125, 16.625], [82.125, 16.875], [81.875, 16.875], [81.875, 16.625]]]}, "properties": {"time": "2014-10-12T06:00:00", "variable": "msl", "tier": "low", "percentile": 100.0, "z": 5.48, "wind_ms": 10.94, "value": 994.82, "lat": 16.75, "lon": 82.0}}, {"type": "Feature", "geometry": {"type": "Polygon", "coordinates": [[[82.125, 16.625], [82.375, 16.625], [82.375, 16.875], [82.125, 16.875], [82.125, 16.625]]]}, "properties": {"time": "2014-10-12T06:00:00", "variable": "msl", "tier": "low", "percentile": 100.0, "z": 6.08, "wind_ms": 14.71, "value": 993.11, "lat": 16.75, "lon": 82.25}}, {"type": "Feature", "geometry": {"type": "Polygon", "coordinates": [[[82.375, 16.625], [82.625, 16.625], [82.625, 16.875], [82.375, 16.875], [82.375, 16.625]]]}, "properties": {"time": "2014-10-12T06:00:00", "variable": "msl", "tier": "moderate", "percentile": 100.0, "z": 6.65, "wind_ms": 19.32, "value": 991.5, "lat": 16.75, "lon": 82.5}}, {"type": "Feature", "geometry": {"type": "Polygon", "coordinates": [[[82.625, 16.625], [82.875, 16.625], [82.875, 16.875], [82.625, 16.875], [82.625, 16.625]]]}, "properties": {"time": "2014-10-12T06:00:00", "variable": "msl", "tier": "moderate", "percentile": 100.0, "z": 6.93, "wind_ms": 20.78, "value": 990.76, "lat": 16.75, "lon": 82.75}}, {"type": "Feature", "geometry": {"type": "Polygon", "coordinates": [[[82.875, 16.625], [83.125, 16.625], [83.125, 16.875], [82.875, 16.875], [82.875, 16.625]]]}, "properties": {"time": "2014-10-12T06:00:00", "variable": "msl", "tier": "moderate", "percentile": 100.0, "z": 6.98, "wind_ms": 20.79, "value": 990.63, "lat": 16.75, "lon": 83.0}}, {"type": "Feature", "geometry": {"type": "Polygon", "coordinates": [[[83.125, 16.625], [83.375, 16.625], [83.375, 16.875], [83.125, 16.875], [83.125, 16.625]]]}, "properties": {"time": "2014-10-12T06:00:00", "variable": "msl", "tier": "moderate", "percentile": 100.0, "z": 6.87, "wind_ms": 21.04, "value": 990.91, "lat": 16.75, "lon": 83.25}}, {"type": "Feature", "geometry": {"type": "Polygon", "coordinates": [[[83.375, 16.625], [83.625, 16.625], [83.625, 16.875], [83.375, 16.875], [83.375, 16.625]]]}, "properties": {"time": "2014-10-12T06:00:00", "variable": "msl", "tier": "moderate", "percentile": 100.0, "z": 6.61, "wind_ms": 20.59, "value": 991.52, "lat": 16.75, "lon": 83.5}}, {"type": "Feature", "geometry": {"type": "Polygon", "coordinates": [[[83.625, 16.625], [83.875, 16.625], [83.875, 16.875], [83.625, 16.875], [83.625, 16.625]]]}, "properties": {"time": "2014-10-12T06:00:00", "variable": "msl", "tier": "moderate", "percentile": 100.0, "z": 6.03, "wind_ms": 19.37, "value": 993.01, "lat": 16.75, "lon": 83.75}}, {"type": "Feature", "geometry": {"type": "Polygon", "coordinates": [[[83.875, 16.625], [84.125, 16.625], [84.125, 16.875], [83.875, 16.875], [83.875, 16.625]]]}, "properties": {"time": "2014-10-12T06:00:00", "variable": "msl", "tier": "moderate", "percentile": 100.0, "z": 5.46, "wind_ms": 18.6, "value": 994.5, "lat": 16.75, "lon": 84.0}}, {"type": "Feature", "geometry": {"type": "Polygon", "coordinates": [[[84.125, 16.625], [84.375, 16.625], [84.375, 16.875], [84.125, 16.875], [84.125, 16.625]]]}, "properties": {"time": "2014-10-12T06:00:00", "variable": "msl", "tier": "moderate", "percentile": 100.0, "z": 4.84, "wind_ms": 18.03, "value": 996.05, "lat": 16.75, "lon": 84.25}}, {"type": "Feature", "geometry": {"type": "Polygon", "coordinates": [[[84.375, 16.625], [84.625, 16.625], [84.625, 16.875], [84.375, 16.875], [84.375, 16.625]]]}, "properties": {"time": "2014-10-12T06:00:00", "variable": "msl", "tier": "moderate", "percentile": 100.0, "z": 4.31, "wind_ms": 17.48, "value": 997.33, "lat": 16.75, "lon": 84.5}}, {"type": "Feature", "geometry": {"type": "Polygon", "coordinates": [[[84.625, 16.625], [84.875, 16.625], [84.875, 16.875], [84.625, 16.875], [84.625, 16.625]]]}, "properties": {"time": "2014-10-12T06:00:00", "variable": "msl", "tier": "low", "percentile": 99.2, "z": 3.83, "wind_ms": 16.87, "value": 998.43, "lat": 16.75, "lon": 84.75}}, {"type": "Feature", "geometry": {"type": "Polygon", "coordinates": [[[84.875, 16.625], [85.125, 16.625], [85.125, 16.875], [84.875, 16.875], [84.875, 16.625]]]}, "properties": {"time": "2014-10-12T06:00:00", "variable": "msl", "tier": "low", "percentile": 99.2, "z": 3.46, "wind_ms": 16.87, "value": 999.26, "lat": 16.75, "lon": 85.0}}, {"type": "Feature", "geometry": {"type": "Polygon", "coordinates": [[[85.125, 16.625], [85.375, 16.625], [85.375, 16.875], [85.125, 16.875], [85.125, 16.625]]]}, "properties": {"time": "2014-10-12T06:00:00", "variable": "msl", "tier": "low", "percentile": 99.2, "z": 3.15, "wind_ms": 17.0, "value": 999.98, "lat": 16.75, "lon": 85.25}}, {"type": "Feature", "geometry": {"type": "Polygon", "coordinates": [[[85.375, 16.625], [85.625, 16.625], [85.625, 16.875], [85.375, 16.875], [85.375, 16.625]]]}, "properties": {"time": "2014-10-12T06:00:00", "variable": "msl", "tier": "moderate", "percentile": 99.2, "z": 2.94, "wind_ms": 17.28, "value": 1000.52, "lat": 16.75, "lon": 85.5}}, {"type": "Feature", "geometry": {"type": "Polygon", "coordinates": [[[85.625, 16.625], [85.875, 16.625], [85.875, 16.875], [85.625, 16.875], [85.625, 16.625]]]}, "properties": {"time": "2014-10-12T06:00:00", "variable": "msl", "tier": "low", "percentile": 99.2, "z": 2.78, "wind_ms": 16.98, "value": 1001.04, "lat": 16.75, "lon": 85.75}}, {"type": "Feature", "geometry": {"type": "Polygon", "coordinates": [[[85.875, 16.625], [86.125, 16.625], [86.125, 16.875], [85.875, 16.875], [85.875, 16.625]]]}, "properties": {"time": "2014-10-12T06:00:00", "variable": "msl", "tier": "low", "percentile": 99.2, "z": 2.67, "wind_ms": 16.75, "value": 1001.48, "lat": 16.75, "lon": 86.0}}, {"type": "Feature", "geometry": {"type": "Polygon", "coordinates": [[[86.125, 16.625], [86.375, 16.625], [86.375, 16.875], [86.125, 16.875], [86.125, 16.625]]]}, "properties": {"time": "2014-10-12T06:00:00", "variable": "msl", "tier": "low", "percentile": 99.2, "z": 2.53, "wind_ms": 16.98, "value": 1002.02, "lat": 16.75, "lon": 86.25}}, {"type": "Feature", "geometry": {"type": "Polygon", "coordinates": [[[86.375, 16.625], [86.625, 16.625], [86.625, 16.875], [86.375, 16.875], [86.375, 16.625]]]}, "properties": {"time": "2014-10-12T06:00:00", "variable": "msl", "tier": "low", "percentile": 97.7, "z": 2.36, "wind_ms": 16.55, "value": 1002.68, "lat": 16.75, "lon": 86.5}}, {"type": "Feature", "geometry": {"type": "Polygon", "coordinates": [[[86.625, 16.625], [86.875, 16.625], [86.875, 16.875], [86.625, 16.875], [86.625, 16.625]]]}, "properties": {"time": "2014-10-12T06:00:00", "variable": "msl", "tier": "low", "percentile": 97.7, "z": 2.16, "wind_ms": 15.53, "value": 1003.36, "lat": 16.75, "lon": 86.75}}, {"type": "Feature", "geometry": {"type": "Polygon", "coordinates": [[[81.375, 16.875], [81.625, 16.875], [81.625, 17.125], [81.375, 17.125], [81.375, 16.875]]]}, "properties": {"time": "2014-10-12T06:00:00", "variable": "msl", "tier": "low", "percentile": 100.0, "z": 4.78, "wind_ms": 9.35, "value": 996.94, "lat": 17.0, "lon": 81.5}}, {"type": "Feature", "geometry": {"type": "Polygon", "coordinates": [[[81.625, 16.875], [81.875, 16.875], [81.875, 17.125], [81.625, 17.125], [81.625, 16.875]]]}, "properties": {"time": "2014-10-12T06:00:00", "variable": "msl", "tier": "low", "percentile": 100.0, "z": 5.4, "wind_ms": 10.92, "value": 995.11, "lat": 17.0, "lon": 81.75}}, {"type": "Feature", "geometry": {"type": "Polygon", "coordinates": [[[81.875, 16.875], [82.125, 16.875], [82.125, 17.125], [81.875, 17.125], [81.875, 16.875]]]}, "properties": {"time": "2014-10-12T06:00:00", "variable": "msl", "tier": "low", "percentile": 100.0, "z": 6.18, "wind_ms": 12.52, "value": 992.89, "lat": 17.0, "lon": 82.0}}, {"type": "Feature", "geometry": {"type": "Polygon", "coordinates": [[[82.125, 16.875], [82.375, 16.875], [82.375, 17.125], [82.125, 17.125], [82.125, 16.875]]]}, "properties": {"time": "2014-10-12T06:00:00", "variable": "msl", "tier": "low", "percentile": 100.0, "z": 7.05, "wind_ms": 15.74, "value": 990.4, "lat": 17.0, "lon": 82.25}}, {"type": "Feature", "geometry": {"type": "Polygon", "coordinates": [[[82.375, 16.875], [82.625, 16.875], [82.625, 17.125], [82.375, 17.125], [82.375, 16.875]]]}, "properties": {"time": "2014-10-12T06:00:00", "variable": "msl", "tier": "moderate", "percentile": 100.0, "z": 7.83, "wind_ms": 20.64, "value": 988.06, "lat": 17.0, "lon": 82.5}}, {"type": "Feature", "geometry": {"type": "Polygon", "coordinates": [[[82.625, 16.875], [82.875, 16.875], [82.875, 17.125], [82.625, 17.125], [82.625, 16.875]]]}, "properties": {"time": "2014-10-12T06:00:00", "variable": "msl", "tier": "moderate", "percentile": 100.0, "z": 8.35, "wind_ms": 24.26, "value": 986.57, "lat": 17.0, "lon": 82.75}}, {"type": "Feature", "geometry": {"type": "Polygon", "coordinates": [[[82.875, 16.875], [83.125, 16.875], [83.125, 17.125], [82.875, 17.125], [82.875, 16.875]]]}, "properties": {"time": "2014-10-12T06:00:00", "variable": "msl", "tier": "severe", "percentile": 100.0, "z": 8.53, "wind_ms": 25.05, "value": 986.06, "lat": 17.0, "lon": 83.0}}, {"type": "Feature", "geometry": {"type": "Polygon", "coordinates": [[[83.125, 16.875], [83.375, 16.875], [83.375, 17.125], [83.125, 17.125], [83.125, 16.875]]]}, "properties": {"time": "2014-10-12T06:00:00", "variable": "msl", "tier": "moderate", "percentile": 100.0, "z": 8.3, "wind_ms": 24.84, "value": 986.66, "lat": 17.0, "lon": 83.25}}, {"type": "Feature", "geometry": {"type": "Polygon", "coordinates": [[[83.375, 16.875], [83.625, 16.875], [83.625, 17.125], [83.375, 17.125], [83.375, 16.875]]]}, "properties": {"time": "2014-10-12T06:00:00", "variable": "msl", "tier": "moderate", "percentile": 100.0, "z": 7.65, "wind_ms": 22.74, "value": 988.42, "lat": 17.0, "lon": 83.5}}, {"type": "Feature", "geometry": {"type": "Polygon", "coordinates": [[[83.625, 16.875], [83.875, 16.875], [83.875, 17.125], [83.625, 17.125], [83.625, 16.875]]]}, "properties": {"time": "2014-10-12T06:00:00", "variable": "msl", "tier": "moderate", "percentile": 100.0, "z": 6.78, "wind_ms": 20.88, "value": 990.72, "lat": 17.0, "lon": 83.75}}, {"type": "Feature", "geometry": {"type": "Polygon", "coordinates": [[[83.875, 16.875], [84.125, 16.875], [84.125, 17.125], [83.875, 17.125], [83.875, 16.875]]]}, "properties": {"time": "2014-10-12T06:00:00", "variable": "msl", "tier": "moderate", "percentile": 100.0, "z": 5.89, "wind_ms": 19.24, "value": 993.07, "lat": 17.0, "lon": 84.0}}, {"type": "Feature", "geometry": {"type": "Polygon", "coordinates": [[[84.125, 16.875], [84.375, 16.875], [84.375, 17.125], [84.125, 17.125], [84.125, 16.875]]]}, "properties": {"time": "2014-10-12T06:00:00", "variable": "msl", "tier": "moderate", "percentile": 100.0, "z": 5.14, "wind_ms": 18.44, "value": 995.02, "lat": 17.0, "lon": 84.25}}, {"type": "Feature", "geometry": {"type": "Polygon", "coordinates": [[[84.375, 16.875], [84.625, 16.875], [84.625, 17.125], [84.375, 17.125], [84.375, 16.875]]]}, "properties": {"time": "2014-10-12T06:00:00", "variable": "msl", "tier": "moderate", "percentile": 100.0, "z": 4.52, "wind_ms": 18.02, "value": 996.58, "lat": 17.0, "lon": 84.5}}, {"type": "Feature", "geometry": {"type": "Polygon", "coordinates": [[[84.625, 16.875], [84.875, 16.875], [84.875, 17.125], [84.625, 17.125], [84.625, 16.875]]]}, "properties": {"time": "2014-10-12T06:00:00", "variable": "msl", "tier": "moderate", "percentile": 99.2, "z": 3.99, "wind_ms": 17.51, "value": 997.83, "lat": 17.0, "lon": 84.75}}, {"type": "Feature", "geometry": {"type": "Polygon", "coordinates": [[[84.875, 16.875], [85.125, 16.875], [85.125, 17.125], [84.875, 17.125], [84.875, 16.875]]]}, "properties": {"time": "2014-10-12T06:00:00", "variable": "msl", "tier": "moderate", "percentile": 99.2, "z": 3.59, "wind_ms": 17.09, "value": 998.76, "lat": 17.0, "lon": 85.0}}, {"type": "Feature", "geometry": {"type": "Polygon", "coordinates": [[[85.125, 16.875], [85.375, 16.875], [85.375, 17.125], [85.125, 17.125], [85.125, 16.875]]]}, "properties": {"time": "2014-10-12T06:00:00", "variable": "msl", "tier": "moderate", "percentile": 99.2, "z": 3.26, "wind_ms": 17.28, "value": 999.54, "lat": 17.0, "lon": 85.25}}, {"type": "Feature", "geometry": {"type": "Polygon", "coordinates": [[[85.375, 16.875], [85.625, 16.875], [85.625, 17.125], [85.375, 17.125], [85.375, 16.875]]]}, "properties": {"time": "2014-10-12T06:00:00", "variable": "msl", "tier": "moderate", "percentile": 99.2, "z": 3.02, "wind_ms": 17.54, "value": 1000.19, "lat": 17.0, "lon": 85.5}}, {"type": "Feature", "geometry": {"type": "Polygon", "coordinates": [[[85.625, 16.875], [85.875, 16.875], [85.875, 17.125], [85.625, 17.125], [85.625, 16.875]]]}, "properties": {"time": "2014-10-12T06:00:00", "variable": "msl", "tier": "moderate", "percentile": 99.2, "z": 2.84, "wind_ms": 17.23, "value": 1000.77, "lat": 17.0, "lon": 85.75}}, {"type": "Feature", "geometry": {"type": "Polygon", "coordinates": [[[85.875, 16.875], [86.125, 16.875], [86.125, 17.125], [85.875, 17.125], [85.875, 16.875]]]}, "properties": {"time": "2014-10-12T06:00:00", "variable": "msl", "tier": "low", "percentile": 99.2, "z": 2.68, "wind_ms": 16.6, "value": 1001.36, "lat": 17.0, "lon": 86.0}}, {"type": "Feature", "geometry": {"type": "Polygon", "coordinates": [[[86.125, 16.875], [86.375, 16.875], [86.375, 17.125], [86.125, 17.125], [86.125, 16.875]]]}, "properties": {"time": "2014-10-12T06:00:00", "variable": "msl", "tier": "low", "percentile": 99.2, "z": 2.51, "wind_ms": 16.15, "value": 1001.97, "lat": 17.0, "lon": 86.25}}, {"type": "Feature", "geometry": {"type": "Polygon", "coordinates": [[[86.375, 16.875], [86.625, 16.875], [86.625, 17.125], [86.375, 17.125], [86.375, 16.875]]]}, "properties": {"time": "2014-10-12T06:00:00", "variable": "msl", "tier": "low", "percentile": 97.7, "z": 2.33, "wind_ms": 15.73, "value": 1002.63, "lat": 17.0, "lon": 86.5}}, {"type": "Feature", "geometry": {"type": "Polygon", "coordinates": [[[86.625, 16.875], [86.875, 16.875], [86.875, 17.125], [86.625, 17.125], [86.625, 16.875]]]}, "properties": {"time": "2014-10-12T06:00:00", "variable": "msl", "tier": "low", "percentile": 97.7, "z": 2.15, "wind_ms": 15.05, "value": 1003.31, "lat": 17.0, "lon": 86.75}}, {"type": "Feature", "geometry": {"type": "Polygon", "coordinates": [[[81.375, 17.125], [81.625, 17.125], [81.625, 17.375], [81.375, 17.375], [81.375, 17.125]]]}, "properties": {"time": "2014-10-12T06:00:00", "variable": "msl", "tier": "low", "percentile": 100.0, "z": 4.97, "wind_ms": 9.29, "value": 996.85, "lat": 17.25, "lon": 81.5}}, {"type": "Feature", "geometry": {"type": "Polygon", "coordinates": [[[81.625, 17.125], [81.875, 17.125], [81.875, 17.375], [81.625, 17.375], [81.625, 17.125]]]}, "properties": {"time": "2014-10-12T06:00:00", "variable": "msl", "tier": "low", "percentile": 100.0, "z": 5.84, "wind_ms": 11.05, "value": 994.12, "lat": 17.25, "lon": 81.75}}, {"type": "Feature", "geometry": {"type": "Polygon", "coordinates": [[[81.875, 17.125], [82.125, 17.125], [82.125, 17.375], [81.875, 17.375], [81.875, 17.125]]]}, "properties": {"time": "2014-10-12T06:00:00", "variable": "msl", "tier": "low", "percentile": 100.0, "z": 6.77, "wind_ms": 12.48, "value": 991.3, "lat": 17.25, "lon": 82.0}}, {"type": "Feature", "geometry": {"type": "Polygon", "coordinates": [[[82.125, 17.125], [82.375, 17.125], [82.375, 17.375], [82.125, 17.375], [82.125, 17.125]]]}, "properties": {"time": "2014-10-12T06:00:00", "variable": "msl", "tier": "low", "percentile": 100.0, "z": 7.85, "wind_ms": 14.03, "value": 988.12, "lat": 17.25, "lon": 82.25}}, {"type": "Feature", "geometry": {"type": "Polygon", "coordinates": [[[82.375, 17.125], [82.625, 17.125], [82.625, 17.375], [82.375, 17.375], [82.375, 17.125]]]}, "properties": {"time": "2014-10-12T06:00:00", "variable": "msl", "tier": "low", "percentile": 100.0, "z": 8.82, "wind_ms": 16.93, "value": 985.26, "lat": 17.25, "lon": 82.5}}, {"type": "Feature", "geometry": {"type": "Polygon", "coordinates": [[[82.625, 17.125], [82.875, 17.125], [82.875, 17.375], [82.625, 17.375], [82.625, 17.125]]]}, "properties": {"time": "2014-10-12T06:00:00", "variable": "msl", "tier": "moderate", "percentile": 100.0, "z": 9.67, "wind_ms": 20.71, "value": 982.68, "lat": 17.25, "lon": 82.75}}, {"type": "Feature", "geometry": {"type": "Polygon", "coordinates": [[[82.875, 17.125], [83.125, 17.125], [83.125, 17.375], [82.875, 17.375], [82.875, 17.125]]]}, "properties": {"time": "2014-10-12T06:00:00", "variable": "msl", "tier": "moderate", "percentile": 100.0, "z": 10.21, "wind_ms": 22.98, "value": 981.1, "lat": 17.25, "lon": 83.0}}, {"type": "Feature", "geometry": {"type": "Polygon", "coordinates": [[[83.125, 17.125], [83.375, 17.125], [83.375, 17.375], [83.125, 17.375], [83.125, 17.125]]]}, "properties": {"time": "2014-10-12T06:00:00", "variable": "msl", "tier": "severe", "percentile": 100.0, "z": 10.1, "wind_ms": 26.13, "value": 981.35, "lat": 17.25, "lon": 83.25}}, {"type": "Feature", "geometry": {"type": "Polygon", "coordinates": [[[83.375, 17.125], [83.625, 17.125], [83.625, 17.375], [83.375, 17.375], [83.375, 17.125]]]}, "properties": {"time": "2014-10-12T06:00:00", "variable": "msl", "tier": "moderate", "percentile": 100.0, "z": 8.82, "wind_ms": 24.6, "value": 984.88, "lat": 17.25, "lon": 83.5}}, {"type": "Feature", "geometry": {"type": "Polygon", "coordinates": [[[83.625, 17.125], [83.875, 17.125], [83.875, 17.375], [83.625, 17.375], [83.625, 17.125]]]}, "properties": {"time": "2014-10-12T06:00:00", "variable": "msl", "tier": "moderate", "percentile": 100.0, "z": 7.54, "wind_ms": 21.54, "value": 988.37, "lat": 17.25, "lon": 83.75}}, {"type": "Feature", "geometry": {"type": "Polygon", "coordinates": [[[83.875, 17.125], [84.125, 17.125], [84.125, 17.375], [83.875, 17.375], [83.875, 17.125]]]}, "properties": {"time": "2014-10-12T06:00:00", "variable": "msl", "tier": "moderate", "percentile": 100.0, "z": 6.27, "wind_ms": 19.8, "value": 991.83, "lat": 17.25, "lon": 84.0}}, {"type": "Feature", "geometry": {"type": "Polygon", "coordinates": [[[84.125, 17.125], [84.375, 17.125], [84.375, 17.375], [84.125, 17.375], [84.125, 17.125]]]}, "properties": {"time": "2014-10-12T06:00:00", "variable": "msl", "tier": "moderate", "percentile": 100.0, "z": 5.39, "wind_ms": 19.09, "value": 994.14, "lat": 17.25, "lon": 84.25}}, {"type": "Feature", "geometry": {"type": "Polygon", "coordinates": [[[84.375, 17.125], [84.625, 17.125], [84.625, 17.375], [84.375, 17.375], [84.375, 17.125]]]}, "properties": {"time": "2014-10-12T06:00:00", "variable": "msl", "tier": "moderate", "percentile": 100.0, "z": 4.7, "wind_ms": 18.72, "value": 995.89, "lat": 17.25, "lon": 84.5}}, {"type": "Feature", "geometry": {"type": "Polygon", "coordinates": [[[84.625, 17.125], [84.875, 17.125], [84.875, 17.375], [84.625, 17.375], [84.625, 17.125]]]}, "properties": {"time": "2014-10-12T06:00:00", "variable": "msl", "tier": "moderate", "percentile": 99.2, "z": 4.14, "wind_ms": 18.28, "value": 997.24, "lat": 17.25, "lon": 84.75}}, {"type": "Feature", "geometry": {"type": "Polygon", "coordinates": [[[84.875, 17.125], [85.125, 17.125], [85.125, 17.375], [84.875, 17.375], [84.875, 17.125]]]}, "properties": {"time": "2014-10-12T06:00:00", "variable": "msl", "tier": "moderate", "percentile": 99.2, "z": 3.7, "wind_ms": 17.42, "value": 998.37, "lat": 17.25, "lon": 85.0}}, {"type": "Feature", "geometry": {"type": "Polygon", "coordinates": [[[85.125, 17.125], [85.375, 17.125], [85.375, 17.375], [85.125, 17.375], [85.125, 17.125]]]}, "properties": {"time": "2014-10-12T06:00:00", "variable": "msl", "tier": "moderate", "percentile": 99.2, "z": 3.36, "wind_ms": 17.19, "value": 999.23, "lat": 17.25, "lon": 85.25}}, {"type": "Feature", "geometry": {"type": "Polygon", "coordinates": [[[85.375, 17.125], [85.625, 17.125], [85.625, 17.375], [85.375, 17.375], [85.375, 17.125]]]}, "properties": {"time": "2014-10-12T06:00:00", "variable": "msl", "tier": "moderate", "percentile": 99.2, "z": 3.1, "wind_ms": 17.11, "value": 999.99, "lat": 17.25, "lon": 85.5}}, {"type": "Feature", "geometry": {"type": "Polygon", "coordinates": [[[85.625, 17.125], [85.875, 17.125], [85.875, 17.375], [85.625, 17.375], [85.625, 17.125]]]}, "properties": {"time": "2014-10-12T06:00:00", "variable": "msl", "tier": "low", "percentile": 99.2, "z": 2.89, "wind_ms": 16.79, "value": 1000.63, "lat": 17.25, "lon": 85.75}}, {"type": "Feature", "geometry": {"type": "Polygon", "coordinates": [[[85.875, 17.125], [86.125, 17.125], [86.125, 17.375], [85.875, 17.375], [85.875, 17.125]]]}, "properties": {"time": "2014-10-12T06:00:00", "variable": "msl", "tier": "low", "percentile": 99.2, "z": 2.69, "wind_ms": 16.54, "value": 1001.34, "lat": 17.25, "lon": 86.0}}, {"type": "Feature", "geometry": {"type": "Polygon", "coordinates": [[[86.125, 17.125], [86.375, 17.125], [86.375, 17.375], [86.125, 17.375], [86.125, 17.125]]]}, "properties": {"time": "2014-10-12T06:00:00", "variable": "msl", "tier": "low", "percentile": 98.5, "z": 2.48, "wind_ms": 15.62, "value": 1002.11, "lat": 17.25, "lon": 86.25}}, {"type": "Feature", "geometry": {"type": "Polygon", "coordinates": [[[86.375, 17.125], [86.625, 17.125], [86.625, 17.375], [86.375, 17.375], [86.375, 17.125]]]}, "properties": {"time": "2014-10-12T06:00:00", "variable": "msl", "tier": "low", "percentile": 98.5, "z": 2.28, "wind_ms": 14.96, "value": 1002.83, "lat": 17.25, "lon": 86.5}}, {"type": "Feature", "geometry": {"type": "Polygon", "coordinates": [[[86.625, 17.125], [86.875, 17.125], [86.875, 17.375], [86.625, 17.375], [86.625, 17.125]]]}, "properties": {"time": "2014-10-12T06:00:00", "variable": "msl", "tier": "low", "percentile": 97.7, "z": 2.11, "wind_ms": 14.72, "value": 1003.45, "lat": 17.25, "lon": 86.75}}, {"type": "Feature", "geometry": {"type": "Polygon", "coordinates": [[[81.375, 17.375], [81.625, 17.375], [81.625, 17.625], [81.375, 17.625], [81.375, 17.375]]]}, "properties": {"time": "2014-10-12T06:00:00", "variable": "msl", "tier": "low", "percentile": 100.0, "z": 4.99, "wind_ms": 8.88, "value": 997.4, "lat": 17.5, "lon": 81.5}}, {"type": "Feature", "geometry": {"type": "Polygon", "coordinates": [[[81.625, 17.375], [81.875, 17.375], [81.875, 17.625], [81.625, 17.625], [81.625, 17.375]]]}, "properties": {"time": "2014-10-12T06:00:00", "variable": "msl", "tier": "low", "percentile": 100.0, "z": 5.96, "wind_ms": 10.6, "value": 994.64, "lat": 17.5, "lon": 81.75}}, {"type": "Feature", "geometry": {"type": "Polygon", "coordinates": [[[81.875, 17.375], [82.125, 17.375], [82.125, 17.625], [81.875, 17.625], [81.875, 17.375]]]}, "properties": {"time": "2014-10-12T06:00:00", "variable": "msl", "tier": "low", "percentile": 100.0, "z": 7.2, "wind_ms": 12.28, "value": 990.81, "lat": 17.5, "lon": 82.0}}, {"type": "Feature", "geometry": {"type": "Polygon", "coordinates": [[[82.125, 17.375], [82.375, 17.375], [82.375, 17.625], [82.125, 17.625], [82.125, 17.375]]]}, "properties": {"time": "2014-10-12T06:00:00", "variable": "msl", "tier": "low", "percentile": 100.0, "z": 8.38, "wind_ms": 13.25, "value": 987.15, "lat": 17.5, "lon": 82.25}}, {"type": "Feature", "geometry": {"type": "Polygon", "coordinates": [[[82.375, 17.375], [82.625, 17.375], [82.625, 17.625], [82.375, 17.625], [82.375, 17.375]]]}, "properties": {"time": "2014-10-12T06:00:00", "variable": "msl", "tier": "low", "percentile": 100.0, "z": 9.57, "wind_ms": 13.2, "value": 983.26, "lat": 17.5, "lon": 82.5}}, {"type": "Feature", "geometry": {"type": "Polygon", "coordinates": [[[82.625, 17.375], [82.875, 17.375], [82.875, 17.625], [82.625, 17.625], [82.625, 17.375]]]}, "properties": {"time": "2014-10-12T06:00:00", "variable": "msl", "tier": "low", "percentile": 100.0, "z": 10.47, "wind_ms": 13.43, "value": 980.32, "lat": 17.5, "lon": 82.75}}, {"type": "Feature", "geometry": {"type": "Polygon", "coordinates": [[[82.875, 17.375], [83.125, 17.375], [83.125, 17.625], [82.875, 17.625], [82.875, 17.375]]]}, "properties": {"time": "2014-10-12T06:00:00", "variable": "msl", "tier": "low", "percentile": 100.0, "z": 11.58, "wind_ms": 10.83, "value": 977.01, "lat": 17.5, "lon": 83.0}}, {"type": "Feature", "geometry": {"type": "Polygon", "coordinates": [[[83.125, 17.375], [83.375, 17.375], [83.375, 17.625], [83.125, 17.625], [83.125, 17.375]]]}, "properties": {"time": "2014-10-12T06:00:00", "variable": "msl", "tier": "low", "percentile": 100.0, "z": 11.63, "wind_ms": 16.8, "value": 976.78, "lat": 17.5, "lon": 83.25}}, {"type": "Feature", "geometry": {"type": "Polygon", "coordinates": [[[83.375, 17.375], [83.625, 17.375], [83.625, 17.625], [83.375, 17.625], [83.375, 17.375]]]}, "properties": {"time": "2014-10-12T06:00:00", "variable": "msl", "tier": "moderate", "percentile": 100.0, "z": 9.87, "wind_ms": 23.63, "value": 981.6, "lat": 17.5, "lon": 83.5}}, {"type": "Feature", "geometry": {"type": "Polygon", "coordinates": [[[83.625, 17.375], [83.875, 17.375], [83.875, 17.625], [83.625, 17.625], [83.625, 17.375]]]}, "properties": {"time": "2014-10-12T06:00:00", "variable": "msl", "tier": "moderate", "percentile": 100.0, "z": 7.9, "wind_ms": 21.89, "value": 987.11, "lat": 17.5, "lon": 83.75}}, {"type": "Feature", "geometry": {"type": "Polygon", "coordinates": [[[83.875, 17.375], [84.125, 17.375], [84.125, 17.625], [83.875, 17.625], [83.875, 17.375]]]}, "properties": {"time": "2014-10-12T06:00:00", "variable": "msl", "tier": "moderate", "percentile": 100.0, "z": 6.55, "wind_ms": 20.16, "value": 990.87, "lat": 17.5, "lon": 84.0}}, {"type": "Feature", "geometry": {"type": "Polygon", "coordinates": [[[84.125, 17.375], [84.375, 17.375], [84.375, 17.625], [84.125, 17.625], [84.125, 17.375]]]}, "properties": {"time": "2014-10-12T06:00:00", "variable": "msl", "tier": "moderate", "percentile": 100.0, "z": 5.5, "wind_ms": 18.98, "value": 993.73, "lat": 17.5, "lon": 84.25}}, {"type": "Feature", "geometry": {"type": "Polygon", "coordinates": [[[84.375, 17.375], [84.625, 17.375], [84.625, 17.625], [84.375, 17.625], [84.375, 17.375]]]}, "properties": {"time": "2014-10-12T06:00:00", "variable": "msl", "tier": "moderate", "percentile": 100.0, "z": 4.8, "wind_ms": 18.67, "value": 995.55, "lat": 17.5, "lon": 84.5}}, {"type": "Feature", "geometry": {"type": "Polygon", "coordinates": [[[84.625, 17.375], [84.875, 17.375], [84.875, 17.625], [84.625, 17.625], [84.625, 17.375]]]}, "properties": {"time": "2014-10-12T06:00:00", "variable": "msl", "tier": "moderate", "percentile": 100.0, "z": 4.25, "wind_ms": 18.28, "value": 996.98, "lat": 17.5, "lon": 84.75}}, {"type": "Feature", "geometry": {"type": "Polygon", "coordinates": [[[84.875, 17.375], [85.125, 17.375], [85.125, 17.625], [84.875, 17.625], [84.875, 17.375]]]}, "properties": {"time": "2014-10-12T06:00:00", "variable": "msl", "tier": "moderate", "percentile": 99.2, "z": 3.79, "wind_ms": 17.54, "value": 998.15, "lat": 17.5, "lon": 85.0}}, {"type": "Feature", "geometry": {"type": "Polygon", "coordinates": [[[85.125, 17.375], [85.375, 17.375], [85.375, 17.625], [85.125, 17.625], [85.125, 17.375]]]}, "properties": {"time": "2014-10-12T06:00:00", "variable": "msl", "tier": "low", "percentile": 99.2, "z": 3.43, "wind_ms": 16.57, "value": 999.13, "lat": 17.5, "lon": 85.25}}, {"type": "Feature", "geometry": {"type": "Polygon", "coordinates": [[[85.375, 17.375], [85.625, 17.375], [85.625, 17.625], [85.375, 17.625], [85.375, 17.375]]]}, "properties": {"time": "2014-10-12T06:00:00", "variable": "msl", "tier": "low", "percentile": 99.2, "z": 3.14, "wind_ms": 16.47, "value": 999.97, "lat": 17.5, "lon": 85.5}}, {"type": "Feature", "geometry": {"type": "Polygon", "coordinates": [[[85.625, 17.375], [85.875, 17.375], [85.875, 17.625], [85.625, 17.625], [85.625, 17.375]]]}, "properties": {"time": "2014-10-12T06:00:00", "variable": "msl", "tier": "low", "percentile": 99.2, "z": 2.91, "wind_ms": 16.23, "value": 1000.7, "lat": 17.5, "lon": 85.75}}, {"type": "Feature", "geometry": {"type": "Polygon", "coordinates": [[[85.875, 17.375], [86.125, 17.375], [86.125, 17.625], [85.875, 17.625], [85.875, 17.375]]]}, "properties": {"time": "2014-10-12T06:00:00", "variable": "msl", "tier": "low", "percentile": 98.5, "z": 2.67, "wind_ms": 16.21, "value": 1001.49, "lat": 17.5, "lon": 86.0}}, {"type": "Feature", "geometry": {"type": "Polygon", "coordinates": [[[86.125, 17.375], [86.375, 17.375], [86.375, 17.625], [86.125, 17.625], [86.125, 17.375]]]}, "properties": {"time": "2014-10-12T06:00:00", "variable": "msl", "tier": "low", "percentile": 98.5, "z": 2.45, "wind_ms": 15.55, "value": 1002.24, "lat": 17.5, "lon": 86.25}}, {"type": "Feature", "geometry": {"type": "Polygon", "coordinates": [[[86.375, 17.375], [86.625, 17.375], [86.625, 17.625], [86.375, 17.625], [86.375, 17.375]]]}, "properties": {"time": "2014-10-12T06:00:00", "variable": "msl", "tier": "low", "percentile": 98.5, "z": 2.25, "wind_ms": 14.98, "value": 1002.94, "lat": 17.5, "lon": 86.5}}, {"type": "Feature", "geometry": {"type": "Polygon", "coordinates": [[[86.625, 17.375], [86.875, 17.375], [86.875, 17.625], [86.625, 17.625], [86.625, 17.375]]]}, "properties": {"time": "2014-10-12T06:00:00", "variable": "msl", "tier": "low", "percentile": 97.7, "z": 2.09, "wind_ms": 14.78, "value": 1003.52, "lat": 17.5, "lon": 86.75}}, {"type": "Feature", "geometry": {"type": "Polygon", "coordinates": [[[81.625, 17.625], [81.875, 17.625], [81.875, 17.875], [81.625, 17.875], [81.625, 17.625]]]}, "properties": {"time": "2014-10-12T06:00:00", "variable": "msl", "tier": "low", "percentile": 100.0, "z": 5.71, "wind_ms": 8.91, "value": 996.3, "lat": 17.75, "lon": 81.75}}, {"type": "Feature", "geometry": {"type": "Polygon", "coordinates": [[[81.875, 17.625], [82.125, 17.625], [82.125, 17.875], [81.875, 17.875], [81.875, 17.625]]]}, "properties": {"time": "2014-10-12T06:00:00", "variable": "msl", "tier": "low", "percentile": 100.0, "z": 6.99, "wind_ms": 10.89, "value": 992.67, "lat": 17.75, "lon": 82.0}}, {"type": "Feature", "geometry": {"type": "Polygon", "coordinates": [[[82.125, 17.625], [82.375, 17.625], [82.375, 17.875], [82.125, 17.875], [82.125, 17.625]]]}, "properties": {"time": "2014-10-12T06:00:00", "variable": "msl", "tier": "low", "percentile": 100.0, "z": 8.35, "wind_ms": 12.85, "value": 988.52, "lat": 17.75, "lon": 82.25}}, {"type": "Feature", "geometry": {"type": "Polygon", "coordinates": [[[82.375, 17.625], [82.625, 17.625], [82.625, 17.875], [82.375, 17.875], [82.375, 17.625]]]}, "properties": {"time": "2014-10-12T06:00:00", "variable": "msl", "tier": "low", "percentile": 100.0, "z": 9.58, "wind_ms": 13.14, "value": 984.47, "lat": 17.75, "lon": 82.5}}, {"type": "Feature", "geometry": {"type": "Polygon", "coordinates": [[[82.625, 17.625], [82.875, 17.625], [82.875, 17.875], [82.625, 17.875], [82.625, 17.625]]]}, "properties": {"time": "2014-10-12T06:00:00", "variable": "msl", "tier": "low", "percentile": 100.0, "z": 10.62, "wind_ms": 10.97, "value": 980.12, "lat": 17.75, "lon": 82.75}}, {"type": "Feature", "geometry": {"type": "Polygon", "coordinates": [[[83.375, 17.625], [83.625, 17.625], [83.625, 17.875], [83.375, 17.875], [83.375, 17.625]]]}, "properties": {"time": "2014-10-12T06:00:00", "variable": "msl", "tier": "moderate", "percentile": 100.0, "z": 9.88, "wind_ms": 21.02, "value": 981.3, "lat": 17.75, "lon": 83.5}}, {"type": "Feature", "geometry": {"type": "Polygon", "coordinates": [[[83.625, 17.625], [83.875, 17.625], [83.875, 17.875], [83.625, 17.875], [83.625, 17.625]]]}, "properties": {"time": "2014-10-12T06:00:00", "variable": "msl", "tier": "moderate", "percentile": 100.0, "z": 7.96, "wind_ms": 22.65, "value": 986.73, "lat": 17.75, "lon": 83.75}}, {"type": "Feature", "geometry": {"type": "Polygon", "coordinates": [[[83.875, 17.625], [84.125, 17.625], [84.125, 17.875], [83.875, 17.875], [83.875, 17.625]]]}, "properties": {"time": "2014-10-12T06:00:00", "variable": "msl", "tier": "moderate", "percentile": 100.0, "z": 6.53, "wind_ms": 20.43, "value": 990.79, "lat": 17.75, "lon": 84.0}}, {"type": "Feature", "geometry": {"type": "Polygon", "coordinates": [[[84.125, 17.625], [84.375, 17.625], [84.375, 17.875], [84.125, 17.875], [84.125, 17.625]]]}, "properties": {"time": "2014-10-12T06:00:00", "variable": "msl", "tier": "moderate", "percentile": 100.0, "z": 5.49, "wind_ms": 19.06, "value": 993.67, "lat": 17.75, "lon": 84.25}}, {"type": "Feature", "geometry": {"type": "Polygon", "coordinates": [[[84.375, 17.625], [84.625, 17.625], [84.625, 17.875], [84.375, 17.875], [84.375, 17.625]]]}, "properties": {"time": "2014-10-12T06:00:00", "variable": "msl", "tier": "moderate", "percentile": 100.0, "z": 4.79, "wind_ms": 17.97, "value": 995.57, "lat": 17.75, "lon": 84.5}}, {"type": "Feature", "geometry": {"type": "Polygon", "coordinates": [[[84.625, 17.625], [84.875, 17.625], [84.875, 17.875], [84.625, 17.875], [84.625, 17.625]]]}, "properties": {"time": "2014-10-12T06:00:00", "variable": "msl", "tier": "moderate", "percentile": 100.0, "z": 4.24, "wind_ms": 17.47, "value": 996.99, "lat": 17.75, "lon": 84.75}}, {"type": "Feature", "geometry": {"type": "Polygon", "coordinates": [[[84.875, 17.625], [85.125, 17.625], [85.125, 17.875], [84.875, 17.875], [84.875, 17.625]]]}, "properties": {"time": "2014-10-12T06:00:00", "variable": "msl", "tier": "moderate", "percentile": 99.2, "z": 3.82, "wind_ms": 17.19, "value": 998.17, "lat": 17.75, "lon": 85.0}}, {"type": "Feature", "geometry": {"type": "Polygon", "coordinates": [[[85.125, 17.625], [85.375, 17.625], [85.375, 17.875], [85.125, 17.875], [85.125, 17.625]]]}, "properties": {"time": "2014-10-12T06:00:00", "variable": "msl", "tier": "low", "percentile": 99.2, "z": 3.45, "wind_ms": 16.01, "value": 999.2, "lat": 17.75, "lon": 85.25}}, {"type": "Feature", "geometry": {"type": "Polygon", "coordinates": [[[85.375, 17.625], [85.625, 17.625], [85.625, 17.875], [85.375, 17.875], [85.375, 17.625]]]}, "properties": {"time": "2014-10-12T06:00:00", "variable": "msl", "tier": "low", "percentile": 99.2, "z": 3.15, "wind_ms": 15.64, "value": 1000.12, "lat": 17.75, "lon": 85.5}}, {"type": "Feature", "geometry": {"type": "Polygon", "coordinates": [[[85.625, 17.625], [85.875, 17.625], [85.875, 17.875], [85.625, 17.875], [85.625, 17.625]]]}, "properties": {"time": "2014-10-12T06:00:00", "variable": "msl", "tier": "low", "percentile": 99.2, "z": 2.89, "wind_ms": 16.01, "value": 1000.92, "lat": 17.75, "lon": 85.75}}, {"type": "Feature", "geometry": {"type": "Polygon", "coordinates": [[[85.875, 17.625], [86.125, 17.625], [86.125, 17.875], [85.875, 17.875], [85.875, 17.625]]]}, "properties": {"time": "2014-10-12T06:00:00", "variable": "msl", "tier": "low", "percentile": 98.5, "z": 2.66, "wind_ms": 15.91, "value": 1001.68, "lat": 17.75, "lon": 86.0}}, {"type": "Feature", "geometry": {"type": "Polygon", "coordinates": [[[86.125, 17.625], [86.375, 17.625], [86.375, 17.875], [86.125, 17.875], [86.125, 17.625]]]}, "properties": {"time": "2014-10-12T06:00:00", "variable": "msl", "tier": "low", "percentile": 98.5, "z": 2.44, "wind_ms": 15.78, "value": 1002.38, "lat": 17.75, "lon": 86.25}}, {"type": "Feature", "geometry": {"type": "Polygon", "coordinates": [[[86.375, 17.625], [86.625, 17.625], [86.625, 17.875], [86.375, 17.875], [86.375, 17.625]]]}, "properties": {"time": "2014-10-12T06:00:00", "variable": "msl", "tier": "low", "percentile": 98.5, "z": 2.24, "wind_ms": 15.29, "value": 1003.06, "lat": 17.75, "lon": 86.5}}, {"type": "Feature", "geometry": {"type": "Polygon", "coordinates": [[[86.625, 17.625], [86.875, 17.625], [86.875, 17.875], [86.625, 17.875], [86.625, 17.625]]]}, "properties": {"time": "2014-10-12T06:00:00", "variable": "msl", "tier": "low", "percentile": 98.5, "z": 2.1, "wind_ms": 14.96, "value": 1003.56, "lat": 17.75, "lon": 86.75}}, {"type": "Feature", "geometry": {"type": "Polygon", "coordinates": [[[81.875, 17.875], [82.125, 17.875], [82.125, 18.125], [81.875, 18.125], [81.875, 17.875]]]}, "properties": {"time": "2014-10-12T06:00:00", "variable": "msl", "tier": "low", "percentile": 100.0, "z": 6.41, "wind_ms": 9.96, "value": 994.64, "lat": 18.0, "lon": 82.0}}, {"type": "Feature", "geometry": {"type": "Polygon", "coordinates": [[[82.125, 17.875], [82.375, 17.875], [82.375, 18.125], [82.125, 18.125], [82.125, 17.875]]]}, "properties": {"time": "2014-10-12T06:00:00", "variable": "msl", "tier": "low", "percentile": 100.0, "z": 7.85, "wind_ms": 11.93, "value": 990.49, "lat": 18.0, "lon": 82.25}}, {"type": "Feature", "geometry": {"type": "Polygon", "coordinates": [[[82.375, 17.875], [82.625, 17.875], [82.625, 18.125], [82.375, 18.125], [82.375, 17.875]]]}, "properties": {"time": "2014-10-12T06:00:00", "variable": "msl", "tier": "low", "percentile": 100.0, "z": 9.0, "wind_ms": 12.29, "value": 987.37, "lat": 18.0, "lon": 82.5}}, {"type": "Feature", "geometry": {"type": "Polygon", "coordinates": [[[82.625, 17.875], [82.875, 17.875], [82.875, 18.125], [82.625, 18.125], [82.625, 17.875]]]}, "properties": {"time": "2014-10-12T06:00:00", "variable": "msl", "tier": "low", "percentile": 100.0, "z": 10.02, "wind_ms": 12.38, "value": 983.29, "lat": 18.0, "lon": 82.75}}, {"type": "Feature", "geometry": {"type": "Polygon", "coordinates": [[[82.875, 17.875], [83.125, 17.875], [83.125, 18.125], [82.875, 18.125], [82.875, 17.875]]]}, "properties": {"time": "2014-10-12T06:00:00", "variable": "msl", "tier": "low", "percentile": 100.0, "z": 10.33, "wind_ms": 13.59, "value": 980.8, "lat": 18.0, "lon": 83.0}}, {"type": "Feature", "geometry": {"type": "Polygon", "coordinates": [[[83.125, 17.875], [83.375, 17.875], [83.375, 18.125], [83.125, 18.125], [83.125, 17.875]]]}, "properties": {"time": "2014-10-12T06:00:00", "variable": "msl", "tier": "low", "percentile": 100.0, "z": 10.16, "wind_ms": 12.18, "value": 980.53, "lat": 18.0, "lon": 83.25}}, {"type": "Feature", "geometry": {"type": "Polygon", "coordinates": [[[83.375, 17.875], [83.625, 17.875], [83.625, 18.125], [83.375, 18.125], [83.375, 17.875]]]}, "properties": {"time": "2014-10-12T06:00:00", "variable": "msl", "tier": "moderate", "percentile": 100.0, "z": 8.78, "wind_ms": 17.59, "value": 984.26, "lat": 18.0, "lon": 83.5}}, {"type": "Feature", "geometry": {"type": "Polygon", "coordinates": [[[83.625, 17.875], [83.875, 17.875], [83.875, 18.125], [83.625, 18.125], [83.625, 17.875]]]}, "properties": {"time": "2014-10-12T06:00:00", "variable": "msl", "tier": "moderate", "percentile": 100.0, "z": 7.41, "wind_ms": 22.01, "value": 988.14, "lat": 18.0, "lon": 83.75}}, {"type": "Feature", "geometry": {"type": "Polygon", "coordinates": [[[83.875, 17.875], [84.125, 17.875], [84.125, 18.125], [83.875, 18.125], [83.875, 17.875]]]}, "properties": {"time": "2014-10-12T06:00:00", "variable": "msl", "tier": "moderate", "percentile": 100.0, "z": 6.07, "wind_ms": 20.36, "value": 991.98, "lat": 18.0, "lon": 84.0}}, {"type": "Feature", "geometry": {"type": "Polygon", "coordinates": [[[84.125, 17.875], [84.375, 17.875], [84.375, 18.125], [84.125, 18.125], [84.125, 17.875]]]}, "properties": {"time": "2014-10-12T06:00:00", "variable": "msl", "tier": "moderate", "percentile": 100.0, "z": 5.33, "wind_ms": 19.09, "value": 994.16, "lat": 18.0, "lon": 84.25}}, {"type": "Feature", "geometry": {"type": "Polygon", "coordinates": [[[84.375, 17.875], [84.625, 17.875], [84.625, 18.125], [84.375, 18.125], [84.375, 17.875]]]}, "properties": {"time": "2014-10-12T06:00:00", "variable": "msl", "tier": "moderate", "percentile": 100.0, "z": 4.63, "wind_ms": 17.68, "value": 996.06, "lat": 18.0, "lon": 84.5}}, {"type": "Feature", "geometry": {"type": "Polygon", "coordinates": [[[84.625, 17.875], [84.875, 17.875], [84.875, 18.125], [84.625, 18.125], [84.625, 17.875]]]}, "properties": {"time": "2014-10-12T06:00:00", "variable": "msl", "tier": "low", "percentile": 100.0, "z": 4.17, "wind_ms": 16.85, "value": 997.31, "lat": 18.0, "lon": 84.75}}, {"type": "Feature", "geometry": {"type": "Polygon", "coordinates": [[[84.875, 17.875], [85.125, 17.875], [85.125, 18.125], [84.875, 18.125], [84.875, 17.875]]]}, "properties": {"time": "2014-10-12T06:00:00", "variable": "msl", "tier": "low", "percentile": 100.0, "z": 3.77, "wind_ms": 16.45, "value": 998.45, "lat": 18.0, "lon": 85.0}}, {"type": "Feature", "geometry": {"type": "Polygon", "coordinates": [[[85.125, 17.875], [85.375, 17.875], [85.375, 18.125], [85.125, 18.125], [85.125, 17.875]]]}, "properties": {"time": "2014-10-12T06:00:00", "variable": "msl", "tier": "low", "percentile": 99.2, "z": 3.42, "wind_ms": 15.7, "value": 999.44, "lat": 18.0, "lon": 85.25}}, {"type": "Feature", "geometry": {"type": "Polygon", "coordinates": [[[85.375, 17.875], [85.625, 17.875], [85.625, 18.125], [85.375, 18.125], [85.375, 17.875]]]}, "properties": {"time": "2014-10-12T06:00:00", "variable": "msl", "tier": "low", "percentile": 99.2, "z": 3.12, "wind_ms": 15.07, "value": 1000.35, "lat": 18.0, "lon": 85.5}}, {"type": "Feature", "geometry": {"type": "Polygon", "coordinates": [[[85.625, 17.875], [85.875, 17.875], [85.875, 18.125], [85.625, 18.125], [85.625, 17.875]]]}, "properties": {"time": "2014-10-12T06:00:00", "variable": "msl", "tier": "low", "percentile": 99.2, "z": 2.88, "wind_ms": 15.66, "value": 1001.11, "lat": 18.0, "lon": 85.75}}, {"type": "Feature", "geometry": {"type": "Polygon", "coordinates": [[[85.875, 17.875], [86.125, 17.875], [86.125, 18.125], [85.875, 18.125], [85.875, 17.875]]]}, "properties": {"time": "2014-10-12T06:00:00", "variable": "msl", "tier": "low", "percentile": 98.5, "z": 2.67, "wind_ms": 15.77, "value": 1001.77, "lat": 18.0, "lon": 86.0}}, {"type": "Feature", "geometry": {"type": "Polygon", "coordinates": [[[86.125, 17.875], [86.375, 17.875], [86.375, 18.125], [86.125, 18.125], [86.125, 17.875]]]}, "properties": {"time": "2014-10-12T06:00:00", "variable": "msl", "tier": "low", "percentile": 98.5, "z": 2.45, "wind_ms": 15.73, "value": 1002.46, "lat": 18.0, "lon": 86.25}}, {"type": "Feature", "geometry": {"type": "Polygon", "coordinates": [[[86.375, 17.875], [86.625, 17.875], [86.625, 18.125], [86.375, 18.125], [86.375, 17.875]]]}, "properties": {"time": "2014-10-12T06:00:00", "variable": "msl", "tier": "low", "percentile": 98.5, "z": 2.28, "wind_ms": 15.85, "value": 1003.01, "lat": 18.0, "lon": 86.5}}, {"type": "Feature", "geometry": {"type": "Polygon", "coordinates": [[[86.625, 17.875], [86.875, 17.875], [86.875, 18.125], [86.625, 18.125], [86.625, 17.875]]]}, "properties": {"time": "2014-10-12T06:00:00", "variable": "msl", "tier": "low", "percentile": 98.5, "z": 2.13, "wind_ms": 15.51, "value": 1003.51, "lat": 18.0, "lon": 86.75}}, {"type": "Feature", "geometry": {"type": "Polygon", "coordinates": [[[81.875, 18.125], [82.125, 18.125], [82.125, 18.375], [81.875, 18.375], [81.875, 18.125]]]}, "properties": {"time": "2014-10-12T06:00:00", "variable": "msl", "tier": "low", "percentile": 100.0, "z": 6.19, "wind_ms": 10.14, "value": 994.49, "lat": 18.25, "lon": 82.0}}, {"type": "Feature", "geometry": {"type": "Polygon", "coordinates": [[[82.125, 18.125], [82.375, 18.125], [82.375, 18.375], [82.125, 18.375], [82.125, 18.125]]]}, "properties": {"time": "2014-10-12T06:00:00", "variable": "msl", "tier": "low", "percentile": 100.0, "z": 7.04, "wind_ms": 11.02, "value": 992.93, "lat": 18.25, "lon": 82.25}}, {"type": "Feature", "geometry": {"type": "Polygon", "coordinates": [[[82.375, 18.125], [82.625, 18.125], [82.625, 18.375], [82.375, 18.375], [82.375, 18.125]]]}, "properties": {"time": "2014-10-12T06:00:00", "variable": "msl", "tier": "low", "percentile": 100.0, "z": 8.26, "wind_ms": 12.4, "value": 989.82, "lat": 18.25, "lon": 82.5}}, {"type": "Feature", "geometry": {"type": "Polygon", "coordinates": [[[82.625, 18.125], [82.875, 18.125], [82.875, 18.375], [82.625, 18.375], [82.625, 18.125]]]}, "properties": {"time": "2014-10-12T06:00:00", "variable": "msl", "tier": "low", "percentile": 100.0, "z": 8.74, "wind_ms": 13.02, "value": 987.97, "lat": 18.25, "lon": 82.75}}, {"type": "Feature", "geometry": {"type": "Polygon", "coordinates": [[[82.875, 18.125], [83.125, 18.125], [83.125, 18.375], [82.875, 18.375], [82.875, 18.125]]]}, "properties": {"time": "2014-10-12T06:00:00", "variable": "msl", "tier": "low", "percentile": 100.0, "z": 8.69, "wind_ms": 14.17, "value": 986.37, "lat": 18.25, "lon": 83.0}}, {"type": "Feature", "geometry": {"type": "Polygon", "coordinates": [[[83.125, 18.125], [83.375, 18.125], [83.375, 18.375], [83.125, 18.375], [83.125, 18.125]]]}, "properties": {"time": "2014-10-12T06:00:00", "variable": "msl", "tier": "low", "percentile": 100.0, "z": 8.09, "wind_ms": 14.07, "value": 986.43, "lat": 18.25, "lon": 83.25}}, {"type": "Feature", "geometry": {"type": "Polygon", "coordinates": [[[83.375, 18.125], [83.625, 18.125], [83.625, 18.375], [83.375, 18.375], [83.375, 18.125]]]}, "properties": {"time": "2014-10-12T06:00:00", "variable": "msl", "tier": "low", "percentile": 100.0, "z": 7.4, "wind_ms": 14.79, "value": 988.01, "lat": 18.25, "lon": 83.5}}, {"type": "Feature", "geometry": {"type": "Polygon", "coordinates": [[[83.625, 18.125], [83.875, 18.125], [83.875, 18.375], [83.625, 18.375], [83.625, 18.125]]]}, "properties": {"time": "2014-10-12T06:00:00", "variable": "msl", "tier": "moderate", "percentile": 100.0, "z": 6.33, "wind_ms": 17.88, "value": 991.12, "lat": 18.25, "lon": 83.75}}, {"type": "Feature", "geometry": {"type": "Polygon", "coordinates": [[[83.875, 18.125], [84.125, 18.125], [84.125, 18.375], [83.875, 18.375], [83.875, 18.125]]]}, "properties": {"time": "2014-10-12T06:00:00", "variable": "msl", "tier": "moderate", "percentile": 100.0, "z": 5.52, "wind_ms": 17.21, "value": 993.41, "lat": 18.25, "lon": 84.0}}, {"type": "Feature", "geometry": {"type": "Polygon", "coordinates": [[[84.125, 18.125], [84.375, 18.125], [84.375, 18.375], [84.125, 18.375], [84.125, 18.125]]]}, "properties": {"time": "2014-10-12T06:00:00", "variable": "msl", "tier": "low", "percentile": 100.0, "z": 4.79, "wind_ms": 15.57, "value": 995.59, "lat": 18.25, "lon": 84.25}}, {"type": "Feature", "geometry": {"type": "Polygon", "coordinates": [[[84.375, 18.125], [84.625, 18.125], [84.625, 18.375], [84.375, 18.375], [84.375, 18.125]]]}, "properties": {"time": "2014-10-12T06:00:00", "variable": "msl", "tier": "moderate", "percentile": 100.0, "z": 4.42, "wind_ms": 17.55, "value": 996.71, "lat": 18.25, "lon": 84.5}}, {"type": "Feature", "geometry": {"type": "Polygon", "coordinates": [[[84.625, 18.125], [84.875, 18.125], [84.875, 18.375], [84.625, 18.375], [84.625, 18.125]]]}, "properties": {"time": "2014-10-12T06:00:00", "variable": "msl", "tier": "low", "percentile": 100.0, "z": 3.97, "wind_ms": 16.35, "value": 997.96, "lat": 18.25, "lon": 84.75}}, {"type": "Feature", "geometry": {"type": "Polygon", "coordinates": [[[84.875, 18.125], [85.125, 18.125], [85.125, 18.375], [84.875, 18.375], [84.875, 18.125]]]}, "properties": {"time": "2014-10-12T06:00:00", "variable": "msl", "tier": "low", "percentile": 100.0, "z": 3.67, "wind_ms": 15.85, "value": 998.84, "lat": 18.25, "lon": 85.0}}, {"type": "Feature", "geometry": {"type": "Polygon", "coordinates": [[[85.125, 18.125], [85.375, 18.125], [85.375, 18.375], [85.125, 18.375], [85.125, 18.125]]]}, "properties": {"time": "2014-10-12T06:00:00", "variable": "msl", "tier": "low", "percentile": 99.2, "z": 3.36, "wind_ms": 15.45, "value": 999.76, "lat": 18.25, "lon": 85.25}}, {"type": "Feature", "geometry": {"type": "Polygon", "coordinates": [[[85.375, 18.125], [85.625, 18.125], [85.625, 18.375], [85.375, 18.375], [85.375, 18.125]]]}, "properties": {"time": "2014-10-12T06:00:00", "variable": "msl", "tier": "low", "percentile": 99.2, "z": 3.1, "wind_ms": 14.91, "value": 1000.56, "lat": 18.25, "lon": 85.5}}, {"type": "Feature", "geometry": {"type": "Polygon", "coordinates": [[[85.625, 18.125], [85.875, 18.125], [85.875, 18.375], [85.625, 18.375], [85.625, 18.125]]]}, "properties": {"time": "2014-10-12T06:00:00", "variable": "msl", "tier": "low", "percentile": 99.2, "z": 2.89, "wind_ms": 15.45, "value": 1001.22, "lat": 18.25, "lon": 85.75}}, {"type": "Feature", "geometry": {"type": "Polygon", "coordinates": [[[85.875, 18.125], [86.125, 18.125], [86.125, 18.375], [85.875, 18.375], [85.875, 18.125]]]}, "properties": {"time": "2014-10-12T06:00:00", "variable": "msl", "tier": "low", "percentile": 98.5, "z": 2.69, "wind_ms": 15.68, "value": 1001.81, "lat": 18.25, "lon": 86.0}}, {"type": "Feature", "geometry": {"type": "Polygon", "coordinates": [[[86.125, 18.125], [86.375, 18.125], [86.375, 18.375], [86.125, 18.375], [86.125, 18.125]]]}, "properties": {"time": "2014-10-12T06:00:00", "variable": "msl", "tier": "low", "percentile": 98.5, "z": 2.48, "wind_ms": 15.85, "value": 1002.47, "lat": 18.25, "lon": 86.25}}, {"type": "Feature", "geometry": {"type": "Polygon", "coordinates": [[[86.375, 18.125], [86.625, 18.125], [86.625, 18.375], [86.375, 18.375], [86.375, 18.125]]]}, "properties": {"time": "2014-10-12T06:00:00", "variable": "msl", "tier": "low", "percentile": 98.5, "z": 2.31, "wind_ms": 15.95, "value": 1003.02, "lat": 18.25, "lon": 86.5}}, {"type": "Feature", "geometry": {"type": "Polygon", "coordinates": [[[86.625, 18.125], [86.875, 18.125], [86.875, 18.375], [86.625, 18.375], [86.625, 18.125]]]}, "properties": {"time": "2014-10-12T06:00:00", "variable": "msl", "tier": "low", "percentile": 98.5, "z": 2.13, "wind_ms": 15.43, "value": 1003.56, "lat": 18.25, "lon": 86.75}}, {"type": "Feature", "geometry": {"type": "Polygon", "coordinates": [[[81.625, 18.375], [81.875, 18.375], [81.875, 18.625], [81.625, 18.625], [81.625, 18.375]]]}, "properties": {"time": "2014-10-12T06:00:00", "variable": "msl", "tier": "low", "percentile": 100.0, "z": 5.16, "wind_ms": 9.61, "value": 996.75, "lat": 18.5, "lon": 81.75}}, {"type": "Feature", "geometry": {"type": "Polygon", "coordinates": [[[81.875, 18.375], [82.125, 18.375], [82.125, 18.625], [81.875, 18.625], [81.875, 18.375]]]}, "properties": {"time": "2014-10-12T06:00:00", "variable": "msl", "tier": "low", "percentile": 100.0, "z": 5.77, "wind_ms": 10.01, "value": 995.18, "lat": 18.5, "lon": 82.0}}, {"type": "Feature", "geometry": {"type": "Polygon", "coordinates": [[[82.125, 18.375], [82.375, 18.375], [82.375, 18.625], [82.125, 18.625], [82.125, 18.375]]]}, "properties": {"time": "2014-10-12T06:00:00", "variable": "msl", "tier": "low", "percentile": 100.0, "z": 6.62, "wind_ms": 11.23, "value": 993.64, "lat": 18.5, "lon": 82.25}}, {"type": "Feature", "geometry": {"type": "Polygon", "coordinates": [[[82.375, 18.375], [82.625, 18.375], [82.625, 18.625], [82.375, 18.625], [82.375, 18.375]]]}, "properties": {"time": "2014-10-12T06:00:00", "variable": "msl", "tier": "low", "percentile": 100.0, "z": 7.22, "wind_ms": 12.67, "value": 992.55, "lat": 18.5, "lon": 82.5}}, {"type": "Feature", "geometry": {"type": "Polygon", "coordinates": [[[82.625, 18.375], [82.875, 18.375], [82.875, 18.625], [82.625, 18.625], [82.625, 18.375]]]}, "properties": {"time": "2014-10-12T06:00:00", "variable": "msl", "tier": "low", "percentile": 100.0, "z": 7.72, "wind_ms": 14.34, "value": 991.1, "lat": 18.5, "lon": 82.75}}, {"type": "Feature", "geometry": {"type": "Polygon", "coordinates": [[[82.875, 18.375], [83.125, 18.375], [83.125, 18.625], [82.875, 18.625], [82.875, 18.375]]]}, "properties": {"time": "2014-10-12T06:00:00", "variable": "msl", "tier": "low", "percentile": 100.0, "z": 7.23, "wind_ms": 14.03, "value": 991.01, "lat": 18.5, "lon": 83.0}}, {"type": "Feature", "geometry": {"type": "Polygon", "coordinates": [[[83.125, 18.375], [83.375, 18.375], [83.375, 18.625], [83.125, 18.625], [83.125, 18.375]]]}, "properties": {"time": "2014-10-12T06:00:00", "variable": "msl", "tier": "low", "percentile": 100.0, "z": 6.44, "wind_ms": 13.28, "value": 991.19, "lat": 18.5, "lon": 83.25}}, {"type": "Feature", "geometry": {"type": "Polygon", "coordinates": [[[83.375, 18.375], [83.625, 18.375], [83.625, 18.625], [83.375, 18.625], [83.375, 18.375]]]}, "properties": {"time": "2014-10-12T06:00:00", "variable": "msl", "tier": "low", "percentile": 100.0, "z": 6.07, "wind_ms": 12.94, "value": 991.76, "lat": 18.5, "lon": 83.5}}, {"type": "Feature", "geometry": {"type": "Polygon", "coordinates": [[[83.625, 18.375], [83.875, 18.375], [83.875, 18.625], [83.625, 18.625], [83.625, 18.375]]]}, "properties": {"time": "2014-10-12T06:00:00", "variable": "msl", "tier": "low", "percentile": 100.0, "z": 5.53, "wind_ms": 13.43, "value": 993.47, "lat": 18.5, "lon": 83.75}}, {"type": "Feature", "geometry": {"type": "Polygon", "coordinates": [[[83.875, 18.375], [84.125, 18.375], [84.125, 18.625], [83.875, 18.625], [83.875, 18.375]]]}, "properties": {"time": "2014-10-12T06:00:00", "variable": "msl", "tier": "low", "percentile": 100.0, "z": 4.78, "wind_ms": 12.06, "value": 995.56, "lat": 18.5, "lon": 84.0}}, {"type": "Feature", "geometry": {"type": "Polygon", "coordinates": [[[84.125, 18.375], [84.375, 18.375], [84.375, 18.625], [84.125, 18.625], [84.125, 18.375]]]}, "properties": {"time": "2014-10-12T06:00:00", "variable": "msl", "tier": "low", "percentile": 100.0, "z": 4.32, "wind_ms": 12.6, "value": 996.88, "lat": 18.5, "lon": 84.25}}, {"type": "Feature", "geometry": {"type": "Polygon", "coordinates": [[[84.375, 18.375], [84.625, 18.375], [84.625, 18.625], [84.375, 18.625], [84.375, 18.375]]]}, "properties": {"time": "2014-10-12T06:00:00", "variable": "msl", "tier": "low", "percentile": 100.0, "z": 3.97, "wind_ms": 14.18, "value": 998.0, "lat": 18.5, "lon": 84.5}}, {"type": "Feature", "geometry": {"type": "Polygon", "coordinates": [[[84.625, 18.375], [84.875, 18.375], [84.875, 18.625], [84.625, 18.625], [84.625, 18.375]]]}, "properties": {"time": "2014-10-12T06:00:00", "variable": "msl", "tier": "low", "percentile": 100.0, "z": 3.78, "wind_ms": 15.92, "value": 998.54, "lat": 18.5, "lon": 84.75}}, {"type": "Feature", "geometry": {"type": "Polygon", "coordinates": [[[84.875, 18.375], [85.125, 18.375], [85.125, 18.625], [84.875, 18.625], [84.875, 18.375]]]}, "properties": {"time": "2014-10-12T06:00:00", "variable": "msl", "tier": "low", "percentile": 100.0, "z": 3.51, "wind_ms": 15.05, "value": 999.37, "lat": 18.5, "lon": 85.0}}, {"type": "Feature", "geometry": {"type": "Polygon", "coordinates": [[[85.125, 18.375], [85.375, 18.375], [85.375, 18.625], [85.125, 18.625], [85.125, 18.375]]]}, "properties": {"time": "2014-10-12T06:00:00", "variable": "msl", "tier": "low", "percentile": 100.0, "z": 3.27, "wind_ms": 15.01, "value": 1000.1, "lat": 18.5, "lon": 85.25}}, {"type": "Feature", "geometry": {"type": "Polygon", "coordinates": [[[85.375, 18.375], [85.625, 18.375], [85.625, 18.625], [85.375, 18.625], [85.375, 18.375]]]}, "properties": {"time": "2014-10-12T06:00:00", "variable": "msl", "tier": "low", "percentile": 99.2, "z": 3.06, "wind_ms": 14.86, "value": 1000.75, "lat": 18.5, "lon": 85.5}}, {"type": "Feature", "geometry": {"type": "Polygon", "coordinates": [[[85.625, 18.375], [85.875, 18.375], [85.875, 18.625], [85.625, 18.625], [85.625, 18.375]]]}, "properties": {"time": "2014-10-12T06:00:00", "variable": "msl", "tier": "low", "percentile": 99.2, "z": 2.88, "wind_ms": 15.39, "value": 1001.33, "lat": 18.5, "lon": 85.75}}, {"type": "Feature", "geometry": {"type": "Polygon", "coordinates": [[[85.875, 18.375], [86.125, 18.375], [86.125, 18.625], [85.875, 18.625], [85.875, 18.375]]]}, "properties": {"time": "2014-10-12T06:00:00", "variable": "msl", "tier": "low", "percentile": 99.2, "z": 2.71, "wind_ms": 15.8, "value": 1001.83, "lat": 18.5, "lon": 86.0}}, {"type": "Feature", "geometry": {"type": "Polygon", "coordinates": [[[86.125, 18.375], [86.375, 18.375], [86.375, 18.625], [86.125, 18.625], [86.125, 18.375]]]}, "properties": {"time": "2014-10-12T06:00:00", "variable": "msl", "tier": "low", "percentile": 98.5, "z": 2.5, "wind_ms": 15.9, "value": 1002.49, "lat": 18.5, "lon": 86.25}}, {"type": "Feature", "geometry": {"type": "Polygon", "coordinates": [[[86.375, 18.375], [86.625, 18.375], [86.625, 18.625], [86.375, 18.625], [86.375, 18.375]]]}, "properties": {"time": "2014-10-12T06:00:00", "variable": "msl", "tier": "low", "percentile": 98.5, "z": 2.29, "wind_ms": 15.6, "value": 1003.13, "lat": 18.5, "lon": 86.5}}, {"type": "Feature", "geometry": {"type": "Polygon", "coordinates": [[[86.625, 18.375], [86.875, 18.375], [86.875, 18.625], [86.625, 18.625], [86.625, 18.375]]]}, "properties": {"time": "2014-10-12T06:00:00", "variable": "msl", "tier": "low", "percentile": 98.5, "z": 2.11, "wind_ms": 15.07, "value": 1003.68, "lat": 18.5, "lon": 86.75}}, {"type": "Feature", "geometry": {"type": "Polygon", "coordinates": [[[81.375, 18.625], [81.625, 18.625], [81.625, 18.875], [81.375, 18.875], [81.375, 18.625]]]}, "properties": {"time": "2014-10-12T06:00:00", "variable": "msl", "tier": "low", "percentile": 100.0, "z": 4.32, "wind_ms": 8.91, "value": 999.6, "lat": 18.75, "lon": 81.5}}, {"type": "Feature", "geometry": {"type": "Polygon", "coordinates": [[[81.625, 18.625], [81.875, 18.625], [81.875, 18.875], [81.625, 18.875], [81.625, 18.625]]]}, "properties": {"time": "2014-10-12T06:00:00", "variable": "msl", "tier": "low", "percentile": 100.0, "z": 4.77, "wind_ms": 10.39, "value": 998.25, "lat": 18.75, "lon": 81.75}}, {"type": "Feature", "geometry": {"type": "Polygon", "coordinates": [[[81.875, 18.625], [82.125, 18.625], [82.125, 18.875], [81.875, 18.875], [81.875, 18.625]]]}, "properties": {"time": "2014-10-12T06:00:00", "variable": "msl", "tier": "low", "percentile": 100.0, "z": 5.33, "wind_ms": 11.03, "value": 996.74, "lat": 18.75, "lon": 82.0}}, {"type": "Feature", "geometry": {"type": "Polygon", "coordinates": [[[82.125, 18.625], [82.375, 18.625], [82.375, 18.875], [82.125, 18.875], [82.125, 18.625]]]}, "properties": {"time": "2014-10-12T06:00:00", "variable": "msl", "tier": "low", "percentile": 100.0, "z": 5.8, "wind_ms": 11.61, "value": 995.63, "lat": 18.75, "lon": 82.25}}, {"type": "Feature", "geometry": {"type": "Polygon", "coordinates": [[[82.375, 18.625], [82.625, 18.625], [82.625, 18.875], [82.375, 18.875], [82.375, 18.625]]]}, "properties": {"time": "2014-10-12T06:00:00", "variable": "msl", "tier": "low", "percentile": 100.0, "z": 6.3, "wind_ms": 13.05, "value": 994.72, "lat": 18.75, "lon": 82.5}}, {"type": "Feature", "geometry": {"type": "Polygon", "coordinates": [[[82.625, 18.625], [82.875, 18.625], [82.875, 18.875], [82.625, 18.875], [82.625, 18.625]]]}, "properties": {"time": "2014-10-12T06:00:00", "variable": "msl", "tier": "low", "percentile": 100.0, "z": 6.5, "wind_ms": 13.57, "value": 994.39, "lat": 18.75, "lon": 82.75}}, {"type": "Feature", "geometry": {"type": "Polygon", "coordinates": [[[82.875, 18.625], [83.125, 18.625], [83.125, 18.875], [82.875, 18.875], [82.875, 18.625]]]}, "properties": {"time": "2014-10-12T06:00:00", "variable": "msl", "tier": "low", "percentile": 100.0, "z": 6.0, "wind_ms": 13.06, "value": 994.73, "lat": 18.75, "lon": 83.0}}, {"type": "Feature", "geometry": {"type": "Polygon", "coordinates": [[[83.125, 18.625], [83.375, 18.625], [83.375, 18.875], [83.125, 18.875], [83.125, 18.625]]]}, "properties": {"time": "2014-10-12T06:00:00", "variable": "msl", "tier": "low", "percentile": 100.0, "z": 5.29, "wind_ms": 11.69, "value": 994.84, "lat": 18.75, "lon": 83.25}}, {"type": "Feature", "geometry": {"type": "Polygon", "coordinates": [[[83.375, 18.625], [83.625, 18.625], [83.625, 18.875], [83.375, 18.875], [83.375, 18.625]]]}, "properties": {"time": "2014-10-12T06:00:00", "variable": "msl", "tier": "low", "percentile": 100.0, "z": 5.02, "wind_ms": 10.27, "value": 994.9, "lat": 18.75, "lon": 83.5}}, {"type": "Feature", "geometry": {"type": "Polygon", "coordinates": [[[83.625, 18.625], [83.875, 18.625], [83.875, 18.875], [83.625, 18.875], [83.625, 18.625]]]}, "properties": {"time": "2014-10-12T06:00:00", "variable": "msl", "tier": "low", "percentile": 100.0, "z": 4.68, "wind_ms": 10.19, "value": 996.11, "lat": 18.75, "lon": 83.75}}, {"type": "Feature", "geometry": {"type": "Polygon", "coordinates": [[[83.875, 18.625], [84.125, 18.625], [84.125, 18.875], [83.875, 18.875], [83.875, 18.625]]]}, "properties": {"time": "2014-10-12T06:00:00", "variable": "msl", "tier": "low", "percentile": 100.0, "z": 4.33, "wind_ms": 9.94, "value": 997.3, "lat": 18.75, "lon": 84.0}}, {"type": "Feature", "geometry": {"type": "Polygon", "coordinates": [[[84.125, 18.625], [84.375, 18.625], [84.375, 18.875], [84.125, 18.875], [84.125, 18.625]]]}, "properties": {"time": "2014-10-12T06:00:00", "variable": "msl", "tier": "low", "percentile": 100.0, "z": 3.88, "wind_ms": 9.81, "value": 998.58, "lat": 18.75, "lon": 84.25}}, {"type": "Feature", "geometry": {"type": "Polygon", "coordinates": [[[84.375, 18.625], [84.625, 18.625], [84.625, 18.875], [84.375, 18.875], [84.375, 18.625]]]}, "properties": {"time": "2014-10-12T06:00:00", "variable": "msl", "tier": "low", "percentile": 100.0, "z": 3.6, "wind_ms": 10.57, "value": 999.18, "lat": 18.75, "lon": 84.5}}, {"type": "Feature", "geometry": {"type": "Polygon", "coordinates": [[[84.625, 18.625], [84.875, 18.625], [84.875, 18.875], [84.625, 18.875], [84.625, 18.625]]]}, "properties": {"time": "2014-10-12T06:00:00", "variable": "msl", "tier": "low", "percentile": 100.0, "z": 3.45, "wind_ms": 12.42, "value": 999.57, "lat": 18.75, "lon": 84.75}}, {"type": "Feature", "geometry": {"type": "Polygon", "coordinates": [[[84.875, 18.625], [85.125, 18.625], [85.125, 18.875], [84.875, 18.875], [84.875, 18.625]]]}, "properties": {"time": "2014-10-12T06:00:00", "variable": "msl", "tier": "low", "percentile": 100.0, "z": 3.34, "wind_ms": 14.39, "value": 999.93, "lat": 18.75, "lon": 85.0}}, {"type": "Feature", "geometry": {"type": "Polygon", "coordinates": [[[85.125, 18.625], [85.375, 18.625], [85.375, 18.875], [85.125, 18.875], [85.125, 18.625]]]}, "properties": {"time": "2014-10-12T06:00:00", "variable": "msl", "tier": "low", "percentile": 100.0, "z": 3.13, "wind_ms": 14.2, "value": 1000.61, "lat": 18.75, "lon": 85.25}}, {"type": "Feature", "geometry": {"type": "Polygon", "coordinates": [[[85.375, 18.625], [85.625, 18.625], [85.625, 18.875], [85.375, 18.875], [85.375, 18.625]]]}, "properties": {"time": "2014-10-12T06:00:00", "variable": "msl", "tier": "low", "percentile": 100.0, "z": 2.98, "wind_ms": 14.4, "value": 1001.03, "lat": 18.75, "lon": 85.5}}, {"type": "Feature", "geometry": {"type": "Polygon", "coordinates": [[[85.625, 18.625], [85.875, 18.625], [85.875, 18.875], [85.625, 18.875], [85.625, 18.625]]]}, "properties": {"time": "2014-10-12T06:00:00", "variable": "msl", "tier": "low", "percentile": 100.0, "z": 2.84, "wind_ms": 15.25, "value": 1001.49, "lat": 18.75, "lon": 85.75}}, {"type": "Feature", "geometry": {"type": "Polygon", "coordinates": [[[85.875, 18.625], [86.125, 18.625], [86.125, 18.875], [85.875, 18.875], [85.875, 18.625]]]}, "properties": {"time": "2014-10-12T06:00:00", "variable": "msl", "tier": "low", "percentile": 99.2, "z": 2.68, "wind_ms": 15.56, "value": 1001.99, "lat": 18.75, "lon": 86.0}}, {"type": "Feature", "geometry": {"type": "Polygon", "coordinates": [[[86.125, 18.625], [86.375, 18.625], [86.375, 18.875], [86.125, 18.875], [86.125, 18.625]]]}, "properties": {"time": "2014-10-12T06:00:00", "variable": "msl", "tier": "low", "percentile": 98.5, "z": 2.46, "wind_ms": 15.6, "value": 1002.61, "lat": 18.75, "lon": 86.25}}, {"type": "Feature", "geometry": {"type": "Polygon", "coordinates": [[[86.375, 18.625], [86.625, 18.625], [86.625, 18.875], [86.375, 18.875], [86.375, 18.625]]]}, "properties": {"time": "2014-10-12T06:00:00", "variable": "msl", "tier": "low", "percentile": 98.5, "z": 2.24, "wind_ms": 15.14, "value": 1003.28, "lat": 18.75, "lon": 86.5}}, {"type": "Feature", "geometry": {"type": "Polygon", "coordinates": [[[86.625, 18.625], [86.875, 18.625], [86.875, 18.875], [86.625, 18.875], [86.625, 18.625]]]}, "properties": {"time": "2014-10-12T06:00:00", "variable": "msl", "tier": "low", "percentile": 98.5, "z": 2.05, "wind_ms": 14.73, "value": 1003.85, "lat": 18.75, "lon": 86.75}}, {"type": "Feature", "geometry": {"type": "Polygon", "coordinates": [[[81.375, 18.875], [81.625, 18.875], [81.625, 19.125], [81.375, 19.125], [81.375, 18.875]]]}, "properties": {"time": "2014-10-12T06:00:00", "variable": "msl", "tier": "low", "percentile": 100.0, "z": 3.92, "wind_ms": 8.94, "value": 1000.79, "lat": 19.0, "lon": 81.5}}, {"type": "Feature", "geometry": {"type": "Polygon", "coordinates": [[[81.625, 18.875], [81.875, 18.875], [81.875, 19.125], [81.625, 19.125], [81.625, 18.875]]]}, "properties": {"time": "2014-10-12T06:00:00", "variable": "msl", "tier": "low", "percentile": 100.0, "z": 4.28, "wind_ms": 10.69, "value": 999.89, "lat": 19.0, "lon": 81.75}}, {"type": "Feature", "geometry": {"type": "Polygon", "coordinates": [[[81.875, 18.875], [82.125, 18.875], [82.125, 19.125], [81.875, 19.125], [81.875, 18.875]]]}, "properties": {"time": "2014-10-12T06:00:00", "variable": "msl", "tier": "low", "percentile": 100.0, "z": 4.67, "wind_ms": 11.71, "value": 998.81, "lat": 19.0, "lon": 82.0}}, {"type": "Feature", "geometry": {"type": "Polygon", "coordinates": [[[82.125, 18.875], [82.375, 18.875], [82.375, 19.125], [82.125, 19.125], [82.125, 18.875]]]}, "properties": {"time": "2014-10-12T06:00:00", "variable": "msl", "tier": "low", "percentile": 100.0, "z": 5.07, "wind_ms": 12.05, "value": 997.66, "lat": 19.0, "lon": 82.25}}, {"type": "Feature", "geometry": {"type": "Polygon", "coordinates": [[[82.375, 18.875], [82.625, 18.875], [82.625, 19.125], [82.375, 19.125], [82.375, 18.875]]]}, "properties": {"time": "2014-10-12T06:00:00", "variable": "msl", "tier": "low", "percentile": 100.0, "z": 5.37, "wind_ms": 11.58, "value": 996.94, "lat": 19.0, "lon": 82.5}}, {"type": "Feature", "geometry": {"type": "Polygon", "coordinates": [[[82.625, 18.875], [82.875, 18.875], [82.875, 19.125], [82.625, 19.125], [82.625, 18.875]]]}, "properties": {"time": "2014-10-12T06:00:00", "variable": "msl", "tier": "low", "percentile": 100.0, "z": 5.43, "wind_ms": 11.04, "value": 996.94, "lat": 19.0, "lon": 82.75}}, {"type": "Feature", "geometry": {"type": "Polygon", "coordinates": [[[82.875, 18.875], [83.125, 18.875], [83.125, 19.125], [82.875, 19.125], [82.875, 18.875]]]}, "properties": {"time": "2014-10-12T06:00:00", "variable": "msl", "tier": "low", "percentile": 100.0, "z": 5.1, "wind_ms": 11.05, "value": 997.65, "lat": 19.0, "lon": 83.0}}, {"type": "Feature", "geometry": {"type": "Polygon", "coordinates": [[[83.125, 18.875], [83.375, 18.875], [83.375, 19.125], [83.125, 19.125], [83.125, 18.875]]]}, "properties": {"time": "2014-10-12T06:00:00", "variable": "msl", "tier": "low", "percentile": 100.0, "z": 4.57, "wind_ms": 9.78, "value": 997.76, "lat": 19.0, "lon": 83.25}}, {"type": "Feature", "geometry": {"type": "Polygon", "coordinates": [[[84.625, 18.875], [84.875, 18.875], [84.875, 19.125], [84.625, 19.125], [84.625, 18.875]]]}, "properties": {"time": "2014-10-12T06:00:00", "variable": "msl", "tier": "low", "percentile": 100.0, "z": 3.17, "wind_ms": 9.19, "value": 1000.48, "lat": 19.0, "lon": 84.75}}, {"type": "Feature", "geometry": {"type": "Polygon", "coordinates": [[[84.875, 18.875], [85.125, 18.875], [85.125, 19.125], [84.875, 19.125], [84.875, 18.875]]]}, "properties": {"time": "2014-10-12T06:00:00", "variable": "msl", "tier": "low", "percentile": 100.0, "z": 3.08, "wind_ms": 12.9, "value": 1000.68, "lat": 19.0, "lon": 85.0}}, {"type": "Feature", "geometry": {"type": "Polygon", "coordinates": [[[85.125, 18.875], [85.375, 18.875], [85.375, 19.125], [85.125, 19.125], [85.125, 18.875]]]}, "properties": {"time": "2014-10-12T06:00:00", "variable": "msl", "tier": "low", "percentile": 100.0, "z": 2.96, "wind_ms": 13.52, "value": 1001.13, "lat": 19.0, "lon": 85.25}}, {"type": "Feature", "geometry": {"type": "Polygon", "coordinates": [[[85.375, 18.875], [85.625, 18.875], [85.625, 19.125], [85.375, 19.125], [85.375, 18.875]]]}, "properties": {"time": "2014-10-12T06:00:00", "variable": "msl", "tier": "low", "percentile": 100.0, "z": 2.84, "wind_ms": 13.28, "value": 1001.49, "lat": 19.0, "lon": 85.5}}, {"type": "Feature", "geometry": {"type": "Polygon", "coordinates": [[[85.625, 18.875], [85.875, 18.875], [85.875, 19.125], [85.625, 19.125], [85.625, 18.875]]]}, "properties": {"time": "2014-10-12T06:00:00", "variable": "msl", "tier": "low", "percentile": 100.0, "z": 2.72, "wind_ms": 14.25, "value": 1001.9, "lat": 19.0, "lon": 85.75}}, {"type": "Feature", "geometry": {"type": "Polygon", "coordinates": [[[85.875, 18.875], [86.125, 18.875], [86.125, 19.125], [85.875, 19.125], [85.875, 18.875]]]}, "properties": {"time": "2014-10-12T06:00:00", "variable": "msl", "tier": "low", "percentile": 100.0, "z": 2.57, "wind_ms": 14.61, "value": 1002.35, "lat": 19.0, "lon": 86.0}}, {"type": "Feature", "geometry": {"type": "Polygon", "coordinates": [[[86.125, 18.875], [86.375, 18.875], [86.375, 19.125], [86.125, 19.125], [86.125, 18.875]]]}, "properties": {"time": "2014-10-12T06:00:00", "variable": "msl", "tier": "low", "percentile": 99.2, "z": 2.37, "wind_ms": 14.91, "value": 1002.93, "lat": 19.0, "lon": 86.25}}, {"type": "Feature", "geometry": {"type": "Polygon", "coordinates": [[[86.375, 18.875], [86.625, 18.875], [86.625, 19.125], [86.375, 19.125], [86.375, 18.875]]]}, "properties": {"time": "2014-10-12T06:00:00", "variable": "msl", "tier": "low", "percentile": 98.5, "z": 2.17, "wind_ms": 14.99, "value": 1003.51, "lat": 19.0, "lon": 86.5}}, {"type": "Feature", "geometry": {"type": "Polygon", "coordinates": [[[86.625, 18.875], [86.875, 18.875], [86.875, 19.125], [86.625, 19.125], [86.625, 18.875]]]}, "properties": {"time": "2014-10-12T06:00:00", "variable": "msl", "tier": "low", "percentile": 98.5, "z": 1.99, "wind_ms": 14.63, "value": 1004.06, "lat": 19.0, "lon": 86.75}}, {"type": "Feature", "geometry": {"type": "Polygon", "coordinates": [[[81.625, 19.125], [81.875, 19.125], [81.875, 19.375], [81.625, 19.375], [81.625, 19.125]]]}, "properties": {"time": "2014-10-12T06:00:00", "variable": "msl", "tier": "low", "percentile": 100.0, "z": 3.81, "wind_ms": 9.95, "value": 1001.13, "lat": 19.25, "lon": 81.75}}, {"type": "Feature", "geometry": {"type": "Polygon", "coordinates": [[[81.875, 19.125], [82.125, 19.125], [82.125, 19.375], [81.875, 19.375], [81.875, 19.125]]]}, "properties": {"time": "2014-10-12T06:00:00", "variable": "msl", "tier": "low", "percentile": 100.0, "z": 4.1, "wind_ms": 11.35, "value": 1000.3, "lat": 19.25, "lon": 82.0}}, {"type": "Feature", "geometry": {"type": "Polygon", "coordinates": [[[82.125, 19.125], [82.375, 19.125], [82.375, 19.375], [82.125, 19.375], [82.125, 19.125]]]}, "properties": {"time": "2014-10-12T06:00:00", "variable": "msl", "tier": "low", "percentile": 100.0, "z": 4.4, "wind_ms": 11.63, "value": 999.4, "lat": 19.25, "lon": 82.25}}, {"type": "Feature", "geometry": {"type": "Polygon", "coordinates": [[[82.375, 19.125], [82.625, 19.125], [82.625, 19.375], [82.375, 19.375], [82.375, 19.125]]]}, "properties": {"time": "2014-10-12T06:00:00", "variable": "msl", "tier": "low", "percentile": 100.0, "z": 4.62, "wind_ms": 10.77, "value": 998.79, "lat": 19.25, "lon": 82.5}}, {"type": "Feature", "geometry": {"type": "Polygon", "coordinates": [[[82.625, 19.125], [82.875, 19.125], [82.875, 19.375], [82.625, 19.375], [82.625, 19.125]]]}, "properties": {"time": "2014-10-12T06:00:00", "variable": "msl", "tier": "low", "percentile": 100.0, "z": 4.65, "wind_ms": 9.7, "value": 998.73, "lat": 19.25, "lon": 82.75}}, {"type": "Feature", "geometry": {"type": "Polygon", "coordinates": [[[82.875, 19.125], [83.125, 19.125], [83.125, 19.375], [82.875, 19.375], [82.875, 19.125]]]}, "properties": {"time": "2014-10-12T06:00:00", "variable": "msl", "tier": "low", "percentile": 100.0, "z": 4.49, "wind_ms": 9.49, "value": 999.27, "lat": 19.25, "lon": 83.0}}, {"type": "Feature", "geometry": {"type": "Polygon", "coordinates": [[[84.875, 19.125], [85.125, 19.125], [85.125, 19.375], [84.875, 19.375], [84.875, 19.125]]]}, "properties": {"time": "2014-10-12T06:00:00", "variable": "msl", "tier": "low", "percentile": 100.0, "z": 2.83, "wind_ms": 11.6, "value": 1001.46, "lat": 19.25, "lon": 85.0}}, {"type": "Feature", "geometry": {"type": "Polygon", "coordinates": [[[85.125, 19.125], [85.375, 19.125], [85.375, 19.375], [85.125, 19.375], [85.125, 19.125]]]}, "properties": {"time": "2014-10-12T06:00:00", "variable": "msl", "tier": "low", "percentile": 100.0, "z": 2.76, "wind_ms": 13.23, "value": 1001.72, "lat": 19.25, "lon": 85.25}}, {"type": "Feature", "geometry": {"type": "Polygon", "coordinates": [[[85.375, 19.125], [85.625, 19.125], [85.625, 19.375], [85.375, 19.375], [85.375, 19.125]]]}, "properties": {"time": "2014-10-12T06:00:00", "variable": "msl", "tier": "low", "percentile": 100.0, "z": 2.66, "wind_ms": 12.98, "value": 1002.08, "lat": 19.25, "lon": 85.5}}, {"type": "Feature", "geometry": {"type": "Polygon", "coordinates": [[[85.625, 19.125], [85.875, 19.125], [85.875, 19.375], [85.625, 19.375], [85.625, 19.125]]]}, "properties": {"time": "2014-10-12T06:00:00", "variable": "msl", "tier": "low", "percentile": 100.0, "z": 2.54, "wind_ms": 13.44, "value": 1002.4, "lat": 19.25, "lon": 85.75}}, {"type": "Feature", "geometry": {"type": "Polygon", "coordinates": [[[85.875, 19.125], [86.125, 19.125], [86.125, 19.375], [85.875, 19.375], [85.875, 19.125]]]}, "properties": {"time": "2014-10-12T06:00:00", "variable": "msl", "tier": "low", "percentile": 99.2, "z": 2.41, "wind_ms": 14.09, "value": 1002.78, "lat": 19.25, "lon": 86.0}}, {"type": "Feature", "geometry": {"type": "Polygon", "coordinates": [[[86.125, 19.125], [86.375, 19.125], [86.375, 19.375], [86.125, 19.375], [86.125, 19.125]]]}, "properties": {"time": "2014-10-12T06:00:00", "variable": "msl", "tier": "low", "percentile": 99.2, "z": 2.25, "wind_ms": 14.4, "value": 1003.26, "lat": 19.25, "lon": 86.25}}, {"type": "Feature", "geometry": {"type": "Polygon", "coordinates": [[[86.375, 19.125], [86.625, 19.125], [86.625, 19.375], [86.375, 19.375], [86.375, 19.125]]]}, "properties": {"time": "2014-10-12T06:00:00", "variable": "msl", "tier": "low", "percentile": 99.2, "z": 2.09, "wind_ms": 14.82, "value": 1003.73, "lat": 19.25, "lon": 86.5}}, {"type": "Feature", "geometry": {"type": "Polygon", "coordinates": [[[86.625, 19.125], [86.875, 19.125], [86.875, 19.375], [86.625, 19.375], [86.625, 19.125]]]}, "properties": {"time": "2014-10-12T06:00:00", "variable": "msl", "tier": "low", "percentile": 98.5, "z": 1.94, "wind_ms": 14.83, "value": 1004.17, "lat": 19.25, "lon": 86.75}}], "properties": {"thresholds": {"low_z": 1.5, "low_ws": 8.7, "moderate_z": 2.0, "moderate_ws": 17.0, "severe_z": 3.0, "severe_ws": 25.0}, "note": "Tiers: z-score AND wind >= 8.7/17/25 m/s (IMD D/CS/SCS), only inside tracked-object boxes + 1 deg. Adjusted after observing results; not validated against impacts. Per-hour ERA5 reanalysis climatology; single member, not an ensemble EFI."}}